騎手,場所,芝・ダ,距離,ペース型,騎乗数,勝利数,複勝数,平均着順,平均4角率,勝率,複勝率
坂井瑠星,中京,ダ,1200,ハイ/持続,24,3,10,7.333333333333333,0.5609699328449328,12.5,41.66666666666667
斎藤新,中京,ダ,1200,ハイ/持続,23,2,9,6.565217391304348,0.5266291679335158,8.695652173913043,39.130434782608695
藤岡康太,中京,ダ,1200,ハイ/持続,29,6,11,6.068965517241379,0.3590075154730327,20.689655172413794,37.93103448275862
松山弘平,中京,ダ,1200,ハイ/持続,55,10,20,5.636363636363637,0.367206202888021,18.181818181818183,36.36363636363637
西村淳也,中京,ダ,1200,ハイ/持続,28,2,10,6.928571428571429,0.37639652014652014,7.142857142857142,35.714285714285715
岩田望来,中京,ダ,1200,ハイ/持続,39,3,13,6.589743589743589,0.4577430048583895,7.6923076923076925,33.33333333333333
福永祐一,中京,ダ,1200,ハイ/持続,25,3,8,7.8,0.40209523809523806,12.0,32.0
国分恭介,中京,ダ,1200,ハイ/持続,28,0,8,7.428571428571429,0.7148809523809524,0.0,28.57142857142857
岩田康誠,中京,ダ,1200,ハイ/持続,21,0,6,7.333333333333333,0.6262291280148423,0.0,28.57142857142857
和田竜二,中京,ダ,1200,ハイ/持続,47,4,13,7.0638297872340425,0.3737715298885512,8.51063829787234,27.659574468085108
秋山真一,中京,ダ,1200,ハイ/持続,24,2,6,6.916666666666667,0.53963310994561,8.333333333333332,25.0
小沢大仁,中京,ダ,1200,ハイ/持続,29,5,7,8.689655172413794,0.48826417835038527,17.24137931034483,24.137931034482758
幸英明,中京,ダ,1200,ハイ/持続,59,4,14,7.677966101694915,0.44593266902588935,6.779661016949152,23.728813559322035
松若風馬,中京,ダ,1200,ハイ/持続,47,3,10,7.48936170212766,0.4251120333567142,6.382978723404255,21.27659574468085
鮫島克駿,中京,ダ,1200,ハイ/持続,43,3,9,8.511627906976743,0.46462975009486635,6.976744186046512,20.930232558139537
富田暁,中京,ダ,1200,ハイ/持続,33,0,6,8.363636363636363,0.38474442224442224,0.0,18.181818181818183
団野大成,中京,ダ,1200,ハイ/持続,32,1,5,9.125,0.5025025755494505,3.125,15.625
菱田裕二,中京,ダ,1200,ハイ/持続,33,3,5,8.636363636363637,0.598989898989899,9.090909090909092,15.151515151515152
森裕太朗,中京,ダ,1200,ハイ/持続,20,3,3,7.35,0.5452289377289377,15.0,15.0
川須栄彦,中京,ダ,1200,ハイ/持続,34,3,5,8.264705882352942,0.5167430608607079,8.823529411764707,14.705882352941178
亀田温心,中京,ダ,1200,ハイ/持続,23,1,3,9.391304347826088,0.47693701226309926,4.3478260869565215,13.043478260869565
太宰啓介,中京,ダ,1200,ハイ/持続,23,2,3,8.521739130434783,0.7358436853002069,8.695652173913043,13.043478260869565
永島まな,中京,ダ,1200,ハイ/持続,31,0,4,9.580645161290322,0.516521784666946,0.0,12.903225806451612
中井裕二,中京,ダ,1200,ハイ/持続,24,2,3,7.666666666666667,0.4915610431235431,8.333333333333332,12.5
吉田隼人,中京,ダ,1200,ハイ/持続,32,2,4,9.1875,0.45214798222610725,6.25,12.5
国分優作,中京,ダ,1200,ハイ/持続,24,2,3,9.208333333333334,0.48047161172161174,8.333333333333332,12.5
荻野極,中京,ダ,1200,ハイ/持続,24,1,3,9.333333333333334,0.5374684343434343,4.166666666666666,12.5
角田大和,中京,ダ,1200,ハイ/持続,26,1,3,9.692307692307692,0.4749753451676529,3.8461538461538463,11.538461538461538
酒井学,中京,ダ,1200,ハイ/持続,37,1,1,9.324324324324325,0.531093906093906,2.7027027027027026,2.7027027027027026
泉谷楓真,中京,ダ,1200,ハイ/持続,21,0,0,9.19047619047619,0.5319083694083694,0.0,0.0
鮫島克駿,中京,ダ,1400,やや速い,23,0,8,7.043478260869565,0.4512422360248447,0.0,34.78260869565217
福永祐一,中京,ダ,1400,ハイ/持続,49,15,27,4.387755102040816,0.37412069223293715,30.612244897959183,55.10204081632652
川田将雅,中京,ダ,1400,ハイ/持続,62,14,32,4.419354838709677,0.40736219425735554,22.58064516129032,51.61290322580645
松山弘平,中京,ダ,1400,ハイ/持続,99,21,40,5.696969696969697,0.3896615029190787,21.21212121212121,40.4040404040404
Ｍ．デム,中京,ダ,1400,ハイ/持続,33,6,12,5.606060606060606,0.4137595989868717,18.181818181818183,36.36363636363637
武豊,中京,ダ,1400,ハイ/持続,51,6,18,6.176470588235294,0.40574539839245716,11.76470588235294,35.294117647058826
坂井瑠星,中京,ダ,1400,ハイ/持続,42,3,13,7.166666666666667,0.5171096760382474,7.142857142857142,30.952380952380953
藤岡佑介,中京,ダ,1400,ハイ/持続,26,2,8,5.961538461538462,0.5702148812725736,7.6923076923076925,30.76923076923077
吉田隼人,中京,ダ,1400,ハイ/持続,64,4,19,6.984375,0.4436022311022311,6.25,29.6875
幸英明,中京,ダ,1400,ハイ/持続,87,8,24,8.080459770114942,0.4447704275290482,9.195402298850574,27.586206896551722
池添謙一,中京,ダ,1400,ハイ/持続,29,2,8,7.413793103448276,0.4355869705007636,6.896551724137931,27.586206896551722
横山武史,中京,ダ,1400,ハイ/持続,23,4,6,7.739130434782608,0.6550684822423953,17.391304347826086,26.08695652173913
北村友一,中京,ダ,1400,ハイ/持続,54,2,14,7.518518518518518,0.5307644002088446,3.7037037037037033,25.925925925925924
中井裕二,中京,ダ,1400,ハイ/持続,35,3,9,8.657142857142857,0.4864213167784596,8.571428571428571,25.71428571428571
岩田望来,中京,ダ,1400,ハイ/持続,60,4,15,7.066666666666666,0.4478019665519665,6.666666666666667,25.0
荻野極,中京,ダ,1400,ハイ/持続,57,6,14,7.631578947368421,0.44863231310599727,10.526315789473683,24.561403508771928
泉谷楓真,中京,ダ,1400,ハイ/持続,26,2,6,7.846153846153846,0.5725274725274725,7.6923076923076925,23.076923076923077
鮫島克駿,中京,ダ,1400,ハイ/持続,74,4,16,7.581081081081081,0.47973383598383595,5.405405405405405,21.62162162162162
斎藤新,中京,ダ,1400,ハイ/持続,45,1,9,7.888888888888889,0.460985865985866,2.2222222222222223,20.0
永島まな,中京,ダ,1400,ハイ/持続,27,1,5,8.592592592592593,0.4740142573475907,3.7037037037037033,18.51851851851852
団野大成,中京,ダ,1400,ハイ/持続,45,3,8,8.28888888888889,0.39619454619454625,6.666666666666667,17.77777777777778
丸山元気,中京,ダ,1400,ハイ/持続,34,3,6,7.323529411764706,0.49013951734539973,8.823529411764707,17.647058823529413
太宰啓介,中京,ダ,1400,ハイ/持続,51,2,9,8.392156862745098,0.640995115995116,3.9215686274509802,17.647058823529413
加藤祥太,中京,ダ,1400,ハイ/持続,23,0,4,9.73913043478261,0.4925983436853002,0.0,17.391304347826086
和田竜二,中京,ダ,1400,ハイ/持続,65,6,11,7.584615384615384,0.4159291349675965,9.230769230769232,16.923076923076923
松若風馬,中京,ダ,1400,ハイ/持続,83,6,14,8.457831325301205,0.5036420406902334,7.228915662650602,16.867469879518072
岩田康誠,中京,ダ,1400,ハイ/持続,36,1,6,7.777777777777778,0.5056472462722463,2.7777777777777777,16.666666666666664
柴山雄一,中京,ダ,1400,ハイ/持続,31,1,5,8.387096774193548,0.604274757500564,3.225806451612903,16.129032258064516
藤岡康太,中京,ダ,1400,ハイ/持続,71,4,11,8.04225352112676,0.5214299393876859,5.633802816901409,15.492957746478872
小崎綾也,中京,ダ,1400,ハイ/持続,39,1,6,8.64102564102564,0.5142751479289941,2.564102564102564,15.384615384615385
藤懸貴志,中京,ダ,1400,ハイ/持続,26,2,4,8.884615384615385,0.4989821076359538,7.6923076923076925,15.384615384615385
秋山稔樹,中京,ダ,1400,ハイ/持続,20,1,3,8.8,0.4733685064935065,5.0,15.0
菱田裕二,中京,ダ,1400,ハイ/持続,54,1,8,7.62962962962963,0.5105484792984792,1.8518518518518516,14.814814814814813
西村淳也,中京,ダ,1400,ハイ/持続,69,3,10,7.927536231884058,0.453678869439739,4.3478260869565215,14.492753623188406
角田大和,中京,ダ,1400,ハイ/持続,28,0,4,8.75,0.6035828754578755,0.0,14.285714285714285
浜中俊,中京,ダ,1400,ハイ/持続,36,2,5,8.0,0.43010276760276756,5.555555555555555,13.88888888888889
高倉稜,中京,ダ,1400,ハイ/持続,36,1,5,8.472222222222221,0.578196225071225,2.7777777777777777,13.88888888888889
松田大作,中京,ダ,1400,ハイ/持続,29,1,4,10.586206896551724,0.5323560060629027,3.4482758620689653,13.793103448275861
古川吉洋,中京,ダ,1400,ハイ/持続,30,1,4,8.233333333333333,0.44570637695637694,3.3333333333333335,13.333333333333334
秋山真一,中京,ダ,1400,ハイ/持続,38,1,5,7.7894736842105265,0.5600944012128223,2.631578947368421,13.157894736842104
亀田温心,中京,ダ,1400,ハイ/持続,42,2,5,9.80952380952381,0.518421459492888,4.761904761904762,11.904761904761903
国分優作,中京,ダ,1400,ハイ/持続,34,3,4,8.441176470588236,0.4473308554190907,8.823529411764707,11.76470588235294
酒井学,中京,ダ,1400,ハイ/持続,53,3,6,9.49056603773585,0.5178162246558473,5.660377358490567,11.320754716981133
川須栄彦,中京,ダ,1400,ハイ/持続,47,2,5,8.76595744680851,0.47847693087054793,4.25531914893617,10.638297872340425
富田暁,中京,ダ,1400,ハイ/持続,50,2,5,9.14,0.5079197191697191,4.0,10.0
藤田菜七,中京,ダ,1400,ハイ/持続,20,0,2,9.1,0.5447646103896104,0.0,10.0
角田大河,中京,ダ,1400,ハイ/持続,21,1,2,8.619047619047619,0.46314756671899526,4.761904761904762,9.523809523809524
松本大輝,中京,ダ,1400,ハイ/持続,22,0,2,10.136363636363637,0.520541958041958,0.0,9.090909090909092
中谷雄太,中京,ダ,1400,ハイ/持続,24,0,2,10.333333333333334,0.5036057692307693,0.0,8.333333333333332
川又賢治,中京,ダ,1400,ハイ/持続,26,0,2,9.576923076923077,0.5029920400112707,0.0,7.6923076923076925
国分恭介,中京,ダ,1400,ハイ/持続,40,0,3,9.25,0.6328571428571428,0.0,7.5
小沢大仁,中京,ダ,1400,ハイ/持続,43,1,3,11.046511627906977,0.4976765482579436,2.3255813953488373,6.976744186046512
川田将雅,中京,ダ,1800,やや速い,33,5,15,4.878787878787879,0.4029623154623154,15.151515151515152,45.45454545454545
武豊,中京,ダ,1800,やや速い,23,4,10,5.434782608695652,0.434460105112279,17.391304347826086,43.47826086956522
団野大成,中京,ダ,1800,やや速い,34,3,14,5.676470588235294,0.4204691142191142,8.823529411764707,41.17647058823529
坂井瑠星,中京,ダ,1800,やや速い,34,6,13,5.470588235294118,0.44379844012196956,17.647058823529413,38.23529411764706
吉田隼人,中京,ダ,1800,やや速い,32,6,10,6.8125,0.46625041625041624,18.75,31.25
鮫島克駿,中京,ダ,1800,やや速い,40,5,12,6.9,0.4117700008325008,12.5,30.0
斎藤新,中京,ダ,1800,やや速い,27,2,8,6.777777777777778,0.4874877180432736,7.4074074074074066,29.629629629629626
藤岡康太,中京,ダ,1800,やや速い,34,3,10,6.764705882352941,0.41698269051210224,8.823529411764707,29.411764705882355
松山弘平,中京,ダ,1800,やや速い,55,4,16,6.127272727272727,0.415040565495111,7.2727272727272725,29.09090909090909
小沢大仁,中京,ダ,1800,やや速い,28,2,8,6.142857142857143,0.5129643174286032,7.142857142857142,28.57142857142857
丸山元気,中京,ダ,1800,やや速い,22,2,6,7.318181818181818,0.4078262015762016,9.090909090909092,27.27272727272727
幸英明,中京,ダ,1800,やや速い,48,3,13,7.0625,0.4595336087523587,6.25,27.083333333333332
岩田康誠,中京,ダ,1800,やや速い,23,1,6,6.521739130434782,0.5013213236039323,4.3478260869565215,26.08695652173913
菱田裕二,中京,ダ,1800,やや速い,27,3,7,8.074074074074074,0.5874761041427708,11.11111111111111,25.925925925925924
川又賢治,中京,ダ,1800,やや速い,24,2,6,6.875,0.5494415306915307,8.333333333333332,25.0
岩田望来,中京,ダ,1800,やや速い,33,1,8,6.121212121212121,0.44670695466150007,3.0303030303030303,24.242424242424242
西村淳也,中京,ダ,1800,やや速い,35,4,8,7.514285714285714,0.4402693734836592,11.428571428571429,22.857142857142858
永島まな,中京,ダ,1800,やや速い,22,2,5,6.863636363636363,0.5224348883439792,9.090909090909092,22.727272727272727
松若風馬,中京,ダ,1800,やや速い,43,0,9,7.906976744186046,0.46640749431447104,0.0,20.930232558139537
中井裕二,中京,ダ,1800,やや速い,24,2,5,7.416666666666667,0.47338893745143745,8.333333333333332,20.833333333333336
和田竜二,中京,ダ,1800,やや速い,38,2,7,6.157894736842105,0.4074658528605897,5.263157894736842,18.421052631578945
富田暁,中京,ダ,1800,やや速い,25,2,4,8.16,0.48703624153624153,8.0,16.0
国分優作,中京,ダ,1800,やや速い,26,2,4,8.615384615384615,0.5937634480903712,7.6923076923076925,15.384615384615385
亀田温心,中京,ダ,1800,やや速い,25,0,3,7.56,0.5387630147630148,0.0,12.0
荻野極,中京,ダ,1800,やや速い,26,0,3,9.923076923076923,0.5274976092283784,0.0,11.538461538461538
酒井学,中京,ダ,1800,やや速い,30,2,3,7.533333333333333,0.5269191919191919,6.666666666666667,10.0
太宰啓介,中京,ダ,1800,やや速い,25,1,2,7.56,0.5612747252747252,4.0,8.0
和田竜二,中京,ダ,1800,ハイ/持続,22,1,9,6.636363636363637,0.37424728049728045,4.545454545454546,40.909090909090914
幸英明,中京,ダ,1800,ハイ/持続,27,4,5,7.592592592592593,0.5381670284448062,14.814814814814813,18.51851851851852
松山弘平,中京,ダ,1800,ハイ/持続,28,1,5,6.428571428571429,0.35348510616367756,3.571428571428571,17.857142857142858
富田暁,中京,ダ,1800,ハイ/持続,21,0,3,7.857142857142857,0.5344627594627595,0.0,14.285714285714285
川田将雅,中京,ダ,1800,標準〜やや上がり,23,3,13,4.608695652173913,0.3699545623458667,13.043478260869565,56.52173913043478
富田暁,中京,ダ,1800,標準〜やや上がり,20,2,10,5.65,0.3856934731934732,10.0,50.0
和田竜二,中京,ダ,1800,標準〜やや上がり,32,3,13,5.3125,0.3907643138111888,9.375,40.625
西村淳也,中京,ダ,1800,標準〜やや上がり,25,5,10,6.04,0.3358977688977689,20.0,40.0
鮫島克駿,中京,ダ,1800,標準〜やや上がり,40,3,13,6.05,0.44182484182484183,7.5,32.5
幸英明,中京,ダ,1800,標準〜やや上がり,44,4,14,6.886363636363637,0.42868813635859093,9.090909090909092,31.818181818181817
松山弘平,中京,ダ,1800,標準〜やや上がり,41,9,13,5.609756097560975,0.491183003987882,21.951219512195124,31.70731707317073
藤岡康太,中京,ダ,1800,標準〜やや上がり,26,3,8,6.846153846153846,0.48043366889520733,11.538461538461538,30.76923076923077
岩田望来,中京,ダ,1800,標準〜やや上がり,24,2,6,6.791666666666667,0.46497183372183376,8.333333333333332,25.0
斎藤新,中京,ダ,1800,標準〜やや上がり,23,0,5,7.130434782608695,0.347424918077092,0.0,21.73913043478261
松若風馬,中京,ダ,1800,標準〜やや上がり,29,4,6,6.931034482758621,0.5064072421831043,13.793103448275861,20.689655172413794
荻野極,中京,ダ,1800,標準〜やや上がり,20,2,4,8.55,0.4277838827838828,10.0,20.0
福永祐一,中京,ダ,1800,標準〜やや上がり,21,0,4,6.0476190476190474,0.4679334554334555,0.0,19.047619047619047
吉田隼人,中京,ダ,1800,標準〜やや上がり,22,1,4,8.272727272727273,0.496277207640844,4.545454545454546,18.181818181818183
菱田裕二,中京,ダ,1800,標準〜やや上がり,22,3,3,7.2727272727272725,0.5071424787333879,13.636363636363635,13.636363636363635
酒井学,中京,ダ,1800,標準〜やや上がり,20,1,1,9.9,0.4804166666666666,5.0,5.0
幸英明,中京,ダ,1900,やや速い,31,5,11,6.258064516129032,0.4555053369569499,16.129032258064516,35.483870967741936
松山弘平,中京,ダ,1900,やや速い,26,1,8,7.423076923076923,0.4452545851584313,3.8461538461538463,30.76923076923077
岩田望来,中京,ダ,1900,やや速い,21,3,6,7.9523809523809526,0.4573230341087484,14.285714285714285,28.57142857142857
和田竜二,中京,ダ,1900,やや速い,26,3,7,6.1923076923076925,0.4157709811555966,11.538461538461538,26.923076923076923
藤岡康太,中京,ダ,1900,やや速い,23,1,3,7.086956521739131,0.48787565091912916,4.3478260869565215,13.043478260869565
松若風馬,中京,ダ,1900,やや速い,20,1,2,7.45,0.505965354090354,5.0,10.0
鮫島克駿,中京,ダ,1900,やや速い,24,0,2,9.625,0.5326312576312576,0.0,8.333333333333332
幸英明,中京,芝,1200,やや速い,34,8,12,6.9411764705882355,0.39588488693159973,23.52941176470588,35.294117647058826
団野大成,中京,芝,1200,やや速い,23,3,7,7.173913043478261,0.4405026204258941,13.043478260869565,30.434782608695656
藤岡康太,中京,芝,1200,やや速い,33,3,10,6.96969696969697,0.5769027021700819,9.090909090909092,30.303030303030305
丸山元気,中京,芝,1200,やや速い,24,2,7,6.625,0.508769039375657,8.333333333333332,29.166666666666668
武豊,中京,芝,1200,やや速い,24,6,7,7.0,0.45101301204242383,25.0,29.166666666666668
松若風馬,中京,芝,1200,やや速い,36,2,10,7.361111111111111,0.41842634489693314,5.555555555555555,27.77777777777778
鮫島克駿,中京,芝,1200,やや速い,31,3,8,8.129032258064516,0.5345056219344644,9.67741935483871,25.806451612903224
西村淳也,中京,芝,1200,やや速い,20,2,5,8.15,0.4962844304388422,10.0,25.0
秋山真一,中京,芝,1200,やや速い,23,1,5,7.521739130434782,0.4927310186261593,4.3478260869565215,21.73913043478261
松山弘平,中京,芝,1200,やや速い,34,1,7,7.852941176470588,0.44205242806021355,2.941176470588235,20.588235294117645
川須栄彦,中京,芝,1200,やや速い,20,1,4,8.95,0.4628817587641117,5.0,20.0
富田暁,中京,芝,1200,やや速い,23,0,4,7.739130434782608,0.5485668707535715,0.0,17.391304347826086
酒井学,中京,芝,1200,やや速い,26,0,4,11.038461538461538,0.5527108763534103,0.0,15.384615384615385
亀田温心,中京,芝,1200,やや速い,20,0,3,9.45,0.45876391582273934,0.0,15.0
岩田康誠,中京,芝,1200,やや速い,21,0,3,8.238095238095237,0.5244505494505495,0.0,14.285714285714285
荻野極,中京,芝,1200,やや速い,21,0,3,9.619047619047619,0.5597365325306501,0.0,14.285714285714285
太宰啓介,中京,芝,1200,やや速い,22,1,3,10.409090909090908,0.5672156052503646,4.545454545454546,13.636363636363635
和田竜二,中京,芝,1200,やや速い,33,2,3,8.181818181818182,0.4678621487445017,6.0606060606060606,9.090909090909092
菱田裕二,中京,芝,1200,やや速い,20,1,1,9.65,0.6767608208784679,5.0,5.0
吉田隼人,中京,芝,1200,やや速い,21,0,1,9.095238095238095,0.4875056588291882,0.0,4.761904761904762
中井裕二,中京,芝,1200,やや速い,21,0,0,10.428571428571429,0.506270243139991,0.0,0.0
福永祐一,中京,芝,1400,やや速い,28,4,16,5.357142857142857,0.4597405279127968,14.285714285714285,57.14285714285714
松若風馬,中京,芝,1400,やや速い,43,3,15,7.023255813953488,0.478709402392713,6.976744186046512,34.883720930232556
武豊,中京,芝,1400,やや速い,23,3,8,6.304347826086956,0.6024062787170203,13.043478260869565,34.78260869565217
吉田隼人,中京,芝,1400,やや速い,34,6,10,7.764705882352941,0.4605295151791692,17.647058823529413,29.411764705882355
岩田望来,中京,芝,1400,やや速い,33,5,9,6.212121212121212,0.4337015801587994,15.151515151515152,27.27272727272727
団野大成,中京,芝,1400,やや速い,23,1,6,7.478260869565218,0.4134309353618817,4.3478260869565215,26.08695652173913
西村淳也,中京,芝,1400,やや速い,28,3,7,7.392857142857143,0.4405329760109172,10.714285714285714,25.0
松山弘平,中京,芝,1400,やや速い,37,1,9,7.405405405405405,0.4424302424302424,2.7027027027027026,24.324324324324326
藤岡康太,中京,芝,1400,やや速い,33,1,8,7.7272727272727275,0.4679754663043433,3.0303030303030303,24.242424242424242
和田竜二,中京,芝,1400,やや速い,26,4,6,6.230769230769231,0.4192753325106266,15.384615384615385,23.076923076923077
幸英明,中京,芝,1400,やや速い,39,5,9,8.333333333333334,0.4259196036910969,12.82051282051282,23.076923076923077
荻野極,中京,芝,1400,やや速い,36,2,8,8.88888888888889,0.5609498004718593,5.555555555555555,22.22222222222222
富田暁,中京,芝,1400,やや速い,23,3,5,8.26086956521739,0.5151112492225024,13.043478260869565,21.73913043478261
秋山真一,中京,芝,1400,やや速い,28,1,6,7.428571428571429,0.5880542047821459,3.571428571428571,21.428571428571427
川須栄彦,中京,芝,1400,やや速い,20,1,4,8.3,0.43481220576808816,5.0,20.0
北村友一,中京,芝,1400,やや速い,26,2,5,8.23076923076923,0.49551015538006493,7.6923076923076925,19.230769230769234
坂井瑠星,中京,芝,1400,やや速い,21,4,4,7.0,0.35897133911839796,19.047619047619047,19.047619047619047
鮫島克駿,中京,芝,1400,やや速い,40,1,6,7.1,0.5139505163953693,2.5,15.0
中谷雄太,中京,芝,1400,やや速い,20,1,2,9.45,0.4595179738562091,5.0,10.0
菱田裕二,中京,芝,1400,やや速い,32,0,3,9.15625,0.4973022484051896,0.0,9.375
丸山元気,中京,芝,1400,やや速い,23,0,2,10.173913043478262,0.4223789672958471,0.0,8.695652173913043
太宰啓介,中京,芝,1400,やや速い,23,1,2,10.217391304347826,0.5589699871029794,4.3478260869565215,8.695652173913043
酒井学,中京,芝,1400,やや速い,20,0,1,8.6,0.5494852941176471,0.0,5.0
松山弘平,中京,芝,1400,ハイ/持続,22,3,7,6.818181818181818,0.3777169503105332,13.636363636363635,31.818181818181817
藤岡康太,中京,芝,1400,標準〜やや上がり,20,2,6,6.0,0.6037720694338342,10.0,30.0
鮫島克駿,中京,芝,1400,標準〜やや上がり,21,4,6,6.476190476190476,0.4142964139812879,19.047619047619047,28.57142857142857
吉田隼人,中京,芝,1400,標準〜やや上がり,20,3,4,7.25,0.4691427853192559,15.0,20.0
川田将雅,中京,芝,1600,やや速い,24,8,15,3.8333333333333335,0.41369567932067935,33.33333333333333,62.5
坂井瑠星,中京,芝,1600,やや速い,22,1,5,7.090909090909091,0.4422286047286047,4.545454545454546,22.727272727272727
松山弘平,中京,芝,1600,やや速い,32,6,7,6.65625,0.446836756993007,18.75,21.875
和田竜二,中京,芝,1600,やや速い,27,1,5,7.2592592592592595,0.47980722980722984,3.7037037037037033,18.51851851851852
幸英明,中京,芝,1600,やや速い,24,1,4,8.875,0.4531659312909313,4.166666666666666,16.666666666666664
酒井学,中京,芝,1600,やや速い,22,0,1,8.545454545454545,0.645613666636394,0.0,4.545454545454546
川田将雅,中京,芝,1600,スロー上がり,21,3,12,4.523809523809524,0.4703341631913061,14.285714285714285,57.14285714285714
松山弘平,中京,芝,1600,スロー上がり,29,7,14,4.103448275862069,0.44895851275161625,24.137931034482758,48.275862068965516
吉田隼人,中京,芝,1600,スロー上がり,21,2,7,6.095238095238095,0.4659207855636427,9.523809523809524,33.33333333333333
武豊,中京,芝,1600,スロー上がり,20,1,6,5.9,0.510874888999889,5.0,30.0
藤岡康太,中京,芝,1600,スロー上がり,20,1,5,5.75,0.4329740398490398,5.0,25.0
鮫島克駿,中京,芝,1600,スロー上がり,21,2,5,5.857142857142857,0.505587666301952,9.523809523809524,23.809523809523807
Ｍ．デム,中京,芝,1600,標準〜やや上がり,23,5,13,5.478260869565218,0.47637893507458723,21.73913043478261,56.52173913043478
福永祐一,中京,芝,1600,標準〜やや上がり,36,12,18,4.722222222222222,0.5052428667012001,33.33333333333333,50.0
川田将雅,中京,芝,1600,標準〜やや上がり,29,4,13,4.689655172413793,0.43220261539227056,13.793103448275861,44.827586206896555
岩田望来,中京,芝,1600,標準〜やや上がり,33,4,14,4.848484848484849,0.37656644702099246,12.121212121212121,42.42424242424242
吉田隼人,中京,芝,1600,標準〜やや上がり,29,1,12,5.724137931034483,0.5375507634128324,3.4482758620689653,41.37931034482759
西村淳也,中京,芝,1600,標準〜やや上がり,22,3,7,6.636363636363637,0.38297554718009263,13.636363636363635,31.818181818181817
松山弘平,中京,芝,1600,標準〜やや上がり,49,4,15,6.428571428571429,0.4820966731681018,8.16326530612245,30.612244897959183
菱田裕二,中京,芝,1600,標準〜やや上がり,21,2,6,7.714285714285714,0.4861830629687772,9.523809523809524,28.57142857142857
武豊,中京,芝,1600,標準〜やや上がり,25,0,7,5.48,0.4544078144078144,0.0,28.000000000000004
坂井瑠星,中京,芝,1600,標準〜やや上がり,22,4,6,6.818181818181818,0.45386627261627266,18.181818181818183,27.27272727272727
秋山真一,中京,芝,1600,標準〜やや上がり,22,1,6,7.636363636363637,0.6114676989676989,4.545454545454546,27.27272727272727
富田暁,中京,芝,1600,標準〜やや上がり,23,1,6,6.695652173913044,0.5226389552476509,4.3478260869565215,26.08695652173913
藤岡康太,中京,芝,1600,標準〜やや上がり,35,0,9,7.114285714285714,0.48519385376528235,0.0,25.71428571428571
団野大成,中京,芝,1600,標準〜やや上がり,20,1,5,7.7,0.5205632561882562,5.0,25.0
丸山元気,中京,芝,1600,標準〜やや上がり,22,1,5,7.090909090909091,0.525999000999001,4.545454545454546,22.727272727272727
松若風馬,中京,芝,1600,標準〜やや上がり,34,1,7,7.294117647058823,0.30476761800291213,2.941176470588235,20.588235294117645
斎藤新,中京,芝,1600,標準〜やや上がり,21,1,4,7.476190476190476,0.43113989185417756,4.761904761904762,19.047619047619047
和田竜二,中京,芝,1600,標準〜やや上がり,36,2,6,6.027777777777778,0.5264626577126577,5.555555555555555,16.666666666666664
幸英明,中京,芝,1600,標準〜やや上がり,42,3,7,8.071428571428571,0.5558703531917818,7.142857142857142,16.666666666666664
鮫島克駿,中京,芝,1600,標準〜やや上がり,32,0,4,8.25,0.4711476457570207,0.0,12.5
荻野極,中京,芝,1600,標準〜やや上がり,24,1,2,9.375,0.4254896723646724,4.166666666666666,8.333333333333332
小沢大仁,中京,芝,1600,標準〜やや上がり,21,0,1,9.80952380952381,0.4209946799232514,0.0,4.761904761904762
川田将雅,中京,芝,2000,スロー上がり,64,20,40,3.65625,0.4174642083304767,31.25,62.5
ルメール,中京,芝,2000,スロー上がり,20,4,11,4.4,0.540616674991675,20.0,55.00000000000001
Ｍ．デム,中京,芝,2000,スロー上がり,28,8,15,3.8214285714285716,0.494800425997905,28.57142857142857,53.57142857142857
藤岡佑介,中京,芝,2000,スロー上がり,23,2,10,5.739130434782608,0.3869334700536747,8.695652173913043,43.47826086956522
北村友一,中京,芝,2000,スロー上がり,22,4,9,5.454545454545454,0.42451786181732704,18.181818181818183,40.909090909090914
坂井瑠星,中京,芝,2000,スロー上がり,37,6,15,5.1891891891891895,0.3998972123972124,16.216216216216218,40.54054054054054
松山弘平,中京,芝,2000,スロー上がり,74,9,30,5.243243243243243,0.5051399040369629,12.162162162162163,40.54054054054054
福永祐一,中京,芝,2000,スロー上がり,47,10,18,5.361702127659575,0.5365319668511158,21.27659574468085,38.297872340425535
横山典弘,中京,芝,2000,スロー上がり,20,1,7,6.6,0.40229589854589853,5.0,35.0
浜中俊,中京,芝,2000,スロー上がり,20,3,7,5.75,0.47144494394494396,15.0,35.0
川又賢治,中京,芝,2000,スロー上がり,22,1,7,7.0,0.578438480711208,4.545454545454546,31.818181818181817
岩田望来,中京,芝,2000,スロー上がり,49,10,15,5.020408163265306,0.5057835588447833,20.408163265306122,30.612244897959183
吉田隼人,中京,芝,2000,スロー上がり,47,6,14,7.127659574468085,0.4668651384076916,12.76595744680851,29.78723404255319
幸英明,中京,芝,2000,スロー上がり,56,1,16,7.0,0.44834250133619885,1.7857142857142856,28.57142857142857
中谷雄太,中京,芝,2000,スロー上がり,22,3,6,6.136363636363637,0.45870048697588806,13.636363636363635,27.27272727272727
丸山元気,中京,芝,2000,スロー上がり,30,1,8,8.066666666666666,0.5305239667739667,3.3333333333333335,26.666666666666668
藤岡康太,中京,芝,2000,スロー上がり,51,7,13,6.0588235294117645,0.510514829589224,13.725490196078432,25.49019607843137
和田竜二,中京,芝,2000,スロー上がり,56,4,14,6.267857142857143,0.4342593360187898,7.142857142857142,25.0
荻野極,中京,芝,2000,スロー上がり,36,3,9,7.861111111111111,0.5094872901245451,8.333333333333332,25.0
酒井学,中京,芝,2000,スロー上がり,29,0,7,7.793103448275862,0.5398788950513088,0.0,24.137931034482758
岩田康誠,中京,芝,2000,スロー上がり,23,1,5,6.260869565217392,0.45117002917514426,4.3478260869565215,21.73913043478261
西村淳也,中京,芝,2000,スロー上がり,34,3,7,7.235294117647059,0.4428044178044178,8.823529411764707,20.588235294117645
古川吉洋,中京,芝,2000,スロー上がり,20,1,4,8.1,0.5895697113344173,5.0,20.0
武豊,中京,芝,2000,スロー上がり,36,1,7,6.777777777777778,0.4689469095719096,2.7777777777777777,19.444444444444446
斎藤新,中京,芝,2000,スロー上がり,26,1,5,7.076923076923077,0.538827816853835,3.8461538461538463,19.230769230769234
松若風馬,中京,芝,2000,スロー上がり,52,3,10,6.788461538461538,0.5172340480032788,5.769230769230769,19.230769230769234
鮫島克駿,中京,芝,2000,スロー上がり,52,0,9,7.461538461538462,0.4972758183872437,0.0,17.307692307692307
団野大成,中京,芝,2000,スロー上がり,37,3,6,6.108108108108108,0.4819081444081444,8.108108108108109,16.216216216216218
川須栄彦,中京,芝,2000,スロー上がり,20,1,3,8.4,0.5107842688357394,5.0,15.0
富田暁,中京,芝,2000,スロー上がり,27,0,4,8.37037037037037,0.5102128324350547,0.0,14.814814814814813
菱田裕二,中京,芝,2000,スロー上がり,36,3,5,7.472222222222222,0.4586224664043292,8.333333333333332,13.88888888888889
国分優作,中京,芝,2000,スロー上がり,23,0,3,8.217391304347826,0.5857117520160998,0.0,13.043478260869565
丸田恭介,中京,芝,2000,スロー上がり,22,0,2,9.454545454545455,0.6061797679444738,0.0,9.090909090909092
小沢大仁,中京,芝,2000,スロー上がり,20,0,1,9.2,0.49624200962436255,0.0,5.0
川田将雅,中京,芝,2000,標準〜やや上がり,22,3,13,4.2272727272727275,0.4551905165541529,13.636363636363635,59.09090909090909
福永祐一,中京,芝,2000,標準〜やや上がり,25,4,11,4.4,0.5028121355768415,16.0,44.0
浜中俊,中京,芝,2000,標準〜やや上がり,20,3,8,5.55,0.40758762071262067,15.0,40.0
吉田隼人,中京,芝,2000,標準〜やや上がり,28,4,11,5.607142857142857,0.4977378626275685,14.285714285714285,39.285714285714285
和田竜二,中京,芝,2000,標準〜やや上がり,30,3,11,5.566666666666666,0.47389680036738857,10.0,36.666666666666664
北村友一,中京,芝,2000,標準〜やや上がり,20,4,7,6.3,0.605377359568536,20.0,35.0
松山弘平,中京,芝,2000,標準〜やや上がり,41,5,13,6.7560975609756095,0.5226529747153851,12.195121951219512,31.70731707317073
幸英明,中京,芝,2000,標準〜やや上がり,38,3,12,6.7631578947368425,0.45214922891006476,7.894736842105263,31.57894736842105
松若風馬,中京,芝,2000,標準〜やや上がり,26,4,8,6.3076923076923075,0.5279182889759813,15.384615384615385,30.76923076923077
坂井瑠星,中京,芝,2000,標準〜やや上がり,20,1,6,6.25,0.4729827117327117,5.0,30.0
藤岡康太,中京,芝,2000,標準〜やや上がり,38,3,10,6.842105263157895,0.45741862841321046,7.894736842105263,26.31578947368421
岩田望来,中京,芝,2000,標準〜やや上がり,27,4,7,7.518518518518518,0.45417538464924084,14.814814814814813,25.925925925925924
荻野極,中京,芝,2000,標準〜やや上がり,29,3,6,9.241379310344827,0.4472155014244264,10.344827586206897,20.689655172413794
柴山雄一,中京,芝,2000,標準〜やや上がり,20,1,4,6.6,0.4544607843137255,5.0,20.0
西村淳也,中京,芝,2000,標準〜やや上がり,25,2,5,6.92,0.36254118104118105,8.0,20.0
団野大成,中京,芝,2000,標準〜やや上がり,21,2,4,6.904761904761905,0.4694911142390134,9.523809523809524,19.047619047619047
鮫島克駿,中京,芝,2000,標準〜やや上がり,39,3,7,7.384615384615385,0.48151645572460056,7.6923076923076925,17.94871794871795
富田暁,中京,芝,2000,標準〜やや上がり,20,0,3,9.6,0.5442265414324238,0.0,15.0
川田将雅,中京,芝,2200,スロー上がり,20,3,11,3.7,0.4888454600954601,15.0,55.00000000000001
福永祐一,中京,芝,2200,スロー上がり,22,4,11,4.090909090909091,0.4633517143878106,18.181818181818183,50.0
藤岡康太,中京,芝,2200,スロー上がり,27,5,13,4.333333333333333,0.46552698088645805,18.51851851851852,48.148148148148145
和田竜二,中京,芝,2200,スロー上がり,23,1,8,5.478260869565218,0.3752322556670383,4.3478260869565215,34.78260869565217
丸山元気,中京,芝,2200,スロー上がり,22,2,7,7.0,0.5562114430429937,9.090909090909092,31.818181818181817
松山弘平,中京,芝,2200,スロー上がり,31,5,8,5.967741935483871,0.5003428155230811,16.129032258064516,25.806451612903224
吉田隼人,中京,芝,2200,スロー上がり,28,2,7,6.0,0.5313820458253231,7.142857142857142,25.0
菱田裕二,中京,芝,2200,スロー上がり,22,1,4,8.136363636363637,0.5046071983571984,4.545454545454546,18.181818181818183
鮫島克駿,中京,芝,2200,スロー上がり,24,2,4,6.958333333333333,0.4826989969453204,8.333333333333332,16.666666666666664
松若風馬,中京,芝,2200,スロー上がり,25,1,4,7.52,0.43637513140454315,4.0,16.0
幸英明,中京,芝,2200,スロー上がり,23,1,1,8.347826086956522,0.5176592163165054,4.3478260869565215,4.3478260869565215
川田将雅,中京,芝,2200,標準〜やや上がり,22,10,15,3.6363636363636362,0.38032138316229225,45.45454545454545,68.18181818181817
福永祐一,中京,芝,2200,標準〜やや上がり,20,1,10,5.1,0.47400252525252523,5.0,50.0
松山弘平,中京,芝,2200,標準〜やや上がり,23,4,8,6.217391304347826,0.4040452301321867,17.391304347826086,34.78260869565217
藤岡康太,中京,芝,2200,標準〜やや上がり,20,1,5,7.8,0.5000998021586257,5.0,25.0
和田竜二,中京,芝,2200,標準〜やや上がり,23,1,5,6.782608695652174,0.4752139165182644,4.3478260869565215,21.73913043478261
松若風馬,中京,芝,2200,標準〜やや上がり,25,2,5,7.28,0.4726758894700071,8.0,20.0
幸英明,中京,芝,2200,標準〜やや上がり,22,1,2,8.590909090909092,0.605683079546716,4.545454545454546,9.090909090909092
ルメール,中山,ダ,1200,ハイ/持続,107,20,51,5.299065420560748,0.35602683920440925,18.69158878504673,47.66355140186916
川田将雅,中山,ダ,1200,ハイ/持続,20,3,9,4.45,0.45895833333333336,15.0,45.0
マーカン,中山,ダ,1200,ハイ/持続,27,5,12,5.296296296296297,0.3185269976936644,18.51851851851852,44.44444444444444
武豊,中山,ダ,1200,ハイ/持続,29,2,10,5.551724137931035,0.3819786535303777,6.896551724137931,34.48275862068966
戸崎圭太,中山,ダ,1200,ハイ/持続,252,41,82,6.448412698412699,0.45066999799142654,16.26984126984127,32.53968253968254
三浦皇成,中山,ダ,1200,ハイ/持続,256,22,80,7.20703125,0.41867844069992505,8.59375,31.25
横山典弘,中山,ダ,1200,ハイ/持続,99,13,29,6.373737373737374,0.6104804286622468,13.131313131313133,29.292929292929294
横山武史,中山,ダ,1200,ハイ/持続,195,20,57,7.302564102564102,0.4717482090559013,10.256410256410255,29.230769230769234
坂井瑠星,中山,ダ,1200,ハイ/持続,21,3,6,6.666666666666667,0.42755102040816323,14.285714285714285,28.57142857142857
石橋脩,中山,ダ,1200,ハイ/持続,180,18,51,7.138888888888889,0.522071077071077,10.0,28.333333333333332
岩田康誠,中山,ダ,1200,ハイ/持続,53,2,15,7.2075471698113205,0.49765014859354484,3.7735849056603774,28.30188679245283
Ｍ．デム,中山,ダ,1200,ハイ/持続,93,9,26,7.161290322580645,0.45566762986117826,9.67741935483871,27.956989247311824
田辺裕信,中山,ダ,1200,ハイ/持続,225,20,61,6.88,0.4771483331483331,8.88888888888889,27.111111111111114
松山弘平,中山,ダ,1200,ハイ/持続,49,3,13,7.142857142857143,0.3949829931972789,6.122448979591836,26.53061224489796
池添謙一,中山,ダ,1200,ハイ/持続,23,3,6,7.565217391304348,0.37880434782608696,13.043478260869565,26.08695652173913
北村友一,中山,ダ,1200,ハイ/持続,20,1,5,7.9,0.47071428571428575,5.0,25.0
小林美駒,中山,ダ,1200,ハイ/持続,28,2,7,8.178571428571429,0.4817765567765568,7.142857142857142,25.0
武藤雅,中山,ダ,1200,ハイ/持続,180,15,44,8.072222222222223,0.4826898795648796,8.333333333333332,24.444444444444443
荻野極,中山,ダ,1200,ハイ/持続,33,2,8,7.181818181818182,0.37382478632478633,6.0606060606060606,24.242424242424242
ミナリク,中山,ダ,1200,ハイ/持続,43,2,10,8.674418604651162,0.5246677740863788,4.651162790697675,23.25581395348837
横山和生,中山,ダ,1200,ハイ/持続,151,10,35,7.450331125827814,0.5890200858743906,6.622516556291391,23.178807947019866
菱田裕二,中山,ダ,1200,ハイ/持続,22,3,5,8.545454545454545,0.47575757575757577,13.636363636363635,22.727272727272727
北村宏司,中山,ダ,1200,ハイ/持続,186,13,42,7.827956989247312,0.47190560335721626,6.989247311827956,22.58064516129032
長浜鴻緒,中山,ダ,1200,ハイ/持続,55,4,12,8.672727272727272,0.5596287046287046,7.2727272727272725,21.818181818181817
長岡禎仁,中山,ダ,1200,ハイ/持続,23,2,5,7.739130434782608,0.5542224080267558,8.695652173913043,21.73913043478261
岩田望来,中山,ダ,1200,ハイ/持続,28,3,6,7.071428571428571,0.4986819727891157,10.714285714285714,21.428571428571427
横山琉人,中山,ダ,1200,ハイ/持続,70,5,15,8.771428571428572,0.45286041339612765,7.142857142857142,21.428571428571427
大野拓弥,中山,ダ,1200,ハイ/持続,257,14,55,7.88715953307393,0.5090203246818032,5.447470817120623,21.40077821011673
宮崎北斗,中山,ダ,1200,ハイ/持続,48,4,10,8.041666666666666,0.41486855158730157,8.333333333333332,20.833333333333336
菅原明良,中山,ダ,1200,ハイ/持続,175,12,34,7.577142857142857,0.4764542838114266,6.857142857142858,19.428571428571427
丸田恭介,中山,ダ,1200,ハイ/持続,121,5,23,8.611570247933884,0.5580646626101171,4.132231404958678,19.00826446280992
津村明秀,中山,ダ,1200,ハイ/持続,237,10,45,8.10548523206751,0.46387954520865915,4.219409282700422,18.9873417721519
吉田豊,中山,ダ,1200,ハイ/持続,155,14,29,7.574193548387097,0.5589068458423296,9.032258064516128,18.70967741935484
吉田隼人,中山,ダ,1200,ハイ/持続,66,4,12,8.545454545454545,0.4875561938061938,6.0606060606060606,18.181818181818183
内田博幸,中山,ダ,1200,ハイ/持続,266,15,48,8.289473684210526,0.5186980312920163,5.639097744360902,18.045112781954884
石川裕紀,中山,ダ,1200,ハイ/持続,179,10,32,8.312849162011172,0.5341499515382196,5.58659217877095,17.877094972067038
原優介,中山,ダ,1200,ハイ/持続,118,5,21,8.932203389830509,0.5488304774321723,4.23728813559322,17.796610169491526
勝浦正樹,中山,ダ,1200,ハイ/持続,96,6,17,8.947916666666666,0.457596440018315,6.25,17.708333333333336
伊藤工真,中山,ダ,1200,ハイ/持続,36,2,6,8.0,0.5655512311762312,5.555555555555555,16.666666666666664
丸山元気,中山,ダ,1200,ハイ/持続,134,3,22,8.201492537313433,0.49281682248100156,2.2388059701492535,16.417910447761194
蛯名正義,中山,ダ,1200,ハイ/持続,61,4,10,8.475409836065573,0.5036134630396926,6.557377049180328,16.39344262295082
西田雄一,中山,ダ,1200,ハイ/持続,37,1,6,9.594594594594595,0.508478120978121,2.7027027027027026,16.216216216216218
小林脩斗,中山,ダ,1200,ハイ/持続,81,5,13,9.135802469135802,0.4654931488264822,6.172839506172839,16.049382716049383
田中勝春,中山,ダ,1200,ハイ/持続,110,6,17,8.090909090909092,0.6067965367965369,5.454545454545454,15.454545454545453
小林勝太,中山,ダ,1200,ハイ/持続,26,2,4,8.461538461538462,0.4778846153846154,7.6923076923076925,15.384615384615385
丹内祐次,中山,ダ,1200,ハイ/持続,168,11,25,9.375,0.42659438775510206,6.547619047619048,14.880952380952381
木幡巧也,中山,ダ,1200,ハイ/持続,237,9,35,8.79746835443038,0.46960209270335856,3.79746835443038,14.767932489451477
菊沢一樹,中山,ダ,1200,ハイ/持続,153,5,22,8.666666666666666,0.5160160645454763,3.2679738562091507,14.37908496732026
秋山稔樹,中山,ダ,1200,ハイ/持続,42,1,6,9.476190476190476,0.4553342490842491,2.380952380952381,14.285714285714285
佐々木大,中山,ダ,1200,ハイ/持続,79,3,11,9.39240506329114,0.45012171372930865,3.79746835443038,13.924050632911392
柴田善臣,中山,ダ,1200,ハイ/持続,121,3,16,8.561983471074381,0.5393216975861604,2.479338842975207,13.223140495867769
江田照男,中山,ダ,1200,ハイ/持続,208,10,27,8.879807692307692,0.5221528871769257,4.807692307692308,12.980769230769232
野中悠太,中山,ダ,1200,ハイ/持続,186,6,23,9.408602150537634,0.5591083199954168,3.225806451612903,12.365591397849462
永野猛蔵,中山,ダ,1200,ハイ/持続,91,7,11,9.065934065934066,0.5111379463027815,7.6923076923076925,12.087912087912088
西村淳也,中山,ダ,1200,ハイ/持続,25,0,3,7.96,0.47200000000000003,0.0,12.0
小林凌大,中山,ダ,1200,ハイ/持続,59,3,7,9.711864406779661,0.4921804184516049,5.084745762711865,11.864406779661017
山田敬士,中山,ダ,1200,ハイ/持続,43,1,5,9.511627906976743,0.5581075900843342,2.3255813953488373,11.627906976744185
嶋田純次,中山,ダ,1200,ハイ/持続,53,1,6,9.754716981132075,0.5288029580482411,1.8867924528301887,11.320754716981133
藤田菜七,中山,ダ,1200,ハイ/持続,102,5,11,10.058823529411764,0.5275560224089636,4.901960784313726,10.784313725490197
斎藤新,中山,ダ,1200,ハイ/持続,28,2,3,8.571428571428571,0.4941326530612245,7.142857142857142,10.714285714285714
柴田大知,中山,ダ,1200,ハイ/持続,138,3,14,9.630434782608695,0.581208465447596,2.1739130434782608,10.144927536231885
黛弘人,中山,ダ,1200,ハイ/持続,52,1,5,9.346153846153847,0.5632000211327134,1.9230769230769231,9.615384615384617
石田拓郎,中山,ダ,1200,ハイ/持続,22,1,2,9.545454545454545,0.6040209790209791,4.545454545454546,9.090909090909092
杉原誠人,中山,ダ,1200,ハイ/持続,91,4,8,9.340659340659341,0.4501162299239222,4.395604395604396,8.791208791208792
和田竜二,中山,ダ,1200,ハイ/持続,23,1,2,9.652173913043478,0.5159420289855072,4.3478260869565215,8.695652173913043
松岡正海,中山,ダ,1200,ハイ/持続,162,3,14,9.351851851851851,0.5438022882467327,1.8518518518518516,8.641975308641975
嘉藤貴行,中山,ダ,1200,ハイ/持続,37,0,3,9.756756756756756,0.5191441441441441,0.0,8.108108108108109
武士沢友,中山,ダ,1200,ハイ/持続,99,2,8,10.030303030303031,0.6818112443112443,2.0202020202020203,8.080808080808081
井上敏樹,中山,ダ,1200,ハイ/持続,26,1,2,10.846153846153847,0.5819156804733727,3.8461538461538463,7.6923076923076925
木幡初也,中山,ダ,1200,ハイ/持続,52,1,4,10.115384615384615,0.4984529092702169,1.9230769230769231,7.6923076923076925
木幡育也,中山,ダ,1200,ハイ/持続,64,0,4,10.421875,0.5265381753663003,0.0,6.25
岩部純二,中山,ダ,1200,ハイ/持続,36,0,2,9.722222222222221,0.6632427757427757,0.0,5.555555555555555
柴山雄一,中山,ダ,1200,ハイ/持続,55,1,3,9.163636363636364,0.5345571095571096,1.8181818181818181,5.454545454545454
原田和真,中山,ダ,1200,ハイ/持続,27,0,0,11.37037037037037,0.46479107312440643,0.0,0.0
的場勇人,中山,ダ,1200,ハイ/持続,30,0,0,14.0,0.8145833333333333,0.0,0.0
ルメール,中山,ダ,1800,やや速い,70,22,37,4.685714285714286,0.33129602540316827,31.428571428571427,52.85714285714286
戸崎圭太,中山,ダ,1800,やや速い,127,23,54,6.0,0.40843546217561966,18.11023622047244,42.51968503937008
横山典弘,中山,ダ,1800,やや速い,43,6,18,5.837209302325581,0.4394486327625862,13.953488372093023,41.86046511627907
横山武史,中山,ダ,1800,やや速い,107,21,42,6.224299065420561,0.39043234802580595,19.626168224299064,39.25233644859813
田辺裕信,中山,ダ,1800,やや速い,131,11,43,6.290076335877862,0.46742359633581004,8.396946564885496,32.82442748091603
Ｍ．デム,中山,ダ,1800,やや速い,48,4,15,8.020833333333334,0.5012621348558849,8.333333333333332,31.25
荻野極,中山,ダ,1800,やや速い,24,1,7,6.708333333333333,0.41757600038850035,4.166666666666666,29.166666666666668
石橋脩,中山,ダ,1800,やや速い,112,10,31,7.089285714285714,0.43368625422196855,8.928571428571429,27.67857142857143
丸山元気,中山,ダ,1800,やや速い,68,2,18,7.720588235294118,0.49167025784672846,2.941176470588235,26.47058823529412
岩田康誠,中山,ダ,1800,やや速い,23,2,6,7.739130434782608,0.46260599304077565,8.695652173913043,26.08695652173913
津村明秀,中山,ダ,1800,やや速い,125,10,32,7.112,0.4112435897435897,8.0,25.6
三浦皇成,中山,ダ,1800,やや速い,120,10,30,6.85,0.4376990486365486,8.333333333333332,25.0
横山和生,中山,ダ,1800,やや速い,93,11,22,7.333333333333333,0.5031540442830765,11.827956989247312,23.655913978494624
大野拓弥,中山,ダ,1800,やや速い,145,17,34,7.475862068965517,0.48394573816987607,11.724137931034482,23.448275862068964
菅原明良,中山,ダ,1800,やや速い,108,6,25,7.444444444444445,0.5311772718022718,5.555555555555555,23.14814814814815
ミナリク,中山,ダ,1800,やや速い,23,2,5,7.478260869565218,0.4726583199409286,8.695652173913043,21.73913043478261
原優介,中山,ダ,1800,やや速い,54,2,11,8.351851851851851,0.6228805916305916,3.7037037037037033,20.37037037037037
吉田隼人,中山,ダ,1800,やや速い,25,0,5,7.6,0.5273003663003663,0.0,20.0
武藤雅,中山,ダ,1800,やや速い,60,4,12,8.433333333333334,0.512852355977356,6.666666666666667,20.0
勝浦正樹,中山,ダ,1800,やや速い,46,2,9,7.3478260869565215,0.5041032638858726,4.3478260869565215,19.565217391304348
佐々木大,中山,ダ,1800,やや速い,41,1,8,7.7560975609756095,0.4904551749063944,2.4390243902439024,19.51219512195122
山田敬士,中山,ダ,1800,やや速い,22,0,4,8.227272727272727,0.5263880059334605,0.0,18.181818181818183
石川裕紀,中山,ダ,1800,やや速い,99,6,18,8.747474747474747,0.5394335462517281,6.0606060606060606,18.181818181818183
吉田豊,中山,ダ,1800,やや速い,89,4,16,7.730337078651686,0.5660417765754845,4.49438202247191,17.97752808988764
北村宏司,中山,ダ,1800,やや速い,107,4,19,7.813084112149533,0.458802425508033,3.7383177570093453,17.75700934579439
木幡巧也,中山,ダ,1800,やや速い,121,3,21,7.975206611570248,0.48195868640083517,2.479338842975207,17.355371900826448
小林凌大,中山,ダ,1800,やや速い,24,0,4,8.625,0.49836881868131866,0.0,16.666666666666664
丸田恭介,中山,ダ,1800,やや速い,75,2,12,8.28,0.5894314204314205,2.666666666666667,16.0
柴田大知,中山,ダ,1800,やや速い,97,5,15,8.628865979381443,0.48956320025907657,5.154639175257731,15.463917525773196
松岡正海,中山,ダ,1800,やや速い,82,3,12,8.292682926829269,0.5045242528474236,3.6585365853658534,14.634146341463413
黛弘人,中山,ダ,1800,やや速い,29,1,4,9.655172413793103,0.6046037296037297,3.4482758620689653,13.793103448275861
田中勝春,中山,ダ,1800,やや速い,59,3,8,8.796610169491526,0.6193181583012092,5.084745762711865,13.559322033898304
柴山雄一,中山,ダ,1800,やや速い,23,1,3,8.521739130434783,0.46361681796464405,4.3478260869565215,13.043478260869565
長浜鴻緒,中山,ダ,1800,やや速い,24,1,3,8.875,0.5684428418803419,4.166666666666666,12.5
藤田菜七,中山,ダ,1800,やや速い,25,0,3,10.2,0.6471405816405816,0.0,12.0
蛯名正義,中山,ダ,1800,やや速い,25,1,3,8.48,0.473063492063492,4.0,12.0
丹内祐次,中山,ダ,1800,やや速い,101,6,12,8.514851485148515,0.4213017318215338,5.9405940594059405,11.881188118811881
内田博幸,中山,ダ,1800,やや速い,147,8,17,8.26530612244898,0.5377386879937901,5.442176870748299,11.564625850340136
木幡育也,中山,ダ,1800,やや速い,26,0,3,10.26923076923077,0.618034636303867,0.0,11.538461538461538
菊沢一樹,中山,ダ,1800,やや速い,71,2,8,8.56338028169014,0.5409823744330786,2.8169014084507045,11.267605633802818
江田照男,中山,ダ,1800,やや速い,73,1,8,8.863013698630137,0.5549139787153485,1.36986301369863,10.95890410958904
永野猛蔵,中山,ダ,1800,やや速い,37,1,4,9.297297297297296,0.5796740421740422,2.7027027027027026,10.81081081081081
斎藤新,中山,ダ,1800,やや速い,28,3,3,8.785714285714286,0.5187622397443826,10.714285714285714,10.714285714285714
野中悠太,中山,ダ,1800,やや速い,85,2,8,9.035294117647059,0.5993626798038563,2.3529411764705883,9.411764705882353
武士沢友,中山,ダ,1800,やや速い,55,0,4,9.072727272727272,0.6932212989031171,0.0,7.2727272727272725
杉原誠人,中山,ダ,1800,やや速い,43,1,3,8.790697674418604,0.5622169819844238,2.3255813953488373,6.976744186046512
横山琉人,中山,ダ,1800,やや速い,41,2,2,10.048780487804878,0.5273786173176417,4.878048780487805,4.878048780487805
柴田善臣,中山,ダ,1800,やや速い,44,0,2,8.886363636363637,0.5280241538764266,0.0,4.545454545454546
小林脩斗,中山,ダ,1800,やや速い,29,0,1,9.206896551724139,0.6177893945135324,0.0,3.4482758620689653
ルメール,中山,ダ,1800,ハイ/持続,40,11,20,5.05,0.3107271547896548,27.500000000000004,50.0
戸崎圭太,中山,ダ,1800,ハイ/持続,76,16,35,5.197368421052632,0.33420439209912894,21.052631578947366,46.05263157894737
三浦皇成,中山,ダ,1800,ハイ/持続,71,7,24,5.873239436619718,0.4719707522524424,9.859154929577464,33.80281690140845
田辺裕信,中山,ダ,1800,ハイ/持続,80,9,27,6.6,0.4493312763625264,11.25,33.75
Ｍ．デム,中山,ダ,1800,ハイ/持続,25,2,7,7.56,0.4546135531135531,8.0,28.000000000000004
北村宏司,中山,ダ,1800,ハイ/持続,63,8,16,7.571428571428571,0.43467134717134714,12.698412698412698,25.396825396825395
丹内祐次,中山,ダ,1800,ハイ/持続,60,0,15,8.366666666666667,0.47552343489843485,0.0,25.0
黛弘人,中山,ダ,1800,ハイ/持続,21,0,5,7.523809523809524,0.4843014128728414,0.0,23.809523809523807
横山和生,中山,ダ,1800,ハイ/持続,56,6,13,8.017857142857142,0.565279958137101,10.714285714285714,23.214285714285715
石橋脩,中山,ダ,1800,ハイ/持続,56,2,13,8.160714285714286,0.41575146084074655,3.571428571428571,23.214285714285715
田中勝春,中山,ダ,1800,ハイ/持続,35,3,8,7.942857142857143,0.5962246087246087,8.571428571428571,22.857142857142858
横山琉人,中山,ダ,1800,ハイ/持続,24,3,5,9.125,0.5099778693528694,12.5,20.833333333333336
横山武史,中山,ダ,1800,ハイ/持続,58,7,12,7.258620689655173,0.39280891522270833,12.068965517241379,20.689655172413794
武士沢友,中山,ダ,1800,ハイ/持続,25,2,5,8.68,0.7113801198801198,8.0,20.0
蛯名正義,中山,ダ,1800,ハイ/持続,20,0,4,8.6,0.5185921717171718,0.0,20.0
柴田大知,中山,ダ,1800,ハイ/持続,56,3,11,8.107142857142858,0.5775714612768185,5.357142857142857,19.642857142857142
野中悠太,中山,ダ,1800,ハイ/持続,52,4,10,8.48076923076923,0.6078737768641614,7.6923076923076925,19.230769230769234
石川裕紀,中山,ダ,1800,ハイ/持続,55,3,10,8.345454545454546,0.5682350225532043,5.454545454545454,18.181818181818183
内田博幸,中山,ダ,1800,ハイ/持続,92,3,16,7.945652173913044,0.4777801003344481,3.260869565217391,17.391304347826086
大野拓弥,中山,ダ,1800,ハイ/持続,92,3,16,7.739130434782608,0.5412928858581033,3.260869565217391,17.391304347826086
原優介,中山,ダ,1800,ハイ/持続,41,3,7,9.170731707317072,0.6095793434208069,7.317073170731707,17.073170731707318
横山典弘,中山,ダ,1800,ハイ/持続,30,4,5,8.833333333333334,0.5348550061050061,13.333333333333334,16.666666666666664
江田照男,中山,ダ,1800,ハイ/持続,54,2,9,8.462962962962964,0.5369281952615286,3.7037037037037033,16.666666666666664
菊沢一樹,中山,ダ,1800,ハイ/持続,37,1,6,8.675675675675675,0.6000244125244125,2.7027027027027026,16.216216216216218
武藤雅,中山,ダ,1800,ハイ/持続,44,0,7,8.568181818181818,0.5300792957042957,0.0,15.909090909090908
津村明秀,中山,ダ,1800,ハイ/持続,61,1,9,8.37704918032787,0.4409499653352112,1.639344262295082,14.754098360655737
勝浦正樹,中山,ダ,1800,ハイ/持続,36,2,5,7.972222222222222,0.5868787462537463,5.555555555555555,13.88888888888889
吉田豊,中山,ダ,1800,ハイ/持続,58,0,8,7.413793103448276,0.5621373597666701,0.0,13.793103448275861
柴田善臣,中山,ダ,1800,ハイ/持続,32,2,4,8.84375,0.5588842147435897,6.25,12.5
菅原明良,中山,ダ,1800,ハイ/持続,57,1,7,8.298245614035087,0.5305011508958878,1.7543859649122806,12.280701754385964
松岡正海,中山,ダ,1800,ハイ/持続,42,2,5,8.547619047619047,0.5021738182452469,4.761904761904762,11.904761904761903
杉原誠人,中山,ダ,1800,ハイ/持続,26,3,3,7.8076923076923075,0.48529899587591896,11.538461538461538,11.538461538461538
佐々木大,中山,ダ,1800,ハイ/持続,28,0,3,9.178571428571429,0.5157610246895962,0.0,10.714285714285714
木幡巧也,中山,ダ,1800,ハイ/持続,69,2,7,8.927536231884059,0.488889552476509,2.898550724637681,10.144927536231885
小林脩斗,中山,ダ,1800,ハイ/持続,20,1,2,9.45,0.5756501831501832,5.0,10.0
丸山元気,中山,ダ,1800,ハイ/持続,37,2,3,9.432432432432432,0.41887549387549383,5.405405405405405,8.108108108108109
柴山雄一,中山,ダ,1800,ハイ/持続,25,2,2,8.48,0.4824398934398934,8.0,8.0
丸田恭介,中山,ダ,1800,ハイ/持続,33,0,2,9.181818181818182,0.6483155733155733,0.0,6.0606060606060606
永野猛蔵,中山,ダ,1800,ハイ/持続,21,1,1,9.666666666666666,0.5146367521367521,4.761904761904762,4.761904761904762
藤田菜七,中山,ダ,1800,ハイ/持続,20,0,0,10.6,0.7396657509157509,0.0,0.0
Ｍ．デム,中山,ダ,1800,標準〜やや上がり,21,4,9,5.285714285714286,0.3583139083139083,19.047619047619047,42.857142857142854
三浦皇成,中山,ダ,1800,標準〜やや上がり,47,3,19,5.382978723404255,0.37058296313615463,6.382978723404255,40.42553191489361
戸崎圭太,中山,ダ,1800,標準〜やや上がり,54,5,20,6.092592592592593,0.37060185185185185,9.25925925925926,37.03703703703704
石橋脩,中山,ダ,1800,標準〜やや上がり,35,6,12,6.514285714285714,0.3510597735597735,17.142857142857142,34.285714285714285
横山武史,中山,ダ,1800,標準〜やや上がり,33,6,11,6.333333333333333,0.5020286531650168,18.181818181818183,33.33333333333333
田辺裕信,中山,ダ,1800,標準〜やや上がり,45,4,15,5.866666666666666,0.49173002923002923,8.88888888888889,33.33333333333333
横山和生,中山,ダ,1800,標準〜やや上がり,25,2,8,7.28,0.3430792540792541,8.0,32.0
丸山元気,中山,ダ,1800,標準〜やや上がり,22,1,6,7.7727272727272725,0.5276764901764902,4.545454545454546,27.27272727272727
大野拓弥,中山,ダ,1800,標準〜やや上がり,55,4,15,6.8545454545454545,0.448801123119305,7.2727272727272725,27.27272727272727
菅原明良,中山,ダ,1800,標準〜やや上がり,31,2,8,6.806451612903226,0.4213344451247677,6.451612903225806,25.806451612903224
津村明秀,中山,ダ,1800,標準〜やや上がり,40,4,10,7.1,0.5013722735597737,10.0,25.0
松岡正海,中山,ダ,1800,標準〜やや上がり,37,2,9,7.864864864864865,0.4781231156231156,5.405405405405405,24.324324324324326
武藤雅,中山,ダ,1800,標準〜やや上がり,26,3,6,7.846153846153846,0.5390846333154026,11.538461538461538,23.076923076923077
丹内祐次,中山,ダ,1800,標準〜やや上がり,35,2,7,8.8,0.46329658436801296,5.714285714285714,20.0
勝浦正樹,中山,ダ,1800,標準〜やや上がり,26,1,5,8.615384615384615,0.5160996055226824,3.8461538461538463,19.230769230769234
木幡巧也,中山,ダ,1800,標準〜やや上がり,39,2,7,7.6923076923076925,0.538037176498715,5.128205128205128,17.94871794871795
内田博幸,中山,ダ,1800,標準〜やや上がり,57,5,10,8.508771929824562,0.556605163842006,8.771929824561402,17.543859649122805
石川裕紀,中山,ダ,1800,標準〜やや上がり,40,3,7,8.075,0.5924798118548119,7.5,17.5
柴田大知,中山,ダ,1800,標準〜やや上がり,35,2,6,8.914285714285715,0.5141282526996813,5.714285714285714,17.142857142857142
北村宏司,中山,ダ,1800,標準〜やや上がり,41,3,7,7.634146341463414,0.5154565962492792,7.317073170731707,17.073170731707318
原優介,中山,ダ,1800,標準〜やや上がり,24,0,4,8.583333333333334,0.6070446914196914,0.0,16.666666666666664
野中悠太,中山,ダ,1800,標準〜やや上がり,39,1,5,9.051282051282051,0.568947612216843,2.564102564102564,12.82051282051282
田中勝春,中山,ダ,1800,標準〜やや上がり,24,0,3,8.5,0.5327080905205905,0.0,12.5
武士沢友,中山,ダ,1800,標準〜やや上がり,22,0,2,9.545454545454545,0.7017217630853995,0.0,9.090909090909092
吉田豊,中山,ダ,1800,標準〜やや上がり,34,0,3,6.117647058823529,0.5671610252492605,0.0,8.823529411764707
江田照男,中山,ダ,1800,標準〜やや上がり,25,1,2,8.52,0.567493672993673,4.0,8.0
菊沢一樹,中山,ダ,1800,標準〜やや上がり,24,1,1,9.083333333333334,0.6361784049284049,4.166666666666666,4.166666666666666
丸田恭介,中山,ダ,1800,標準〜やや上がり,20,0,0,9.7,0.6339102564102564,0.0,0.0
内田博幸,中山,ダ,2400,やや速い,21,3,7,7.0,0.4398502291359434,14.285714285714285,33.33333333333333
Ｍ．デム,中山,芝,1200,やや速い,22,7,10,5.863636363636363,0.46718489843489847,31.818181818181817,45.45454545454545
石橋脩,中山,芝,1200,やや速い,42,5,16,6.261904761904762,0.32916478362906937,11.904761904761903,38.095238095238095
横山武史,中山,芝,1200,やや速い,44,7,16,6.409090909090909,0.5036008499076681,15.909090909090908,36.36363636363637
戸崎圭太,中山,芝,1200,やや速い,56,8,18,6.125,0.44734823708037996,14.285714285714285,32.142857142857146
丹内祐次,中山,芝,1200,やや速い,41,2,12,8.073170731707316,0.3864331806404977,4.878048780487805,29.268292682926827
菅原明良,中山,芝,1200,やや速い,39,0,11,6.794871794871795,0.4745857774703929,0.0,28.205128205128204
田辺裕信,中山,芝,1200,やや速い,44,3,12,6.363636363636363,0.5799737194623558,6.8181818181818175,27.27272727272727
丸山元気,中山,芝,1200,やや速い,26,2,7,7.769230769230769,0.43865525500140884,7.6923076923076925,26.923076923076923
木幡巧也,中山,芝,1200,やや速い,39,3,10,7.923076923076923,0.5450094065478681,7.6923076923076925,25.64102564102564
柴田大知,中山,芝,1200,やや速い,36,2,9,7.416666666666667,0.4233812869229536,5.555555555555555,25.0
横山和生,中山,芝,1200,やや速い,27,3,6,6.481481481481482,0.4417132250465584,11.11111111111111,22.22222222222222
三浦皇成,中山,芝,1200,やや速い,55,2,12,7.072727272727272,0.536411013229195,3.6363636363636362,21.818181818181817
石川裕紀,中山,芝,1200,やや速い,39,1,8,8.256410256410257,0.48350196811735274,2.564102564102564,20.51282051282051
松岡正海,中山,芝,1200,やや速い,28,1,5,8.785714285714286,0.48339279767851195,3.571428571428571,17.857142857142858
内田博幸,中山,芝,1200,やや速い,46,3,8,8.217391304347826,0.4994054858185293,6.521739130434782,17.391304347826086
大野拓弥,中山,芝,1200,やや速い,69,2,12,8.014492753623188,0.5906114416983982,2.898550724637681,17.391304347826086
北村宏司,中山,芝,1200,やや速い,42,3,7,7.476190476190476,0.528929106607678,7.142857142857142,16.666666666666664
津村明秀,中山,芝,1200,やや速い,55,4,9,8.872727272727273,0.47093255229618863,7.2727272727272725,16.363636363636363
横山典弘,中山,芝,1200,やや速い,25,0,4,7.8,0.5949230769230769,0.0,16.0
勝浦正樹,中山,芝,1200,やや速い,29,2,4,7.931034482758621,0.5481937602627258,6.896551724137931,13.793103448275861
菊沢一樹,中山,芝,1200,やや速い,22,0,3,7.7272727272727275,0.6073753897617533,0.0,13.636363636363635
吉田豊,中山,芝,1200,やや速い,34,1,4,9.382352941176471,0.5970951842275372,2.941176470588235,11.76470588235294
丸田恭介,中山,芝,1200,やや速い,25,1,2,7.92,0.6965787545787546,4.0,8.0
江田照男,中山,芝,1200,やや速い,35,0,2,10.228571428571428,0.4924035488321203,0.0,5.714285714285714
武藤雅,中山,芝,1200,やや速い,37,0,2,8.837837837837839,0.4898227898227899,0.0,5.405405405405405
杉原誠人,中山,芝,1200,やや速い,39,1,2,9.102564102564102,0.45043226004764464,2.564102564102564,5.128205128205128
原優介,中山,芝,1200,やや速い,21,1,1,9.666666666666666,0.6353959532530961,4.761904761904762,4.761904761904762
ルメール,中山,芝,1200,ハイ/持続,32,10,17,5.3125,0.5328797504578755,31.25,53.125
横山武史,中山,芝,1200,ハイ/持続,41,7,18,6.024390243902439,0.5665947873264946,17.073170731707318,43.90243902439025
田辺裕信,中山,芝,1200,ハイ/持続,38,4,13,6.447368421052632,0.5830284846732215,10.526315789473683,34.21052631578947
横山典弘,中山,芝,1200,ハイ/持続,22,1,7,6.7272727272727275,0.5937314579360033,4.545454545454546,31.818181818181817
横山和生,中山,芝,1200,ハイ/持続,27,1,8,7.888888888888889,0.47086046669380005,3.7037037037037033,29.629629629629626
戸崎圭太,中山,芝,1200,ハイ/持続,56,7,16,7.035714285714286,0.4572411963036963,12.5,28.57142857142857
石川裕紀,中山,芝,1200,ハイ/持続,36,5,10,8.277777777777779,0.48387260887260886,13.88888888888889,27.77777777777778
勝浦正樹,中山,芝,1200,ハイ/持続,22,1,6,8.0,0.4406177156177156,4.545454545454546,27.27272727272727
内田博幸,中山,芝,1200,ハイ/持続,40,4,10,8.0,0.5007074175824175,10.0,25.0
大野拓弥,中山,芝,1200,ハイ/持続,49,3,12,7.510204081632653,0.5418984926637987,6.122448979591836,24.489795918367346
三浦皇成,中山,芝,1200,ハイ/持続,45,2,11,7.088888888888889,0.4161070411070411,4.444444444444445,24.444444444444443
柴田大知,中山,芝,1200,ハイ/持続,41,3,10,7.097560975609756,0.4383980856541832,7.317073170731707,24.390243902439025
菅原明良,中山,芝,1200,ハイ/持続,32,3,7,7.375,0.5390522671772672,9.375,21.875
吉田豊,中山,芝,1200,ハイ/持続,23,1,5,8.173913043478262,0.655600015926103,4.3478260869565215,21.73913043478261
北村宏司,中山,芝,1200,ハイ/持続,29,3,6,7.724137931034483,0.5884836427939876,10.344827586206897,20.689655172413794
丹内祐次,中山,芝,1200,ハイ/持続,47,3,8,8.595744680851064,0.3540382489850575,6.382978723404255,17.02127659574468
石橋脩,中山,芝,1200,ハイ/持続,36,2,5,8.472222222222221,0.5357537524204191,5.555555555555555,13.88888888888889
江田照男,中山,芝,1200,ハイ/持続,29,1,3,9.206896551724139,0.5960062925580167,3.4482758620689653,10.344827586206897
松岡正海,中山,芝,1200,ハイ/持続,31,0,3,10.806451612903226,0.45139430462011104,0.0,9.67741935483871
丸山元気,中山,芝,1200,ハイ/持続,24,1,2,7.875,0.4900660103785104,4.166666666666666,8.333333333333332
木幡巧也,中山,芝,1200,ハイ/持続,38,0,3,8.710526315789474,0.4465231040888935,0.0,7.894736842105263
津村明秀,中山,芝,1200,ハイ/持続,35,0,2,6.9714285714285715,0.5417513835370978,0.0,5.714285714285714
武藤雅,中山,芝,1200,ハイ/持続,20,1,1,8.55,0.455570054945055,5.0,5.0
藤田菜七,中山,芝,1200,ハイ/持続,20,0,1,11.4,0.6019114219114219,0.0,5.0
杉原誠人,中山,芝,1200,ハイ/持続,33,1,1,9.121212121212121,0.5318022886204705,3.0303030303030303,3.0303030303030303
戸崎圭太,中山,芝,1200,標準〜やや上がり,22,2,8,6.7272727272727275,0.4861994066539521,9.090909090909092,36.36363636363637
三浦皇成,中山,芝,1200,標準〜やや上がり,20,1,6,7.4,0.4913607226107226,5.0,30.0
Ｍ．デム,中山,芝,1600,やや速い,38,5,18,5.026315789473684,0.38643494663231504,13.157894736842104,47.368421052631575
ルメール,中山,芝,1600,やや速い,51,13,24,5.333333333333333,0.4815585014114426,25.49019607843137,47.05882352941176
戸崎圭太,中山,芝,1600,やや速い,77,9,33,5.740259740259741,0.42170426975621783,11.688311688311687,42.857142857142854
菅原明良,中山,芝,1600,やや速い,49,4,19,6.653061224489796,0.4922199399240216,8.16326530612245,38.775510204081634
柴田善臣,中山,芝,1600,やや速い,33,5,10,6.787878787878788,0.5135382294473203,15.151515151515152,30.303030303030305
石橋脩,中山,芝,1600,やや速い,53,4,14,7.754716981132075,0.38813178435819945,7.547169811320755,26.41509433962264
横山武史,中山,芝,1600,やや速い,61,9,16,6.295081967213115,0.4700935676345513,14.754098360655737,26.229508196721312
横山典弘,中山,芝,1600,やや速い,27,1,7,8.037037037037036,0.47883428300094966,3.7037037037037033,25.925925925925924
田辺裕信,中山,芝,1600,やや速い,71,11,17,6.746478873239437,0.5359900271872102,15.492957746478872,23.943661971830984
北村宏司,中山,芝,1600,やや速い,56,4,13,7.482142857142857,0.4734216923949067,7.142857142857142,23.214285714285715
佐々木大,中山,芝,1600,やや速い,26,1,6,7.269230769230769,0.4568943876636184,3.8461538461538463,23.076923076923077
木幡巧也,中山,芝,1600,やや速い,41,1,9,8.414634146341463,0.4866632351388449,2.4390243902439024,21.951219512195124
三浦皇成,中山,芝,1600,やや速い,60,4,13,6.583333333333333,0.48883671883671886,6.666666666666667,21.666666666666668
横山和生,中山,芝,1600,やや速い,39,3,8,7.769230769230769,0.46694619483081024,7.6923076923076925,20.51282051282051
石川裕紀,中山,芝,1600,やや速い,54,3,11,7.333333333333333,0.4605794668294668,5.555555555555555,20.37037037037037
津村明秀,中山,芝,1600,やや速い,68,5,13,7.647058823529412,0.4542110871154989,7.352941176470589,19.11764705882353
内田博幸,中山,芝,1600,やや速い,53,0,10,7.69811320754717,0.5210593128045958,0.0,18.867924528301888
松岡正海,中山,芝,1600,やや速い,38,0,7,8.157894736842104,0.46731360744518635,0.0,18.421052631578945
丸山元気,中山,芝,1600,やや速い,34,1,6,8.794117647058824,0.6447115384615385,2.941176470588235,17.647058823529413
大野拓弥,中山,芝,1600,やや速い,69,6,12,7.405797101449275,0.4763805236631324,8.695652173913043,17.391304347826086
杉原誠人,中山,芝,1600,やや速い,28,2,4,7.928571428571429,0.5533575551432695,7.142857142857142,14.285714285714285
柴田大知,中山,芝,1600,やや速い,38,2,5,8.631578947368421,0.4288995726495726,5.263157894736842,13.157894736842104
丸田恭介,中山,芝,1600,やや速い,23,1,3,8.91304347826087,0.7372909698996656,4.3478260869565215,13.043478260869565
江田照男,中山,芝,1600,やや速い,21,1,2,9.428571428571429,0.676647360575932,4.761904761904762,9.523809523809524
吉田豊,中山,芝,1600,やや速い,44,2,4,8.318181818181818,0.5866646610964793,4.545454545454546,9.090909090909092
丹内祐次,中山,芝,1600,やや速い,52,0,3,8.038461538461538,0.4754884538538385,0.0,5.769230769230769
野中悠太,中山,芝,1600,やや速い,37,0,2,10.135135135135135,0.5702315702315702,0.0,5.405405405405405
勝浦正樹,中山,芝,1600,やや速い,20,0,1,10.1,0.6216659035409036,0.0,5.0
原優介,中山,芝,1600,やや速い,25,0,1,10.92,0.5377932067932067,0.0,4.0
武藤雅,中山,芝,1600,やや速い,26,0,1,9.615384615384615,0.5840888278388279,0.0,3.8461538461538463
ルメール,中山,芝,1600,スロー上がり,20,2,11,3.8,0.434047619047619,10.0,55.00000000000001
戸崎圭太,中山,芝,1600,スロー上がり,26,1,13,4.961538461538462,0.5006868131868132,3.8461538461538463,50.0
戸崎圭太,中山,芝,1600,ハイ/持続,25,3,11,6.2,0.36081318681318686,12.0,44.0
北村宏司,中山,芝,1600,ハイ/持続,23,1,7,7.130434782608695,0.5577560121038382,4.3478260869565215,30.434782608695656
田辺裕信,中山,芝,1600,ハイ/持続,20,4,6,6.6,0.4749991674991675,20.0,30.0
大野拓弥,中山,芝,1600,ハイ/持続,30,2,6,6.666666666666667,0.6062250712250712,6.666666666666667,20.0
三浦皇成,中山,芝,1600,ハイ/持続,23,1,4,6.565217391304348,0.500190389320824,4.3478260869565215,17.391304347826086
石川裕紀,中山,芝,1600,ハイ/持続,21,1,3,7.9523809523809526,0.5296245421245421,4.761904761904762,14.285714285714285
ルメール,中山,芝,1600,標準〜やや上がり,52,12,26,5.0,0.5020625741779587,23.076923076923077,50.0
Ｍ．デム,中山,芝,1600,標準〜やや上がり,40,7,16,4.65,0.43964996808746803,17.5,40.0
戸崎圭太,中山,芝,1600,標準〜やや上がり,89,11,34,5.98876404494382,0.4807491353839668,12.359550561797752,38.20224719101123
松岡正海,中山,芝,1600,標準〜やや上がり,37,3,13,6.4324324324324325,0.4597508347508347,8.108108108108109,35.13513513513514
佐々木大,中山,芝,1600,標準〜やや上がり,23,4,8,5.695652173913044,0.4283918376309681,17.391304347826086,34.78260869565217
大野拓弥,中山,芝,1600,標準〜やや上がり,76,5,24,6.342105263157895,0.4504584414123888,6.578947368421052,31.57894736842105
内田博幸,中山,芝,1600,標準〜やや上がり,56,7,17,6.982142857142857,0.47143320469213323,12.5,30.357142857142854
横山和生,中山,芝,1600,標準〜やや上がり,41,3,12,6.780487804878049,0.5220521010155156,7.317073170731707,29.268292682926827
横山典弘,中山,芝,1600,標準〜やや上がり,32,5,9,6.1875,0.6501719200937951,15.625,28.125
津村明秀,中山,芝,1600,標準〜やや上がり,73,5,20,7.0,0.47126897075527213,6.8493150684931505,27.397260273972602
田辺裕信,中山,芝,1600,標準〜やや上がり,70,5,18,6.557142857142857,0.4533256227899085,7.142857142857142,25.71428571428571
丸山元気,中山,芝,1600,標準〜やや上がり,36,2,9,7.138888888888889,0.453893907018907,5.555555555555555,25.0
石川裕紀,中山,芝,1600,標準〜やや上がり,52,3,13,7.0576923076923075,0.48859796720373644,5.769230769230769,25.0
横山武史,中山,芝,1600,標準〜やや上がり,53,4,13,6.9245283018867925,0.4922258559051012,7.547169811320755,24.528301886792452
吉田隼人,中山,芝,1600,標準〜やや上がり,21,2,5,6.523809523809524,0.45897786076357505,9.523809523809524,23.809523809523807
三浦皇成,中山,芝,1600,標準〜やや上がり,73,3,15,6.767123287671233,0.45709765880998754,4.10958904109589,20.54794520547945
丸田恭介,中山,芝,1600,標準〜やや上がり,22,1,4,8.818181818181818,0.6238830613830614,4.545454545454546,18.181818181818183
石橋脩,中山,芝,1600,標準〜やや上がり,46,2,8,8.065217391304348,0.44045049153744803,4.3478260869565215,17.391304347826086
菊沢一樹,中山,芝,1600,標準〜やや上がり,23,1,4,8.608695652173912,0.5427437297002514,4.3478260869565215,17.391304347826086
木幡巧也,中山,芝,1600,標準〜やや上がり,35,2,6,8.6,0.4029007104007104,5.714285714285714,17.142857142857142
武藤雅,中山,芝,1600,標準〜やや上がり,24,2,4,8.041666666666666,0.5475267787767788,8.333333333333332,16.666666666666664
江田照男,中山,芝,1600,標準〜やや上がり,31,1,5,9.161290322580646,0.5436806025515704,3.225806451612903,16.129032258064516
菅原明良,中山,芝,1600,標準〜やや上がり,44,2,7,7.795454545454546,0.5013196084218812,4.545454545454546,15.909090909090908
北村宏司,中山,芝,1600,標準〜やや上がり,57,4,9,7.56140350877193,0.4740412121991069,7.017543859649122,15.789473684210526
丹内祐次,中山,芝,1600,標準〜やや上がり,32,0,5,8.25,0.4008639797702298,0.0,15.625
勝浦正樹,中山,芝,1600,標準〜やや上がり,20,0,3,8.45,0.46857905982905984,0.0,15.0
野中悠太,中山,芝,1600,標準〜やや上がり,28,0,4,9.142857142857142,0.5184755224933796,0.0,14.285714285714285
原優介,中山,芝,1600,標準〜やや上がり,22,2,3,9.863636363636363,0.6787309281627464,9.090909090909092,13.636363636363635
田中勝春,中山,芝,1600,標準〜やや上がり,30,0,4,8.366666666666667,0.5300170662670662,0.0,13.333333333333334
柴田大知,中山,芝,1600,標準〜やや上がり,43,3,5,8.116279069767442,0.35026820724495145,6.976744186046512,11.627906976744185
柴田善臣,中山,芝,1600,標準〜やや上がり,26,2,3,8.076923076923077,0.5801180123295508,7.6923076923076925,11.538461538461538
杉原誠人,中山,芝,1600,標準〜やや上がり,22,1,2,9.272727272727273,0.5549668765577856,4.545454545454546,9.090909090909092
吉田豊,中山,芝,1600,標準〜やや上がり,36,1,3,8.36111111111111,0.6026438453521786,2.7777777777777777,8.333333333333332
戸崎圭太,中山,芝,1800,やや速い,21,4,9,4.904761904761905,0.4189733546876404,19.047619047619047,42.857142857142854
ルメール,中山,芝,1800,スロー上がり,31,7,17,3.870967741935484,0.4299553940682973,22.58064516129032,54.83870967741935
三浦皇成,中山,芝,1800,スロー上がり,39,8,19,4.897435897435898,0.4134378797840337,20.51282051282051,48.717948717948715
横山武史,中山,芝,1800,スロー上がり,21,1,10,5.476190476190476,0.5788563288563289,4.761904761904762,47.61904761904761
Ｍ．デム,中山,芝,1800,スロー上がり,24,7,11,4.333333333333333,0.37806712962962963,29.166666666666668,45.83333333333333
戸崎圭太,中山,芝,1800,スロー上がり,52,8,18,4.9423076923076925,0.4227355176874408,15.384615384615385,34.61538461538461
石川裕紀,中山,芝,1800,スロー上がり,36,5,12,6.75,0.4560504310504311,13.88888888888889,33.33333333333333
大野拓弥,中山,芝,1800,スロー上がり,42,1,12,6.595238095238095,0.4937255535469821,2.380952380952381,28.57142857142857
菅原明良,中山,芝,1800,スロー上がり,21,3,6,6.619047619047619,0.5444119372690801,14.285714285714285,28.57142857142857
石橋脩,中山,芝,1800,スロー上がり,28,2,7,6.642857142857143,0.4635426577390863,7.142857142857142,25.0
柴田大知,中山,芝,1800,スロー上がり,45,2,11,6.5777777777777775,0.3509301500968168,4.444444444444445,24.444444444444443
北村宏司,中山,芝,1800,スロー上がり,37,3,8,7.702702702702703,0.5565571440571441,8.108108108108109,21.62162162162162
津村明秀,中山,芝,1800,スロー上がり,37,2,8,6.216216216216216,0.46212492462492466,5.405405405405405,21.62162162162162
田辺裕信,中山,芝,1800,スロー上がり,47,4,10,6.48936170212766,0.5959988297754255,8.51063829787234,21.27659574468085
吉田豊,中山,芝,1800,スロー上がり,21,1,3,7.809523809523809,0.4988690542261971,4.761904761904762,14.285714285714285
内田博幸,中山,芝,1800,スロー上がり,41,2,5,7.829268292682927,0.46597230682596535,4.878048780487805,12.195121951219512
松岡正海,中山,芝,1800,スロー上がり,34,2,4,7.264705882352941,0.3510424216306569,5.88235294117647,11.76470588235294
木幡巧也,中山,芝,1800,スロー上がり,21,1,2,8.0,0.4849954939240654,4.761904761904762,9.523809523809524
武藤雅,中山,芝,1800,スロー上がり,22,0,1,8.772727272727273,0.7024717706535889,0.0,4.545454545454546
ルメール,中山,芝,1800,標準〜やや上がり,26,4,11,4.615384615384615,0.5051075527037066,15.384615384615385,42.30769230769231
横山武史,中山,芝,1800,標準〜やや上がり,38,6,15,6.2368421052631575,0.4842816175053017,15.789473684210526,39.473684210526315
Ｍ．デム,中山,芝,1800,標準〜やや上がり,23,4,9,5.782608695652174,0.4866333545681372,17.391304347826086,39.130434782608695
戸崎圭太,中山,芝,1800,標準〜やや上がり,52,6,17,6.403846153846154,0.4268996761785223,11.538461538461538,32.69230769230769
菅原明良,中山,芝,1800,標準〜やや上がり,34,0,11,6.764705882352941,0.5699201533760357,0.0,32.35294117647059
柴田大知,中山,芝,1800,標準〜やや上がり,36,2,9,6.611111111111111,0.4090274694441361,5.555555555555555,25.0
津村明秀,中山,芝,1800,標準〜やや上がり,40,4,10,6.775,0.47484907453657454,10.0,25.0
石橋脩,中山,芝,1800,標準〜やや上がり,32,0,8,6.9375,0.4199996184371184,0.0,25.0
丹内祐次,中山,芝,1800,標準〜やや上がり,29,4,7,7.586206896551724,0.41327709646675165,13.793103448275861,24.137931034482758
石川裕紀,中山,芝,1800,標準〜やや上がり,34,1,8,8.176470588235293,0.4986913821472645,2.941176470588235,23.52941176470588
三浦皇成,中山,芝,1800,標準〜やや上がり,45,4,10,6.533333333333333,0.47224164724164724,8.88888888888889,22.22222222222222
松岡正海,中山,芝,1800,標準〜やや上がり,26,4,5,8.192307692307692,0.4204247141747142,15.384615384615385,19.230769230769234
北村宏司,中山,芝,1800,標準〜やや上がり,34,3,6,7.352941176470588,0.37202597239361945,8.823529411764707,17.647058823529413
大野拓弥,中山,芝,1800,標準〜やや上がり,40,1,7,7.525,0.548318938006438,2.5,17.5
木幡巧也,中山,芝,1800,標準〜やや上がり,23,2,4,7.478260869565218,0.44099903719468936,8.695652173913043,17.391304347826086
田辺裕信,中山,芝,1800,標準〜やや上がり,37,1,6,7.378378378378378,0.5336937836937837,2.7027027027027026,16.216216216216218
吉田豊,中山,芝,1800,標準〜やや上がり,20,1,3,7.85,0.5370166638916639,5.0,15.0
横山和生,中山,芝,1800,標準〜やや上がり,27,1,3,8.11111111111111,0.4833213083213084,3.7037037037037033,11.11111111111111
内田博幸,中山,芝,1800,標準〜やや上がり,32,2,3,8.0,0.6048880806693306,6.25,9.375
戸崎圭太,中山,芝,2000,やや速い,25,3,11,6.08,0.5031779429720606,12.0,44.0
横山武史,中山,芝,2000,やや速い,20,4,6,6.9,0.4083648908281261,20.0,30.0
田辺裕信,中山,芝,2000,やや速い,27,1,7,6.62962962962963,0.4095211070701267,3.7037037037037033,25.925925925925924
三浦皇成,中山,芝,2000,やや速い,23,0,3,7.739130434782608,0.4550378649483509,0.0,13.043478260869565
ルメール,中山,芝,2000,スロー上がり,28,7,18,3.8214285714285716,0.41622012732832064,25.0,64.28571428571429
田辺裕信,中山,芝,2000,スロー上がり,43,4,20,5.186046511627907,0.5025546064362754,9.30232558139535,46.51162790697674
戸崎圭太,中山,芝,2000,スロー上がり,59,6,26,4.661016949152542,0.42967117489799445,10.16949152542373,44.06779661016949
横山武史,中山,芝,2000,スロー上がり,32,7,12,6.28125,0.4894326670061964,21.875,37.5
菅原明良,中山,芝,2000,スロー上がり,20,2,7,5.7,0.5324447774447775,10.0,35.0
Ｍ．デム,中山,芝,2000,スロー上がり,21,2,6,6.285714285714286,0.41003107925376836,9.523809523809524,28.57142857142857
石川裕紀,中山,芝,2000,スロー上がり,25,1,7,7.28,0.4877097804156627,4.0,28.000000000000004
三浦皇成,中山,芝,2000,スロー上がり,37,2,10,6.945945945945946,0.5039647069058834,5.405405405405405,27.027027027027028
木幡巧也,中山,芝,2000,スロー上がり,21,2,5,8.238095238095237,0.5549579660924199,9.523809523809524,23.809523809523807
丹内祐次,中山,芝,2000,スロー上がり,30,3,7,7.733333333333333,0.4230184929449636,10.0,23.333333333333332
津村明秀,中山,芝,2000,スロー上がり,39,3,8,6.846153846153846,0.45533247337545985,7.6923076923076925,20.51282051282051
大野拓弥,中山,芝,2000,スロー上がり,35,2,7,6.257142857142857,0.4931023435015031,5.714285714285714,20.0
吉田豊,中山,芝,2000,スロー上がり,21,2,4,7.571428571428571,0.6519847876990734,9.523809523809524,19.047619047619047
内田博幸,中山,芝,2000,スロー上がり,33,2,5,6.606060606060606,0.5448745624547764,6.0606060606060606,15.151515151515152
北村宏司,中山,芝,2000,スロー上がり,34,1,5,8.147058823529411,0.5054006331039202,2.941176470588235,14.705882352941178
松岡正海,中山,芝,2000,スロー上がり,21,0,3,7.666666666666667,0.4136934688405277,0.0,14.285714285714285
柴田大知,中山,芝,2000,スロー上がり,43,1,6,7.790697674418604,0.3699767571689596,2.3255813953488373,13.953488372093023
石橋脩,中山,芝,2000,スロー上がり,31,3,4,7.838709677419355,0.4526027235467463,9.67741935483871,12.903225806451612
野中悠太,中山,芝,2000,スロー上がり,20,0,1,7.35,0.5374969474969474,0.0,5.0
ルメール,中山,芝,2000,標準〜やや上がり,47,14,27,4.340425531914893,0.45360054699854446,29.78723404255319,57.446808510638306
戸崎圭太,中山,芝,2000,標準〜やや上がり,76,11,28,5.5394736842105265,0.41132597944710947,14.473684210526317,36.84210526315789
三浦皇成,中山,芝,2000,標準〜やや上がり,49,3,17,6.571428571428571,0.45079541140465507,6.122448979591836,34.69387755102041
Ｍ．デム,中山,芝,2000,標準〜やや上がり,33,5,11,5.545454545454546,0.3820031078052468,15.151515151515152,33.33333333333333
田辺裕信,中山,芝,2000,標準〜やや上がり,53,7,15,6.7924528301886795,0.48141504413701974,13.20754716981132,28.30188679245283
内田博幸,中山,芝,2000,標準〜やや上がり,43,4,12,6.906976744186046,0.563459150668453,9.30232558139535,27.906976744186046
菅原明良,中山,芝,2000,標準〜やや上がり,37,2,10,7.4324324324324325,0.5373928954811308,5.405405405405405,27.027027027027028
石橋脩,中山,芝,2000,標準〜やや上がり,46,5,12,8.065217391304348,0.4243021648712186,10.869565217391305,26.08695652173913
津村明秀,中山,芝,2000,標準〜やや上がり,50,5,13,6.72,0.4555679467591232,10.0,26.0
大野拓弥,中山,芝,2000,標準〜やや上がり,52,2,13,7.730769230769231,0.5856857383441094,3.8461538461538463,25.0
横山武史,中山,芝,2000,標準〜やや上がり,48,4,12,5.729166666666667,0.4116386285963492,8.333333333333332,25.0
石川裕紀,中山,芝,2000,標準〜やや上がり,34,2,8,8.0,0.5313386632590785,5.88235294117647,23.52941176470588
松岡正海,中山,芝,2000,標準〜やや上がり,34,1,6,8.264705882352942,0.40928657559280396,2.941176470588235,17.647058823529413
横山和生,中山,芝,2000,標準〜やや上がり,36,2,5,7.75,0.46229737038560564,5.555555555555555,13.88888888888889
北村宏司,中山,芝,2000,標準〜やや上がり,31,1,4,7.645161290322581,0.5660584144929496,3.225806451612903,12.903225806451612
柴田大知,中山,芝,2000,標準〜やや上がり,48,1,5,9.104166666666666,0.48154533545158545,2.083333333333333,10.416666666666668
吉田豊,中山,芝,2000,標準〜やや上がり,21,2,2,8.047619047619047,0.7203988627307956,9.523809523809524,9.523809523809524
丸山元気,中山,芝,2000,標準〜やや上がり,23,0,2,8.956521739130435,0.5311219364608111,0.0,8.695652173913043
木幡巧也,中山,芝,2000,標準〜やや上がり,29,0,1,9.689655172413794,0.5189560270696173,0.0,3.4482758620689653
丹内祐次,中山,芝,2000,標準〜やや上がり,43,1,1,8.511627906976743,0.46279187069200756,2.3255813953488373,2.3255813953488373
戸崎圭太,中山,芝,2200,スロー上がり,27,5,13,5.0,0.45224034317171574,18.51851851851852,48.148148148148145
石橋脩,中山,芝,2200,スロー上がり,21,6,10,5.142857142857143,0.42710016018839553,28.57142857142857,47.61904761904761
北村宏司,中山,芝,2200,スロー上がり,20,1,6,6.2,0.4489686620568974,5.0,30.0
田辺裕信,中山,芝,2200,スロー上がり,30,7,9,6.4,0.5152093766799649,23.333333333333332,30.0
横山武史,中山,芝,2200,スロー上がり,25,3,7,5.96,0.46516000339529756,12.0,28.000000000000004
津村明秀,中山,芝,2200,スロー上がり,27,0,7,6.481481481481482,0.4188826696179638,0.0,25.925925925925924
大野拓弥,中山,芝,2200,スロー上がり,30,3,6,8.266666666666667,0.4805957903752021,10.0,20.0
三浦皇成,中山,芝,2200,スロー上がり,25,1,4,6.72,0.4383201210554152,4.0,16.0
柴田大知,中山,芝,2200,スロー上がり,21,1,2,7.428571428571429,0.5862870245223186,4.761904761904762,9.523809523809524
内田博幸,中山,芝,2200,スロー上がり,22,0,2,7.7727272727272725,0.55966189559104,0.0,9.090909090909092
戸崎圭太,中山,芝,2200,標準〜やや上がり,32,4,13,4.1875,0.41861948815073813,12.5,40.625
内田博幸,中山,芝,2200,標準〜やや上がり,20,3,8,6.3,0.525173853923854,15.0,40.0
田辺裕信,中山,芝,2200,標準〜やや上がり,24,3,8,5.166666666666667,0.3975518048128342,12.5,33.33333333333333
丹内祐次,中山,芝,2200,標準〜やや上がり,21,2,4,7.428571428571429,0.36191130298273155,9.523809523809524,19.047619047619047
石橋脩,中山,芝,2200,標準〜やや上がり,21,0,3,8.80952380952381,0.4703897953897954,0.0,14.285714285714285
大野拓弥,中山,芝,2200,標準〜やや上がり,21,1,2,8.238095238095237,0.6644177251320108,4.761904761904762,9.523809523809524
三浦皇成,中山,芝,2200,標準〜やや上がり,20,0,1,7.85,0.5022908586511527,0.0,5.0
戸崎圭太,中山,芝,2500,スロー上がり,30,5,12,5.533333333333333,0.35540501165501165,16.666666666666664,40.0
大野拓弥,中山,芝,2500,スロー上がり,25,5,8,6.8,0.6331553446553447,20.0,32.0
田辺裕信,中山,芝,2500,スロー上がり,22,1,6,6.454545454545454,0.46640594254230616,4.545454545454546,27.27272727272727
内田博幸,中山,芝,2500,スロー上がり,23,2,6,5.608695652173913,0.5456522342391907,8.695652173913043,26.08695652173913
津村明秀,中山,芝,2500,スロー上がり,25,2,6,6.84,0.4961500166500166,8.0,24.0
丹内祐次,中山,芝,2500,スロー上がり,21,2,4,6.285714285714286,0.456970806970807,9.523809523809524,19.047619047619047
北村宏司,中山,芝,2500,スロー上がり,21,1,3,7.238095238095238,0.47912702376988087,4.761904761904762,14.285714285714285
ルメール,中山,芝,2500,標準〜やや上がり,21,7,16,3.3333333333333335,0.33134306170020456,33.33333333333333,76.19047619047619
戸崎圭太,中山,芝,2500,標準〜やや上がり,23,3,11,6.086956521739131,0.44361037513211427,13.043478260869565,47.82608695652174
田辺裕信,中山,芝,2500,標準〜やや上がり,24,3,8,6.458333333333333,0.5399827602952603,12.5,33.33333333333333
丹内祐次,中山,芝,2500,標準〜やや上がり,20,2,4,7.15,0.42692016317016324,10.0,20.0
石橋脩,中山,芝,2500,標準〜やや上がり,20,0,2,7.95,0.5159030552780552,0.0,10.0
大野拓弥,中山,芝,2500,標準〜やや上がり,21,1,1,8.952380952380953,0.6030517101945674,4.761904761904762,4.761904761904762
川田将雅,京都,ダ,1200,やや速い,27,7,14,5.222222222222222,0.35922703839370507,25.925925925925924,51.85185185185185
武豊,京都,ダ,1200,やや速い,30,5,12,5.233333333333333,0.40297619047619043,16.666666666666664,40.0
松山弘平,京都,ダ,1200,やや速い,37,7,14,7.081081081081081,0.40074126324126325,18.91891891891892,37.83783783783784
田口貫太,京都,ダ,1200,やや速い,24,3,9,6.291666666666667,0.42864010989010987,12.5,37.5
西村淳也,京都,ダ,1200,やや速い,23,5,8,5.739130434782608,0.4518733078515687,21.73913043478261,34.78260869565217
坂井瑠星,京都,ダ,1200,やや速い,28,2,8,7.821428571428571,0.4700892857142857,7.142857142857142,28.57142857142857
北村友一,京都,ダ,1200,やや速い,24,1,6,7.083333333333333,0.48790254884004886,4.166666666666666,25.0
松若風馬,京都,ダ,1200,やや速い,26,4,6,8.192307692307692,0.5066497604959144,15.384615384615385,23.076923076923077
和田竜二,京都,ダ,1200,やや速い,35,2,8,7.828571428571428,0.4169413919413919,5.714285714285714,22.857142857142858
幸英明,京都,ダ,1200,やや速い,45,2,10,7.4,0.41718355718355715,4.444444444444445,22.22222222222222
酒井学,京都,ダ,1200,やや速い,27,1,6,7.777777777777778,0.437993487993488,3.7037037037037033,22.22222222222222
岩田康誠,京都,ダ,1200,やや速い,24,2,5,8.208333333333334,0.5064732142857143,8.333333333333332,20.833333333333336
岩田望来,京都,ダ,1200,やや速い,22,0,4,7.409090909090909,0.4853583916083916,0.0,18.181818181818183
団野大成,京都,ダ,1200,やや速い,23,0,4,8.347826086956522,0.5196727185857621,0.0,17.391304347826086
浜中俊,京都,ダ,1200,やや速い,20,0,3,8.45,0.5357005494505495,0.0,15.0
古川吉洋,京都,ダ,1200,やや速い,21,1,3,8.333333333333334,0.5630385487528345,4.761904761904762,14.285714285714285
池添謙一,京都,ダ,1200,やや速い,28,0,3,9.464285714285714,0.4164475405546834,0.0,10.714285714285714
菱田裕二,京都,ダ,1200,やや速い,20,0,1,8.4,0.5280815018315018,0.0,5.0
国分優作,京都,ダ,1200,やや速い,24,0,1,10.416666666666666,0.6242139804639805,0.0,4.166666666666666
武豊,京都,ダ,1200,ハイ/持続,46,3,21,4.978260869565218,0.4710911371237458,6.521739130434782,45.65217391304348
Ｍ．デム,京都,ダ,1200,ハイ/持続,33,4,12,6.606060606060606,0.5408993783993784,12.121212121212121,36.36363636363637
川田将雅,京都,ダ,1200,ハイ/持続,42,6,15,6.261904761904762,0.4115634365634366,14.285714285714285,35.714285714285715
福永祐一,京都,ダ,1200,ハイ/持続,23,3,8,6.6521739130434785,0.3264521710173884,13.043478260869565,34.78260869565217
松山弘平,京都,ダ,1200,ハイ/持続,88,11,28,7.579545454545454,0.38283369093028186,12.5,31.818181818181817
団野大成,京都,ダ,1200,ハイ/持続,39,5,12,6.6923076923076925,0.5008899220437681,12.82051282051282,30.76923076923077
浜中俊,京都,ダ,1200,ハイ/持続,50,3,15,6.7,0.4752765567765568,6.0,30.0
岩田康誠,京都,ダ,1200,ハイ/持続,60,9,17,7.583333333333333,0.5211172854922855,15.0,28.333333333333332
藤岡康太,京都,ダ,1200,ハイ/持続,39,2,10,8.128205128205128,0.5862621353005968,5.128205128205128,25.64102564102564
国分恭介,京都,ダ,1200,ハイ/持続,44,1,11,8.431818181818182,0.5392534548784549,2.272727272727273,25.0
坂井瑠星,京都,ダ,1200,ハイ/持続,57,5,14,7.7894736842105265,0.3854126137020874,8.771929824561402,24.561403508771928
川須栄彦,京都,ダ,1200,ハイ/持続,46,3,11,8.347826086956522,0.46816064370412197,6.521739130434782,23.91304347826087
和田竜二,京都,ダ,1200,ハイ/持続,79,5,18,6.949367088607595,0.39054948216340624,6.329113924050633,22.78481012658228
岩田望来,京都,ダ,1200,ハイ/持続,44,3,10,8.113636363636363,0.43369736324281777,6.8181818181818175,22.727272727272727
西村淳也,京都,ダ,1200,ハイ/持続,41,4,9,6.634146341463414,0.4727106227106227,9.75609756097561,21.951219512195124
幸英明,京都,ダ,1200,ハイ/持続,94,5,20,7.26595744680851,0.3649732802658334,5.319148936170213,21.27659574468085
藤岡佑介,京都,ダ,1200,ハイ/持続,44,3,9,7.2272727272727275,0.5873948967698968,6.8181818181818175,20.454545454545457
富田暁,京都,ダ,1200,ハイ/持続,25,2,5,8.8,0.5360714285714286,8.0,20.0
森裕太朗,京都,ダ,1200,ハイ/持続,20,1,4,7.4,0.4958603896103896,5.0,20.0
川又賢治,京都,ダ,1200,ハイ/持続,21,3,4,8.047619047619047,0.3469457130171416,14.285714285714285,19.047619047619047
酒井学,京都,ダ,1200,ハイ/持続,53,6,10,7.320754716981132,0.41615240105806145,11.320754716981133,18.867924528301888
田口貫太,京都,ダ,1200,ハイ/持続,49,2,9,8.306122448979592,0.4436364655752411,4.081632653061225,18.367346938775512
鮫島克駿,京都,ダ,1200,ハイ/持続,41,1,7,8.926829268292684,0.5163204681497364,2.4390243902439024,17.073170731707318
吉村誠之,京都,ダ,1200,ハイ/持続,30,0,5,8.933333333333334,0.487281746031746,0.0,16.666666666666664
古川吉洋,京都,ダ,1200,ハイ/持続,49,3,8,8.816326530612244,0.5756524937647386,6.122448979591836,16.3265306122449
池添謙一,京都,ダ,1200,ハイ/持続,63,4,10,9.142857142857142,0.4206205170490885,6.349206349206349,15.873015873015872
松若風馬,京都,ダ,1200,ハイ/持続,72,4,11,8.208333333333334,0.45730403855403856,5.555555555555555,15.277777777777779
北村友一,京都,ダ,1200,ハイ/持続,52,1,7,8.25,0.5645921386306002,1.9230769230769231,13.461538461538462
菱田裕二,京都,ダ,1200,ハイ/持続,30,2,4,8.633333333333333,0.5031440781440781,6.666666666666667,13.333333333333334
鮫島良太,京都,ダ,1200,ハイ/持続,23,1,3,9.347826086956522,0.6805661729574772,4.3478260869565215,13.043478260869565
城戸義政,京都,ダ,1200,ハイ/持続,27,1,3,8.925925925925926,0.5286391078057745,3.7037037037037033,11.11111111111111
小牧太,京都,ダ,1200,ハイ/持続,30,2,3,8.3,0.5767929292929294,6.666666666666667,10.0
秋山真一,京都,ダ,1200,ハイ/持続,30,2,3,8.9,0.5548712398712399,6.666666666666667,10.0
高倉稜,京都,ダ,1200,ハイ/持続,30,2,3,10.7,0.5538079975579976,6.666666666666667,10.0
国分優作,京都,ダ,1200,ハイ/持続,41,2,4,8.658536585365853,0.5492653687775639,4.878048780487805,9.75609756097561
藤懸貴志,京都,ダ,1200,ハイ/持続,24,1,2,9.083333333333334,0.5803030303030303,4.166666666666666,8.333333333333332
水口優也,京都,ダ,1200,ハイ/持続,22,0,1,7.7727272727272725,0.5589285714285714,0.0,4.545454545454546
荻野極,京都,ダ,1200,ハイ/持続,22,1,1,10.227272727272727,0.46661255411255415,4.545454545454546,4.545454545454546
太宰啓介,京都,ダ,1200,ハイ/持続,24,0,1,8.25,0.589208707958708,0.0,4.166666666666666
川田将雅,京都,ダ,1400,やや速い,28,4,15,5.035714285714286,0.41830163883735316,14.285714285714285,53.57142857142857
福永祐一,京都,ダ,1400,やや速い,29,6,13,5.517241379310345,0.37746319772181847,20.689655172413794,44.827586206896555
Ｍ．デム,京都,ダ,1400,やや速い,25,3,10,6.6,0.5188684648684648,12.0,40.0
松山弘平,京都,ダ,1400,やや速い,40,6,15,6.325,0.36656291625041626,15.0,37.5
坂井瑠星,京都,ダ,1400,やや速い,28,4,10,6.678571428571429,0.5058725500689787,14.285714285714285,35.714285714285715
太宰啓介,京都,ダ,1400,やや速い,20,3,6,8.2,0.35856601731601734,15.0,30.0
藤岡佑介,京都,ダ,1400,やや速い,30,3,9,6.633333333333334,0.5783653846153847,10.0,30.0
鮫島克駿,京都,ダ,1400,やや速い,22,0,6,6.863636363636363,0.5062957875457875,0.0,27.27272727272727
藤懸貴志,京都,ダ,1400,やや速い,24,0,6,7.958333333333333,0.49810120435120436,0.0,25.0
武豊,京都,ダ,1400,やや速い,25,1,6,5.64,0.45733116883116887,4.0,24.0
幸英明,京都,ダ,1400,やや速い,45,3,10,7.311111111111111,0.4553539978539979,6.666666666666667,22.22222222222222
岩田康誠,京都,ダ,1400,やや速い,25,3,5,7.04,0.5407535797535797,12.0,20.0
北村友一,京都,ダ,1400,やや速い,26,1,5,7.153846153846154,0.522259151105305,3.8461538461538463,19.230769230769234
国分恭介,京都,ダ,1400,やや速い,26,0,5,8.461538461538462,0.6371519506134891,0.0,19.230769230769234
浜中俊,京都,ダ,1400,やや速い,26,1,5,8.115384615384615,0.4350721393990625,3.8461538461538463,19.230769230769234
小牧太,京都,ダ,1400,やや速い,21,0,4,8.761904761904763,0.5688448456305599,0.0,19.047619047619047
岩田望来,京都,ダ,1400,やや速い,27,4,5,8.333333333333334,0.4871489621489622,14.814814814814813,18.51851851851852
池添謙一,京都,ダ,1400,やや速い,27,2,5,8.0,0.45046080462747135,7.4074074074074066,18.51851851851852
古川吉洋,京都,ダ,1400,やや速い,23,3,4,7.260869565217392,0.6045617426052209,13.043478260869565,17.391304347826086
和田竜二,京都,ダ,1400,やや速い,35,2,6,8.371428571428572,0.45272406165263307,5.714285714285714,17.142857142857142
酒井学,京都,ダ,1400,やや速い,35,4,6,7.514285714285714,0.4375468579040008,11.428571428571429,17.142857142857142
国分優作,京都,ダ,1400,やや速い,25,0,3,9.56,0.6001155511155511,0.0,12.0
高倉稜,京都,ダ,1400,やや速い,25,2,3,9.36,0.6040675990675991,8.0,12.0
松若風馬,京都,ダ,1400,やや速い,42,1,5,8.69047619047619,0.48568465264893834,2.380952380952381,11.904761904761903
田口貫太,京都,ダ,1400,やや速い,24,0,1,8.791666666666666,0.4722924644799645,0.0,4.166666666666666
ルメール,京都,ダ,1400,ハイ/持続,27,3,12,5.111111111111111,0.359272157883269,11.11111111111111,44.44444444444444
武豊,京都,ダ,1400,ハイ/持続,48,6,20,6.3125,0.39679313741813743,12.5,41.66666666666667
川田将雅,京都,ダ,1400,ハイ/持続,51,7,20,6.294117647058823,0.361000111000111,13.725490196078432,39.21568627450981
松山弘平,京都,ダ,1400,ハイ/持続,85,9,29,7.0,0.42609686065568425,10.588235294117647,34.11764705882353
岩田康誠,京都,ダ,1400,ハイ/持続,50,5,17,6.5,0.4995387945387945,10.0,34.0
Ｍ．デム,京都,ダ,1400,ハイ/持続,33,6,10,6.454545454545454,0.5088702963702963,18.181818181818183,30.303030303030305
藤岡康太,京都,ダ,1400,ハイ/持続,47,6,14,6.531914893617022,0.4494213233574936,12.76595744680851,29.78723404255319
福永祐一,京都,ダ,1400,ハイ/持続,24,1,7,6.875,0.35750516844266844,4.166666666666666,29.166666666666668
秋山真一,京都,ダ,1400,ハイ/持続,24,2,7,7.125,0.5414930555555556,8.333333333333332,29.166666666666668
坂井瑠星,京都,ダ,1400,ハイ/持続,64,10,18,6.8125,0.5034576751373626,15.625,28.125
藤岡佑介,京都,ダ,1400,ハイ/持続,47,3,13,7.382978723404255,0.4889564336372847,6.382978723404255,27.659574468085108
国分恭介,京都,ダ,1400,ハイ/持続,42,3,11,7.095238095238095,0.596504983112126,7.142857142857142,26.190476190476193
藤懸貴志,京都,ダ,1400,ハイ/持続,27,0,7,7.333333333333333,0.46977287116176003,0.0,25.925925925925924
太宰啓介,京都,ダ,1400,ハイ/持続,40,2,10,7.0,0.5395627289377289,5.0,25.0
森裕太朗,京都,ダ,1400,ハイ/持続,21,0,5,7.714285714285714,0.6451530612244898,0.0,23.809523809523807
西村淳也,京都,ダ,1400,ハイ/持続,47,4,11,6.808510638297872,0.4031517832049747,8.51063829787234,23.404255319148938
鮫島克駿,京都,ダ,1400,ハイ/持続,45,2,10,7.822222222222222,0.567008917008917,4.444444444444445,22.22222222222222
岩田望来,京都,ダ,1400,ハイ/持続,51,5,11,7.352941176470588,0.4705653823300882,9.803921568627452,21.568627450980394
和田竜二,京都,ダ,1400,ハイ/持続,79,5,17,7.7594936708860756,0.45288029481067454,6.329113924050633,21.518987341772153
浜中俊,京都,ダ,1400,ハイ/持続,47,5,10,7.957446808510638,0.43824071909178297,10.638297872340425,21.27659574468085
北村友一,京都,ダ,1400,ハイ/持続,44,1,9,9.636363636363637,0.6008637196137196,2.272727272727273,20.454545454545457
幸英明,京都,ダ,1400,ハイ/持続,97,3,19,7.422680412371134,0.44688789160438647,3.0927835051546393,19.587628865979383
団野大成,京都,ダ,1400,ハイ/持続,42,2,8,7.238095238095238,0.4435951944880517,4.761904761904762,19.047619047619047
吉村誠之,京都,ダ,1400,ハイ/持続,29,3,5,8.482758620689655,0.49777746200159995,10.344827586206897,17.24137931034483
田口貫太,京都,ダ,1400,ハイ/持続,41,1,7,7.7560975609756095,0.5087245748831114,2.4390243902439024,17.073170731707318
池添謙一,京都,ダ,1400,ハイ/持続,53,3,9,8.49056603773585,0.3929128261675432,5.660377358490567,16.9811320754717
荻野極,京都,ダ,1400,ハイ/持続,34,1,5,9.323529411764707,0.4561112906701142,2.941176470588235,14.705882352941178
鮫島良太,京都,ダ,1400,ハイ/持続,21,1,3,8.238095238095237,0.603776382347811,4.761904761904762,14.285714285714285
松若風馬,京都,ダ,1400,ハイ/持続,72,5,10,8.5,0.5435821123321123,6.944444444444445,13.88888888888889
酒井学,京都,ダ,1400,ハイ/持続,57,4,7,8.859649122807017,0.5568119015487436,7.017543859649122,12.280701754385964
高倉稜,京都,ダ,1400,ハイ/持続,30,1,3,9.466666666666667,0.5209343434343434,3.3333333333333335,10.0
和田翼,京都,ダ,1400,ハイ/持続,21,1,2,10.333333333333334,0.4868437118437119,4.761904761904762,9.523809523809524
川須栄彦,京都,ダ,1400,ハイ/持続,44,1,4,9.636363636363637,0.48032904595404596,2.272727272727273,9.090909090909092
菱田裕二,京都,ダ,1400,ハイ/持続,22,1,2,9.727272727272727,0.5520833333333334,4.545454545454546,9.090909090909092
国分優作,京都,ダ,1400,ハイ/持続,46,1,4,9.956521739130435,0.5475463847746456,2.1739130434782608,8.695652173913043
小牧太,京都,ダ,1400,ハイ/持続,38,1,3,9.5,0.6024520435704647,2.631578947368421,7.894736842105263
古川吉洋,京都,ダ,1400,ハイ/持続,43,2,3,9.0,0.6024778516057586,4.651162790697675,6.976744186046512
川田将雅,京都,ダ,1800,やや速い,43,9,20,5.162790697674419,0.36981080934569305,20.930232558139537,46.51162790697674
藤岡佑介,京都,ダ,1800,やや速い,32,3,14,6.125,0.5006359525890776,9.375,43.75
ルメール,京都,ダ,1800,やや速い,23,3,10,5.6521739130434785,0.40538736625693145,13.043478260869565,43.47826086956522
坂井瑠星,京都,ダ,1800,やや速い,49,7,19,6.183673469387755,0.44181008900396657,14.285714285714285,38.775510204081634
武豊,京都,ダ,1800,やや速い,39,6,15,6.230769230769231,0.41290700040700035,15.384615384615385,38.46153846153847
Ｍ．デム,京都,ダ,1800,やや速い,39,7,15,5.410256410256411,0.5159987448448987,17.94871794871795,38.46153846153847
岩田康誠,京都,ダ,1800,やや速い,49,8,17,5.428571428571429,0.4689878998552468,16.3265306122449,34.69387755102041
岩田望来,京都,ダ,1800,やや速い,47,5,13,6.212765957446808,0.3557746036469441,10.638297872340425,27.659574468085108
西村淳也,京都,ダ,1800,やや速い,42,3,11,7.595238095238095,0.4970674167102738,7.142857142857142,26.190476190476193
鮫島克駿,京都,ダ,1800,やや速い,39,2,10,6.461538461538462,0.4667178619101696,5.128205128205128,25.64102564102564
田口貫太,京都,ダ,1800,やや速い,43,4,11,7.093023255813954,0.4880291865756982,9.30232558139535,25.581395348837212
藤懸貴志,京都,ダ,1800,やや速い,24,1,6,7.583333333333333,0.6006314865689866,4.166666666666666,25.0
浜中俊,京都,ダ,1800,やや速い,43,4,10,7.465116279069767,0.445327056664266,9.30232558139535,23.25581395348837
幸英明,京都,ダ,1800,やや速い,99,6,23,7.0606060606060606,0.5237795734007855,6.0606060606060606,23.232323232323232
太宰啓介,京都,ダ,1800,やや速い,35,4,8,7.6,0.5296515389372533,11.428571428571429,22.857142857142858
国分恭介,京都,ダ,1800,やや速い,44,3,10,7.295454545454546,0.5790857816425998,6.8181818181818175,22.727272727272727
松山弘平,京都,ダ,1800,やや速い,80,7,18,7.475,0.47455426517926524,8.75,22.5
荻野極,京都,ダ,1800,やや速い,36,2,8,8.36111111111111,0.4820134726384726,5.555555555555555,22.22222222222222
松若風馬,京都,ダ,1800,やや速い,60,6,13,8.25,0.4468154761904762,10.0,21.666666666666668
古川吉洋,京都,ダ,1800,やや速い,43,3,9,8.395348837209303,0.5073291050035237,6.976744186046512,20.930232558139537
和田竜二,京都,ダ,1800,やや速い,77,3,16,7.376623376623376,0.400669622585207,3.896103896103896,20.77922077922078
小牧太,京都,ダ,1800,やや速い,31,2,6,6.645161290322581,0.489620728733632,6.451612903225806,19.35483870967742
北村友一,京都,ダ,1800,やや速い,42,2,7,7.238095238095238,0.6026360544217687,4.761904761904762,16.666666666666664
池添謙一,京都,ダ,1800,やや速い,42,2,7,8.095238095238095,0.45431869717584,4.761904761904762,16.666666666666664
藤岡康太,京都,ダ,1800,やや速い,31,3,5,7.645161290322581,0.35497043279301344,9.67741935483871,16.129032258064516
団野大成,京都,ダ,1800,やや速い,39,1,6,8.051282051282051,0.46969387450156685,2.564102564102564,15.384615384615385
森裕太朗,京都,ダ,1800,やや速い,20,1,3,7.95,0.6508200133200133,5.0,15.0
酒井学,京都,ダ,1800,やや速い,55,4,8,8.018181818181818,0.596676480085571,7.2727272727272725,14.545454545454545
秋山真一,京都,ダ,1800,やや速い,21,0,3,8.19047619047619,0.527754983112126,0.0,14.285714285714285
国分優作,京都,ダ,1800,やや速い,36,3,5,7.944444444444445,0.5797895777062444,8.333333333333332,13.88888888888889
吉村誠之,京都,ダ,1800,やや速い,26,1,3,8.653846153846153,0.5057421744921745,3.8461538461538463,11.538461538461538
高倉稜,京都,ダ,1800,やや速い,21,1,2,8.714285714285714,0.5802667570524713,4.761904761904762,9.523809523809524
富田暁,京都,ダ,1800,やや速い,25,0,2,8.28,0.5366485181485181,0.0,8.0
菱田裕二,京都,ダ,1800,やや速い,21,0,1,8.333333333333334,0.48185980685980684,0.0,4.761904761904762
川須栄彦,京都,ダ,1800,やや速い,22,0,0,9.772727272727273,0.5535025580480126,0.0,0.0
藤岡佑介,京都,ダ,1800,ハイ/持続,26,5,10,5.923076923076923,0.4148750288173365,19.230769230769234,38.46153846153847
岩田康誠,京都,ダ,1800,ハイ/持続,22,3,8,6.136363636363637,0.41980557321466416,13.636363636363635,36.36363636363637
北村友一,京都,ダ,1800,ハイ/持続,21,1,7,5.809523809523809,0.5566360227074513,4.761904761904762,33.33333333333333
坂井瑠星,京都,ダ,1800,ハイ/持続,25,2,7,7.28,0.4873112443112443,8.0,28.000000000000004
幸英明,京都,ダ,1800,ハイ/持続,43,4,11,6.953488372093023,0.4281444330862935,9.30232558139535,25.581395348837212
岩田望来,京都,ダ,1800,ハイ/持続,20,0,5,7.05,0.4817012848262848,0.0,25.0
鮫島克駿,京都,ダ,1800,ハイ/持続,20,2,5,6.8,0.4328336247086247,10.0,25.0
松山弘平,京都,ダ,1800,ハイ/持続,41,5,10,7.170731707317073,0.4489399827814462,12.195121951219512,24.390243902439025
和田竜二,京都,ダ,1800,ハイ/持続,38,2,9,6.657894736842105,0.461786349615297,5.263157894736842,23.684210526315788
松若風馬,京都,ダ,1800,ハイ/持続,30,2,7,6.566666666666666,0.4891343378843379,6.666666666666667,23.333333333333332
酒井学,京都,ダ,1800,ハイ/持続,23,0,5,7.782608695652174,0.6253185220576525,0.0,21.73913043478261
西村淳也,京都,ダ,1800,ハイ/持続,20,0,3,7.45,0.4129653679653679,0.0,15.0
田口貫太,京都,ダ,1800,ハイ/持続,25,1,3,7.92,0.5729415584415585,4.0,12.0
国分優作,京都,ダ,1800,ハイ/持続,20,1,2,8.05,0.46541812354312356,5.0,10.0
川田将雅,京都,ダ,1800,標準〜やや上がり,43,12,29,3.186046511627907,0.30562518876472367,27.906976744186046,67.44186046511628
ルメール,京都,ダ,1800,標準〜やや上がり,20,3,12,4.0,0.419040404040404,15.0,60.0
武豊,京都,ダ,1800,標準〜やや上がり,40,10,20,5.05,0.41669580419580415,25.0,50.0
Ｍ．デム,京都,ダ,1800,標準〜やや上がり,21,2,8,5.0476190476190474,0.5239512471655329,9.523809523809524,38.095238095238095
藤岡佑介,京都,ダ,1800,標準〜やや上がり,27,3,10,6.185185185185185,0.46982369482369485,11.11111111111111,37.03703703703704
松山弘平,京都,ダ,1800,標準〜やや上がり,55,9,19,5.709090909090909,0.4948539087175451,16.363636363636363,34.54545454545455
団野大成,京都,ダ,1800,標準〜やや上がり,33,2,11,6.515151515151516,0.46996639723912453,6.0606060606060606,33.33333333333333
高杉吏麒,京都,ダ,1800,標準〜やや上がり,21,2,7,6.761904761904762,0.4221781525352954,9.523809523809524,33.33333333333333
坂井瑠星,京都,ダ,1800,標準〜やや上がり,38,5,12,5.631578947368421,0.41311291048133153,13.157894736842104,31.57894736842105
浜中俊,京都,ダ,1800,標準〜やや上がり,29,3,9,5.724137931034483,0.3681800957663027,10.344827586206897,31.03448275862069
岩田望来,京都,ダ,1800,標準〜やや上がり,41,4,12,6.463414634146342,0.39449794785160636,9.75609756097561,29.268292682926827
吉村誠之,京都,ダ,1800,標準〜やや上がり,28,1,8,6.464285714285714,0.5073039064110493,3.571428571428571,28.57142857142857
松若風馬,京都,ダ,1800,標準〜やや上がり,43,3,12,7.27906976744186,0.47335142247932943,6.976744186046512,27.906976744186046
和田竜二,京都,ダ,1800,標準〜やや上がり,49,5,13,6.448979591836735,0.4371197963034698,10.204081632653061,26.53061224489796
北村友一,京都,ダ,1800,標準〜やや上がり,32,3,8,7.8125,0.531217306998557,9.375,25.0
藤岡康太,京都,ダ,1800,標準〜やや上がり,31,1,7,7.290322580645161,0.45794702609218735,3.225806451612903,22.58064516129032
幸英明,京都,ダ,1800,標準〜やや上がり,72,7,16,7.055555555555555,0.5164192289192289,9.722222222222223,22.22222222222222
田口貫太,京都,ダ,1800,標準〜やや上がり,41,2,9,7.487804878048781,0.45685544130666084,4.878048780487805,21.951219512195124
西村淳也,京都,ダ,1800,標準〜やや上がり,28,4,6,6.464285714285714,0.5029932369218083,14.285714285714285,21.428571428571427
池添謙一,京都,ダ,1800,標準〜やや上がり,37,2,7,7.756756756756757,0.5298216423216423,5.405405405405405,18.91891891891892
岩田康誠,京都,ダ,1800,標準〜やや上がり,41,2,6,7.487804878048781,0.5112266459827435,4.878048780487805,14.634146341463413
菱田裕二,京都,ダ,1800,標準〜やや上がり,21,1,3,8.095238095238095,0.5871044960330675,4.761904761904762,14.285714285714285
鮫島克駿,京都,ダ,1800,標準〜やや上がり,24,0,3,9.083333333333334,0.6064697455322455,0.0,12.5
国分優作,京都,ダ,1800,標準〜やや上がり,28,0,3,8.285714285714286,0.5337803565482137,0.0,10.714285714285714
酒井学,京都,ダ,1800,標準〜やや上がり,43,0,4,8.30232558139535,0.550843633111075,0.0,9.30232558139535
古川吉洋,京都,ダ,1800,標準〜やや上がり,33,1,3,8.454545454545455,0.639899494444949,3.0303030303030303,9.090909090909092
太宰啓介,京都,ダ,1800,標準〜やや上がり,26,0,2,8.653846153846153,0.580921855921856,0.0,7.6923076923076925
国分恭介,京都,ダ,1800,標準〜やや上がり,27,0,2,8.0,0.4518572990795213,0.0,7.4074074074074066
小牧太,京都,ダ,1800,標準〜やや上がり,24,0,1,7.75,0.5492951492951493,0.0,4.166666666666666
川田将雅,京都,ダ,1900,やや速い,21,2,10,4.761904761904762,0.4276607651607651,9.523809523809524,47.61904761904761
岩田康誠,京都,ダ,1900,やや速い,20,3,7,4.8,0.40550560550560555,15.0,35.0
松山弘平,京都,ダ,1900,やや速い,39,7,13,6.333333333333333,0.49231708462477697,17.94871794871795,33.33333333333333
和田竜二,京都,ダ,1900,やや速い,34,4,10,6.4411764705882355,0.41677656493832965,11.76470588235294,29.411764705882355
岩田望来,京都,ダ,1900,やや速い,20,1,5,7.15,0.452098803973804,5.0,25.0
幸英明,京都,ダ,1900,やや速い,34,1,6,7.352941176470588,0.5319507290095525,2.941176470588235,17.647058823529413
松若風馬,京都,ダ,1900,やや速い,22,0,2,7.954545454545454,0.5691976584022039,0.0,9.090909090909092
松山弘平,京都,ダ,1900,標準〜やや上がり,23,3,12,4.695652173913044,0.27959069915591656,13.043478260869565,52.17391304347826
幸英明,京都,ダ,1900,標準〜やや上がり,26,2,7,6.6923076923076925,0.38048361894515736,7.6923076923076925,26.923076923076923
和田竜二,京都,ダ,1900,標準〜やや上がり,23,0,5,7.086956521739131,0.4363920499790065,0.0,21.73913043478261
北村友一,京都,芝,1200,やや速い,22,4,8,6.2272727272727275,0.49166285289279943,18.181818181818183,36.36363636363637
岩田康誠,京都,芝,1200,やや速い,23,2,8,6.956521739130435,0.5366187166059289,8.695652173913043,34.78260869565217
和田竜二,京都,芝,1200,やや速い,31,0,10,6.806451612903226,0.48252815601012944,0.0,32.25806451612903
池添謙一,京都,芝,1200,やや速い,31,3,9,8.709677419354838,0.5725426744876461,9.67741935483871,29.03225806451613
松若風馬,京都,芝,1200,やや速い,28,2,7,7.035714285714286,0.5506190617272549,7.142857142857142,25.0
武豊,京都,芝,1200,やや速い,20,2,5,7.2,0.5368574929971989,10.0,25.0
古川吉洋,京都,芝,1200,やや速い,22,3,5,8.863636363636363,0.5027985902985903,13.636363636363635,22.727272727272727
浜中俊,京都,芝,1200,やや速い,24,0,5,7.166666666666667,0.4352614467504174,0.0,20.833333333333336
松山弘平,京都,芝,1200,やや速い,35,4,7,8.314285714285715,0.42809877564079246,11.428571428571429,20.0
国分恭介,京都,芝,1200,やや速い,21,1,4,7.142857142857143,0.5487330130187272,4.761904761904762,19.047619047619047
酒井学,京都,芝,1200,やや速い,27,1,5,8.148148148148149,0.46895424836601307,3.7037037037037033,18.51851851851852
藤岡康太,京都,芝,1200,やや速い,21,2,3,8.285714285714286,0.5141250944822373,9.523809523809524,14.285714285714285
幸英明,京都,芝,1200,やや速い,30,3,4,9.1,0.3896803305626835,10.0,13.333333333333334
鮫島克駿,京都,芝,1200,やや速い,20,0,2,9.45,0.466772504456328,0.0,10.0
国分優作,京都,芝,1200,やや速い,24,0,2,9.541666666666666,0.5194085428460429,0.0,8.333333333333332
武豊,京都,芝,1200,標準〜やや上がり,26,8,13,4.615384615384615,0.4211031270137605,30.76923076923077,50.0
幸英明,京都,芝,1200,標準〜やや上がり,36,3,12,7.777777777777778,0.41598959092831644,8.333333333333332,33.33333333333333
浜中俊,京都,芝,1200,標準〜やや上がり,22,2,6,8.363636363636363,0.4783050283050283,9.090909090909092,27.27272727272727
松山弘平,京都,芝,1200,標準〜やや上がり,26,3,6,6.538461538461538,0.3733244947611463,11.538461538461538,23.076923076923077
和田竜二,京都,芝,1200,標準〜やや上がり,27,2,6,7.2592592592592595,0.4285870810380614,7.4074074074074066,22.22222222222222
池添謙一,京都,芝,1200,標準〜やや上がり,26,2,5,9.576923076923077,0.5240934687484461,7.6923076923076925,19.230769230769234
松若風馬,京都,芝,1200,標準〜やや上がり,22,1,4,9.090909090909092,0.5432837587249352,4.545454545454546,18.181818181818183
北村友一,京都,芝,1200,標準〜やや上がり,20,1,3,8.15,0.5657129594261947,5.0,15.0
武豊,京都,芝,1400,やや速い,23,5,11,5.043478260869565,0.6622933900427507,21.73913043478261,47.82608695652174
川田将雅,京都,芝,1400,やや速い,22,3,8,5.954545454545454,0.43420381237894606,13.636363636363635,36.36363636363637
岩田望来,京都,芝,1400,やや速い,21,4,7,7.619047619047619,0.4190611675905794,19.047619047619047,33.33333333333333
北村友一,京都,芝,1400,やや速い,28,4,9,6.535714285714286,0.6253485485103132,14.285714285714285,32.142857142857146
松山弘平,京都,芝,1400,やや速い,35,6,11,6.885714285714286,0.4136269099714478,17.142857142857142,31.428571428571427
坂井瑠星,京都,芝,1400,やや速い,24,0,7,7.291666666666667,0.40911111628023394,0.0,29.166666666666668
Ｍ．デム,京都,芝,1400,やや速い,21,3,6,8.476190476190476,0.5845173345173345,14.285714285714285,28.57142857142857
団野大成,京都,芝,1400,やや速い,22,2,6,7.090909090909091,0.4535422353938397,9.090909090909092,27.27272727272727
岩田康誠,京都,芝,1400,やや速い,21,0,5,8.476190476190476,0.4901807187521473,0.0,23.809523809523807
西村淳也,京都,芝,1400,やや速い,20,0,4,7.0,0.44063628365098956,0.0,20.0
藤岡佑介,京都,芝,1400,やや速い,23,0,4,7.739130434782608,0.5527020152339845,0.0,17.391304347826086
池添謙一,京都,芝,1400,やや速い,26,2,4,8.346153846153847,0.5256028693528694,7.6923076923076925,15.384615384615385
藤岡康太,京都,芝,1400,やや速い,20,0,3,8.2,0.6255987762237762,0.0,15.0
幸英明,京都,芝,1400,やや速い,37,1,5,9.432432432432432,0.46026577203047786,2.7027027027027026,13.513513513513514
和田竜二,京都,芝,1400,やや速い,35,1,4,8.742857142857142,0.473526063105895,2.857142857142857,11.428571428571429
松若風馬,京都,芝,1400,やや速い,28,0,1,9.142857142857142,0.5214621483791652,0.0,3.571428571428571
松山弘平,京都,芝,1400,スロー上がり,20,5,9,6.15,0.44825220531102883,25.0,45.0
北村友一,京都,芝,1400,スロー上がり,20,4,6,8.05,0.5918985222294045,20.0,30.0
幸英明,京都,芝,1400,スロー上がり,22,3,6,6.5,0.4556756671729934,13.636363636363635,27.27272727272727
和田竜二,京都,芝,1400,スロー上がり,20,1,3,8.1,0.4863068712333418,5.0,15.0
川田将雅,京都,芝,1400,標準〜やや上がり,22,5,10,5.363636363636363,0.3789358999586272,22.727272727272727,45.45454545454545
松山弘平,京都,芝,1400,標準〜やや上がり,32,4,11,6.46875,0.4035761241413815,12.5,34.375
浜中俊,京都,芝,1400,標準〜やや上がり,24,2,8,5.833333333333333,0.4671381280756281,8.333333333333332,33.33333333333333
北村友一,京都,芝,1400,標準〜やや上がり,23,0,7,6.565217391304348,0.4956671596377479,0.0,30.434782608695656
池添謙一,京都,芝,1400,標準〜やや上がり,23,3,7,6.956521739130435,0.5172138106281329,13.043478260869565,30.434782608695656
岩田康誠,京都,芝,1400,標準〜やや上がり,25,2,7,6.52,0.6597386306503954,8.0,28.000000000000004
和田竜二,京都,芝,1400,標準〜やや上がり,34,0,9,6.705882352941177,0.4027675347528289,0.0,26.47058823529412
岩田望来,京都,芝,1400,標準〜やや上がり,20,2,5,7.25,0.4672549468505351,10.0,25.0
酒井学,京都,芝,1400,標準〜やや上がり,24,0,5,8.041666666666666,0.3965662945442357,0.0,20.833333333333336
幸英明,京都,芝,1400,標準〜やや上がり,32,2,6,7.09375,0.462026617173676,6.25,18.75
松若風馬,京都,芝,1400,標準〜やや上がり,30,2,5,8.2,0.4519139384580561,6.666666666666667,16.666666666666664
団野大成,京都,芝,1400,標準〜やや上がり,20,0,1,8.45,0.5675952029996147,0.0,5.0
川田将雅,京都,芝,1600,やや速い,21,6,12,3.8095238095238093,0.4075145637120427,28.57142857142857,57.14285714285714
Ｍ．デム,京都,芝,1600,やや速い,22,3,12,4.954545454545454,0.5453014676945158,13.636363636363635,54.54545454545454
武豊,京都,芝,1600,やや速い,21,2,7,6.095238095238095,0.5722351994410818,9.523809523809524,33.33333333333333
和田竜二,京都,芝,1600,やや速い,27,5,7,6.925925925925926,0.35034457191319934,18.51851851851852,25.925925925925924
岩田康誠,京都,芝,1600,やや速い,22,2,5,7.863636363636363,0.5720760893889236,9.090909090909092,22.727272727272727
松山弘平,京都,芝,1600,やや速い,28,2,6,7.107142857142857,0.470747191650553,7.142857142857142,21.428571428571427
幸英明,京都,芝,1600,やや速い,24,0,5,7.208333333333333,0.553634413652796,0.0,20.833333333333336
藤岡佑介,京都,芝,1600,やや速い,24,2,5,9.0,0.48462546780561483,8.333333333333332,20.833333333333336
池添謙一,京都,芝,1600,やや速い,26,1,5,7.423076923076923,0.4665788773820448,3.8461538461538463,19.230769230769234
西村淳也,京都,芝,1600,スロー上がり,20,2,14,4.0,0.3579532477326595,10.0,70.0
川田将雅,京都,芝,1600,スロー上がり,32,7,18,3.4375,0.4218887882950383,21.875,56.25
岩田望来,京都,芝,1600,スロー上がり,28,4,13,5.607142857142857,0.47667793224515914,14.285714285714285,46.42857142857143
坂井瑠星,京都,芝,1600,スロー上がり,24,6,10,4.625,0.42295782240635177,25.0,41.66666666666667
藤岡佑介,京都,芝,1600,スロー上がり,28,3,11,5.214285714285714,0.531113925756783,10.714285714285714,39.285714285714285
武豊,京都,芝,1600,スロー上がり,32,4,12,5.03125,0.5672889839939472,12.5,37.5
池添謙一,京都,芝,1600,スロー上がり,25,2,9,5.28,0.28616060410178057,8.0,36.0
Ｍ．デム,京都,芝,1600,スロー上がり,21,5,6,6.476190476190476,0.4089188589188589,23.809523809523807,28.57142857142857
松山弘平,京都,芝,1600,スロー上がり,42,3,11,6.309523809523809,0.511007602341636,7.142857142857142,26.190476190476193
北村友一,京都,芝,1600,スロー上がり,21,1,5,6.857142857142857,0.4608668447954162,4.761904761904762,23.809523809523807
松若風馬,京都,芝,1600,スロー上がり,27,2,6,5.592592592592593,0.5059353198242087,7.4074074074074066,22.22222222222222
浜中俊,京都,芝,1600,スロー上がり,32,2,7,5.8125,0.42836003355304825,6.25,21.875
岩田康誠,京都,芝,1600,スロー上がり,23,2,5,6.608695652173913,0.4695226200341289,8.695652173913043,21.73913043478261
和田竜二,京都,芝,1600,スロー上がり,33,2,5,6.636363636363637,0.44436380118198304,6.0606060606060606,15.151515151515152
幸英明,京都,芝,1600,スロー上がり,41,1,5,7.317073170731708,0.5617486311711563,2.4390243902439024,12.195121951219512
川田将雅,京都,芝,1600,標準〜やや上がり,43,13,24,3.813953488372093,0.3201151618559279,30.23255813953488,55.81395348837209
Ｍ．デム,京都,芝,1600,標準〜やや上がり,26,2,13,6.1923076923076925,0.45046273485187516,7.6923076923076925,50.0
松山弘平,京都,芝,1600,標準〜やや上がり,55,9,20,6.2,0.5040853665051526,16.363636363636363,36.36363636363637
武豊,京都,芝,1600,標準〜やや上がり,40,7,14,6.425,0.5596842883423766,17.5,35.0
田口貫太,京都,芝,1600,標準〜やや上がり,27,1,9,7.148148148148148,0.44949630374466976,3.7037037037037033,33.33333333333333
西村淳也,京都,芝,1600,標準〜やや上がり,24,2,8,5.75,0.4055337806256924,8.333333333333332,33.33333333333333
幸英明,京都,芝,1600,標準〜やや上がり,39,2,11,6.923076923076923,0.5574130725148825,5.128205128205128,28.205128205128204
北村友一,京都,芝,1600,標準〜やや上がり,38,4,10,5.973684210526316,0.5150548067343733,10.526315789473683,26.31578947368421
坂井瑠星,京都,芝,1600,標準〜やや上がり,39,4,10,5.743589743589744,0.4907645647464652,10.256410256410255,25.64102564102564
池添謙一,京都,芝,1600,標準〜やや上がり,40,2,10,7.4,0.3689607206518971,5.0,25.0
藤岡佑介,京都,芝,1600,標準〜やや上がり,28,1,7,8.321428571428571,0.4746639535767687,3.571428571428571,25.0
浜中俊,京都,芝,1600,標準〜やや上がり,29,4,7,7.689655172413793,0.4905154598613017,13.793103448275861,24.137931034482758
岩田康誠,京都,芝,1600,標準〜やや上がり,26,2,6,7.5,0.5592797725150667,7.6923076923076925,23.076923076923077
岩田望来,京都,芝,1600,標準〜やや上がり,31,3,7,6.548387096774194,0.4495491647294304,9.67741935483871,22.58064516129032
団野大成,京都,芝,1600,標準〜やや上がり,23,2,5,7.608695652173913,0.43920111928423944,8.695652173913043,21.73913043478261
和田竜二,京都,芝,1600,標準〜やや上がり,44,1,8,6.909090909090909,0.4978626505698698,2.272727272727273,18.181818181818183
藤岡康太,京都,芝,1600,標準〜やや上がり,26,2,4,6.538461538461538,0.4540963278802645,7.6923076923076925,15.384615384615385
松若風馬,京都,芝,1600,標準〜やや上がり,32,1,4,9.1875,0.44027083516973226,3.125,12.5
酒井学,京都,芝,1600,標準〜やや上がり,20,0,0,8.95,0.5655763517528223,0.0,0.0
北村友一,京都,芝,1800,スロー上がり,24,4,14,4.791666666666667,0.3787169427794428,16.666666666666664,58.333333333333336
川田将雅,京都,芝,1800,スロー上がり,39,13,21,3.8461538461538463,0.35658013638782865,33.33333333333333,53.84615384615385
Ｍ．デム,京都,芝,1800,スロー上がり,27,4,14,4.777777777777778,0.42807989335767116,14.814814814814813,51.85185185185185
岩田康誠,京都,芝,1800,スロー上がり,22,3,10,5.2727272727272725,0.5439627291900019,13.636363636363635,45.45454545454545
福永祐一,京都,芝,1800,スロー上がり,22,3,9,5.090909090909091,0.45722522427067885,13.636363636363635,40.909090909090914
浜中俊,京都,芝,1800,スロー上がり,28,3,11,5.142857142857143,0.47304164089878376,10.714285714285714,39.285714285714285
岩田望来,京都,芝,1800,スロー上がり,26,5,10,4.538461538461538,0.4036532911532911,19.230769230769234,38.46153846153847
武豊,京都,芝,1800,スロー上がり,33,6,12,4.636363636363637,0.48615757138484417,18.181818181818183,36.36363636363637
坂井瑠星,京都,芝,1800,スロー上がり,26,4,9,5.384615384615385,0.45525292015676627,15.384615384615385,34.61538461538461
幸英明,京都,芝,1800,スロー上がり,30,3,10,5.866666666666666,0.5324854312354312,10.0,33.33333333333333
池添謙一,京都,芝,1800,スロー上がり,28,2,8,6.25,0.4200998901891759,7.142857142857142,28.57142857142857
松山弘平,京都,芝,1800,スロー上がり,36,4,10,5.222222222222222,0.551591078674412,11.11111111111111,27.77777777777778
藤岡佑介,京都,芝,1800,スロー上がり,24,0,6,6.166666666666667,0.6025405728530728,0.0,25.0
和田竜二,京都,芝,1800,スロー上がり,37,3,8,5.72972972972973,0.581004356004356,8.108108108108109,21.62162162162162
松若風馬,京都,芝,1800,スロー上がり,24,0,5,7.916666666666667,0.5791507104007104,0.0,20.833333333333336
川田将雅,京都,芝,1800,標準〜やや上がり,21,6,12,3.1904761904761907,0.4747441711727426,28.57142857142857,57.14285714285714
池添謙一,京都,芝,1800,標準〜やや上がり,20,5,9,4.65,0.593774052744641,25.0,45.0
武豊,京都,芝,1800,標準〜やや上がり,20,2,7,4.7,0.4321288433788434,10.0,35.0
和田竜二,京都,芝,1800,標準〜やや上がり,22,2,6,6.590909090909091,0.4882834003489084,9.090909090909092,27.27272727272727
松山弘平,京都,芝,1800,標準〜やや上がり,27,3,6,7.481481481481482,0.5081032590019517,11.11111111111111,22.22222222222222
幸英明,京都,芝,1800,標準〜やや上がり,22,0,3,8.136363636363637,0.5327726009878416,0.0,13.636363636363635
松若風馬,京都,芝,1800,標準〜やや上がり,22,2,2,8.136363636363637,0.4597239436143179,9.090909090909092,9.090909090909092
川田将雅,京都,芝,2000,スロー上がり,44,13,29,3.227272727272727,0.40268323847869303,29.545454545454547,65.9090909090909
北村友一,京都,芝,2000,スロー上がり,28,3,13,4.714285714285714,0.5322588126159554,10.714285714285714,46.42857142857143
西村淳也,京都,芝,2000,スロー上がり,20,4,9,5.2,0.3990288877788878,20.0,45.0
武豊,京都,芝,2000,スロー上がり,32,6,14,4.5625,0.4351253780941281,18.75,43.75
岩田康誠,京都,芝,2000,スロー上がり,22,4,9,4.636363636363637,0.4803078234896417,18.181818181818183,40.909090909090914
ルメール,京都,芝,2000,スロー上がり,25,3,10,4.2,0.5397667887667887,12.0,40.0
岩田望来,京都,芝,2000,スロー上がり,23,2,8,5.173913043478261,0.5342057700753353,8.695652173913043,34.78260869565217
Ｍ．デム,京都,芝,2000,スロー上がり,27,2,8,5.62962962962963,0.5443464971242749,7.4074074074074066,29.629629629629626
松山弘平,京都,芝,2000,スロー上がり,41,4,12,6.2439024390243905,0.4673845801894582,9.75609756097561,29.268292682926827
藤岡佑介,京都,芝,2000,スロー上がり,22,1,6,4.7272727272727275,0.618008128235401,4.545454545454546,27.27272727272727
幸英明,京都,芝,2000,スロー上がり,34,2,9,6.088235294117647,0.5218280902104432,5.88235294117647,26.47058823529412
松若風馬,京都,芝,2000,スロー上がり,25,0,6,7.04,0.4907561327561328,0.0,24.0
和田竜二,京都,芝,2000,スロー上がり,33,2,7,6.757575757575758,0.48427675018584104,6.0606060606060606,21.21212121212121
藤岡康太,京都,芝,2000,スロー上がり,21,1,4,7.238095238095238,0.5249541463827178,4.761904761904762,19.047619047619047
池添謙一,京都,芝,2000,スロー上がり,32,2,3,6.9375,0.4708683677433677,6.25,9.375
川田将雅,京都,芝,2000,標準〜やや上がり,28,5,18,4.035714285714286,0.4137461569709469,17.857142857142858,64.28571428571429
武豊,京都,芝,2000,標準〜やや上がり,26,6,12,4.6923076923076925,0.48900299047357876,23.076923076923077,46.15384615384615
岩田望来,京都,芝,2000,標準〜やや上がり,23,6,9,5.695652173913044,0.4864539339603278,26.08695652173913,39.130434782608695
池添謙一,京都,芝,2000,標準〜やや上がり,29,2,10,6.172413793103448,0.5750497980721104,6.896551724137931,34.48275862068966
浜中俊,京都,芝,2000,標準〜やや上がり,30,7,10,5.9,0.48161888220711746,23.333333333333332,33.33333333333333
松山弘平,京都,芝,2000,標準〜やや上がり,39,2,12,6.769230769230769,0.40421075907501247,5.128205128205128,30.76923076923077
Ｍ．デム,京都,芝,2000,標準〜やや上がり,20,0,6,6.8,0.6618053596730068,0.0,30.0
幸英明,京都,芝,2000,標準〜やや上がり,33,1,6,6.848484848484849,0.5311366045323265,3.0303030303030303,18.181818181818183
松若風馬,京都,芝,2000,標準〜やや上がり,22,2,4,7.0,0.43238997707580595,9.090909090909092,18.181818181818183
鮫島克駿,京都,芝,2000,標準〜やや上がり,22,0,4,6.0,0.5557860699906154,0.0,18.181818181818183
坂井瑠星,京都,芝,2000,標準〜やや上がり,24,2,4,8.083333333333334,0.45335829407520584,8.333333333333332,16.666666666666664
川田将雅,京都,芝,2200,スロー上がり,31,7,19,3.5161290322580645,0.39382596109351325,22.58064516129032,61.29032258064516
藤岡佑介,京都,芝,2200,スロー上がり,21,4,11,4.476190476190476,0.40850560115266,19.047619047619047,52.38095238095239
岩田望来,京都,芝,2200,スロー上がり,20,6,8,6.45,0.3997598439142557,30.0,40.0
松山弘平,京都,芝,2200,スロー上がり,32,1,11,6.03125,0.4323690096668038,3.125,34.375
武豊,京都,芝,2200,スロー上がり,21,2,7,5.285714285714286,0.5695956160241875,9.523809523809524,33.33333333333333
浜中俊,京都,芝,2200,スロー上がり,21,3,6,6.333333333333333,0.4935556701313004,14.285714285714285,28.57142857142857
岩田康誠,京都,芝,2200,スロー上がり,22,1,6,6.0,0.6515793475686524,4.545454545454546,27.27272727272727
池添謙一,京都,芝,2200,スロー上がり,23,2,6,6.217391304347826,0.5156430029192177,8.695652173913043,26.08695652173913
和田竜二,京都,芝,2200,スロー上がり,25,1,5,6.92,0.4540150241914948,4.0,20.0
幸英明,京都,芝,2200,スロー上がり,29,1,5,7.655172413793103,0.4646133503638575,3.4482758620689653,17.24137931034483
川田将雅,京都,芝,2400,スロー上がり,24,9,13,3.6666666666666665,0.4580769040327864,37.5,54.166666666666664
池添謙一,京都,芝,2400,スロー上がり,23,3,11,4.695652173913044,0.4533045882790129,13.043478260869565,47.82608695652174
松山弘平,京都,芝,2400,スロー上がり,30,2,13,4.566666666666666,0.4523225195284019,6.666666666666667,43.333333333333336
和田竜二,京都,芝,2400,スロー上がり,25,3,8,4.92,0.49152284316990197,12.0,32.0
浜中俊,京都,芝,2400,スロー上がり,21,3,6,6.380952380952381,0.3704639975648379,14.285714285714285,28.57142857142857
幸英明,京都,芝,2400,スロー上がり,23,0,3,6.434782608695652,0.5048814782830128,0.0,13.043478260869565
松若風馬,京都,芝,2400,スロー上がり,21,0,2,7.476190476190476,0.45576019840725723,0.0,9.523809523809524
横山武史,函館,ダ,1000,ハイ/持続,21,2,7,5.142857142857143,0.4563492063492064,9.523809523809524,33.33333333333333
丹内祐次,函館,ダ,1000,ハイ/持続,37,3,12,6.027027027027027,0.42792792792792794,8.108108108108109,32.432432432432435
北村友一,函館,ダ,1700,やや速い,30,4,15,4.766666666666667,0.4729109779109779,13.333333333333334,50.0
岩田康誠,函館,ダ,1700,やや速い,44,3,18,5.318181818181818,0.362731586595223,6.8181818181818175,40.909090909090914
横山武史,函館,ダ,1700,やや速い,49,6,20,5.816326530612245,0.4152110927621132,12.244897959183673,40.816326530612244
藤岡佑介,函館,ダ,1700,やや速い,42,7,17,5.309523809523809,0.46548927263212975,16.666666666666664,40.476190476190474
佐々木大,函館,ダ,1700,やや速い,26,5,10,6.230769230769231,0.5420007343084265,19.230769230769234,38.46153846153847
鮫島克駿,函館,ダ,1700,やや速い,33,6,12,6.181818181818182,0.48272014181105094,18.181818181818183,36.36363636363637
武豊,函館,ダ,1700,やや速い,27,1,9,5.407407407407407,0.3395503673281451,3.7037037037037033,33.33333333333333
吉田隼人,函館,ダ,1700,やや速い,44,3,14,5.431818181818182,0.46425430629976083,6.8181818181818175,31.818181818181817
勝浦正樹,函館,ダ,1700,やや速い,33,2,9,6.666666666666667,0.46236036690582144,6.0606060606060606,27.27272727272727
丸山元気,函館,ダ,1700,やや速い,32,3,8,5.75,0.4893778964091464,9.375,25.0
横山和生,函館,ダ,1700,やや速い,40,5,9,6.3,0.551865218115218,12.5,22.5
丹内祐次,函館,ダ,1700,やや速い,60,1,12,7.216666666666667,0.44405686905686903,1.6666666666666667,20.0
池添謙一,函館,ダ,1700,やや速い,32,3,6,7.375,0.42212891275391273,9.375,18.75
古川吉洋,函館,ダ,1700,やや速い,53,2,8,6.981132075471698,0.5217850807473449,3.7735849056603774,15.09433962264151
坂井瑠星,函館,ダ,1700,やや速い,20,2,3,6.6,0.5175582750582751,10.0,15.0
松岡正海,函館,ダ,1700,やや速い,20,2,3,6.6,0.4620651570651571,10.0,15.0
黛弘人,函館,ダ,1700,やや速い,35,1,5,8.028571428571428,0.5775700489986205,2.857142857142857,14.285714285714285
菱田裕二,函館,ダ,1700,やや速い,38,2,5,7.184210526315789,0.5849349480928429,5.263157894736842,13.157894736842104
藤岡康太,函館,ダ,1700,やや速い,24,0,3,6.5,0.4916874791874792,0.0,12.5
坂井瑠星,函館,ダ,1700,ハイ/持続,20,4,7,5.9,0.47749056499056497,20.0,35.0
横山武史,函館,ダ,1700,ハイ/持続,40,4,14,6.175,0.44088897213897216,10.0,35.0
勝浦正樹,函館,ダ,1700,ハイ/持続,25,4,8,6.16,0.5161174381174382,16.0,32.0
横山和生,函館,ダ,1700,ハイ/持続,32,3,10,6.25,0.48451201576201575,9.375,31.25
藤岡佑介,函館,ダ,1700,ハイ/持続,26,3,8,6.538461538461538,0.4451542047695894,11.538461538461538,30.76923076923077
菱田裕二,函館,ダ,1700,ハイ/持続,27,2,8,6.814814814814815,0.5098820932154265,7.4074074074074066,29.629629629629626
吉田隼人,函館,ダ,1700,ハイ/持続,34,2,10,6.411764705882353,0.44974567915744385,5.88235294117647,29.411764705882355
丹内祐次,函館,ダ,1700,ハイ/持続,41,0,11,6.585365853658536,0.5169693450181254,0.0,26.82926829268293
池添謙一,函館,ダ,1700,ハイ/持続,27,2,7,6.444444444444445,0.42093893760560425,7.4074074074074066,25.925925925925924
岩田康誠,函館,ダ,1700,ハイ/持続,31,3,8,5.741935483870968,0.37409472248181924,9.67741935483871,25.806451612903224
武豊,函館,ダ,1700,ハイ/持続,20,2,5,6.25,0.5108266733266733,10.0,25.0
鮫島克駿,函館,ダ,1700,ハイ/持続,20,1,4,6.2,0.418808275058275,5.0,20.0
黛弘人,函館,ダ,1700,ハイ/持続,20,2,4,6.3,0.5951381951381951,10.0,20.0
古川吉洋,函館,ダ,1700,ハイ/持続,26,1,2,7.538461538461538,0.6012192935269858,3.8461538461538463,7.6923076923076925
横山武史,函館,芝,1200,やや速い,56,9,27,5.589285714285714,0.4755409025498311,16.071428571428573,48.214285714285715
大野拓弥,函館,芝,1200,やや速い,22,3,10,5.136363636363637,0.483763332626969,13.636363636363635,45.45454545454545
吉田隼人,函館,芝,1200,やや速い,44,4,19,6.159090909090909,0.46989506705415796,9.090909090909092,43.18181818181818
武豊,函館,芝,1200,やや速い,43,10,18,5.255813953488372,0.5383007173704848,23.25581395348837,41.86046511627907
岩田康誠,函館,芝,1200,やや速い,37,2,12,5.702702702702703,0.523451885951886,5.405405405405405,32.432432432432435
浜中俊,函館,芝,1200,やや速い,22,4,7,5.454545454545454,0.46523230557321466,18.181818181818183,31.818181818181817
横山和生,函館,芝,1200,やや速い,38,5,12,6.894736842105263,0.42447267644636066,13.157894736842104,31.57894736842105
佐々木大,函館,芝,1200,やや速い,26,2,8,7.230769230769231,0.365825467267775,7.6923076923076925,30.76923076923077
藤岡佑介,函館,芝,1200,やや速い,44,4,13,6.9772727272727275,0.6753436273322637,9.090909090909092,29.545454545454547
坂井瑠星,函館,芝,1200,やや速い,24,2,7,6.791666666666667,0.41044216200466205,8.333333333333332,29.166666666666668
鮫島克駿,函館,芝,1200,やや速い,35,4,9,5.6571428571428575,0.5212852227137942,11.428571428571429,25.71428571428571
菱田裕二,函館,芝,1200,やや速い,48,4,12,6.6875,0.47159891613016613,8.333333333333332,25.0
丹内祐次,函館,芝,1200,やや速い,69,4,17,7.130434782608695,0.4476954406302232,5.797101449275362,24.637681159420293
北村友一,函館,芝,1200,やや速い,29,4,7,8.448275862068966,0.5292169994756202,13.793103448275861,24.137931034482758
黛弘人,函館,芝,1200,やや速い,51,2,12,7.588235294117647,0.5423747820806644,3.9215686274509802,23.52941176470588
丸山元気,函館,芝,1200,やや速い,30,1,7,7.466666666666667,0.49915723165723164,3.3333333333333335,23.333333333333332
勝浦正樹,函館,芝,1200,やや速い,37,2,8,7.54054054054054,0.5771069396069397,5.405405405405405,21.62162162162162
池添謙一,函館,芝,1200,やや速い,48,8,10,7.916666666666667,0.425971250971251,16.666666666666664,20.833333333333336
松岡正海,函館,芝,1200,やや速い,24,1,4,8.666666666666666,0.49268873487623494,4.166666666666666,16.666666666666664
藤岡康太,函館,芝,1200,やや速い,21,0,3,7.0,0.4260130081558653,0.0,14.285714285714285
古川吉洋,函館,芝,1200,やや速い,44,0,5,7.931818181818182,0.591155845417209,0.0,11.363636363636363
武豊,函館,芝,1200,ハイ/持続,38,6,16,5.894736842105263,0.5297006721348826,15.789473684210526,42.10526315789473
坂井瑠星,函館,芝,1200,ハイ/持続,21,0,8,7.428571428571429,0.5098589902161331,0.0,38.095238095238095
大野拓弥,函館,芝,1200,ハイ/持続,25,5,9,6.44,0.4832069597069597,20.0,36.0
鮫島克駿,函館,芝,1200,ハイ/持続,27,2,9,6.185185185185185,0.45658908992242325,7.4074074074074066,33.33333333333333
横山武史,函館,芝,1200,ハイ/持続,40,4,13,6.325,0.5022629453879455,10.0,32.5
丸山元気,函館,芝,1200,ハイ/持続,28,1,9,7.035714285714286,0.4573178309785453,3.571428571428571,32.142857142857146
藤岡佑介,函館,芝,1200,ハイ/持続,47,7,13,6.76595744680851,0.5011167024464898,14.893617021276595,27.659574468085108
浜中俊,函館,芝,1200,ハイ/持続,22,5,6,5.7727272727272725,0.47713271576907945,22.727272727272727,27.27272727272727
丹内祐次,函館,芝,1200,ハイ/持続,61,4,16,7.39344262295082,0.40854759994104256,6.557377049180328,26.229508196721312
菱田裕二,函館,芝,1200,ハイ/持続,41,0,10,7.658536585365853,0.492940392940393,0.0,24.390243902439025
北村友一,函館,芝,1200,ハイ/持続,25,2,6,8.36,0.5383439893439893,8.0,24.0
柴山雄一,函館,芝,1200,ハイ/持続,25,0,6,8.2,0.5399358974358974,0.0,24.0
池添謙一,函館,芝,1200,ハイ/持続,52,7,11,7.384615384615385,0.4200907265811112,13.461538461538462,21.153846153846153
岩田康誠,函館,芝,1200,ハイ/持続,51,3,10,7.098039215686274,0.4998554550025138,5.88235294117647,19.607843137254903
古川吉洋,函館,芝,1200,ハイ/持続,41,4,8,8.682926829268293,0.5389460810192517,9.75609756097561,19.51219512195122
横山和生,函館,芝,1200,ハイ/持続,41,1,7,7.780487804878049,0.5901496877106633,2.4390243902439024,17.073170731707318
黛弘人,函館,芝,1200,ハイ/持続,38,0,6,8.868421052631579,0.42983500417710946,0.0,15.789473684210526
勝浦正樹,函館,芝,1200,ハイ/持続,34,0,5,7.5588235294117645,0.5389108440579029,0.0,14.705882352941178
吉田隼人,函館,芝,1200,ハイ/持続,41,4,4,7.341463414634147,0.480546892132258,9.75609756097561,9.75609756097561
松岡正海,函館,芝,1200,ハイ/持続,23,1,2,9.391304347826088,0.3852484472049689,4.3478260869565215,8.695652173913043
藤岡康太,函館,芝,1200,ハイ/持続,23,1,2,10.26086956521739,0.6006828316610925,4.3478260869565215,8.695652173913043
斎藤新,函館,芝,1200,ハイ/持続,21,0,1,7.666666666666667,0.5078802150230721,0.0,4.761904761904762
亀田温心,函館,芝,1200,ハイ/持続,23,0,0,9.130434782608695,0.4465034965034965,0.0,0.0
池添謙一,函館,芝,1800,スロー上がり,20,4,9,4.7,0.3949399905649905,20.0,45.0
丹内祐次,函館,芝,1800,スロー上がり,21,1,9,5.285714285714286,0.34578939578939577,4.761904761904762,42.857142857142854
武豊,函館,芝,1800,標準〜やや上がり,25,1,12,5.44,0.47642157842157845,4.0,48.0
丹内祐次,函館,芝,1800,標準〜やや上がり,35,5,13,6.0,0.42045276152419014,14.285714285714285,37.142857142857146
岩田康誠,函館,芝,1800,標準〜やや上がり,22,5,8,6.2727272727272725,0.45806144612962796,22.727272727272727,36.36363636363637
池添謙一,函館,芝,1800,標準〜やや上がり,21,3,7,6.0476190476190474,0.43864706721849583,14.285714285714285,33.33333333333333
横山武史,函館,芝,1800,標準〜やや上がり,27,3,8,5.703703703703703,0.4341479508146175,11.11111111111111,29.629629629629626
横山和生,函館,芝,1800,標準〜やや上がり,24,2,6,6.833333333333333,0.5712329337329337,8.333333333333332,25.0
菱田裕二,函館,芝,1800,標準〜やや上がり,20,0,5,6.25,0.33767253579753576,0.0,25.0
吉田隼人,函館,芝,1800,標準〜やや上がり,22,2,5,6.863636363636363,0.4763972769654588,9.090909090909092,22.727272727272727
藤岡佑介,函館,芝,1800,標準〜やや上がり,28,0,6,6.928571428571429,0.5363484729556158,0.0,21.428571428571427
丹内祐次,函館,芝,2000,スロー上がり,20,1,6,4.8,0.5344037212787213,5.0,30.0
岩田康誠,函館,芝,2000,標準〜やや上がり,22,7,10,5.2727272727272725,0.4169570959343687,31.818181818181817,45.45454545454545
丹内祐次,函館,芝,2000,標準〜やや上がり,33,4,11,5.878787878787879,0.39248062543517087,12.121212121212121,33.33333333333333
幸英明,小倉,ダ,1000,ハイ/持続,41,8,16,5.414634146341464,0.3589849175215029,19.51219512195122,39.02439024390244
松山弘平,小倉,ダ,1000,ハイ/持続,39,6,14,6.358974358974359,0.45151088228011305,15.384615384615385,35.8974358974359
和田竜二,小倉,ダ,1000,ハイ/持続,36,1,9,7.361111111111111,0.37647730356063686,2.7777777777777777,25.0
藤懸貴志,小倉,ダ,1000,ハイ/持続,24,2,6,7.166666666666667,0.5942911255411255,8.333333333333332,25.0
荻野極,小倉,ダ,1000,ハイ/持続,21,1,5,6.904761904761905,0.5254586683158111,4.761904761904762,23.809523809523807
西村淳也,小倉,ダ,1000,ハイ/持続,29,1,6,7.206896551724138,0.5532513463547947,3.4482758620689653,20.689655172413794
松若風馬,小倉,ダ,1000,ハイ/持続,34,2,7,6.4411764705882355,0.5420739391327627,5.88235294117647,20.588235294117645
斎藤新,小倉,ダ,1000,ハイ/持続,20,2,4,7.55,0.48887362637362636,10.0,20.0
富田暁,小倉,ダ,1000,ハイ/持続,23,1,4,8.565217391304348,0.4600037643515904,4.3478260869565215,17.391304347826086
川須栄彦,小倉,ダ,1000,ハイ/持続,25,1,4,7.08,0.4716117216117216,4.0,16.0
鮫島克駿,小倉,ダ,1000,ハイ/持続,23,1,3,7.869565217391305,0.6042411694585608,4.3478260869565215,13.043478260869565
武豊,小倉,ダ,1700,やや速い,22,4,10,6.181818181818182,0.37410033148669514,18.181818181818183,45.45454545454545
藤岡康太,小倉,ダ,1700,やや速い,68,11,28,6.1911764705882355,0.41148634861870154,16.176470588235293,41.17647058823529
浜中俊,小倉,ダ,1700,やや速い,52,7,21,5.865384615384615,0.45854479388133235,13.461538461538462,40.38461538461539
古川吉洋,小倉,ダ,1700,やや速い,23,1,9,6.478260869565218,0.4319714705584271,4.3478260869565215,39.130434782608695
佐々木大,小倉,ダ,1700,やや速い,32,4,12,6.375,0.4099959935897436,12.5,37.5
川田将雅,小倉,ダ,1700,やや速い,24,5,9,4.958333333333333,0.35619224525474524,20.833333333333336,37.5
松山弘平,小倉,ダ,1700,やや速い,64,6,20,7.3125,0.4172845600579976,9.375,31.25
吉田隼人,小倉,ダ,1700,やや速い,49,5,15,6.489795918367347,0.45499242820671393,10.204081632653061,30.612244897959183
鮫島克駿,小倉,ダ,1700,やや速い,76,9,23,6.671052631578948,0.40092329089039613,11.842105263157894,30.263157894736842
西村淳也,小倉,ダ,1700,やや速い,70,7,20,7.085714285714285,0.38902089973518544,10.0,28.57142857142857
角田大和,小倉,ダ,1700,やや速い,40,4,11,7.775,0.3905326270951271,10.0,27.500000000000004
和田竜二,小倉,ダ,1700,やや速い,51,5,14,6.9411764705882355,0.3908888497123791,9.803921568627452,27.450980392156865
松本大輝,小倉,ダ,1700,やや速い,22,3,6,7.363636363636363,0.4482782369146005,13.636363636363635,27.27272727272727
藤岡佑介,小倉,ダ,1700,やや速い,34,3,9,7.0,0.4697443079796021,8.823529411764707,26.47058823529412
高倉稜,小倉,ダ,1700,やや速い,24,1,6,8.25,0.5091809232434232,4.166666666666666,25.0
団野大成,小倉,ダ,1700,やや速い,34,4,8,7.647058823529412,0.4275720602926485,11.76470588235294,23.52941176470588
斎藤新,小倉,ダ,1700,やや速い,51,8,12,7.686274509803922,0.5258119875766935,15.686274509803921,23.52941176470588
藤懸貴志,小倉,ダ,1700,やや速い,34,3,8,7.823529411764706,0.5037497224997225,8.823529411764707,23.52941176470588
松若風馬,小倉,ダ,1700,やや速い,64,8,15,7.4375,0.48142651619214116,12.5,23.4375
北村友一,小倉,ダ,1700,やや速い,46,3,10,7.978260869565218,0.5139956963326529,6.521739130434782,21.73913043478261
西塚洸二,小倉,ダ,1700,やや速い,24,3,5,8.25,0.48232236513486515,12.5,20.833333333333336
和田翼,小倉,ダ,1700,やや速い,20,1,4,8.15,0.5229626623376624,5.0,20.0
富田暁,小倉,ダ,1700,やや速い,55,3,11,8.10909090909091,0.4959260436533164,5.454545454545454,20.0
丹内祐次,小倉,ダ,1700,やや速い,66,4,13,7.257575757575758,0.46012901240173965,6.0606060606060606,19.696969696969695
小牧太,小倉,ダ,1700,やや速い,32,3,6,7.53125,0.4806357704795205,9.375,18.75
幸英明,小倉,ダ,1700,やや速い,75,4,14,7.52,0.44291436341436335,5.333333333333334,18.666666666666668
荻野極,小倉,ダ,1700,やや速い,43,3,8,8.604651162790697,0.46041719907998974,6.976744186046512,18.6046511627907
小沢大仁,小倉,ダ,1700,やや速い,49,3,9,8.142857142857142,0.45655600068865376,6.122448979591836,18.367346938775512
秋山真一,小倉,ダ,1700,やや速い,33,1,6,7.181818181818182,0.5677433677433678,3.0303030303030303,18.181818181818183
菱田裕二,小倉,ダ,1700,やや速い,45,2,7,8.666666666666666,0.5636741961741961,4.444444444444445,15.555555555555555
泉谷楓真,小倉,ダ,1700,やや速い,26,2,4,7.6923076923076925,0.5200475806245037,7.6923076923076925,15.384615384615385
今村聖奈,小倉,ダ,1700,やや速い,20,0,3,7.9,0.571242784992785,0.0,15.0
勝浦正樹,小倉,ダ,1700,やや速い,27,0,4,7.814814814814815,0.5313412924524036,0.0,14.814814814814813
黛弘人,小倉,ダ,1700,やや速い,27,2,4,9.185185185185185,0.629569761514206,7.4074074074074066,14.814814814814813
酒井学,小倉,ダ,1700,やや速い,41,2,6,8.121951219512194,0.4723621906548736,4.878048780487805,14.634146341463413
丸山元気,小倉,ダ,1700,やや速い,35,1,5,8.17142857142857,0.535974025974026,2.857142857142857,14.285714285714285
菊沢一樹,小倉,ダ,1700,やや速い,28,1,4,7.035714285714286,0.5570912718234147,3.571428571428571,14.285714285714285
国分恭介,小倉,ダ,1700,やや速い,29,2,4,7.862068965517241,0.415351171816689,6.896551724137931,13.793103448275861
太宰啓介,小倉,ダ,1700,やや速い,32,0,4,9.0625,0.5918412316849817,0.0,12.5
永島まな,小倉,ダ,1700,やや速い,32,0,4,9.9375,0.6073240561521811,0.0,12.5
小崎綾也,小倉,ダ,1700,やや速い,34,1,4,9.176470588235293,0.5788909619791972,2.941176470588235,11.76470588235294
岩田望来,小倉,ダ,1700,やや速い,20,0,2,8.9,0.4321130952380952,0.0,10.0
亀田温心,小倉,ダ,1700,やや速い,31,1,3,8.193548387096774,0.6286345375055052,3.225806451612903,9.67741935483871
国分優作,小倉,ダ,1700,やや速い,34,1,3,8.735294117647058,0.516281512605042,2.941176470588235,8.823529411764707
中井裕二,小倉,ダ,1700,やや速い,26,0,2,9.961538461538462,0.653843218747065,0.0,7.6923076923076925
川須栄彦,小倉,ダ,1700,やや速い,31,0,2,9.096774193548388,0.5248434361337586,0.0,6.451612903225806
秋山稔樹,小倉,ダ,1700,やや速い,32,1,2,9.15625,0.6129456914613165,3.125,6.25
長岡禎仁,小倉,ダ,1700,やや速い,26,1,1,10.0,0.5514980745749977,3.8461538461538463,3.8461538461538463
川田将雅,小倉,ダ,1700,ハイ/持続,29,8,16,4.689655172413793,0.31336996336996337,27.586206896551722,55.172413793103445
武豊,小倉,ダ,1700,ハイ/持続,22,5,10,6.590909090909091,0.365530303030303,22.727272727272727,45.45454545454545
吉田隼人,小倉,ダ,1700,ハイ/持続,34,7,14,5.764705882352941,0.42802797692503575,20.588235294117645,41.17647058823529
丸山元気,小倉,ダ,1700,ハイ/持続,20,1,8,6.55,0.5093910256410257,5.0,40.0
浜中俊,小倉,ダ,1700,ハイ/持続,44,8,17,6.181818181818182,0.38488906926406924,18.181818181818183,38.63636363636363
中井裕二,小倉,ダ,1700,ハイ/持続,21,2,8,7.142857142857143,0.5721371882086168,9.523809523809524,38.095238095238095
幸英明,小倉,ダ,1700,ハイ/持続,80,12,27,6.9625,0.4194001831501832,15.0,33.75
松山弘平,小倉,ダ,1700,ハイ/持続,70,9,20,7.542857142857143,0.43017292231577947,12.857142857142856,28.57142857142857
小牧太,小倉,ダ,1700,ハイ/持続,25,1,7,6.84,0.5322893772893773,4.0,28.000000000000004
北村友一,小倉,ダ,1700,ハイ/持続,44,3,12,6.863636363636363,0.45392741727969005,6.8181818181818175,27.27272727272727
藤懸貴志,小倉,ダ,1700,ハイ/持続,38,3,10,7.973684210526316,0.5080718623481781,7.894736842105263,26.31578947368421
団野大成,小倉,ダ,1700,ハイ/持続,32,3,8,7.53125,0.5249413347069597,9.375,25.0
藤岡康太,小倉,ダ,1700,ハイ/持続,70,7,17,6.742857142857143,0.439528626135769,10.0,24.285714285714285
今村聖奈,小倉,ダ,1700,ハイ/持続,21,3,5,7.095238095238095,0.5112855398569683,14.285714285714285,23.809523809523807
菱田裕二,小倉,ダ,1700,ハイ/持続,44,5,10,7.9772727272727275,0.5245858308358309,11.363636363636363,22.727272727272727
秋山真一,小倉,ダ,1700,ハイ/持続,45,3,10,8.2,0.5248218448218448,6.666666666666667,22.22222222222222
川須栄彦,小倉,ダ,1700,ハイ/持続,32,3,7,8.0,0.5296471757409258,9.375,21.875
松若風馬,小倉,ダ,1700,ハイ/持続,72,2,15,7.527777777777778,0.48174892237392236,2.7777777777777777,20.833333333333336
角田大和,小倉,ダ,1700,ハイ/持続,29,1,6,8.03448275862069,0.3894357079701908,3.4482758620689653,20.689655172413794
富田暁,小倉,ダ,1700,ハイ/持続,40,3,8,7.675,0.4114320054945055,7.5,20.0
森裕太朗,小倉,ダ,1700,ハイ/持続,20,1,4,7.9,0.5183716283716284,5.0,20.0
鮫島克駿,小倉,ダ,1700,ハイ/持続,56,4,11,7.321428571428571,0.5126937794348508,7.142857142857142,19.642857142857142
荻野極,小倉,ダ,1700,ハイ/持続,49,1,9,8.551020408163266,0.5891530238469014,2.0408163265306123,18.367346938775512
西村淳也,小倉,ダ,1700,ハイ/持続,50,3,9,8.56,0.4719505494505495,6.0,18.0
国分恭介,小倉,ダ,1700,ハイ/持続,28,1,5,7.928571428571429,0.4908398149469578,3.571428571428571,17.857142857142858
和田竜二,小倉,ダ,1700,ハイ/持続,63,4,11,8.333333333333334,0.43186714079571226,6.349206349206349,17.46031746031746
鮫島良太,小倉,ダ,1700,ハイ/持続,24,2,4,8.666666666666666,0.549948489010989,8.333333333333332,16.666666666666664
丹内祐次,小倉,ダ,1700,ハイ/持続,49,3,8,7.979591836734694,0.5127344594181329,6.122448979591836,16.3265306122449
岩田望来,小倉,ダ,1700,ハイ/持続,25,1,4,9.16,0.4674047619047619,4.0,16.0
酒井学,小倉,ダ,1700,ハイ/持続,45,1,7,8.28888888888889,0.5446721796721797,2.2222222222222223,15.555555555555555
斎藤新,小倉,ダ,1700,ハイ/持続,46,1,7,7.6521739130434785,0.48633422736683607,2.1739130434782608,15.217391304347828
永島まな,小倉,ダ,1700,ハイ/持続,27,2,4,9.777777777777779,0.6549048174048174,7.4074074074074066,14.814814814814813
秋山稔樹,小倉,ダ,1700,ハイ/持続,28,2,4,8.178571428571429,0.4391892333856619,7.142857142857142,14.285714285714285
亀田温心,小倉,ダ,1700,ハイ/持続,29,1,4,8.724137931034482,0.46314576228369336,3.4482758620689653,13.793103448275861
太宰啓介,小倉,ダ,1700,ハイ/持続,29,2,4,9.551724137931034,0.5999557913351017,6.896551724137931,13.793103448275861
和田翼,小倉,ダ,1700,ハイ/持続,22,1,3,9.136363636363637,0.5275058275058275,4.545454545454546,13.636363636363635
小沢大仁,小倉,ダ,1700,ハイ/持続,39,2,5,8.461538461538462,0.4418851447697602,5.128205128205128,12.82051282051282
国分優作,小倉,ダ,1700,ハイ/持続,24,1,3,8.041666666666666,0.5771100427350427,4.166666666666666,12.5
藤岡佑介,小倉,ダ,1700,ハイ/持続,27,1,3,8.74074074074074,0.5548466965133632,3.7037037037037033,11.11111111111111
古川吉洋,小倉,ダ,1700,ハイ/持続,25,0,2,8.24,0.590467032967033,0.0,8.0
川又賢治,小倉,ダ,1700,ハイ/持続,22,1,1,8.863636363636363,0.4267607392607392,4.545454545454546,4.545454545454546
松本大輝,小倉,ダ,1700,ハイ/持続,30,0,1,9.766666666666667,0.6556059218559219,0.0,3.3333333333333335
高倉稜,小倉,ダ,1700,ハイ/持続,34,0,1,9.323529411764707,0.564133538030597,0.0,2.941176470588235
西村淳也,小倉,ダ,1700,標準〜やや上がり,20,6,9,6.0,0.4405009573759574,30.0,45.0
幸英明,小倉,ダ,1700,標準〜やや上がり,24,3,9,6.208333333333333,0.4836961649461649,12.5,37.5
藤岡康太,小倉,ダ,1700,標準〜やや上がり,21,1,5,7.380952380952381,0.4732751375608518,4.761904761904762,23.809523809523807
松若風馬,小倉,ダ,1700,標準〜やや上がり,21,1,4,8.285714285714286,0.5289827236255807,4.761904761904762,19.047619047619047
丹内祐次,小倉,ダ,1700,標準〜やや上がり,20,2,2,8.35,0.5006646131646132,10.0,10.0
川田将雅,小倉,芝,1200,やや速い,22,2,11,5.2727272727272725,0.3286570270193265,9.090909090909092,50.0
北村友一,小倉,芝,1200,やや速い,50,8,19,6.28,0.4578123983859278,16.0,38.0
武豊,小倉,芝,1200,やや速い,24,2,8,5.625,0.4163787431250667,8.333333333333332,33.33333333333333
藤岡康太,小倉,芝,1200,やや速い,57,8,19,6.456140350877193,0.4637646624101732,14.035087719298245,33.33333333333333
松山弘平,小倉,芝,1200,やや速い,65,5,20,7.061538461538461,0.39376149993797055,7.6923076923076925,30.76923076923077
秋山真一,小倉,芝,1200,やや速い,44,3,13,7.045454545454546,0.5163882426248736,6.8181818181818175,29.545454545454547
藤岡佑介,小倉,芝,1200,やや速い,31,3,9,7.451612903225806,0.5222819137430144,9.67741935483871,29.03225806451613
鮫島克駿,小倉,芝,1200,やや速い,68,6,19,6.955882352941177,0.4268494301258142,8.823529411764707,27.941176470588236
吉田隼人,小倉,芝,1200,やや速い,49,6,13,7.040816326530612,0.47400050929462695,12.244897959183673,26.53061224489796
丹内祐次,小倉,芝,1200,やや速い,69,0,18,7.6521739130434785,0.41734254189497155,0.0,26.08695652173913
国分恭介,小倉,芝,1200,やや速い,21,2,5,8.380952380952381,0.45085483688424866,9.523809523809524,23.809523809523807
小林凌大,小倉,芝,1200,やや速い,21,1,5,8.333333333333334,0.5690238488557816,4.761904761904762,23.809523809523807
丸山元気,小倉,芝,1200,やや速い,38,3,9,7.973684210526316,0.4312422656462904,7.894736842105263,23.684210526315788
和田竜二,小倉,芝,1200,やや速い,51,3,12,6.764705882352941,0.34439787272832256,5.88235294117647,23.52941176470588
泉谷楓真,小倉,芝,1200,やや速い,22,0,5,7.863636363636363,0.6445738901621255,0.0,22.727272727272727
川須栄彦,小倉,芝,1200,やや速い,31,3,7,7.419354838709677,0.45891041543318584,9.67741935483871,22.58064516129032
幸英明,小倉,芝,1200,やや速い,71,6,16,8.23943661971831,0.4250689324943675,8.450704225352112,22.535211267605636
斎藤新,小倉,芝,1200,やや速い,36,2,8,8.833333333333334,0.5380642619000462,5.555555555555555,22.22222222222222
西村淳也,小倉,芝,1200,やや速い,37,4,8,8.486486486486486,0.4304861871038342,10.81081081081081,21.62162162162162
勝浦正樹,小倉,芝,1200,やや速い,20,0,4,8.65,0.5009197461035696,0.0,20.0
丸田恭介,小倉,芝,1200,やや速い,22,2,4,8.045454545454545,0.4015040106951871,9.090909090909092,18.181818181818183
酒井学,小倉,芝,1200,やや速い,33,0,6,9.454545454545455,0.5596736720399822,0.0,18.181818181818183
中谷雄太,小倉,芝,1200,やや速い,23,1,4,9.826086956521738,0.4516020176186416,4.3478260869565215,17.391304347826086
菱田裕二,小倉,芝,1200,やや速い,47,3,8,8.425531914893616,0.5330114833713081,6.382978723404255,17.02127659574468
松若風馬,小倉,芝,1200,やや速い,53,5,9,8.735849056603774,0.4540127340904256,9.433962264150944,16.9811320754717
松本大輝,小倉,芝,1200,やや速い,25,2,4,7.88,0.504110686698922,8.0,16.0
高倉稜,小倉,芝,1200,やや速い,32,2,5,9.09375,0.5418949106449107,6.25,15.625
団野大成,小倉,芝,1200,やや速い,20,1,3,7.45,0.5870307592734063,5.0,15.0
田中健,小倉,芝,1200,やや速い,20,1,3,10.35,0.5226497481276893,5.0,15.0
富田暁,小倉,芝,1200,やや速い,52,3,7,8.865384615384615,0.4619912468752967,5.769230769230769,13.461538461538462
国分優作,小倉,芝,1200,やや速い,24,1,3,7.875,0.5259516151060268,4.166666666666666,12.5
角田大和,小倉,芝,1200,やや速い,24,1,3,9.666666666666666,0.39738926310617484,4.166666666666666,12.5
浜中俊,小倉,芝,1200,やや速い,43,2,5,9.162790697674419,0.4831692038771382,4.651162790697675,11.627906976744185
太宰啓介,小倉,芝,1200,やや速い,35,1,4,9.771428571428572,0.684748388866036,2.857142857142857,11.428571428571429
荻野極,小倉,芝,1200,やや速い,47,2,5,10.51063829787234,0.4849919479769292,4.25531914893617,10.638297872340425
小沢大仁,小倉,芝,1200,やや速い,31,3,3,9.451612903225806,0.49132029155748325,9.67741935483871,9.67741935483871
亀田温心,小倉,芝,1200,やや速い,23,2,2,10.08695652173913,0.534668940039784,8.695652173913043,8.695652173913043
古川吉洋,小倉,芝,1200,やや速い,23,0,2,10.73913043478261,0.5383849916778306,0.0,8.695652173913043
菊沢一樹,小倉,芝,1200,やや速い,23,0,2,10.521739130434783,0.6246660983233874,0.0,8.695652173913043
小崎綾也,小倉,芝,1200,やや速い,24,2,2,10.875,0.4538943355119826,8.333333333333332,8.333333333333332
川又賢治,小倉,芝,1200,やや速い,24,1,2,10.083333333333334,0.38362138270226503,4.166666666666666,8.333333333333332
藤田菜七,小倉,芝,1200,やや速い,20,0,1,10.8,0.537422385620915,0.0,5.0
永島まな,小倉,芝,1200,やや速い,24,0,1,10.041666666666666,0.684259663947164,0.0,4.166666666666666
藤懸貴志,小倉,芝,1200,やや速い,25,0,1,10.16,0.6625458365164247,0.0,4.0
黛弘人,小倉,芝,1200,やや速い,41,0,1,11.487804878048781,0.5541726466582995,0.0,2.4390243902439024
和田翼,小倉,芝,1200,やや速い,24,0,0,11.666666666666666,0.5431366223645635,0.0,0.0
福永祐一,小倉,芝,1200,ハイ/持続,28,6,17,4.214285714285714,0.37711429851660944,21.428571428571427,60.71428571428571
川田将雅,小倉,芝,1200,ハイ/持続,45,11,24,4.644444444444445,0.37968112497524265,24.444444444444443,53.333333333333336
坂井瑠星,小倉,芝,1200,ハイ/持続,28,5,12,6.392857142857143,0.36525002775002774,17.857142857142858,42.857142857142854
武豊,小倉,芝,1200,ハイ/持続,35,10,15,5.514285714285714,0.434392598531254,28.57142857142857,42.857142857142854
浜中俊,小倉,芝,1200,ハイ/持続,59,8,23,6.4576271186440675,0.39670305876686734,13.559322033898304,38.983050847457626
岩田望来,小倉,芝,1200,ハイ/持続,33,3,11,7.333333333333333,0.3787711100545325,9.090909090909092,33.33333333333333
丹内祐次,小倉,芝,1200,ハイ/持続,91,7,30,6.681318681318682,0.44719606867312106,7.6923076923076925,32.967032967032964
松山弘平,小倉,芝,1200,ハイ/持続,96,17,29,6.875,0.40603427839181516,17.708333333333336,30.208333333333332
藤岡佑介,小倉,芝,1200,ハイ/持続,44,4,12,7.25,0.4954011396357653,9.090909090909092,27.27272727272727
丸山元気,小倉,芝,1200,ハイ/持続,41,2,11,7.560975609756097,0.360782760997969,4.878048780487805,26.82926829268293
秋山稔樹,小倉,芝,1200,ハイ/持続,34,3,9,8.970588235294118,0.4959420193416733,8.823529411764707,26.47058823529412
吉田隼人,小倉,芝,1200,ハイ/持続,69,6,18,7.782608695652174,0.4439923461023205,8.695652173913043,26.08695652173913
嶋田純次,小倉,芝,1200,ハイ/持続,23,0,6,8.130434782608695,0.41325153249705676,0.0,26.08695652173913
太宰啓介,小倉,芝,1200,ハイ/持続,47,3,12,7.680851063829787,0.5577708517320532,6.382978723404255,25.53191489361702
勝浦正樹,小倉,芝,1200,ハイ/持続,45,3,11,8.222222222222221,0.5782054673721341,6.666666666666667,24.444444444444443
松若風馬,小倉,芝,1200,ハイ/持続,105,14,25,7.838095238095238,0.44553253391488684,13.333333333333334,23.809523809523807
泉谷楓真,小倉,芝,1200,ハイ/持続,38,2,9,8.31578947368421,0.5003053684361735,5.263157894736842,23.684210526315788
秋山真一,小倉,芝,1200,ハイ/持続,64,4,15,7.75,0.5827685603306008,6.25,23.4375
団野大成,小倉,芝,1200,ハイ/持続,57,6,13,7.315789473684211,0.4650558806518559,10.526315789473683,22.807017543859647
佐々木大,小倉,芝,1200,ハイ/持続,22,3,5,8.363636363636363,0.45378537089767035,13.636363636363635,22.727272727272727
北村友一,小倉,芝,1200,ハイ/持続,75,3,17,7.933333333333334,0.5031014628073452,4.0,22.666666666666664
今村聖奈,小倉,芝,1200,ハイ/持続,27,2,6,9.407407407407407,0.478113970270833,7.4074074074074066,22.22222222222222
幸英明,小倉,芝,1200,ハイ/持続,117,6,25,7.452991452991453,0.44416466235847835,5.128205128205128,21.367521367521366
藤田菜七,小倉,芝,1200,ハイ/持続,43,4,9,8.86046511627907,0.5341702035614484,9.30232558139535,20.930232558139537
西村淳也,小倉,芝,1200,ハイ/持続,106,8,22,8.518867924528301,0.4627251964030544,7.547169811320755,20.754716981132077
小牧太,小倉,芝,1200,ハイ/持続,29,1,6,9.172413793103448,0.55567515930092,3.4482758620689653,20.689655172413794
鮫島克駿,小倉,芝,1200,ハイ/持続,94,7,19,7.702127659574468,0.5007768375415435,7.446808510638298,20.212765957446805
藤岡康太,小倉,芝,1200,ハイ/持続,95,6,19,7.978947368421053,0.479548998473147,6.315789473684211,20.0
和田竜二,小倉,芝,1200,ハイ/持続,81,2,16,7.333333333333333,0.4851262420706865,2.4691358024691357,19.753086419753085
川須栄彦,小倉,芝,1200,ハイ/持続,60,5,11,7.65,0.41011490960020375,8.333333333333332,18.333333333333332
荻野極,小倉,芝,1200,ハイ/持続,68,1,12,9.514705882352942,0.4453289945828873,1.4705882352941175,17.647058823529413
角田大河,小倉,芝,1200,ハイ/持続,23,1,4,8.26086956521739,0.45494160570886916,4.3478260869565215,17.391304347826086
菱田裕二,小倉,芝,1200,ハイ/持続,64,5,11,8.6875,0.5149320221241177,7.8125,17.1875
藤懸貴志,小倉,芝,1200,ハイ/持続,53,2,9,9.283018867924529,0.5868282090951348,3.7735849056603774,16.9811320754717
中谷雄太,小倉,芝,1200,ハイ/持続,25,1,4,8.6,0.4966629318394024,4.0,16.0
長岡禎仁,小倉,芝,1200,ハイ/持続,26,0,4,9.076923076923077,0.4943579798783419,0.0,15.384615384615385
古川吉洋,小倉,芝,1200,ハイ/持続,33,1,5,10.151515151515152,0.48301926831338593,3.0303030303030303,15.151515151515152
菊沢一樹,小倉,芝,1200,ハイ/持続,33,2,5,9.030303030303031,0.3853095978095978,6.0606060606060606,15.151515151515152
酒井学,小倉,芝,1200,ハイ/持続,66,3,10,9.121212121212121,0.4622407116056849,4.545454545454546,15.151515151515152
田中健,小倉,芝,1200,ハイ/持続,27,1,4,10.148148148148149,0.45899470899470896,3.7037037037037033,14.814814814814813
松本大輝,小倉,芝,1200,ハイ/持続,37,0,5,8.756756756756756,0.4759550509550509,0.0,13.513513513513514
国分恭介,小倉,芝,1200,ハイ/持続,38,2,5,9.026315789473685,0.5933450815610258,5.263157894736842,13.157894736842104
小沢大仁,小倉,芝,1200,ハイ/持続,46,1,6,8.41304347826087,0.49015235971757715,2.1739130434782608,13.043478260869565
亀田温心,小倉,芝,1200,ハイ/持続,59,2,7,10.271186440677965,0.6343060409735385,3.389830508474576,11.864406779661017
田口貫太,小倉,芝,1200,ハイ/持続,26,0,3,9.538461538461538,0.4845187335289145,0.0,11.538461538461538
黛弘人,小倉,芝,1200,ハイ/持続,44,2,5,10.409090909090908,0.5817247907321437,4.545454545454546,11.363636363636363
富田暁,小倉,芝,1200,ハイ/持続,71,2,8,9.380281690140846,0.49795852219215936,2.8169014084507045,11.267605633802818
中井裕二,小倉,芝,1200,ハイ/持続,27,0,3,10.481481481481481,0.4760165699708183,0.0,11.11111111111111
小崎綾也,小倉,芝,1200,ハイ/持続,37,1,4,10.432432432432432,0.503914858326623,2.7027027027027026,10.81081081081081
川又賢治,小倉,芝,1200,ハイ/持続,37,1,4,10.18918918918919,0.5994534259240142,2.7027027027027026,10.81081081081081
丸田恭介,小倉,芝,1200,ハイ/持続,29,1,3,8.96551724137931,0.583327259848558,3.4482758620689653,10.344827586206897
斎藤新,小倉,芝,1200,ハイ/持続,70,2,7,9.657142857142857,0.5036038133201999,2.857142857142857,10.0
永島まな,小倉,芝,1200,ハイ/持続,44,2,3,10.909090909090908,0.5840507012298456,4.545454545454546,6.8181818181818175
角田大和,小倉,芝,1200,ハイ/持続,44,1,3,10.227272727272727,0.5220760040612982,2.272727272727273,6.8181818181818175
高倉稜,小倉,芝,1200,ハイ/持続,47,0,3,10.574468085106384,0.5686499913658862,0.0,6.382978723404255
国分優作,小倉,芝,1200,ハイ/持続,40,1,2,10.15,0.5484120128237775,2.5,5.0
和田翼,小倉,芝,1200,ハイ/持続,24,0,1,11.083333333333334,0.5663316020852786,0.0,4.166666666666666
松山弘平,小倉,芝,1800,やや速い,22,2,9,5.590909090909091,0.43579974318610676,9.090909090909092,40.909090909090914
西村淳也,小倉,芝,1800,やや速い,20,3,8,5.7,0.3818839493839494,15.0,40.0
和田竜二,小倉,芝,1800,やや速い,30,4,9,5.733333333333333,0.4394583194583195,13.333333333333334,30.0
松若風馬,小倉,芝,1800,やや速い,27,2,7,7.592592592592593,0.48042574709241376,7.4074074074074066,25.925925925925924
丹内祐次,小倉,芝,1800,やや速い,20,3,5,6.35,0.42536359473859475,15.0,25.0
吉田隼人,小倉,芝,1800,やや速い,20,2,5,6.75,0.4443015318015318,10.0,25.0
幸英明,小倉,芝,1800,やや速い,26,1,6,8.076923076923077,0.43449179026102097,3.8461538461538463,23.076923076923077
藤岡康太,小倉,芝,1800,やや速い,20,1,3,7.85,0.4570333832833833,5.0,15.0
川田将雅,小倉,芝,1800,標準〜やや上がり,21,9,16,2.8095238095238093,0.2901172240457955,42.857142857142854,76.19047619047619
西村淳也,小倉,芝,1800,標準〜やや上がり,30,6,13,5.6,0.3884249084249084,20.0,43.333333333333336
和田竜二,小倉,芝,1800,標準〜やや上がり,37,5,15,4.945945945945946,0.4430813555813556,13.513513513513514,40.54054054054054
松山弘平,小倉,芝,1800,標準〜やや上がり,37,7,14,5.108108108108108,0.3911802161802162,18.91891891891892,37.83783783783784
藤岡佑介,小倉,芝,1800,標準〜やや上がり,24,6,9,5.75,0.41182688838938836,25.0,37.5
丹内祐次,小倉,芝,1800,標準〜やや上がり,38,4,12,5.973684210526316,0.34829534500587134,10.526315789473683,31.57894736842105
吉田隼人,小倉,芝,1800,標準〜やや上がり,32,2,10,6.65625,0.5330587381368631,6.25,31.25
北村友一,小倉,芝,1800,標準〜やや上がり,33,2,10,7.0,0.5397146203964386,6.0606060606060606,30.303030303030305
浜中俊,小倉,芝,1800,標準〜やや上がり,37,3,11,5.54054054054054,0.4580573705573706,8.108108108108109,29.72972972972973
菱田裕二,小倉,芝,1800,標準〜やや上がり,21,2,6,7.095238095238095,0.45776207919065065,9.523809523809524,28.57142857142857
藤岡康太,小倉,芝,1800,標準〜やや上がり,36,2,8,7.222222222222222,0.4413311225811226,5.555555555555555,22.22222222222222
丸山元気,小倉,芝,1800,標準〜やや上がり,24,2,5,8.375,0.45562909312909317,8.333333333333332,20.833333333333336
鮫島克駿,小倉,芝,1800,標準〜やや上がり,45,2,9,7.666666666666667,0.46273390190056857,4.444444444444445,20.0
秋山真一,小倉,芝,1800,標準〜やや上がり,28,2,5,7.464285714285714,0.6095701917130488,7.142857142857142,17.857142857142858
富田暁,小倉,芝,1800,標準〜やや上がり,25,1,4,8.16,0.6618717948717949,4.0,16.0
荻野極,小倉,芝,1800,標準〜やや上がり,32,0,5,8.65625,0.42629080988455986,0.0,15.625
幸英明,小倉,芝,1800,標準〜やや上がり,40,3,6,7.825,0.48918962981462977,7.5,15.0
斎藤新,小倉,芝,1800,標準〜やや上がり,27,2,4,7.962962962962963,0.4814492606159273,7.4074074074074066,14.814814814814813
松若風馬,小倉,芝,1800,標準〜やや上がり,41,2,5,6.951219512195122,0.44972425948035705,4.878048780487805,12.195121951219512
酒井学,小倉,芝,1800,標準〜やや上がり,21,1,2,8.904761904761905,0.5625618429189858,4.761904761904762,9.523809523809524
太宰啓介,小倉,芝,1800,標準〜やや上がり,20,0,1,9.5,0.6475578588078588,0.0,5.0
吉田隼人,小倉,芝,2000,やや速い,22,4,14,3.9545454545454546,0.3507613450126819,18.181818181818183,63.63636363636363
川田将雅,小倉,芝,2000,やや速い,20,5,11,4.65,0.3234682678432678,25.0,55.00000000000001
北村友一,小倉,芝,2000,やや速い,26,7,11,5.1923076923076925,0.4155055603019404,26.923076923076923,42.30769230769231
藤岡康太,小倉,芝,2000,やや速い,31,5,13,6.161290322580645,0.4631088682559271,16.129032258064516,41.935483870967744
丹内祐次,小倉,芝,2000,やや速い,34,2,12,5.470588235294118,0.46100048548145434,5.88235294117647,35.294117647058826
和田竜二,小倉,芝,2000,やや速い,33,5,10,5.575757575757576,0.43935117912390637,15.151515151515152,30.303030303030305
松山弘平,小倉,芝,2000,やや速い,31,3,9,5.870967741935484,0.5053713311777828,9.67741935483871,29.03225806451613
西村淳也,小倉,芝,2000,やや速い,25,3,6,6.72,0.38098767245826065,12.0,24.0
幸英明,小倉,芝,2000,やや速い,34,1,8,6.735294117647059,0.42271470359705654,2.941176470588235,23.52941176470588
浜中俊,小倉,芝,2000,やや速い,23,2,5,5.913043478260869,0.49880945638618274,8.695652173913043,21.73913043478261
鮫島克駿,小倉,芝,2000,やや速い,22,1,4,7.681818181818182,0.5647627179712741,4.545454545454546,18.181818181818183
荻野極,小倉,芝,2000,やや速い,26,0,4,9.26923076923077,0.5313134828971933,0.0,15.384615384615385
松若風馬,小倉,芝,2000,やや速い,29,2,4,7.9655172413793105,0.45865375046409534,6.896551724137931,13.793103448275861
浜中俊,小倉,芝,2000,標準〜やや上がり,30,3,16,5.166666666666667,0.3187743220831456,10.0,53.333333333333336
松山弘平,小倉,芝,2000,標準〜やや上がり,36,8,18,4.5,0.47177953219619884,22.22222222222222,50.0
藤岡康太,小倉,芝,2000,標準〜やや上がり,38,7,16,5.947368421052632,0.474705894810384,18.421052631578945,42.10526315789473
丹内祐次,小倉,芝,2000,標準〜やや上がり,41,6,16,4.951219512195122,0.39725553021822746,14.634146341463413,39.02439024390244
荻野極,小倉,芝,2000,標準〜やや上がり,26,3,9,8.076923076923077,0.4004430555618338,11.538461538461538,34.61538461538461
北村友一,小倉,芝,2000,標準〜やや上がり,36,4,12,5.5,0.4835096616346617,11.11111111111111,33.33333333333333
西村淳也,小倉,芝,2000,標準〜やや上がり,33,3,10,6.242424242424242,0.42003470385823327,9.090909090909092,30.303030303030305
鮫島克駿,小倉,芝,2000,標準〜やや上がり,34,3,9,6.382352941176471,0.5636749184110775,8.823529411764707,26.47058823529412
幸英明,小倉,芝,2000,標準〜やや上がり,44,4,11,6.840909090909091,0.5058951706344754,9.090909090909092,25.0
秋山真一,小倉,芝,2000,標準〜やや上がり,25,1,6,7.52,0.46328005328005323,4.0,24.0
酒井学,小倉,芝,2000,標準〜やや上がり,22,0,5,7.2272727272727275,0.48593893480257117,0.0,22.727272727272727
斎藤新,小倉,芝,2000,標準〜やや上がり,24,1,5,7.5,0.4236454857778387,4.166666666666666,20.833333333333336
吉田隼人,小倉,芝,2000,標準〜やや上がり,24,3,4,6.708333333333333,0.42674255551093787,12.5,16.666666666666664
富田暁,小倉,芝,2000,標準〜やや上がり,26,1,4,7.846153846153846,0.6049823165773393,3.8461538461538463,15.384615384615385
和田竜二,小倉,芝,2000,標準〜やや上がり,31,2,4,6.096774193548387,0.4280474901442643,6.451612903225806,12.903225806451612
松若風馬,小倉,芝,2000,標準〜やや上がり,40,2,4,7.925,0.49451340326340326,5.0,10.0
丸山元気,小倉,芝,2000,標準〜やや上がり,24,1,2,8.208333333333334,0.4485980250686133,4.166666666666666,8.333333333333332
丹内祐次,小倉,芝,2600,スロー上がり,21,1,5,6.238095238095238,0.40175776604348035,4.761904761904762,23.809523809523807
丹内祐次,小倉,芝,2600,標準〜やや上がり,21,4,9,5.476190476190476,0.37206867206867206,19.047619047619047,42.857142857142854
今村聖奈,新潟,ダ,1200,ハイ/持続,37,6,16,6.5675675675675675,0.44530424530424534,16.216216216216218,43.24324324324324
団野大成,新潟,ダ,1200,ハイ/持続,26,3,10,5.6923076923076925,0.49987896718665953,11.538461538461538,38.46153846153847
戸崎圭太,新潟,ダ,1200,ハイ/持続,71,9,27,6.591549295774648,0.4376618686477841,12.676056338028168,38.028169014084504
佐々木大,新潟,ダ,1200,ハイ/持続,42,6,15,7.095238095238095,0.4278376385519243,14.285714285714285,35.714285714285715
三浦皇成,新潟,ダ,1200,ハイ/持続,72,10,25,6.319444444444445,0.38670634920634916,13.88888888888889,34.72222222222222
北村友一,新潟,ダ,1200,ハイ/持続,26,2,9,6.653846153846154,0.4719280719280719,7.6923076923076925,34.61538461538461
中井裕二,新潟,ダ,1200,ハイ/持続,36,6,12,6.638888888888889,0.3996952121952122,16.666666666666664,33.33333333333333
Ｍ．デム,新潟,ダ,1200,ハイ/持続,31,4,10,6.548387096774194,0.46881720430107526,12.903225806451612,32.25806451612903
吉田隼人,新潟,ダ,1200,ハイ/持続,57,7,18,6.701754385964913,0.3932406774512038,12.280701754385964,31.57894736842105
西塚洸二,新潟,ダ,1200,ハイ/持続,32,4,10,7.3125,0.44514365842490844,12.5,31.25
菅原明良,新潟,ダ,1200,ハイ/持続,88,12,26,7.0,0.4848860735224372,13.636363636363635,29.545454545454547
菱田裕二,新潟,ダ,1200,ハイ/持続,61,8,18,6.885245901639344,0.5068836445885626,13.114754098360656,29.508196721311474
津村明秀,新潟,ダ,1200,ハイ/持続,108,10,31,6.611111111111111,0.4223526473526473,9.25925925925926,28.703703703703702
岩田康誠,新潟,ダ,1200,ハイ/持続,21,2,6,6.9523809523809526,0.5365079365079366,9.523809523809524,28.57142857142857
川須栄彦,新潟,ダ,1200,ハイ/持続,35,6,10,7.285714285714286,0.4163265306122449,17.142857142857142,28.57142857142857
秋山真一,新潟,ダ,1200,ハイ/持続,25,1,7,6.76,0.5771168831168831,4.0,28.000000000000004
鮫島克駿,新潟,ダ,1200,ハイ/持続,50,3,14,6.7,0.444948051948052,6.0,28.000000000000004
小崎綾也,新潟,ダ,1200,ハイ/持続,26,2,7,6.846153846153846,0.3912587412587412,7.6923076923076925,26.923076923076923
岩田望来,新潟,ダ,1200,ハイ/持続,35,4,9,7.9714285714285715,0.4065410779696494,11.428571428571429,25.71428571428571
丸山元気,新潟,ダ,1200,ハイ/持続,90,8,23,6.933333333333334,0.49855107855107855,8.88888888888889,25.555555555555554
丹内祐次,新潟,ダ,1200,ハイ/持続,68,2,17,7.161764705882353,0.4241704374057315,2.941176470588235,25.0
加藤祥太,新潟,ダ,1200,ハイ/持続,32,0,8,7.8125,0.4111206501831502,0.0,25.0
田中勝春,新潟,ダ,1200,ハイ/持続,24,1,6,7.666666666666667,0.5645299145299145,4.166666666666666,25.0
嶋田純次,新潟,ダ,1200,ハイ/持続,33,1,8,8.515151515151516,0.5035409035409035,3.0303030303030303,24.242424242424242
柴田善臣,新潟,ダ,1200,ハイ/持続,33,3,8,7.454545454545454,0.5177357995539813,9.090909090909092,24.242424242424242
森裕太朗,新潟,ダ,1200,ハイ/持続,21,2,5,6.666666666666667,0.5585295656724228,9.523809523809524,23.809523809523807
秋山稔樹,新潟,ダ,1200,ハイ/持続,44,3,10,7.454545454545454,0.4782660521296885,6.8181818181818175,22.727272727272727
石橋脩,新潟,ダ,1200,ハイ/持続,67,6,15,7.402985074626866,0.4543257737287588,8.955223880597014,22.388059701492537
藤田菜七,新潟,ダ,1200,ハイ/持続,121,9,27,7.859504132231405,0.47085297622487704,7.43801652892562,22.31404958677686
荻野極,新潟,ダ,1200,ハイ/持続,54,4,12,7.462962962962963,0.4702538202538203,7.4074074074074066,22.22222222222222
武藤雅,新潟,ダ,1200,ハイ/持続,64,3,14,7.828125,0.4902043269230769,4.6875,21.875
坂井瑠星,新潟,ダ,1200,ハイ/持続,28,2,6,7.892857142857143,0.44642857142857145,7.142857142857142,21.428571428571427
田辺裕信,新潟,ダ,1200,ハイ/持続,42,5,9,7.285714285714286,0.4849206349206349,11.904761904761903,21.428571428571427
富田暁,新潟,ダ,1200,ハイ/持続,57,7,12,7.526315789473684,0.44497403181613704,12.280701754385964,21.052631578947366
小沢大仁,新潟,ダ,1200,ハイ/持続,38,2,8,9.0,0.5120059764796607,5.263157894736842,21.052631578947366
木幡育也,新潟,ダ,1200,ハイ/持続,48,1,10,9.229166666666666,0.4777895715395715,2.083333333333333,20.833333333333336
永島まな,新潟,ダ,1200,ハイ/持続,53,2,11,7.2075471698113205,0.6006898761615743,3.7735849056603774,20.754716981132077
菊沢一樹,新潟,ダ,1200,ハイ/持続,135,9,28,7.496296296296296,0.4994840344840345,6.666666666666667,20.74074074074074
横山和生,新潟,ダ,1200,ハイ/持続,34,3,7,7.9411764705882355,0.578765352294764,8.823529411764707,20.588235294117645
斎藤新,新潟,ダ,1200,ハイ/持続,79,6,16,7.569620253164557,0.4663912739862107,7.59493670886076,20.253164556962027
木幡巧也,新潟,ダ,1200,ハイ/持続,105,7,20,7.771428571428571,0.4623792080934938,6.666666666666667,19.047619047619047
亀田温心,新潟,ダ,1200,ハイ/持続,48,3,9,7.333333333333333,0.5184339965589966,6.25,18.75
江田照男,新潟,ダ,1200,ハイ/持続,48,3,9,8.291666666666666,0.5015186202686203,6.25,18.75
大野拓弥,新潟,ダ,1200,ハイ/持続,54,2,10,8.037037037037036,0.5199582824582825,3.7037037037037033,18.51851851851852
西村淳也,新潟,ダ,1200,ハイ/持続,54,3,10,9.037037037037036,0.47310878421989533,5.555555555555555,18.51851851851852
内田博幸,新潟,ダ,1200,ハイ/持続,67,2,12,7.7611940298507465,0.5000656060357553,2.9850746268656714,17.91044776119403
武士沢友,新潟,ダ,1200,ハイ/持続,34,2,6,8.147058823529411,0.6980392156862746,5.88235294117647,17.647058823529413
横山武史,新潟,ダ,1200,ハイ/持続,40,1,7,7.625,0.5028912753912753,2.5,17.5
吉田豊,新潟,ダ,1200,ハイ/持続,46,1,8,8.326086956521738,0.5420688007644529,2.1739130434782608,17.391304347826086
木幡初也,新潟,ダ,1200,ハイ/持続,52,5,9,8.942307692307692,0.5466715976331361,9.615384615384617,17.307692307692307
丸田恭介,新潟,ダ,1200,ハイ/持続,82,6,14,8.036585365853659,0.5758205209424722,7.317073170731707,17.073170731707318
川又賢治,新潟,ダ,1200,ハイ/持続,53,6,9,7.660377358490566,0.5307554081138987,11.320754716981133,16.9811320754717
小林美駒,新潟,ダ,1200,ハイ/持続,30,3,5,7.266666666666667,0.49716505716505716,10.0,16.666666666666664
小林脩斗,新潟,ダ,1200,ハイ/持続,54,3,9,8.074074074074074,0.5072319655652989,5.555555555555555,16.666666666666664
勝浦正樹,新潟,ダ,1200,ハイ/持続,39,1,6,8.051282051282051,0.593184308568924,2.564102564102564,15.384615384615385
原優介,新潟,ダ,1200,ハイ/持続,66,2,10,7.7272727272727275,0.4610470337743065,3.0303030303030303,15.151515151515152
野中悠太,新潟,ダ,1200,ハイ/持続,53,1,8,8.622641509433961,0.5651254405971388,1.8867924528301887,15.09433962264151
柴田大知,新潟,ダ,1200,ハイ/持続,61,2,9,8.21311475409836,0.5133969855281331,3.278688524590164,14.754098360655737
長岡禎仁,新潟,ダ,1200,ハイ/持続,29,1,4,6.758620689655173,0.5844775913741431,3.4482758620689653,13.793103448275861
北村宏司,新潟,ダ,1200,ハイ/持続,30,1,4,7.4,0.47744810744810745,3.3333333333333335,13.333333333333334
松本大輝,新潟,ダ,1200,ハイ/持続,40,3,5,8.3,0.46525724275724273,7.5,12.5
伴啓太,新潟,ダ,1200,ハイ/持続,33,2,4,10.030303030303031,0.5545454545454546,6.0606060606060606,12.121212121212121
泉谷楓真,新潟,ダ,1200,ハイ/持続,25,1,3,8.76,0.5332667332667334,4.0,12.0
石川裕紀,新潟,ダ,1200,ハイ/持続,52,2,6,8.423076923076923,0.5567483798253029,3.8461538461538463,11.538461538461538
西田雄一,新潟,ダ,1200,ハイ/持続,26,0,3,9.615384615384615,0.5925574425574426,0.0,11.538461538461538
横山琉人,新潟,ダ,1200,ハイ/持続,35,1,4,8.428571428571429,0.5290105132962276,2.857142857142857,11.428571428571429
角田大和,新潟,ダ,1200,ハイ/持続,27,1,3,9.0,0.5032683366016699,3.7037037037037033,11.11111111111111
宮崎北斗,新潟,ダ,1200,ハイ/持続,30,0,3,9.2,0.5128083028083028,0.0,10.0
小林凌大,新潟,ダ,1200,ハイ/持続,50,2,5,8.42,0.5763290043290044,4.0,10.0
永野猛蔵,新潟,ダ,1200,ハイ/持続,25,0,2,7.96,0.5525714285714286,0.0,8.0
杉原誠人,新潟,ダ,1200,ハイ/持続,53,2,4,9.471698113207546,0.549685534591195,3.7735849056603774,7.547169811320755
山田敬士,新潟,ダ,1200,ハイ/持続,28,1,2,9.571428571428571,0.5783549783549784,3.571428571428571,7.142857142857142
黛弘人,新潟,ダ,1200,ハイ/持続,32,0,2,9.09375,0.6441662504162504,0.0,6.25
柴山雄一,新潟,ダ,1200,ハイ/持続,20,0,1,8.7,0.5381196581196581,0.0,5.0
石田拓郎,新潟,ダ,1200,ハイ/持続,23,0,1,9.782608695652174,0.6072463768115942,0.0,4.3478260869565215
岩部純二,新潟,ダ,1200,ハイ/持続,24,0,1,9.666666666666666,0.7605616605616605,0.0,4.166666666666666
戸崎圭太,新潟,ダ,1800,やや速い,46,11,24,5.195652173913044,0.37087115782767954,23.91304347826087,52.17391304347826
坂井瑠星,新潟,ダ,1800,やや速い,21,4,8,5.9523809523809526,0.38178963893249607,19.047619047619047,38.095238095238095
丸山元気,新潟,ダ,1800,やや速い,51,9,19,5.7254901960784315,0.35413105413105417,17.647058823529413,37.254901960784316
丹内祐次,新潟,ダ,1800,やや速い,43,6,16,5.906976744186046,0.3222619112153996,13.953488372093023,37.2093023255814
岩田望来,新潟,ダ,1800,やや速い,33,4,12,6.666666666666667,0.37704013158558614,12.121212121212121,36.36363636363637
吉田隼人,新潟,ダ,1800,やや速い,25,3,9,6.08,0.3691317571317571,12.0,36.0
三浦皇成,新潟,ダ,1800,やや速い,45,4,16,6.466666666666667,0.43985014985014986,8.88888888888889,35.55555555555556
北村宏司,新潟,ダ,1800,やや速い,20,4,7,6.55,0.4143772893772894,20.0,35.0
西村淳也,新潟,ダ,1800,やや速い,48,5,16,6.583333333333333,0.3864886849261849,10.416666666666668,33.33333333333333
富田暁,新潟,ダ,1800,やや速い,26,3,8,5.8076923076923075,0.4175967195197965,11.538461538461538,30.76923076923077
Ｍ．デム,新潟,ダ,1800,やや速い,23,1,7,6.173913043478261,0.41884057971014493,4.3478260869565215,30.434782608695656
岩田康誠,新潟,ダ,1800,やや速い,20,3,6,5.7,0.3968223443223443,15.0,30.0
荻野極,新潟,ダ,1800,やや速い,27,3,8,6.925925925925926,0.5134088134088134,11.11111111111111,29.629629629629626
鮫島克駿,新潟,ダ,1800,やや速い,24,1,7,6.625,0.37168849668849663,4.166666666666666,29.166666666666668
津村明秀,新潟,ダ,1800,やや速い,66,7,19,7.181818181818182,0.4608190630917904,10.606060606060606,28.78787878787879
小林脩斗,新潟,ダ,1800,やや速い,22,0,6,6.954545454545454,0.6199869574869574,0.0,27.27272727272727
柴田善臣,新潟,ダ,1800,やや速い,22,3,6,6.954545454545454,0.5583810129264675,13.636363636363635,27.27272727272727
田辺裕信,新潟,ダ,1800,やや速い,34,3,9,7.147058823529412,0.4923831070889894,8.823529411764707,26.47058823529412
菅原明良,新潟,ダ,1800,やや速い,58,4,15,6.982758620689655,0.5026201767581078,6.896551724137931,25.862068965517242
木幡巧也,新潟,ダ,1800,やや速い,71,5,17,7.28169014084507,0.46773441738230476,7.042253521126761,23.943661971830984
石橋脩,新潟,ダ,1800,やや速い,47,1,11,7.51063829787234,0.46000595149531315,2.127659574468085,23.404255319148938
永島まな,新潟,ダ,1800,やや速い,23,1,5,7.782608695652174,0.6045150501672241,4.3478260869565215,21.73913043478261
亀田温心,新潟,ダ,1800,やや速い,33,3,7,7.454545454545454,0.4611625747989384,9.090909090909092,21.21212121212121
吉田豊,新潟,ダ,1800,やや速い,35,1,7,6.942857142857143,0.5588409209837781,2.857142857142857,20.0
小沢大仁,新潟,ダ,1800,やや速い,21,1,4,7.619047619047619,0.6045525902668759,4.761904761904762,19.047619047619047
斎藤新,新潟,ダ,1800,やや速い,42,4,8,7.119047619047619,0.47052722409865266,9.523809523809524,19.047619047619047
菊沢一樹,新潟,ダ,1800,やや速い,75,4,14,7.653333333333333,0.5462708402708403,5.333333333333334,18.666666666666668
菱田裕二,新潟,ダ,1800,やや速い,33,2,6,6.515151515151516,0.4932326932326932,6.0606060606060606,18.181818181818183
内田博幸,新潟,ダ,1800,やや速い,58,4,10,7.448275862068965,0.5286598459012253,6.896551724137931,17.24137931034483
石川裕紀,新潟,ダ,1800,やや速い,29,0,5,8.551724137931034,0.5430908172287483,0.0,17.24137931034483
柴田大知,新潟,ダ,1800,やや速い,35,1,6,7.8,0.598816897388326,2.857142857142857,17.142857142857142
秋山稔樹,新潟,ダ,1800,やや速い,30,2,5,7.4,0.4798658748658749,6.666666666666667,16.666666666666664
杉原誠人,新潟,ダ,1800,やや速い,25,1,4,8.12,0.6090545010545011,4.0,16.0
大野拓弥,新潟,ダ,1800,やや速い,39,1,6,7.589743589743589,0.5447885447885448,2.564102564102564,15.384615384615385
藤田菜七,新潟,ダ,1800,やや速い,44,3,6,7.659090909090909,0.5997869554687737,6.8181818181818175,13.636363636363635
木幡育也,新潟,ダ,1800,やや速い,23,1,3,9.0,0.5513580622276275,4.3478260869565215,13.043478260869565
野中悠太,新潟,ダ,1800,やや速い,38,1,4,8.789473684210526,0.5600005257899995,2.631578947368421,10.526315789473683
丸田恭介,新潟,ダ,1800,やや速い,40,1,4,7.925,0.6322536491286491,2.5,10.0
原優介,新潟,ダ,1800,やや速い,41,3,4,8.195121951219512,0.5612282026916173,7.317073170731707,9.75609756097561
武藤雅,新潟,ダ,1800,やや速い,42,1,4,8.452380952380953,0.49211621711621706,2.380952380952381,9.523809523809524
木幡初也,新潟,ダ,1800,やや速い,22,0,2,8.545454545454545,0.4753829503829504,0.0,9.090909090909092
江田照男,新潟,ダ,1800,やや速い,36,2,2,9.777777777777779,0.614957264957265,5.555555555555555,5.555555555555555
吉田隼人,新潟,ダ,1800,ハイ/持続,28,2,10,6.821428571428571,0.32303410874839444,7.142857142857142,35.714285714285715
鮫島克駿,新潟,ダ,1800,ハイ/持続,20,3,7,6.7,0.5346911421911422,15.0,35.0
石橋脩,新潟,ダ,1800,ハイ/持続,26,0,8,6.923076923076923,0.4899337841645534,0.0,30.76923076923077
内田博幸,新潟,ダ,1800,ハイ/持続,20,1,5,7.5,0.49393939393939396,5.0,25.0
津村明秀,新潟,ダ,1800,ハイ/持続,39,1,8,7.871794871794871,0.4644419682881221,2.564102564102564,20.51282051282051
丸山元気,新潟,ダ,1800,ハイ/持続,30,1,6,7.4,0.4522438672438672,3.3333333333333335,20.0
丸田恭介,新潟,ダ,1800,ハイ/持続,27,0,5,7.185185185185185,0.6509169842503176,0.0,18.51851851851852
富田暁,新潟,ダ,1800,ハイ/持続,22,0,4,7.954545454545454,0.5506728120364484,0.0,18.181818181818183
杉原誠人,新潟,ダ,1800,ハイ/持続,20,2,3,8.6,0.7113003663003663,10.0,15.0
菊沢一樹,新潟,ダ,1800,ハイ/持続,29,2,4,8.620689655172415,0.5639119501188466,6.896551724137931,13.793103448275861
菅原明良,新潟,ダ,1800,ハイ/持続,20,0,2,8.3,0.516575924075924,0.0,10.0
菱田裕二,新潟,ダ,1800,ハイ/持続,23,0,2,8.08695652173913,0.5196129956999522,0.0,8.695652173913043
藤田菜七,新潟,ダ,1800,ハイ/持続,24,0,2,9.083333333333334,0.5404331779331779,0.0,8.333333333333332
木幡巧也,新潟,ダ,1800,ハイ/持続,28,0,2,9.357142857142858,0.4510822510822511,0.0,7.142857142857142
丹内祐次,新潟,ダ,1800,ハイ/持続,27,1,1,9.444444444444445,0.3662417829084496,3.7037037037037033,3.7037037037037033
丹内祐次,新潟,ダ,1800,標準〜やや上がり,27,6,13,5.0,0.37318905374460926,22.22222222222222,48.148148148148145
丸山元気,新潟,ダ,1800,標準〜やや上がり,21,2,8,6.285714285714286,0.4010957296671582,9.523809523809524,38.095238095238095
津村明秀,新潟,ダ,1800,標準〜やや上がり,21,2,7,6.428571428571429,0.4163610199324485,9.523809523809524,33.33333333333333
藤田菜七,新潟,ダ,1800,標準〜やや上がり,22,3,4,8.227272727272727,0.6747863247863248,13.636363636363635,18.181818181818183
菊沢一樹,新潟,ダ,1800,標準〜やや上がり,31,1,5,7.032258064516129,0.4898309575728931,3.225806451612903,16.129032258064516
木幡巧也,新潟,ダ,1800,標準〜やや上がり,26,0,1,8.192307692307692,0.466971810241041,0.0,3.8461538461538463
鮫島克駿,新潟,芝,1000,やや速い,24,0,9,7.083333333333333,0.4066925381263617,0.0,37.5
菊沢一樹,新潟,芝,1000,やや速い,47,9,17,7.25531914893617,0.5554790710610485,19.148936170212767,36.17021276595745
石橋脩,新潟,芝,1000,やや速い,22,4,7,8.0,0.4459013209013209,18.181818181818183,31.818181818181817
小林脩斗,新潟,芝,1000,やや速い,20,2,6,8.6,0.49454656862745094,10.0,30.0
吉田隼人,新潟,芝,1000,やや速い,20,1,5,6.75,0.5445654223227753,5.0,25.0
津村明秀,新潟,芝,1000,やや速い,39,3,9,8.76923076923077,0.4218127586340256,7.6923076923076925,23.076923076923077
菅原明良,新潟,芝,1000,やや速い,22,4,5,8.863636363636363,0.5301744823803648,18.181818181818183,22.727272727272727
丹内祐次,新潟,芝,1000,やや速い,32,3,7,7.59375,0.47109375,9.375,21.875
菱田裕二,新潟,芝,1000,やや速い,25,3,5,7.88,0.4081470588235294,12.0,20.0
斎藤新,新潟,芝,1000,やや速い,28,2,5,9.392857142857142,0.4807867377720319,7.142857142857142,17.857142857142858
武藤雅,新潟,芝,1000,やや速い,23,1,4,8.521739130434783,0.5420467462347258,4.3478260869565215,17.391304347826086
嶋田純次,新潟,芝,1000,やや速い,36,2,6,6.916666666666667,0.5665123456790124,5.555555555555555,16.666666666666664
黛弘人,新潟,芝,1000,やや速い,20,1,3,8.65,0.6516503267973857,5.0,15.0
藤田菜七,新潟,芝,1000,やや速い,54,3,8,9.703703703703704,0.39123873433513956,5.555555555555555,14.814814814814813
杉原誠人,新潟,芝,1000,やや速い,42,2,6,8.666666666666666,0.5938237688237689,4.761904761904762,14.285714285714285
勝浦正樹,新潟,芝,1000,やや速い,22,0,3,8.454545454545455,0.4610756890168655,0.0,13.636363636363635
西田雄一,新潟,芝,1000,やや速い,32,3,4,8.34375,0.6883242599924585,9.375,12.5
木幡巧也,新潟,芝,1000,やや速い,25,1,3,9.0,0.579281045751634,4.0,12.0
丸山元気,新潟,芝,1000,やや速い,37,0,4,8.54054054054054,0.4748078961314255,0.0,10.81081081081081
亀田温心,新潟,芝,1000,やや速い,20,1,2,9.1,0.48497580442433386,5.0,10.0
丸田恭介,新潟,芝,1000,やや速い,26,1,2,8.576923076923077,0.6177758924082453,3.8461538461538463,7.6923076923076925
江田照男,新潟,芝,1000,やや速い,21,0,0,9.476190476190476,0.38855820105820105,0.0,0.0
丹内祐次,新潟,芝,1000,標準〜やや上がり,27,3,10,7.185185185185185,0.4407061590068126,11.11111111111111,37.03703703703704
津村明秀,新潟,芝,1000,標準〜やや上がり,52,7,16,6.634615384615385,0.4599694956878215,13.461538461538462,30.76923076923077
戸崎圭太,新潟,芝,1000,標準〜やや上がり,23,2,7,6.565217391304348,0.37241759022449555,8.695652173913043,30.434782608695656
西田雄一,新潟,芝,1000,標準〜やや上がり,44,5,13,7.590909090909091,0.6106896946636251,11.363636363636363,29.545454545454547
石橋脩,新潟,芝,1000,標準〜やや上がり,21,2,6,7.9523809523809526,0.3769487593017005,9.523809523809524,28.57142857142857
大野拓弥,新潟,芝,1000,標準〜やや上がり,29,5,8,7.448275862068965,0.45825101200354745,17.24137931034483,27.586206896551722
丸山元気,新潟,芝,1000,標準〜やや上がり,38,2,10,7.552631578947368,0.4617333775615509,5.263157894736842,26.31578947368421
吉田隼人,新潟,芝,1000,標準〜やや上がり,20,0,5,7.55,0.5226774042950513,0.0,25.0
木幡初也,新潟,芝,1000,標準〜やや上がり,20,3,5,7.65,0.4953839869281046,15.0,25.0
横山琉人,新潟,芝,1000,標準〜やや上がり,20,1,5,8.25,0.47961309523809526,5.0,25.0
嶋田純次,新潟,芝,1000,標準〜やや上がり,46,4,11,8.130434782608695,0.47651143790849676,8.695652173913043,23.91304347826087
斎藤新,新潟,芝,1000,標準〜やや上がり,23,2,5,9.391304347826088,0.4724586936223765,8.695652173913043,21.73913043478261
石川裕紀,新潟,芝,1000,標準〜やや上がり,23,3,5,7.565217391304348,0.4819744762200005,13.043478260869565,21.73913043478261
杉原誠人,新潟,芝,1000,標準〜やや上がり,54,4,11,8.907407407407407,0.49871350962037236,7.4074074074074066,20.37037037037037
丸田恭介,新潟,芝,1000,標準〜やや上がり,45,1,9,7.688888888888889,0.550553039915785,2.2222222222222223,20.0
柴田大知,新潟,芝,1000,標準〜やや上がり,25,2,5,7.48,0.42307843137254897,8.0,20.0
木幡巧也,新潟,芝,1000,標準〜やや上がり,33,3,6,10.06060606060606,0.39876393165163215,9.090909090909092,18.181818181818183
荻野極,新潟,芝,1000,標準〜やや上がり,22,1,4,8.136363636363637,0.4501076945929887,4.545454545454546,18.181818181818183
藤田菜七,新潟,芝,1000,標準〜やや上がり,48,3,8,9.104166666666666,0.4284686871543489,6.25,16.666666666666664
菊沢一樹,新潟,芝,1000,標準〜やや上がり,51,2,8,8.313725490196079,0.5369736456674173,3.9215686274509802,15.686274509803921
勝浦正樹,新潟,芝,1000,標準〜やや上がり,20,2,3,8.85,0.39108018207282913,10.0,15.0
内田博幸,新潟,芝,1000,標準〜やや上がり,25,0,2,10.16,0.5900326797385621,0.0,8.0
武藤雅,新潟,芝,1000,標準〜やや上がり,25,1,2,9.76,0.5785457516339869,4.0,8.0
江田照男,新潟,芝,1000,標準〜やや上がり,31,1,1,11.387096774193548,0.5647122827625674,3.225806451612903,3.225806451612903
丸山元気,新潟,芝,1200,やや速い,20,2,6,6.55,0.3719634776987718,10.0,30.0
菱田裕二,新潟,芝,1200,やや速い,21,2,5,9.19047619047619,0.5756904043668749,9.523809523809524,23.809523809523807
勝浦正樹,新潟,芝,1200,やや速い,22,0,5,8.090909090909092,0.5457740380534498,0.0,22.727272727272727
丹内祐次,新潟,芝,1200,やや速い,20,2,4,6.95,0.4171539000215471,10.0,20.0
菊沢一樹,新潟,芝,1200,やや速い,21,0,3,9.333333333333334,0.621938775510204,0.0,14.285714285714285
戸崎圭太,新潟,芝,1400,やや速い,20,2,6,8.3,0.478688141923436,10.0,30.0
柴田大知,新潟,芝,1400,やや速い,20,1,5,8.1,0.3743067716597128,5.0,25.0
石橋脩,新潟,芝,1400,やや速い,24,4,6,8.083333333333334,0.4960738675812206,16.666666666666664,25.0
津村明秀,新潟,芝,1400,やや速い,31,1,6,8.129032258064516,0.3762296605987308,3.225806451612903,19.35483870967742
杉原誠人,新潟,芝,1400,やや速い,21,0,4,9.857142857142858,0.592382699000346,0.0,19.047619047619047
木幡巧也,新潟,芝,1400,やや速い,21,2,3,9.666666666666666,0.56211790854648,9.523809523809524,14.285714285714285
菊沢一樹,新潟,芝,1400,やや速い,23,2,2,8.217391304347826,0.5064096708917681,8.695652173913043,8.695652173913043
戸崎圭太,新潟,芝,1600,スロー上がり,25,5,15,4.96,0.5290642200936319,20.0,60.0
田辺裕信,新潟,芝,1600,スロー上がり,25,5,9,7.16,0.504322958087664,20.0,36.0
北村宏司,新潟,芝,1600,スロー上がり,20,2,6,6.65,0.4902902448858331,10.0,30.0
三浦皇成,新潟,芝,1600,スロー上がり,27,4,8,7.296296296296297,0.4750102566279037,14.814814814814813,29.629629629629626
津村明秀,新潟,芝,1600,スロー上がり,39,2,10,7.153846153846154,0.43809080562474223,5.128205128205128,25.64102564102564
石橋脩,新潟,芝,1600,スロー上がり,36,3,9,7.416666666666667,0.5450603250235603,8.333333333333332,25.0
丸山元気,新潟,芝,1600,スロー上がり,25,1,6,7.88,0.5318018419489008,4.0,24.0
石川裕紀,新潟,芝,1600,スロー上がり,22,1,4,8.363636363636363,0.46672111682138423,4.545454545454546,18.181818181818183
木幡巧也,新潟,芝,1600,スロー上がり,25,2,4,8.32,0.4574558382793677,8.0,16.0
菱田裕二,新潟,芝,1600,スロー上がり,20,0,2,8.05,0.5622503517724107,0.0,10.0
柴田大知,新潟,芝,1600,スロー上がり,21,0,2,8.095238095238095,0.3858644701081676,0.0,9.523809523809524
吉田豊,新潟,芝,1600,スロー上がり,23,1,2,9.130434782608695,0.6678768056325601,4.3478260869565215,8.695652173913043
丸田恭介,新潟,芝,1600,スロー上がり,20,0,1,9.4,0.54072542653425,0.0,5.0
津村明秀,新潟,芝,1600,標準〜やや上がり,20,1,6,8.05,0.4818382352941176,5.0,30.0
戸崎圭太,新潟,芝,1800,スロー上がり,30,6,16,4.3,0.5513256813992108,20.0,53.333333333333336
杉原誠人,新潟,芝,1800,スロー上がり,27,2,11,6.777777777777778,0.4606881801326246,7.4074074074074066,40.74074074074074
藤田菜七,新潟,芝,1800,スロー上がり,23,1,9,7.3478260869565215,0.5700089765307156,4.3478260869565215,39.130434782608695
三浦皇成,新潟,芝,1800,スロー上がり,21,1,7,5.904761904761905,0.4848519788645839,4.761904761904762,33.33333333333333
菅原明良,新潟,芝,1800,スロー上がり,25,4,8,6.6,0.5174146605028959,16.0,32.0
内田博幸,新潟,芝,1800,スロー上がり,23,2,7,6.130434782608695,0.48585876683702767,8.695652173913043,30.434782608695656
岩田望来,新潟,芝,1800,スロー上がり,21,3,6,5.380952380952381,0.4826049689495068,14.285714285714285,28.57142857142857
荻野極,新潟,芝,1800,スロー上がり,22,3,6,7.045454545454546,0.43208514969878603,13.636363636363635,27.27272727272727
吉田隼人,新潟,芝,1800,スロー上がり,26,1,7,6.576923076923077,0.4832231148690425,3.8461538461538463,26.923076923076923
菱田裕二,新潟,芝,1800,スロー上がり,30,0,8,5.933333333333334,0.4856597133803016,0.0,26.666666666666668
石橋脩,新潟,芝,1800,スロー上がり,39,4,9,8.025641025641026,0.5268616334227194,10.256410256410255,23.076923076923077
丸田恭介,新潟,芝,1800,スロー上がり,27,2,6,7.703703703703703,0.5808388627833072,7.4074074074074066,22.22222222222222
津村明秀,新潟,芝,1800,スロー上がり,54,7,12,7.12962962962963,0.4702614983660735,12.962962962962962,22.22222222222222
武藤雅,新潟,芝,1800,スロー上がり,20,1,4,8.65,0.5878604116471764,5.0,20.0
鮫島克駿,新潟,芝,1800,スロー上がり,25,0,5,7.76,0.5824776269482151,0.0,20.0
丸山元気,新潟,芝,1800,スロー上がり,38,3,7,7.894736842105263,0.5310315780710517,7.894736842105263,18.421052631578945
田辺裕信,新潟,芝,1800,スロー上がり,21,1,3,6.190476190476191,0.5376797416713383,4.761904761904762,14.285714285714285
菊沢一樹,新潟,芝,1800,スロー上がり,28,1,4,8.035714285714286,0.506597569097569,3.571428571428571,14.285714285714285
勝浦正樹,新潟,芝,1800,スロー上がり,22,0,3,8.045454545454545,0.5458704990790553,0.0,13.636363636363635
柴田大知,新潟,芝,1800,スロー上がり,23,0,3,8.434782608695652,0.3487870753855409,0.0,13.043478260869565
木幡巧也,新潟,芝,1800,スロー上がり,27,0,2,9.185185185185185,0.41729329131289916,0.0,7.4074074074074066
丹内祐次,新潟,芝,1800,スロー上がり,32,0,2,8.3125,0.4120609705857868,0.0,6.25
戸崎圭太,新潟,芝,2000,スロー上がり,31,6,13,6.580645161290323,0.4646016038568221,19.35483870967742,41.935483870967744
荻野極,新潟,芝,2000,スロー上がり,24,2,10,6.041666666666667,0.369347434972435,8.333333333333332,41.66666666666667
丹内祐次,新潟,芝,2000,スロー上がり,28,2,11,5.642857142857143,0.39252850324278893,7.142857142857142,39.285714285714285
丸田恭介,新潟,芝,2000,スロー上がり,26,2,10,6.461538461538462,0.6642669422081187,7.6923076923076925,38.46153846153847
菅原明良,新潟,芝,2000,スロー上がり,22,2,8,5.590909090909091,0.5205477529006941,9.090909090909092,36.36363636363637
津村明秀,新潟,芝,2000,スロー上がり,37,2,12,6.378378378378378,0.5034419299125181,5.405405405405405,32.432432432432435
丸山元気,新潟,芝,2000,スロー上がり,38,4,12,6.605263157894737,0.4726880145997793,10.526315789473683,31.57894736842105
菱田裕二,新潟,芝,2000,スロー上がり,20,4,6,6.55,0.5091220584970585,20.0,30.0
吉田隼人,新潟,芝,2000,スロー上がり,27,2,8,6.222222222222222,0.514401215463307,7.4074074074074066,29.629629629629626
石橋脩,新潟,芝,2000,スロー上がり,26,2,6,7.269230769230769,0.36258282943803305,7.6923076923076925,23.076923076923077
三浦皇成,新潟,芝,2000,スロー上がり,25,3,5,6.2,0.4677518298694769,12.0,20.0
斎藤新,新潟,芝,2000,スロー上がり,21,2,4,7.619047619047619,0.4589411250125536,9.523809523809524,19.047619047619047
木幡巧也,新潟,芝,2000,スロー上がり,21,1,3,8.047619047619047,0.49422980925081766,4.761904761904762,14.285714285714285
武藤雅,新潟,芝,2000,スロー上がり,21,1,3,7.761904761904762,0.6072288161573876,4.761904761904762,14.285714285714285
菊沢一樹,新潟,芝,2000,スロー上がり,28,1,3,8.392857142857142,0.4950939408397392,3.571428571428571,10.714285714285714
丹内祐次,札幌,ダ,1000,やや速い,23,3,3,7.043478260869565,0.45037329819938515,13.043478260869565,13.043478260869565
武豊,札幌,ダ,1700,やや速い,30,9,18,4.3,0.42734071484071484,30.0,60.0
ルメール,札幌,ダ,1700,やや速い,43,9,20,4.837209302325581,0.3909307746517049,20.930232558139537,46.51162790697674
横山和生,札幌,ダ,1700,やや速い,49,11,18,5.122448979591836,0.4846204815592571,22.448979591836736,36.734693877551024
横山武史,札幌,ダ,1700,やや速い,49,7,18,6.0,0.4254451330981943,14.285714285714285,36.734693877551024
黛弘人,札幌,ダ,1700,やや速い,41,4,11,6.609756097560975,0.4962115120651706,9.75609756097561,26.82926829268293
吉田隼人,札幌,ダ,1700,やや速い,47,4,12,6.872340425531915,0.43477037147249914,8.51063829787234,25.53191489361702
丹内祐次,札幌,ダ,1700,やや速い,67,3,17,6.477611940298507,0.4422215843857635,4.477611940298507,25.37313432835821
坂井瑠星,札幌,ダ,1700,やや速い,25,2,6,7.16,0.5028771228771229,8.0,24.0
池添謙一,札幌,ダ,1700,やや速い,41,4,9,7.7073170731707314,0.4785080772885651,9.75609756097561,21.951219512195124
藤岡佑介,札幌,ダ,1700,やや速い,33,2,7,7.9393939393939394,0.5440115440115441,6.0606060606060606,21.21212121212121
柴山雄一,札幌,ダ,1700,やや速い,21,2,4,8.714285714285714,0.571638678781536,9.523809523809524,19.047619047619047
丸山元気,札幌,ダ,1700,やや速い,22,1,4,7.0,0.4352541397995944,4.545454545454546,18.181818181818183
古川吉洋,札幌,ダ,1700,やや速い,42,1,5,7.928571428571429,0.5810843917986774,2.380952380952381,11.904761904761903
勝浦正樹,札幌,ダ,1700,やや速い,36,0,3,7.055555555555555,0.4789307914307914,0.0,8.333333333333332
菱田裕二,札幌,ダ,1700,やや速い,42,2,3,7.833333333333333,0.6006552970838686,4.761904761904762,7.142857142857142
横山武史,札幌,ダ,1700,ハイ/持続,36,7,12,6.166666666666667,0.4116177032843699,19.444444444444446,33.33333333333333
横山和生,札幌,ダ,1700,ハイ/持続,22,1,6,6.2727272727272725,0.46938112392657844,4.545454545454546,27.27272727272727
丹内祐次,札幌,ダ,1700,ハイ/持続,36,2,9,6.305555555555555,0.498683415350082,5.555555555555555,25.0
黛弘人,札幌,ダ,1700,ハイ/持続,23,1,3,9.956521739130435,0.6583585496628974,4.3478260869565215,13.043478260869565
古川吉洋,札幌,ダ,1700,ハイ/持続,28,2,3,7.642857142857143,0.534027282241568,7.142857142857142,10.714285714285714
ルメール,札幌,ダ,1700,標準〜やや上がり,22,6,14,3.5454545454545454,0.31135531135531136,27.27272727272727,63.63636363636363
横山武史,札幌,ダ,1700,標準〜やや上がり,31,3,12,6.161290322580645,0.44790200838587935,9.67741935483871,38.70967741935484
丹内祐次,札幌,ダ,1700,標準〜やや上がり,30,2,8,6.866666666666666,0.48325498575498577,6.666666666666667,26.666666666666668
吉田隼人,札幌,ダ,1700,標準〜やや上がり,24,4,5,6.375,0.5028807997557997,16.666666666666664,20.833333333333336
菱田裕二,札幌,ダ,1700,標準〜やや上がり,22,1,4,7.454545454545454,0.5148616534980172,4.545454545454546,18.181818181818183
古川吉洋,札幌,ダ,1700,標準〜やや上がり,26,2,4,6.923076923076923,0.539762374377759,7.6923076923076925,15.384615384615385
横山和生,札幌,芝,1200,やや速い,22,3,8,7.5,0.5349025974025974,13.636363636363635,36.36363636363637
横山武史,札幌,芝,1200,やや速い,45,3,15,6.733333333333333,0.4215666740666741,6.666666666666667,33.33333333333333
武豊,札幌,芝,1200,やや速い,33,3,11,6.9393939393939394,0.47784172897809263,9.090909090909092,33.33333333333333
吉田隼人,札幌,芝,1200,やや速い,31,3,10,7.387096774193548,0.4087025877348458,9.67741935483871,32.25806451612903
藤岡康太,札幌,芝,1200,やや速い,21,2,6,6.571428571428571,0.5166361416361417,9.523809523809524,28.57142857142857
勝浦正樹,札幌,芝,1200,やや速い,40,3,11,6.975,0.5281903513153513,7.5,27.500000000000004
ルメール,札幌,芝,1200,やや速い,26,6,7,6.576923076923077,0.5053442284211515,23.076923076923077,26.923076923076923
丹内祐次,札幌,芝,1200,やや速い,55,2,13,7.072727272727272,0.4263929252565616,3.6363636363636362,23.636363636363637
池添謙一,札幌,芝,1200,やや速い,34,2,8,7.911764705882353,0.4678517560870502,5.88235294117647,23.52941176470588
藤岡佑介,札幌,芝,1200,やや速い,30,2,7,7.7,0.4814028564028564,6.666666666666667,23.333333333333332
黛弘人,札幌,芝,1200,やや速い,24,2,5,8.625,0.5116999898249898,8.333333333333332,20.833333333333336
坂井瑠星,札幌,芝,1200,やや速い,21,4,4,8.666666666666666,0.4288503163503164,19.047619047619047,19.047619047619047
古川吉洋,札幌,芝,1200,やや速い,37,3,7,8.0,0.5575547200547201,8.108108108108109,18.91891891891892
菱田裕二,札幌,芝,1200,やや速い,40,1,5,7.7,0.5507453657453658,2.5,12.5
団野大成,札幌,芝,1200,やや速い,20,1,2,7.8,0.39981684981684984,5.0,10.0
武豊,札幌,芝,1200,ハイ/持続,24,9,14,5.291666666666667,0.5684688575313576,37.5,58.333333333333336
ルメール,札幌,芝,1200,ハイ/持続,23,3,12,4.826086956521739,0.4906054090836699,13.043478260869565,52.17391304347826
横山武史,札幌,芝,1200,ハイ/持続,31,5,12,6.290322580645161,0.4312005199101973,16.129032258064516,38.70967741935484
丹内祐次,札幌,芝,1200,ハイ/持続,39,7,14,6.461538461538462,0.37376469684161995,17.94871794871795,35.8974358974359
藤岡佑介,札幌,芝,1200,ハイ/持続,23,2,8,5.6521739130434785,0.48810145168840824,8.695652173913043,34.78260869565217
池添謙一,札幌,芝,1200,ハイ/持続,21,2,7,6.380952380952381,0.4188922188922189,9.523809523809524,33.33333333333333
吉田隼人,札幌,芝,1200,ハイ/持続,26,1,7,6.884615384615385,0.42257443411289564,3.8461538461538463,26.923076923076923
横山和生,札幌,芝,1200,ハイ/持続,23,1,5,7.608695652173913,0.5207723435984305,4.3478260869565215,21.73913043478261
勝浦正樹,札幌,芝,1200,ハイ/持続,23,0,4,8.130434782608695,0.5393041740867828,0.0,17.391304347826086
菱田裕二,札幌,芝,1200,ハイ/持続,23,2,3,8.695652173913043,0.45286832732484905,8.695652173913043,13.043478260869565
古川吉洋,札幌,芝,1200,ハイ/持続,26,0,3,8.846153846153847,0.49359870898332436,0.0,11.538461538461538
丹内祐次,札幌,芝,1500,標準〜やや上がり,21,3,5,6.428571428571429,0.45390033247176104,14.285714285714285,23.809523809523807
ルメール,札幌,芝,1800,標準〜やや上がり,24,6,14,3.7083333333333335,0.4625518000518001,25.0,58.333333333333336
横山武史,札幌,芝,1800,標準〜やや上がり,35,11,17,4.771428571428571,0.41548633905776766,31.428571428571427,48.57142857142857
武豊,札幌,芝,1800,標準〜やや上がり,25,2,10,5.4,0.38541691641691644,8.0,40.0
池添謙一,札幌,芝,1800,標準〜やや上がり,27,6,9,5.296296296296297,0.45559841393174727,22.22222222222222,33.33333333333333
藤岡佑介,札幌,芝,1800,標準〜やや上がり,27,3,9,6.2592592592592595,0.4814383147716481,11.11111111111111,33.33333333333333
丹内祐次,札幌,芝,1800,標準〜やや上がり,36,2,10,6.277777777777778,0.3689644460477794,5.555555555555555,27.77777777777778
黛弘人,札幌,芝,1800,標準〜やや上がり,20,1,1,9.15,0.5788444888444888,5.0,5.0
ルメール,札幌,芝,2000,やや速い,22,3,12,5.2272727272727275,0.4930711964802874,13.636363636363635,54.54545454545454
丹内祐次,札幌,芝,2000,やや速い,23,2,5,6.869565217391305,0.4546299111516503,8.695652173913043,21.73913043478261
横山武史,札幌,芝,2000,やや速い,23,0,4,7.3478260869565215,0.4366808312460486,0.0,17.391304347826086
丹内祐次,札幌,芝,2000,スロー上がり,22,4,7,5.2272727272727275,0.3063030403939495,18.181818181818183,31.818181818181817
ルメール,札幌,芝,2000,標準〜やや上がり,28,5,11,5.25,0.3638196624803767,17.857142857142858,39.285714285714285
横山武史,札幌,芝,2000,標準〜やや上がり,27,2,10,5.333333333333333,0.4635033176699843,7.4074074074074066,37.03703703703704
横山和生,札幌,芝,2000,標準〜やや上がり,22,4,7,6.863636363636363,0.3684926184926185,18.181818181818183,31.818181818181817
池添謙一,札幌,芝,2000,標準〜やや上がり,20,0,6,6.5,0.4485370879120879,0.0,30.0
丹内祐次,札幌,芝,2000,標準〜やや上がり,30,2,8,7.133333333333334,0.42495319495319495,6.666666666666667,26.666666666666668
藤岡佑介,札幌,芝,2000,標準〜やや上がり,22,0,5,5.409090909090909,0.33948046902592355,0.0,22.727272727272727
丹内祐次,札幌,芝,2600,スロー上がり,20,1,7,5.8,0.4511510711510711,5.0,35.0
丹内祐次,札幌,芝,2600,標準〜やや上がり,20,0,3,7.35,0.48792665667665663,0.0,15.0
北村宏司,東京,ダ,1300,やや速い,22,4,7,7.090909090909091,0.478219696969697,18.181818181818183,31.818181818181817
田辺裕信,東京,ダ,1300,やや速い,25,2,7,7.04,0.5153571428571428,8.0,28.000000000000004
内田博幸,東京,ダ,1300,やや速い,33,4,9,8.151515151515152,0.455988455988456,12.121212121212121,27.27272727272727
戸崎圭太,東京,ダ,1300,やや速い,24,3,6,8.291666666666666,0.4379960317460318,12.5,25.0
石川裕紀,東京,ダ,1300,やや速い,28,4,7,7.857142857142857,0.5338010204081632,14.285714285714285,25.0
木幡巧也,東京,ダ,1300,やや速い,26,1,6,8.038461538461538,0.5776098901098901,3.8461538461538463,23.076923076923077
野中悠太,東京,ダ,1300,やや速い,21,0,2,10.714285714285714,0.5722789115646258,0.0,9.523809523809524
武藤雅,東京,ダ,1300,やや速い,25,1,2,10.4,0.5767857142857143,4.0,8.0
川田将雅,東京,ダ,1400,やや速い,28,6,14,4.714285714285714,0.31919642857142855,21.428571428571427,50.0
ルメール,東京,ダ,1400,やや速い,88,17,39,5.8977272727272725,0.37589545870795865,19.318181818181817,44.31818181818182
戸崎圭太,東京,ダ,1400,やや速い,138,24,58,5.963768115942029,0.423683442161703,17.391304347826086,42.028985507246375
Ｍ．デム,東京,ダ,1400,やや速い,50,6,21,6.04,0.42004945054945053,12.0,42.0
福永祐一,東京,ダ,1400,やや速い,40,5,14,6.125,0.5486755952380953,12.5,35.0
荻野極,東京,ダ,1400,やや速い,20,1,6,7.45,0.42613095238095233,5.0,30.0
三浦皇成,東京,ダ,1400,やや速い,123,13,36,6.804878048780488,0.468747952589416,10.569105691056912,29.268292682926827
武豊,東京,ダ,1400,やや速い,35,5,10,7.0,0.45649529042386183,14.285714285714285,28.57142857142857
坂井瑠星,東京,ダ,1400,やや速い,26,1,7,7.769230769230769,0.37900641025641024,3.8461538461538463,26.923076923076923
松山弘平,東京,ダ,1400,やや速い,26,5,7,7.576923076923077,0.3637820512820513,19.230769230769234,26.923076923076923
横山和生,東京,ダ,1400,やや速い,56,4,15,7.5,0.5507579474097332,7.142857142857142,26.785714285714285
横山武史,東京,ダ,1400,やや速い,83,11,22,7.373493975903615,0.43174842226047044,13.253012048192772,26.506024096385545
内田博幸,東京,ダ,1400,やや速い,130,9,32,7.930769230769231,0.45962982530290225,6.923076923076923,24.615384615384617
岩田康誠,東京,ダ,1400,やや速い,49,4,12,7.755102040816326,0.5520015698587127,8.16326530612245,24.489795918367346
北村宏司,東京,ダ,1400,やや速い,115,6,27,7.582608695652174,0.49289297658862874,5.217391304347826,23.47826086956522
丸田恭介,東京,ダ,1400,やや速い,40,2,9,9.275,0.570595238095238,5.0,22.5
菅原明良,東京,ダ,1400,やや速い,80,5,18,7.7875,0.4316592261904762,6.25,22.5
田辺裕信,東京,ダ,1400,やや速い,121,9,25,7.355371900826446,0.5881239972149063,7.43801652892562,20.66115702479339
横山典弘,東京,ダ,1400,やや速い,73,6,15,7.3561643835616435,0.6275929549902153,8.21917808219178,20.54794520547945
勝浦正樹,東京,ダ,1400,やや速い,20,0,4,9.95,0.559375,0.0,20.0
吉田豊,東京,ダ,1400,やや速い,80,3,16,8.1125,0.5937328296703297,3.75,20.0
石橋脩,東京,ダ,1400,やや速い,92,3,18,8.521739130434783,0.44877070393374746,3.260869565217391,19.565217391304348
吉田隼人,東京,ダ,1400,やや速い,26,1,5,7.5,0.44333791208791207,3.8461538461538463,19.230769230769234
原優介,東京,ダ,1400,やや速い,46,2,8,8.282608695652174,0.5379270186335404,4.3478260869565215,17.391304347826086
大野拓弥,東京,ダ,1400,やや速い,115,4,20,8.304347826086957,0.5784169453734671,3.4782608695652173,17.391304347826086
永野猛蔵,東京,ダ,1400,やや速い,39,3,6,8.23076923076923,0.5888982812059735,7.6923076923076925,15.384615384615385
柴田善臣,東京,ダ,1400,やや速い,53,2,8,7.962264150943396,0.5348719676549865,3.7735849056603774,15.09433962264151
木幡巧也,東京,ダ,1400,やや速い,89,1,13,9.134831460674157,0.4553262748487467,1.1235955056179776,14.606741573033707
田中勝春,東京,ダ,1400,やや速い,63,3,9,8.396825396825397,0.5090513983371127,4.761904761904762,14.285714285714285
藤田菜七,東京,ダ,1400,やや速い,29,2,4,7.9655172413793105,0.44037356321839083,6.896551724137931,13.793103448275861
丹内祐次,東京,ダ,1400,やや速い,23,1,3,8.695652173913043,0.41586438923395447,4.3478260869565215,13.043478260869565
木幡育也,東京,ダ,1400,やや速い,32,1,4,9.84375,0.5165922619047619,3.125,12.5
武藤雅,東京,ダ,1400,やや速い,76,1,9,8.921052631578947,0.5156846443030654,1.3157894736842104,11.842105263157894
野中悠太,東京,ダ,1400,やや速い,77,4,9,10.168831168831169,0.5772334808049093,5.194805194805195,11.688311688311687
津村明秀,東京,ダ,1400,やや速い,87,2,10,8.908045977011493,0.43745210727969347,2.2988505747126435,11.494252873563218
松岡正海,東京,ダ,1400,やや速い,67,2,7,9.08955223880597,0.48283992127275704,2.9850746268656714,10.44776119402985
丸山元気,東京,ダ,1400,やや速い,50,2,5,9.08,0.4630119047619048,4.0,10.0
菊沢一樹,東京,ダ,1400,やや速い,40,0,4,8.625,0.4887053571428572,0.0,10.0
石川裕紀,東京,ダ,1400,やや速い,101,0,9,10.277227722772277,0.49343742066514346,0.0,8.91089108910891
佐々木大,東京,ダ,1400,やや速い,23,1,2,9.304347826086957,0.4782031374422679,4.3478260869565215,8.695652173913043
武士沢友,東京,ダ,1400,やや速い,51,1,4,10.784313725490197,0.686035696329814,1.9607843137254901,7.8431372549019605
蛯名正義,東京,ダ,1400,やや速い,30,1,2,10.7,0.4008928571428571,3.3333333333333335,6.666666666666667
江田照男,東京,ダ,1400,やや速い,82,2,4,10.439024390243903,0.555436433485214,2.4390243902439024,4.878048780487805
柴山雄一,東京,ダ,1400,やや速い,21,1,1,9.523809523809524,0.5778061224489796,4.761904761904762,4.761904761904762
柴田大知,東京,ダ,1400,やや速い,77,1,3,10.246753246753247,0.5071916179059036,1.2987012987012987,3.896103896103896
ルメール,東京,ダ,1400,ハイ/持続,53,13,24,5.037735849056604,0.32028301886792454,24.528301886792452,45.28301886792453
戸崎圭太,東京,ダ,1400,ハイ/持続,72,8,30,6.138888888888889,0.494459706959707,11.11111111111111,41.66666666666667
横山和生,東京,ダ,1400,ハイ/持続,30,2,11,6.133333333333334,0.7220833333333334,6.666666666666667,36.666666666666664
三浦皇成,東京,ダ,1400,ハイ/持続,71,7,25,6.788732394366197,0.45602718877366766,9.859154929577464,35.2112676056338
菅原明良,東京,ダ,1400,ハイ/持続,44,4,14,7.136363636363637,0.4755841696182605,9.090909090909092,31.818181818181817
柴山雄一,東京,ダ,1400,ハイ/持続,21,3,6,7.571428571428571,0.614484126984127,14.285714285714285,28.57142857142857
横山典弘,東京,ダ,1400,ハイ/持続,36,4,10,7.083333333333333,0.5188949938949938,11.11111111111111,27.77777777777778
石橋脩,東京,ダ,1400,ハイ/持続,55,7,14,7.763636363636364,0.5265151515151515,12.727272727272727,25.454545454545453
横山武史,東京,ダ,1400,ハイ/持続,40,4,10,7.625,0.4805505952380952,10.0,25.0
吉田豊,東京,ダ,1400,ハイ/持続,50,5,12,7.26,0.6295194805194805,10.0,24.0
内田博幸,東京,ダ,1400,ハイ/持続,90,9,21,7.522222222222222,0.4496250508750509,10.0,23.333333333333332
柴田善臣,東京,ダ,1400,ハイ/持続,40,0,9,8.775,0.4841666666666667,0.0,22.5
Ｍ．デム,東京,ダ,1400,ハイ/持続,35,2,7,7.542857142857143,0.47258658008658005,5.714285714285714,20.0
石川裕紀,東京,ダ,1400,ハイ/持続,59,3,11,8.169491525423728,0.5698602245212414,5.084745762711865,18.64406779661017
北村宏司,東京,ダ,1400,ハイ/持続,49,2,9,8.224489795918368,0.4368070704805399,4.081632653061225,18.367346938775512
丸田恭介,東京,ダ,1400,ハイ/持続,23,0,4,9.478260869565217,0.6104813664596273,0.0,17.391304347826086
津村明秀,東京,ダ,1400,ハイ/持続,69,3,12,8.710144927536232,0.502356098008272,4.3478260869565215,17.391304347826086
田辺裕信,東京,ダ,1400,ハイ/持続,78,5,13,8.41025641025641,0.5179176058983751,6.41025641025641,16.666666666666664
武藤雅,東京,ダ,1400,ハイ/持続,43,2,7,9.209302325581396,0.5077519379844961,4.651162790697675,16.27906976744186
丸山元気,東京,ダ,1400,ハイ/持続,26,1,4,9.807692307692308,0.4536858974358974,3.8461538461538463,15.384615384615385
柴田大知,東京,ダ,1400,ハイ/持続,47,2,7,8.74468085106383,0.5289438398480952,4.25531914893617,14.893617021276595
永野猛蔵,東京,ダ,1400,ハイ/持続,34,0,5,7.647058823529412,0.5781003310415075,0.0,14.705882352941178
岩田康誠,東京,ダ,1400,ハイ/持続,23,3,3,8.608695652173912,0.4631987577639752,13.043478260869565,13.043478260869565
大野拓弥,東京,ダ,1400,ハイ/持続,77,3,10,8.142857142857142,0.5107832643546929,3.896103896103896,12.987012987012985
菊沢一樹,東京,ダ,1400,ハイ/持続,25,2,3,8.44,0.48266666666666663,8.0,12.0
田中勝春,東京,ダ,1400,ハイ/持続,28,0,3,10.142857142857142,0.615625,0.0,10.714285714285714
野中悠太,東京,ダ,1400,ハイ/持続,48,1,5,9.291666666666666,0.5590029761904761,2.083333333333333,10.416666666666668
武士沢友,東京,ダ,1400,ハイ/持続,27,1,2,9.62962962962963,0.6162037037037037,3.7037037037037033,7.4074074074074066
木幡巧也,東京,ダ,1400,ハイ/持続,54,2,3,10.703703703703704,0.472425645342312,3.7037037037037033,5.555555555555555
松岡正海,東京,ダ,1400,ハイ/持続,39,1,2,9.205128205128204,0.49960317460317466,2.564102564102564,5.128205128205128
江田照男,東京,ダ,1400,ハイ/持続,48,0,1,10.25,0.5592013888888888,0.0,2.083333333333333
原優介,東京,ダ,1400,ハイ/持続,23,0,0,9.695652173913043,0.5108695652173914,0.0,0.0
木幡育也,東京,ダ,1400,ハイ/持続,20,0,0,11.65,0.496875,0.0,0.0
ルメール,東京,ダ,1400,標準〜やや上がり,35,12,18,3.942857142857143,0.3544440083725798,34.285714285714285,51.42857142857142
大野拓弥,東京,ダ,1400,標準〜やや上がり,43,5,12,7.558139534883721,0.5096239032285544,11.627906976744185,27.906976744186046
戸崎圭太,東京,ダ,1400,標準〜やや上がり,49,5,12,6.938775510204081,0.42219285816224594,10.204081632653061,24.489795918367346
田辺裕信,東京,ダ,1400,標準〜やや上がり,42,5,10,6.642857142857143,0.6220597854526426,11.904761904761903,23.809523809523807
菅原明良,東京,ダ,1400,標準〜やや上がり,34,3,8,7.088235294117647,0.4649940745528981,8.823529411764707,23.52941176470588
丸田恭介,東京,ダ,1400,標準〜やや上がり,22,1,5,8.409090909090908,0.6018595041322313,4.545454545454546,22.727272727272727
石橋脩,東京,ダ,1400,標準〜やや上がり,24,0,5,7.916666666666667,0.5809695512820513,0.0,20.833333333333336
柴田善臣,東京,ダ,1400,標準〜やや上がり,25,2,5,8.24,0.5396666666666667,8.0,20.0
津村明秀,東京,ダ,1400,標準〜やや上がり,27,1,5,8.185185185185185,0.4403759820426487,3.7037037037037033,18.51851851851852
内田博幸,東京,ダ,1400,標準〜やや上がり,44,3,8,8.045454545454545,0.4692380536130536,6.8181818181818175,18.181818181818183
横山和生,東京,ダ,1400,標準〜やや上がり,28,1,5,7.571428571428571,0.6477465986394558,3.571428571428571,17.857142857142858
三浦皇成,東京,ダ,1400,標準〜やや上がり,34,1,6,7.529411764705882,0.39366883116883117,2.941176470588235,17.647058823529413
横山典弘,東京,ダ,1400,標準〜やや上がり,23,4,4,7.913043478260869,0.6013457556935817,17.391304347826086,17.391304347826086
吉田豊,東京,ダ,1400,標準〜やや上がり,35,0,6,8.285714285714286,0.5816079158936303,0.0,17.142857142857142
石川裕紀,東京,ダ,1400,標準〜やや上がり,35,3,6,8.057142857142857,0.4294387755102041,8.571428571428571,17.142857142857142
佐々木大,東京,ダ,1400,標準〜やや上がり,20,1,3,9.65,0.42829899267399263,5.0,15.0
北村宏司,東京,ダ,1400,標準〜やや上がり,36,1,5,8.972222222222221,0.5238911551411551,2.7777777777777777,13.88888888888889
松岡正海,東京,ダ,1400,標準〜やや上がり,22,0,3,8.636363636363637,0.5323530636030637,0.0,13.636363636363635
木幡巧也,東京,ダ,1400,標準〜やや上がり,34,2,4,10.323529411764707,0.5214244089244089,5.88235294117647,11.76470588235294
横山武史,東京,ダ,1400,標準〜やや上がり,34,0,4,7.588235294117647,0.4560171446200858,0.0,11.76470588235294
岩田康誠,東京,ダ,1400,標準〜やや上がり,20,0,2,8.65,0.5436309523809524,0.0,10.0
柴田大知,東京,ダ,1400,標準〜やや上がり,21,0,2,10.380952380952381,0.4851190476190476,0.0,9.523809523809524
野中悠太,東京,ダ,1400,標準〜やや上がり,28,0,2,9.964285714285714,0.4535076530612245,0.0,7.142857142857142
原優介,東京,ダ,1400,標準〜やや上がり,35,0,2,10.057142857142857,0.5806052281052281,0.0,5.714285714285714
江田照男,東京,ダ,1400,標準〜やや上がり,26,0,1,10.384615384615385,0.6180402930402931,0.0,3.8461538461538463
レーン,東京,ダ,1600,やや速い,27,6,17,3.888888888888889,0.3400560858894192,22.22222222222222,62.96296296296296
川田将雅,東京,ダ,1600,やや速い,28,9,16,4.285714285714286,0.34498299319727893,32.142857142857146,57.14285714285714
ルメール,東京,ダ,1600,やや速い,132,30,63,5.113636363636363,0.36406289417653054,22.727272727272727,47.72727272727273
戸崎圭太,東京,ダ,1600,やや速い,165,32,69,5.678787878787879,0.45167822076912983,19.393939393939394,41.81818181818181
福永祐一,東京,ダ,1600,やや速い,36,4,14,6.027777777777778,0.4163614163614164,11.11111111111111,38.88888888888889
坂井瑠星,東京,ダ,1600,やや速い,28,2,10,6.714285714285714,0.3014634175348461,7.142857142857142,35.714285714285715
松山弘平,東京,ダ,1600,やや速い,35,5,12,6.714285714285714,0.39041351505637223,14.285714285714285,34.285714285714285
横山典弘,東京,ダ,1600,やや速い,79,12,26,6.0886075949367084,0.5949574160017198,15.18987341772152,32.91139240506329
武豊,東京,ダ,1600,やや速い,37,3,12,6.837837837837838,0.39787768537768536,8.108108108108109,32.432432432432435
Ｍ．デム,東京,ダ,1600,やや速い,56,6,17,7.178571428571429,0.4306068931068931,10.714285714285714,30.357142857142854
三浦皇成,東京,ダ,1600,やや速い,125,7,37,6.736,0.491891674991675,5.6000000000000005,29.599999999999998
蛯名正義,東京,ダ,1600,やや速い,24,1,7,8.875,0.499578373015873,4.166666666666666,29.166666666666668
田辺裕信,東京,ダ,1600,やや速い,124,13,32,7.403225806451613,0.4911522952853598,10.483870967741936,25.806451612903224
横山和生,東京,ダ,1600,やや速い,66,5,16,6.924242424242424,0.6494140329367601,7.575757575757576,24.242424242424242
大野拓弥,東京,ダ,1600,やや速い,111,8,26,7.585585585585585,0.5236423486423486,7.207207207207207,23.423423423423422
横山武史,東京,ダ,1600,やや速い,72,8,16,7.680555555555555,0.4978962010212011,11.11111111111111,22.22222222222222
田中勝春,東京,ダ,1600,やや速い,56,5,12,8.464285714285714,0.44486607142857143,8.928571428571429,21.428571428571427
丸山元気,東京,ダ,1600,やや速い,39,4,8,9.025641025641026,0.4399091293322063,10.256410256410255,20.51282051282051
石橋脩,東京,ダ,1600,やや速い,85,3,16,8.235294117647058,0.5423696401637579,3.5294117647058822,18.823529411764707
内田博幸,東京,ダ,1600,やや速い,151,5,28,7.662251655629139,0.47649604810200835,3.3112582781456954,18.543046357615893
原優介,東京,ダ,1600,やや速い,54,2,10,8.518518518518519,0.5366661116661117,3.7037037037037033,18.51851851851852
佐々木大,東京,ダ,1600,やや速い,22,3,4,9.5,0.43702036599763877,13.636363636363635,18.181818181818183
津村明秀,東京,ダ,1600,やや速い,97,2,17,7.711340206185567,0.43495070221874343,2.0618556701030926,17.525773195876287
岩田康誠,東京,ダ,1600,やや速い,48,2,8,7.895833333333333,0.565624046092796,4.166666666666666,16.666666666666664
石川裕紀,東京,ダ,1600,やや速い,91,4,15,8.582417582417582,0.4956415836910343,4.395604395604396,16.483516483516482
菅原明良,東京,ダ,1600,やや速い,87,4,14,7.689655172413793,0.49442439744163885,4.597701149425287,16.091954022988507
岩田望来,東京,ダ,1600,やや速い,26,2,4,9.23076923076923,0.4642980417018879,7.6923076923076925,15.384615384615385
永野猛蔵,東京,ダ,1600,やや速い,46,2,7,8.847826086956522,0.5788721242525591,4.3478260869565215,15.217391304347828
北村宏司,東京,ダ,1600,やや速い,96,3,14,8.0,0.4789431488650238,3.125,14.583333333333334
木幡巧也,東京,ダ,1600,やや速い,107,3,15,9.009345794392523,0.5204074352438839,2.803738317757009,14.018691588785046
吉田豊,東京,ダ,1600,やや速い,90,2,12,8.011111111111111,0.5887859825359826,2.2222222222222223,13.333333333333334
柴田善臣,東京,ダ,1600,やや速い,31,3,4,7.870967741935484,0.4857643700385636,9.67741935483871,12.903225806451612
杉原誠人,東京,ダ,1600,やや速い,26,1,3,9.461538461538462,0.501530360664976,3.8461538461538463,11.538461538461538
武藤雅,東京,ダ,1600,やや速い,57,1,6,8.859649122807017,0.4663349077822762,1.7543859649122806,10.526315789473683
丸田恭介,東京,ダ,1600,やや速い,40,0,4,9.25,0.6565453296703296,0.0,10.0
木幡育也,東京,ダ,1600,やや速い,30,1,3,9.366666666666667,0.4908287545787546,3.3333333333333335,10.0
松岡正海,東京,ダ,1600,やや速い,62,2,6,8.903225806451612,0.5386693951210081,3.225806451612903,9.67741935483871
荻野極,東京,ダ,1600,やや速い,21,2,2,10.0,0.4267573696145125,9.523809523809524,9.523809523809524
菊沢一樹,東京,ダ,1600,やや速い,33,0,3,9.030303030303031,0.5016969141969142,0.0,9.090909090909092
藤田菜七,東京,ダ,1600,やや速い,23,1,2,10.043478260869565,0.6413302277432712,4.3478260869565215,8.695652173913043
武士沢友,東京,ダ,1600,やや速い,38,0,3,9.31578947368421,0.6886182896051317,0.0,7.894736842105263
柴田大知,東京,ダ,1600,やや速い,78,1,6,9.820512820512821,0.5368231661500892,1.282051282051282,7.6923076923076925
江田照男,東京,ダ,1600,やや速い,66,1,5,10.242424242424242,0.5251502916275643,1.5151515151515151,7.575757575757576
野中悠太,東京,ダ,1600,やや速い,69,1,5,9.898550724637682,0.6385955831608006,1.4492753623188406,7.246376811594203
丹内祐次,東京,ダ,1600,やや速い,23,0,0,10.173913043478262,0.3745182353878006,0.0,0.0
勝浦正樹,東京,ダ,1600,やや速い,24,0,0,10.75,0.5763640873015873,0.0,0.0
ルメール,東京,ダ,1600,ハイ/持続,69,13,28,6.304347826086956,0.3830710955710956,18.84057971014493,40.57971014492754
レーン,東京,ダ,1600,ハイ/持続,24,6,9,5.208333333333333,0.4073641636141636,25.0,37.5
Ｍ．デム,東京,ダ,1600,ハイ/持続,44,3,16,6.318181818181818,0.4424200799200799,6.8181818181818175,36.36363636363637
戸崎圭太,東京,ダ,1600,ハイ/持続,88,18,30,5.443181818181818,0.48589232736960014,20.454545454545457,34.090909090909086
原優介,東京,ダ,1600,ハイ/持続,28,2,9,7.107142857142857,0.4357477344084487,7.142857142857142,32.142857142857146
菅原明良,東京,ダ,1600,ハイ/持続,49,4,15,7.714285714285714,0.5256813764466826,8.16326530612245,30.612244897959183
武藤雅,東京,ダ,1600,ハイ/持続,45,2,13,8.488888888888889,0.5197437747437748,4.444444444444445,28.888888888888886
石橋脩,東京,ダ,1600,ハイ/持続,58,2,16,7.379310344827586,0.5351436638074569,3.4482758620689653,27.586206896551722
永野猛蔵,東京,ダ,1600,ハイ/持続,27,3,7,7.481481481481482,0.43355024605024606,11.11111111111111,25.925925925925924
横山武史,東京,ダ,1600,ハイ/持続,35,5,9,7.514285714285714,0.4622527472527473,14.285714285714285,25.71428571428571
大野拓弥,東京,ダ,1600,ハイ/持続,75,4,19,6.84,0.5812815517815518,5.333333333333334,25.333333333333336
内田博幸,東京,ダ,1600,ハイ/持続,69,5,17,8.202898550724637,0.503885245189593,7.246376811594203,24.637681159420293
田辺裕信,東京,ダ,1600,ハイ/持続,72,6,17,6.916666666666667,0.485146392958893,8.333333333333332,23.61111111111111
蛯名正義,東京,ダ,1600,ハイ/持続,23,0,5,8.08695652173913,0.5099219620958751,0.0,21.73913043478261
北村宏司,東京,ダ,1600,ハイ/持続,56,4,11,8.303571428571429,0.47705434446505873,7.142857142857142,19.642857142857142
横山典弘,東京,ダ,1600,ハイ/持続,32,1,6,6.96875,0.6236979166666666,3.125,18.75
横山和生,東京,ダ,1600,ハイ/持続,32,2,6,8.21875,0.5633336715367965,6.25,18.75
三浦皇成,東京,ダ,1600,ハイ/持続,75,6,14,7.226666666666667,0.44471395271395275,8.0,18.666666666666668
津村明秀,東京,ダ,1600,ハイ/持続,43,2,8,8.44186046511628,0.4392278264371288,4.651162790697675,18.6046511627907
吉田豊,東京,ダ,1600,ハイ/持続,47,1,8,7.382978723404255,0.567862722383999,2.127659574468085,17.02127659574468
石川裕紀,東京,ダ,1600,ハイ/持続,55,1,8,9.927272727272728,0.5125364029909485,1.8181818181818181,14.545454545454545
江田照男,東京,ダ,1600,ハイ/持続,44,2,6,8.704545454545455,0.5893479626434172,4.545454545454546,13.636363636363635
丸山元気,東京,ダ,1600,ハイ/持続,26,1,3,8.961538461538462,0.45588017751479293,3.8461538461538463,11.538461538461538
木幡巧也,東京,ダ,1600,ハイ/持続,53,2,6,8.88679245283019,0.4468767867352773,3.7735849056603774,11.320754716981133
藤田菜七,東京,ダ,1600,ハイ/持続,20,0,2,8.75,0.5998214285714286,0.0,10.0
丸田恭介,東京,ダ,1600,ハイ/持続,22,1,2,9.818181818181818,0.6399621212121211,4.545454545454546,9.090909090909092
柴田大知,東京,ダ,1600,ハイ/持続,45,2,4,9.577777777777778,0.5926369926369927,4.444444444444445,8.88888888888889
柴田善臣,東京,ダ,1600,ハイ/持続,36,1,3,9.083333333333334,0.5816919191919192,2.7777777777777777,8.333333333333332
松岡正海,東京,ダ,1600,ハイ/持続,38,0,3,10.026315789473685,0.4737468671679198,0.0,7.894736842105263
野中悠太,東京,ダ,1600,ハイ/持続,43,1,3,9.511627906976743,0.5815572992898574,2.3255813953488373,6.976744186046512
田中勝春,東京,ダ,1600,ハイ/持続,29,1,2,7.827586206896552,0.6363113897596656,3.4482758620689653,6.896551724137931
武士沢友,東京,ダ,1600,ハイ/持続,22,1,1,9.454545454545455,0.6218344155844157,4.545454545454546,4.545454545454546
菊沢一樹,東京,ダ,1600,ハイ/持続,22,1,1,8.545454545454545,0.559453046953047,4.545454545454546,4.545454545454546
ルメール,東京,ダ,1600,標準〜やや上がり,43,13,26,4.162790697674419,0.37331124947404015,30.23255813953488,60.46511627906976
田中勝春,東京,ダ,1600,標準〜やや上がり,21,4,9,5.619047619047619,0.5488053613053613,19.047619047619047,42.857142857142854
戸崎圭太,東京,ダ,1600,標準〜やや上がり,77,9,30,6.1688311688311686,0.4307583650116118,11.688311688311687,38.961038961038966
Ｍ．デム,東京,ダ,1600,標準〜やや上がり,31,7,12,5.967741935483871,0.4185801205962496,22.58064516129032,38.70967741935484
横山和生,東京,ダ,1600,標準〜やや上がり,29,5,11,6.931034482758621,0.6049655325517395,17.24137931034483,37.93103448275862
横山武史,東京,ダ,1600,標準〜やや上がり,33,2,11,6.454545454545454,0.45003468753468756,6.0606060606060606,33.33333333333333
田辺裕信,東京,ダ,1600,標準〜やや上がり,59,8,18,6.440677966101695,0.46628402200436103,13.559322033898304,30.508474576271187
三浦皇成,東京,ダ,1600,標準〜やや上がり,60,6,18,6.366666666666666,0.4458513246013246,10.0,30.0
福永祐一,東京,ダ,1600,標準〜やや上がり,21,2,6,5.476190476190476,0.4033490319204605,9.523809523809524,28.57142857142857
菅原明良,東京,ダ,1600,標準〜やや上がり,36,3,10,6.222222222222222,0.495778527028527,8.333333333333332,27.77777777777778
石橋脩,東京,ダ,1600,標準〜やや上がり,41,4,11,5.975609756097561,0.5285968096943707,9.75609756097561,26.82926829268293
横山典弘,東京,ダ,1600,標準〜やや上がり,33,2,8,7.2727272727272725,0.620575258075258,6.0606060606060606,24.242424242424242
津村明秀,東京,ダ,1600,標準〜やや上がり,47,1,11,6.595744680851064,0.4179044359895424,2.127659574468085,23.404255319148938
内田博幸,東京,ダ,1600,標準〜やや上がり,69,5,14,7.9855072463768115,0.4404333790203356,7.246376811594203,20.28985507246377
大野拓弥,東京,ダ,1600,標準〜やや上がり,65,5,13,7.1692307692307695,0.448483460983461,7.6923076923076925,20.0
北村宏司,東京,ダ,1600,標準〜やや上がり,43,1,8,7.976744186046512,0.5281039051387888,2.3255813953488373,18.6046511627907
吉田豊,東京,ダ,1600,標準〜やや上がり,55,2,10,6.327272727272727,0.5628799483344938,3.6363636363636362,18.181818181818183
永野猛蔵,東京,ダ,1600,標準〜やや上がり,22,1,4,7.863636363636363,0.5024630672357945,4.545454545454546,18.181818181818183
岩田康誠,東京,ダ,1600,標準〜やや上がり,25,0,4,7.4,0.5726410256410257,0.0,16.0
木幡巧也,東京,ダ,1600,標準〜やや上がり,51,3,7,8.03921568627451,0.4905468442233148,5.88235294117647,13.725490196078432
石川裕紀,東京,ダ,1600,標準〜やや上がり,45,2,6,8.977777777777778,0.4693481210147877,4.444444444444445,13.333333333333334
原優介,東京,ダ,1600,標準〜やや上がり,24,0,3,9.5,0.4601591117216117,0.0,12.5
松岡正海,東京,ダ,1600,標準〜やや上がり,35,1,4,9.457142857142857,0.5614873222016079,2.857142857142857,11.428571428571429
江田照男,東京,ダ,1600,標準〜やや上がり,36,0,4,9.63888888888889,0.6067641848891849,0.0,11.11111111111111
武藤雅,東京,ダ,1600,標準〜やや上がり,34,1,3,8.941176470588236,0.4765087853323147,2.941176470588235,8.823529411764707
柴田善臣,東京,ダ,1600,標準〜やや上がり,29,0,2,9.310344827586206,0.5942855994580133,0.0,6.896551724137931
柴田大知,東京,ダ,1600,標準〜やや上がり,36,0,2,9.333333333333334,0.5062745510662177,0.0,5.555555555555555
野中悠太,東京,ダ,1600,標準〜やや上がり,31,1,1,9.935483870967742,0.5354235817945495,3.225806451612903,3.225806451612903
武士沢友,東京,ダ,1600,標準〜やや上がり,22,0,0,8.909090909090908,0.7932900432900433,0.0,0.0
ルメール,東京,ダ,2100,やや速い,33,6,15,5.818181818181818,0.3233620335893063,18.181818181818183,45.45454545454545
戸崎圭太,東京,ダ,2100,やや速い,44,5,17,5.7727272727272725,0.4883974926588563,11.363636363636363,38.63636363636363
大野拓弥,東京,ダ,2100,やや速い,33,2,11,6.575757575757576,0.5562131050767415,6.0606060606060606,33.33333333333333
木幡巧也,東京,ダ,2100,やや速い,27,1,8,8.703703703703704,0.5242638020415799,3.7037037037037033,29.629629629629626
北村宏司,東京,ダ,2100,やや速い,27,3,7,7.592592592592593,0.3916407666407667,11.11111111111111,25.925925925925924
田辺裕信,東京,ダ,2100,やや速い,31,4,8,6.32258064516129,0.5079462204462205,12.903225806451612,25.806451612903224
柴田大知,東京,ダ,2100,やや速い,26,3,6,7.615384615384615,0.5180750339404185,11.538461538461538,23.076923076923077
石橋脩,東京,ダ,2100,やや速い,22,1,5,7.7727272727272725,0.40015760754397117,4.545454545454546,22.727272727272727
津村明秀,東京,ダ,2100,やや速い,24,1,5,8.75,0.5039930555555555,4.166666666666666,20.833333333333336
三浦皇成,東京,ダ,2100,やや速い,34,1,7,8.588235294117647,0.47472429531253063,2.941176470588235,20.588235294117645
内田博幸,東京,ダ,2100,やや速い,44,5,9,8.0,0.5069295288045288,11.363636363636363,20.454545454545457
菅原明良,東京,ダ,2100,やや速い,21,1,4,7.714285714285714,0.48279498279498284,4.761904761904762,19.047619047619047
吉田豊,東京,ダ,2100,やや速い,27,3,4,7.111111111111111,0.45547323047323046,11.11111111111111,14.814814814814813
原優介,東京,ダ,2100,やや速い,21,2,3,6.761904761904762,0.5583444333444334,9.523809523809524,14.285714285714285
石川裕紀,東京,ダ,2100,やや速い,41,1,5,8.731707317073171,0.6251634544317471,2.4390243902439024,12.195121951219512
田中勝春,東京,ダ,2100,やや速い,20,0,2,9.15,0.5358333333333334,0.0,10.0
松岡正海,東京,ダ,2100,やや速い,24,0,2,9.333333333333334,0.5634214743589744,0.0,8.333333333333332
江田照男,東京,ダ,2100,やや速い,28,2,2,9.035714285714286,0.4161441237334094,7.142857142857142,7.142857142857142
戸崎圭太,東京,ダ,2100,スロー上がり,22,0,5,7.545454545454546,0.5872286804104986,0.0,22.727272727272727
内田博幸,東京,ダ,2100,スロー上がり,23,2,3,7.434782608695652,0.5746731529340225,8.695652173913043,13.043478260869565
ルメール,東京,ダ,2100,標準〜やや上がり,43,13,28,3.604651162790698,0.30405001974769413,30.23255813953488,65.11627906976744
Ｍ．デム,東京,ダ,2100,標準〜やや上がり,23,2,9,7.0,0.42550167224080265,8.695652173913043,39.130434782608695
三浦皇成,東京,ダ,2100,標準〜やや上がり,44,2,14,6.431818181818182,0.5244178485655758,4.545454545454546,31.818181818181817
大野拓弥,東京,ダ,2100,標準〜やや上がり,61,4,19,7.213114754098361,0.5393968736181851,6.557377049180328,31.147540983606557
戸崎圭太,東京,ダ,2100,標準〜やや上がり,59,3,18,6.254237288135593,0.497102121042799,5.084745762711865,30.508474576271187
横山武史,東京,ダ,2100,標準〜やや上がり,31,4,8,7.32258064516129,0.4103736317445995,12.903225806451612,25.806451612903224
田辺裕信,東京,ダ,2100,標準〜やや上がり,61,5,14,7.360655737704918,0.5617138098695476,8.19672131147541,22.950819672131146
石橋脩,東京,ダ,2100,標準〜やや上がり,38,3,8,7.684210526315789,0.42134462759462754,7.894736842105263,21.052631578947366
横山和生,東京,ダ,2100,標準〜やや上がり,24,1,5,6.583333333333333,0.529055204055204,4.166666666666666,20.833333333333336
北村宏司,東京,ダ,2100,標準〜やや上がり,46,1,9,7.630434782608695,0.42864026070547806,2.1739130434782608,19.565217391304348
原優介,東京,ダ,2100,標準〜やや上がり,22,1,4,9.454545454545455,0.5453005328005328,4.545454545454546,18.181818181818183
菅原明良,東京,ダ,2100,標準〜やや上がり,30,3,5,7.566666666666666,0.5414124764124765,10.0,16.666666666666664
石川裕紀,東京,ダ,2100,標準〜やや上がり,43,0,7,10.0,0.5103099419959884,0.0,16.27906976744186
吉田豊,東京,ダ,2100,標準〜やや上がり,31,0,5,8.419354838709678,0.524403956258795,0.0,16.129032258064516
木幡巧也,東京,ダ,2100,標準〜やや上がり,45,2,7,8.911111111111111,0.5102446319112987,4.444444444444445,15.555555555555555
田中勝春,東京,ダ,2100,標準〜やや上がり,22,1,3,9.272727272727273,0.5070302803257349,4.545454545454546,13.636363636363635
武藤雅,東京,ダ,2100,標準〜やや上がり,33,0,3,10.151515151515152,0.5278828494737585,0.0,9.090909090909092
松岡正海,東京,ダ,2100,標準〜やや上がり,27,1,2,10.222222222222221,0.4889218805885473,3.7037037037037033,7.4074074074074066
柴田大知,東京,ダ,2100,標準〜やや上がり,33,0,2,9.424242424242424,0.5237922431104249,0.0,6.0606060606060606
津村明秀,東京,ダ,2100,標準〜やや上がり,35,1,2,9.457142857142857,0.45409653838225267,2.857142857142857,5.714285714285714
内田博幸,東京,ダ,2100,標準〜やや上がり,58,1,3,8.568965517241379,0.5820746064280548,1.7241379310344827,5.172413793103448
江田照男,東京,ダ,2100,標準〜やや上がり,25,0,0,10.08,0.5550512820512821,0.0,0.0
野中悠太,東京,ダ,2100,標準〜やや上がり,24,0,0,8.541666666666666,0.6369517635142635,0.0,0.0
ルメール,東京,芝,1400,やや速い,37,10,21,4.351351351351352,0.4621874680698211,27.027027027027028,56.75675675675676
戸崎圭太,東京,芝,1400,やや速い,50,6,23,5.0,0.4897944114708821,12.0,46.0
Ｍ．デム,東京,芝,1400,やや速い,27,4,10,7.0,0.3988190670380213,14.814814814814813,37.03703703703704
津村明秀,東京,芝,1400,やや速い,38,3,11,6.2631578947368425,0.447045363047685,7.894736842105263,28.947368421052634
横山武史,東京,芝,1400,やや速い,21,2,6,7.238095238095238,0.4853089526408854,9.523809523809524,28.57142857142857
三浦皇成,東京,芝,1400,やや速い,40,3,10,8.1,0.48015048676813377,7.5,25.0
北村宏司,東京,芝,1400,やや速い,36,3,8,8.305555555555555,0.5396049824358647,8.333333333333332,22.22222222222222
横山和生,東京,芝,1400,やや速い,23,1,5,7.782608695652174,0.6496385399198699,4.3478260869565215,21.73913043478261
田辺裕信,東京,芝,1400,やや速い,41,4,8,7.219512195121951,0.49801674493209647,9.75609756097561,19.51219512195122
石川裕紀,東京,芝,1400,やや速い,28,2,5,9.464285714285714,0.5372914317242048,7.142857142857142,17.857142857142858
内田博幸,東京,芝,1400,やや速い,37,0,6,9.378378378378379,0.4512631159689983,0.0,16.216216216216218
大野拓弥,東京,芝,1400,やや速い,40,3,6,8.275,0.580789353620236,7.5,15.0
石橋脩,東京,芝,1400,やや速い,28,1,4,8.392857142857142,0.4175812895088105,3.571428571428571,14.285714285714285
永野猛蔵,東京,芝,1400,やや速い,20,0,2,7.7,0.5479075662899192,0.0,10.0
菅原明良,東京,芝,1400,やや速い,24,0,2,8.5,0.49254561478826187,0.0,8.333333333333332
吉田豊,東京,芝,1400,やや速い,27,0,2,9.814814814814815,0.5388986981307243,0.0,7.4074074074074066
木幡巧也,東京,芝,1400,やや速い,28,1,2,8.714285714285714,0.3945541357568669,3.571428571428571,7.142857142857142
江田照男,東京,芝,1400,やや速い,33,0,2,10.303030303030303,0.6106661164147795,0.0,6.0606060606060606
横山典弘,東京,芝,1400,やや速い,20,1,1,9.2,0.6221774753024752,5.0,5.0
武藤雅,東京,芝,1400,やや速い,22,0,1,12.363636363636363,0.5794137383709577,0.0,4.545454545454546
野中悠太,東京,芝,1400,やや速い,23,1,1,10.434782608695652,0.5409256202734464,4.3478260869565215,4.3478260869565215
柴田大知,東京,芝,1400,やや速い,29,0,1,9.275862068965518,0.3348323583110601,0.0,3.4482758620689653
Ｍ．デム,東京,芝,1400,スロー上がり,25,2,15,4.36,0.4968386188974424,8.0,60.0
ルメール,東京,芝,1400,スロー上がり,56,19,30,3.892857142857143,0.44073082175760747,33.92857142857143,53.57142857142857
戸崎圭太,東京,芝,1400,スロー上がり,58,10,26,5.258620689655173,0.4898381284030371,17.24137931034483,44.827586206896555
田辺裕信,東京,芝,1400,スロー上がり,50,7,20,5.22,0.4797725542431425,14.000000000000002,40.0
三浦皇成,東京,芝,1400,スロー上がり,38,3,14,5.578947368421052,0.5301365773888994,7.894736842105263,36.84210526315789
石橋脩,東京,芝,1400,スロー上がり,23,2,7,6.608695652173913,0.3439097738010782,8.695652173913043,30.434782608695656
武豊,東京,芝,1400,スロー上がり,20,2,6,6.4,0.4481904206904207,10.0,30.0
内田博幸,東京,芝,1400,スロー上がり,41,3,12,6.975609756097561,0.43870989125651966,7.317073170731707,29.268292682926827
横山武史,東京,芝,1400,スロー上がり,25,2,7,6.56,0.5835377400377401,8.0,28.000000000000004
柴田善臣,東京,芝,1400,スロー上がり,25,0,6,6.4,0.578977688977689,0.0,24.0
菅原明良,東京,芝,1400,スロー上がり,21,1,5,8.714285714285714,0.5026454365740081,4.761904761904762,23.809523809523807
津村明秀,東京,芝,1400,スロー上がり,32,4,7,6.875,0.4626943369130869,12.5,21.875
横山典弘,東京,芝,1400,スロー上がり,25,2,4,7.16,0.5715054945054945,8.0,16.0
石川裕紀,東京,芝,1400,スロー上がり,25,1,4,8.36,0.5542950382950383,4.0,16.0
北村宏司,東京,芝,1400,スロー上がり,28,0,4,8.142857142857142,0.4709903687582259,0.0,14.285714285714285
大野拓弥,東京,芝,1400,スロー上がり,34,1,4,8.0,0.5447470013646485,2.941176470588235,11.76470588235294
吉田豊,東京,芝,1400,スロー上がり,23,0,2,8.08695652173913,0.5723676685633208,0.0,8.695652173913043
武藤雅,東京,芝,1400,スロー上がり,24,1,2,9.125,0.5065733830439713,4.166666666666666,8.333333333333332
松岡正海,東京,芝,1400,スロー上がり,28,0,2,8.928571428571429,0.3857505094112237,0.0,7.142857142857142
柴田大知,東京,芝,1400,スロー上がり,30,0,1,8.4,0.42774575370163603,0.0,3.3333333333333335
ルメール,東京,芝,1400,標準〜やや上がり,53,11,26,4.679245283018868,0.42805180853183067,20.754716981132077,49.056603773584904
戸崎圭太,東京,芝,1400,標準〜やや上がり,72,9,27,6.041666666666667,0.4889429039551589,12.5,37.5
田辺裕信,東京,芝,1400,標準〜やや上がり,57,5,20,6.350877192982456,0.5242594680288178,8.771929824561402,35.08771929824561
菅原明良,東京,芝,1400,標準〜やや上がり,40,4,14,6.675,0.49655319149804444,10.0,35.0
横山武史,東京,芝,1400,標準〜やや上がり,42,7,13,6.428571428571429,0.5070425703303855,16.666666666666664,30.952380952380953
横山和生,東京,芝,1400,標準〜やや上がり,32,3,9,8.28125,0.5885964296120546,9.375,28.125
三浦皇成,東京,芝,1400,標準〜やや上がり,58,6,15,6.9655172413793105,0.5459591104748306,10.344827586206897,25.862068965517242
Ｍ．デム,東京,芝,1400,標準〜やや上がり,34,2,8,7.4411764705882355,0.5286397906207595,5.88235294117647,23.52941176470588
石川裕紀,東京,芝,1400,標準〜やや上がり,52,4,12,7.826923076923077,0.5181795203288415,7.6923076923076925,23.076923076923077
江田照男,東京,芝,1400,標準〜やや上がり,40,3,9,9.425,0.5028071050681345,7.5,22.5
横山典弘,東京,芝,1400,標準〜やや上がり,28,4,6,7.821428571428571,0.48117494958356305,14.285714285714285,21.428571428571427
菊沢一樹,東京,芝,1400,標準〜やや上がり,20,1,4,9.15,0.4984810206133735,5.0,20.0
内田博幸,東京,芝,1400,標準〜やや上がり,46,3,9,8.847826086956522,0.5371913536875174,6.521739130434782,19.565217391304348
大野拓弥,東京,芝,1400,標準〜やや上がり,57,2,11,8.12280701754386,0.5644519653033585,3.508771929824561,19.298245614035086
柴田善臣,東京,芝,1400,標準〜やや上がり,33,0,6,8.363636363636363,0.5133701364984787,0.0,18.181818181818183
原優介,東京,芝,1400,標準〜やや上がり,24,1,4,8.375,0.47978202013128485,4.166666666666666,16.666666666666664
木幡巧也,東京,芝,1400,標準〜やや上がり,36,2,6,9.027777777777779,0.3809937044618417,5.555555555555555,16.666666666666664
津村明秀,東京,芝,1400,標準〜やや上がり,57,3,9,8.035087719298245,0.4476240449150666,5.263157894736842,15.789473684210526
北村宏司,東京,芝,1400,標準〜やや上がり,47,1,7,8.02127659574468,0.5005517045879999,2.127659574468085,14.893617021276595
松岡正海,東京,芝,1400,標準〜やや上がり,28,1,4,9.714285714285714,0.35515040515040514,3.571428571428571,14.285714285714285
柴田大知,東京,芝,1400,標準〜やや上がり,44,2,6,7.590909090909091,0.4252368602134645,4.545454545454546,13.636363636363635
丸山元気,東京,芝,1400,標準〜やや上がり,29,1,3,9.482758620689655,0.5276683734340936,3.4482758620689653,10.344827586206897
野中悠太,東京,芝,1400,標準〜やや上がり,31,0,3,10.35483870967742,0.4860896798752586,0.0,9.67741935483871
永野猛蔵,東京,芝,1400,標準〜やや上がり,22,0,2,10.181818181818182,0.6298276886512181,0.0,9.090909090909092
杉原誠人,東京,芝,1400,標準〜やや上がり,23,0,2,9.652173913043478,0.49285862617064663,0.0,8.695652173913043
吉田豊,東京,芝,1400,標準〜やや上がり,36,0,3,9.805555555555555,0.6410353671383082,0.0,8.333333333333332
石橋脩,東京,芝,1400,標準〜やや上がり,48,2,4,9.145833333333334,0.3916205390470096,4.166666666666666,8.333333333333332
武藤雅,東京,芝,1400,標準〜やや上がり,29,1,2,10.206896551724139,0.553416945911875,3.4482758620689653,6.896551724137931
丸田恭介,東京,芝,1400,標準〜やや上がり,22,0,1,9.272727272727273,0.6122674710910005,0.0,4.545454545454546
ルメール,東京,芝,1600,やや速い,46,14,26,4.108695652173913,0.40260511369846413,30.434782608695656,56.52173913043478
戸崎圭太,東京,芝,1600,やや速い,47,3,19,5.808510638297872,0.43577296712465674,6.382978723404255,40.42553191489361
田辺裕信,東京,芝,1600,やや速い,36,4,12,6.166666666666667,0.5838174942341608,11.11111111111111,33.33333333333333
Ｍ．デム,東京,芝,1600,やや速い,23,3,7,7.869565217391305,0.4858179224867204,13.043478260869565,30.434782608695656
内田博幸,東京,芝,1600,やや速い,24,2,7,7.416666666666667,0.5316066456691456,8.333333333333332,29.166666666666668
菅原明良,東京,芝,1600,やや速い,24,3,6,6.541666666666667,0.6180708554789437,12.5,25.0
三浦皇成,東京,芝,1600,やや速い,35,2,8,7.914285714285715,0.4852746693082827,5.714285714285714,22.857142857142858
横山和生,東京,芝,1600,やや速い,21,1,4,7.761904761904762,0.5137244291656057,4.761904761904762,19.047619047619047
横山武史,東京,芝,1600,やや速い,29,2,5,8.482758620689655,0.5511647806779653,6.896551724137931,17.24137931034483
津村明秀,東京,芝,1600,やや速い,33,2,5,8.636363636363637,0.44377400921518567,6.0606060606060606,15.151515151515152
石川裕紀,東京,芝,1600,やや速い,21,0,3,8.619047619047619,0.5610311646025932,0.0,14.285714285714285
大野拓弥,東京,芝,1600,やや速い,30,0,3,8.466666666666667,0.5532997258732553,0.0,10.0
木幡巧也,東京,芝,1600,やや速い,21,0,0,10.761904761904763,0.4091755933142488,0.0,0.0
ルメール,東京,芝,1600,スロー上がり,79,28,52,3.0253164556962027,0.417310863001481,35.44303797468354,65.82278481012658
川田将雅,東京,芝,1600,スロー上がり,25,4,11,4.6,0.38841368761957,16.0,44.0
戸崎圭太,東京,芝,1600,スロー上がり,88,14,36,4.988636363636363,0.5517487498018915,15.909090909090908,40.909090909090914
武豊,東京,芝,1600,スロー上がり,27,4,11,4.703703703703703,0.4880392483333659,14.814814814814813,40.74074074074074
Ｍ．デム,東京,芝,1600,スロー上がり,43,11,17,4.511627906976744,0.4480056195514472,25.581395348837212,39.53488372093023
松山弘平,東京,芝,1600,スロー上がり,21,0,8,5.619047619047619,0.4054424411567269,0.0,38.095238095238095
田辺裕信,東京,芝,1600,スロー上がり,62,10,23,5.548387096774194,0.4951953881033578,16.129032258064516,37.096774193548384
武藤雅,東京,芝,1600,スロー上がり,22,3,8,7.909090909090909,0.5560228281819192,13.636363636363635,36.36363636363637
横山武史,東京,芝,1600,スロー上がり,47,2,16,5.468085106382978,0.4352803381432918,4.25531914893617,34.04255319148936
横山和生,東京,芝,1600,スロー上がり,29,5,9,6.137931034482759,0.6018504484021725,17.24137931034483,31.03448275862069
蛯名正義,東京,芝,1600,スロー上がり,23,2,7,5.782608695652174,0.4765070820058032,8.695652173913043,30.434782608695656
吉田豊,東京,芝,1600,スロー上がり,33,0,10,6.424242424242424,0.6074666074666074,0.0,30.303030303030305
津村明秀,東京,芝,1600,スロー上がり,38,2,10,6.947368421052632,0.44404374864901175,5.263157894736842,26.31578947368421
野中悠太,東京,芝,1600,スロー上がり,27,1,7,8.481481481481481,0.4448446615113281,3.7037037037037033,25.925925925925924
石橋脩,東京,芝,1600,スロー上がり,31,4,8,7.161290322580645,0.38914734590730793,12.903225806451612,25.806451612903224
横山典弘,東京,芝,1600,スロー上がり,28,1,6,7.321428571428571,0.4711750055500055,3.571428571428571,21.428571428571427
柴田善臣,東京,芝,1600,スロー上がり,24,1,5,7.208333333333333,0.5316793160543161,4.166666666666666,20.833333333333336
福永祐一,東京,芝,1600,スロー上がり,29,1,6,6.724137931034483,0.46325823432821406,3.4482758620689653,20.689655172413794
菅原明良,東京,芝,1600,スロー上がり,37,2,7,7.027027027027027,0.5424248049248049,5.405405405405405,18.91891891891892
松岡正海,東京,芝,1600,スロー上がり,38,4,7,8.105263157894736,0.349458777806301,10.526315789473683,18.421052631578945
柴田大知,東京,芝,1600,スロー上がり,49,1,9,6.8979591836734695,0.3147162927775172,2.0408163265306123,18.367346938775512
内田博幸,東京,芝,1600,スロー上がり,62,1,11,7.758064516129032,0.5696902836252931,1.6129032258064515,17.741935483870968
大野拓弥,東京,芝,1600,スロー上がり,57,2,10,7.666666666666667,0.464553811341737,3.508771929824561,17.543859649122805
三浦皇成,東京,芝,1600,スロー上がり,55,3,9,7.0,0.5724644473173884,5.454545454545454,16.363636363636363
岩田康誠,東京,芝,1600,スロー上がり,20,0,3,8.15,0.5248918279432985,0.0,15.0
丸田恭介,東京,芝,1600,スロー上がり,28,3,4,8.464285714285714,0.6428549624978197,10.714285714285714,14.285714285714285
北村宏司,東京,芝,1600,スロー上がり,54,1,7,7.944444444444445,0.5535622042566487,1.8518518518518516,12.962962962962962
石川裕紀,東京,芝,1600,スロー上がり,35,2,4,7.0,0.5134775938347367,5.714285714285714,11.428571428571429
木幡巧也,東京,芝,1600,スロー上がり,26,0,2,7.346153846153846,0.4707353010237626,0.0,7.6923076923076925
江田照男,東京,芝,1600,スロー上がり,26,0,1,8.423076923076923,0.5535338593030901,0.0,3.8461538461538463
ルメール,東京,芝,1600,標準〜やや上がり,85,24,49,4.352941176470588,0.4446240649008815,28.235294117647058,57.647058823529406
川田将雅,東京,芝,1600,標準〜やや上がり,39,12,19,4.461538461538462,0.436882570253611,30.76923076923077,48.717948717948715
戸崎圭太,東京,芝,1600,標準〜やや上がり,89,12,33,5.741573033707865,0.49755241820674734,13.48314606741573,37.07865168539326
田辺裕信,東京,芝,1600,標準〜やや上がり,73,4,26,6.958904109589041,0.5571418385983252,5.47945205479452,35.61643835616438
レーン,東京,芝,1600,標準〜やや上がり,23,5,8,6.434782608695652,0.6232601335862206,21.73913043478261,34.78260869565217
松山弘平,東京,芝,1600,標準〜やや上がり,29,2,8,6.9655172413793105,0.4870804679881759,6.896551724137931,27.586206896551722
福永祐一,東京,芝,1600,標準〜やや上がり,33,1,9,5.757575757575758,0.45395673844871703,3.0303030303030303,27.27272727272727
菅原明良,東京,芝,1600,標準〜やや上がり,37,4,9,6.918918918918919,0.5735838441720794,10.81081081081081,24.324324324324326
横山和生,東京,芝,1600,標準〜やや上がり,25,2,6,7.52,0.6061224886224886,8.0,24.0
内田博幸,東京,芝,1600,標準〜やや上がり,56,3,13,8.267857142857142,0.4956072959486825,5.357142857142857,23.214285714285715
吉田隼人,東京,芝,1600,標準〜やや上がり,22,2,5,8.181818181818182,0.5143765956265957,9.090909090909092,22.727272727272727
岩田康誠,東京,芝,1600,標準〜やや上がり,22,1,5,7.363636363636363,0.5452416456092927,4.545454545454546,22.727272727272727
Ｍ．デム,東京,芝,1600,標準〜やや上がり,44,4,9,7.954545454545454,0.4041124539453417,9.090909090909092,20.454545454545457
三浦皇成,東京,芝,1600,標準〜やや上がり,64,3,13,7.203125,0.46117684781517504,4.6875,20.3125
武藤雅,東京,芝,1600,標準〜やや上がり,20,0,4,8.0,0.6034272590154943,0.0,20.0
武豊,東京,芝,1600,標準〜やや上がり,35,2,7,7.914285714285715,0.4784775868389313,5.714285714285714,20.0
津村明秀,東京,芝,1600,標準〜やや上がり,43,1,8,7.6976744186046515,0.4586150986116786,2.3255813953488373,18.6046511627907
松岡正海,東京,芝,1600,標準〜やや上がり,27,1,5,8.74074074074074,0.3559140931689951,3.7037037037037033,18.51851851851852
横山武史,東京,芝,1600,標準〜やや上がり,50,4,9,7.08,0.5316498387233681,8.0,18.0
大野拓弥,東京,芝,1600,標準〜やや上がり,51,3,9,9.137254901960784,0.49324101824101824,5.88235294117647,17.647058823529413
石橋脩,東京,芝,1600,標準〜やや上がり,49,2,8,8.653061224489797,0.4384723836254449,4.081632653061225,16.3265306122449
木幡巧也,東京,芝,1600,標準〜やや上がり,28,1,4,9.714285714285714,0.5361319731855446,3.571428571428571,14.285714285714285
横山典弘,東京,芝,1600,標準〜やや上がり,39,3,5,7.6923076923076925,0.5123837826326514,7.6923076923076925,12.82051282051282
柴田大知,東京,芝,1600,標準〜やや上がり,33,2,4,8.212121212121213,0.37714876972898365,6.0606060606060606,12.121212121212121
石川裕紀,東京,芝,1600,標準〜やや上がり,43,1,5,8.279069767441861,0.44954098948626997,2.3255813953488373,11.627906976744185
北村宏司,東京,芝,1600,標準〜やや上がり,36,1,4,8.36111111111111,0.47955552073199137,2.7777777777777777,11.11111111111111
柴田善臣,東京,芝,1600,標準〜やや上がり,28,0,3,8.928571428571429,0.5366547755465823,0.0,10.714285714285714
野中悠太,東京,芝,1600,標準〜やや上がり,33,1,2,9.484848484848484,0.4801830324557598,3.0303030303030303,6.0606060606060606
吉田豊,東京,芝,1600,標準〜やや上がり,35,2,2,8.428571428571429,0.6018847305822095,5.714285714285714,5.714285714285714
江田照男,東京,芝,1600,標準〜やや上がり,26,0,0,11.423076923076923,0.6066014710528285,0.0,0.0
田中勝春,東京,芝,1600,標準〜やや上がり,21,0,0,8.952380952380953,0.6039838235216386,0.0,0.0
ルメール,東京,芝,1800,スロー上がり,106,25,66,3.5849056603773586,0.48053946069345627,23.58490566037736,62.264150943396224
レーン,東京,芝,1800,スロー上がり,25,7,15,3.84,0.4851601666307549,28.000000000000004,60.0
川田将雅,東京,芝,1800,スロー上がり,32,3,18,4.03125,0.43875969822661,9.375,56.25
戸崎圭太,東京,芝,1800,スロー上がり,124,28,64,4.709677419354839,0.4859673539879897,22.58064516129032,51.61290322580645
Ｍ．デム,東京,芝,1800,スロー上がり,49,10,19,5.040816326530612,0.4316353980819767,20.408163265306122,38.775510204081634
武豊,東京,芝,1800,スロー上がり,45,6,16,5.333333333333333,0.47473524478426443,13.333333333333334,35.55555555555556
菅原明良,東京,芝,1800,スロー上がり,49,3,17,6.163265306122449,0.5531012821378968,6.122448979591836,34.69387755102041
岩田康誠,東京,芝,1800,スロー上がり,21,1,6,6.190476190476191,0.45455173133744564,4.761904761904762,28.57142857142857
田辺裕信,東京,芝,1800,スロー上がり,96,6,27,5.75,0.5635207750786795,6.25,28.125
田中勝春,東京,芝,1800,スロー上がり,29,0,8,6.482758620689655,0.49688759516345726,0.0,27.586206896551722
丸山元気,東京,芝,1800,スロー上がり,26,2,7,6.653846153846154,0.4724286083448979,7.6923076923076925,26.923076923076923
横山典弘,東京,芝,1800,スロー上がり,46,6,12,6.695652173913044,0.5773027501767911,13.043478260869565,26.08695652173913
福永祐一,東京,芝,1800,スロー上がり,35,3,9,6.0,0.4555219290513408,8.571428571428571,25.71428571428571
蛯名正義,東京,芝,1800,スロー上がり,28,2,7,6.571428571428571,0.5002135440423255,7.142857142857142,25.0
武藤雅,東京,芝,1800,スロー上がり,33,1,8,6.9393939393939394,0.5943302068302068,3.0303030303030303,24.242424242424242
北村宏司,東京,芝,1800,スロー上がり,75,9,18,6.933333333333334,0.45586986325221623,12.0,24.0
横山武史,東京,芝,1800,スロー上がり,67,7,16,5.850746268656716,0.48723106471131056,10.44776119402985,23.88059701492537
石橋脩,東京,芝,1800,スロー上がり,65,5,15,7.369230769230769,0.45300440133019315,7.6923076923076925,23.076923076923077
松山弘平,東京,芝,1800,スロー上がり,32,3,7,6.75,0.41509433173036114,9.375,21.875
石川裕紀,東京,芝,1800,スロー上がり,64,3,13,7.046875,0.48669178044178046,4.6875,20.3125
大野拓弥,東京,芝,1800,スロー上がり,86,5,17,7.5,0.525997713147166,5.813953488372093,19.767441860465116
津村明秀,東京,芝,1800,スロー上がり,72,4,14,6.708333333333333,0.4822118116542137,5.555555555555555,19.444444444444446
三浦皇成,東京,芝,1800,スロー上がり,84,2,16,6.642857142857143,0.5073752733416599,2.380952380952381,19.047619047619047
柴田大知,東京,芝,1800,スロー上がり,85,4,14,6.91764705882353,0.37707672757845767,4.705882352941177,16.470588235294116
横山和生,東京,芝,1800,スロー上がり,43,4,7,6.8604651162790695,0.5833859046410346,9.30232558139535,16.27906976744186
吉田豊,東京,芝,1800,スロー上がり,48,2,7,7.541666666666667,0.6085116969767704,4.166666666666666,14.583333333333334
木幡巧也,東京,芝,1800,スロー上がり,47,0,5,8.851063829787234,0.5652720628002229,0.0,10.638297872340425
柴田善臣,東京,芝,1800,スロー上がり,20,1,2,8.25,0.554465811965812,5.0,10.0
内田博幸,東京,芝,1800,スロー上がり,72,3,7,8.5,0.5362966894216894,4.166666666666666,9.722222222222223
松岡正海,東京,芝,1800,スロー上がり,48,0,4,7.354166666666667,0.4317598217414394,0.0,8.333333333333332
原優介,東京,芝,1800,スロー上がり,21,0,1,10.142857142857142,0.6867303331589046,0.0,4.761904761904762
江田照男,東京,芝,1800,スロー上がり,26,0,1,9.076923076923077,0.5887482113160846,0.0,3.8461538461538463
野中悠太,東京,芝,1800,スロー上がり,28,0,1,8.928571428571429,0.4325692660514089,0.0,3.571428571428571
ルメール,東京,芝,1800,標準〜やや上がり,37,14,24,3.7027027027027026,0.48335176570470695,37.83783783783784,64.86486486486487
Ｍ．デム,東京,芝,1800,標準〜やや上がり,22,5,12,4.363636363636363,0.44955640764464294,22.727272727272727,54.54545454545454
戸崎圭太,東京,芝,1800,標準〜やや上がり,39,5,16,5.82051282051282,0.5242251777885263,12.82051282051282,41.02564102564102
福永祐一,東京,芝,1800,標準〜やや上がり,22,2,9,5.045454545454546,0.5312393006577498,9.090909090909092,40.909090909090914
石橋脩,東京,芝,1800,標準〜やや上がり,29,3,9,7.172413793103448,0.3984577204404791,10.344827586206897,31.03448275862069
津村明秀,東京,芝,1800,標準〜やや上がり,28,2,8,6.214285714285714,0.3940241743550567,7.142857142857142,28.57142857142857
三浦皇成,東京,芝,1800,標準〜やや上がり,34,1,9,6.911764705882353,0.5046430285400874,2.941176470588235,26.47058823529412
吉田豊,東京,芝,1800,標準〜やや上がり,22,0,4,7.7272727272727275,0.6147069470933108,0.0,18.181818181818183
田辺裕信,東京,芝,1800,標準〜やや上がり,31,1,5,7.580645161290323,0.6483906774229354,3.225806451612903,16.129032258064516
内田博幸,東京,芝,1800,標準〜やや上がり,26,1,4,8.692307692307692,0.6265605937551638,3.8461538461538463,15.384615384615385
石川裕紀,東京,芝,1800,標準〜やや上がり,24,0,3,9.916666666666666,0.46581479862729863,0.0,12.5
柴田大知,東京,芝,1800,標準〜やや上がり,27,0,2,8.148148148148149,0.22445647429307558,0.0,7.4074074074074066
ルメール,東京,芝,2000,スロー上がり,103,35,67,3.3009708737864076,0.47132363559405255,33.980582524271846,65.0485436893204
武豊,東京,芝,2000,スロー上がり,27,2,14,4.333333333333333,0.4148822884933996,7.4074074074074066,51.85185185185185
Ｍ．デム,東京,芝,2000,スロー上がり,59,7,29,4.52542372881356,0.5284579577949469,11.864406779661017,49.152542372881356
戸崎圭太,東京,芝,2000,スロー上がり,98,12,48,4.530612244897959,0.5022694034323686,12.244897959183673,48.97959183673469
川田将雅,東京,芝,2000,スロー上がり,33,8,16,4.2727272727272725,0.4281876100726368,24.242424242424242,48.484848484848484
福永祐一,東京,芝,2000,スロー上がり,27,6,11,5.407407407407407,0.5177716316605205,22.22222222222222,40.74074074074074
松山弘平,東京,芝,2000,スロー上がり,20,3,8,5.55,0.589914738039738,15.0,40.0
横山典弘,東京,芝,2000,スロー上がり,33,3,13,5.454545454545454,0.5258914906642179,9.090909090909092,39.39393939393939
石橋脩,東京,芝,2000,スロー上がり,38,5,14,5.473684210526316,0.3962162536465942,13.157894736842104,36.84210526315789
菅原明良,東京,芝,2000,スロー上がり,28,4,10,6.357142857142857,0.48438877590663304,14.285714285714285,35.714285714285715
田辺裕信,東京,芝,2000,スロー上がり,76,11,25,5.342105263157895,0.5359382179138371,14.473684210526317,32.89473684210527
北村宏司,東京,芝,2000,スロー上がり,54,7,16,6.148148148148148,0.5043856863301307,12.962962962962962,29.629629629629626
横山和生,東京,芝,2000,スロー上がり,24,1,7,6.875,0.42866768648018644,4.166666666666666,29.166666666666668
横山武史,東京,芝,2000,スロー上がり,62,12,18,5.709677419354839,0.4933058139414876,19.35483870967742,29.03225806451613
岩田康誠,東京,芝,2000,スロー上がり,33,1,8,6.2727272727272725,0.5698407232498142,3.0303030303030303,24.242424242424242
三浦皇成,東京,芝,2000,スロー上がり,57,4,13,6.631578947368421,0.467759817295421,7.017543859649122,22.807017543859647
内田博幸,東京,芝,2000,スロー上がり,65,5,14,6.923076923076923,0.5785817437966759,7.6923076923076925,21.53846153846154
柴田善臣,東京,芝,2000,スロー上がり,20,1,4,6.1,0.43564271512800923,5.0,20.0
木幡巧也,東京,芝,2000,スロー上がり,28,2,5,7.142857142857143,0.584945560391989,7.142857142857142,17.857142857142858
津村明秀,東京,芝,2000,スロー上がり,37,1,6,7.054054054054054,0.38081996831996834,2.7027027027027026,16.216216216216218
武藤雅,東京,芝,2000,スロー上がり,26,0,4,7.769230769230769,0.5098218554949324,0.0,15.384615384615385
吉田豊,東京,芝,2000,スロー上がり,40,0,6,7.775,0.646801674632557,0.0,15.0
柴田大知,東京,芝,2000,スロー上がり,54,2,8,6.7407407407407405,0.4043634092245203,3.7037037037037033,14.814814814814813
大野拓弥,東京,芝,2000,スロー上がり,70,3,10,6.771428571428571,0.5089605947274014,4.285714285714286,14.285714285714285
野中悠太,東京,芝,2000,スロー上がり,22,1,3,7.045454545454546,0.4961773075409439,4.545454545454546,13.636363636363635
蛯名正義,東京,芝,2000,スロー上がり,23,0,3,7.739130434782608,0.46982636928289095,0.0,13.043478260869565
石川裕紀,東京,芝,2000,スロー上がり,36,0,4,8.277777777777779,0.47831757703081235,0.0,11.11111111111111
田中勝春,東京,芝,2000,スロー上がり,20,1,2,8.35,0.5065963203463204,5.0,10.0
松岡正海,東京,芝,2000,スロー上がり,42,0,4,7.5476190476190474,0.4074935976721691,0.0,9.523809523809524
ルメール,東京,芝,2000,標準〜やや上がり,26,11,20,2.4615384615384617,0.45091356293279367,42.30769230769231,76.92307692307693
三浦皇成,東京,芝,2000,標準〜やや上がり,22,3,7,6.5,0.6447593441911624,13.636363636363635,31.818181818181817
田辺裕信,東京,芝,2000,標準〜やや上がり,22,1,6,7.090909090909091,0.5817466624284806,4.545454545454546,27.27272727272727
戸崎圭太,東京,芝,2000,標準〜やや上がり,29,0,7,6.379310344827586,0.5429724011620564,0.0,24.137931034482758
石川裕紀,東京,芝,2000,標準〜やや上がり,20,2,3,6.8,0.4454585692085692,10.0,15.0
柴田大知,東京,芝,2000,標準〜やや上がり,22,1,3,7.2727272727272725,0.5028798852662489,4.545454545454546,13.636363636363635
ルメール,東京,芝,2400,スロー上がり,100,34,71,3.24,0.420785969749205,34.0,71.0
Ｍ．デム,東京,芝,2400,スロー上がり,52,7,27,5.6923076923076925,0.4969436044096677,13.461538461538462,51.92307692307693
レーン,東京,芝,2400,スロー上がり,33,6,16,4.515151515151516,0.5066623711008738,18.181818181818183,48.484848484848484
三浦皇成,東京,芝,2400,スロー上がり,53,4,22,5.339622641509434,0.489976254168818,7.547169811320755,41.509433962264154
福永祐一,東京,芝,2400,スロー上がり,37,6,15,5.162162162162162,0.44135780091662447,16.216216216216218,40.54054054054054
川田将雅,東京,芝,2400,スロー上がり,32,6,12,5.28125,0.38623083411686354,18.75,37.5
戸崎圭太,東京,芝,2400,スロー上がり,89,8,31,4.898876404494382,0.4727579628273614,8.98876404494382,34.831460674157306
田辺裕信,東京,芝,2400,スロー上がり,69,9,21,6.173913043478261,0.5551794811705298,13.043478260869565,30.434782608695656
蛯名正義,東京,芝,2400,スロー上がり,21,3,6,6.714285714285714,0.5788107278653497,14.285714285714285,28.57142857142857
内田博幸,東京,芝,2400,スロー上がり,61,6,17,6.704918032786885,0.5177690692999275,9.836065573770492,27.86885245901639
横山典弘,東京,芝,2400,スロー上がり,36,6,10,6.916666666666667,0.4699203188786522,16.666666666666664,27.77777777777778
津村明秀,東京,芝,2400,スロー上がり,46,3,12,6.869565217391305,0.4973735201996071,6.521739130434782,26.08695652173913
吉田豊,東京,芝,2400,スロー上がり,50,5,13,6.52,0.5256061716061716,10.0,26.0
野中悠太,東京,芝,2400,スロー上がり,20,2,5,7.0,0.550538974913975,10.0,25.0
横山武史,東京,芝,2400,スロー上がり,45,2,11,5.955555555555556,0.4990967039496451,4.444444444444445,24.444444444444443
武豊,東京,芝,2400,スロー上がり,35,4,8,6.685714285714286,0.4604662774200589,11.428571428571429,22.857142857142858
松山弘平,東京,芝,2400,スロー上がり,22,1,5,7.409090909090909,0.5265382233630896,4.545454545454546,22.727272727272727
石橋脩,東京,芝,2400,スロー上がり,44,3,10,6.136363636363637,0.4635152317973174,6.8181818181818175,22.727272727272727
武藤雅,東京,芝,2400,スロー上がり,23,1,5,6.391304347826087,0.5574489520141694,4.3478260869565215,21.73913043478261
岩田康誠,東京,芝,2400,スロー上がり,25,1,5,7.32,0.5134913419913419,4.0,20.0
松岡正海,東京,芝,2400,スロー上がり,32,2,6,8.15625,0.5399332974011283,6.25,18.75
柴田大知,東京,芝,2400,スロー上がり,49,2,9,7.244897959183674,0.3968242924875578,4.081632653061225,18.367346938775512
北村宏司,東京,芝,2400,スロー上がり,44,2,6,7.0227272727272725,0.4877884036640721,4.545454545454546,13.636363636363635
菅原明良,東京,芝,2400,スロー上がり,38,0,5,7.526315789473684,0.5554332728674833,0.0,13.157894736842104
丹内祐次,東京,芝,2400,スロー上がり,24,1,3,7.166666666666667,0.4230565152440153,4.166666666666666,12.5
大野拓弥,東京,芝,2400,スロー上がり,48,1,6,7.770833333333333,0.5933497789655878,2.083333333333333,12.5
石川裕紀,東京,芝,2400,スロー上がり,34,0,2,9.294117647058824,0.4537274816686581,0.0,5.88235294117647
丸田恭介,東京,芝,2400,スロー上がり,22,0,1,7.5,0.6478216228216228,0.0,4.545454545454546
木幡巧也,東京,芝,2400,スロー上がり,26,0,0,9.538461538461538,0.5562842825851876,0.0,0.0
江田照男,東京,芝,2400,スロー上がり,20,0,0,8.8,0.5276748251748252,0.0,0.0
ルメール,東京,芝,2400,標準〜やや上がり,28,9,18,4.071428571428571,0.41274183915990637,32.142857142857146,64.28571428571429
内田博幸,東京,芝,2400,標準〜やや上がり,23,2,8,5.391304347826087,0.40609099979304586,8.695652173913043,34.78260869565217
田辺裕信,東京,芝,2400,標準〜やや上がり,25,1,8,7.76,0.48171499742087975,4.0,32.0
戸崎圭太,東京,芝,2400,標準〜やや上がり,32,3,10,6.28125,0.5063862531463634,9.375,31.25
森一馬,東京,芝,3110,不明,22,3,12,4.045454545454546,0.28845359186268277,13.636363636363635,54.54545454545454
石神深一,東京,芝,3110,不明,21,6,9,4.714285714285714,0.3917270560127703,28.57142857142857,42.857142857142854
五十嵐雄,東京,芝,3110,不明,22,2,7,6.318181818181818,0.5738753670571852,9.090909090909092,31.818181818181817
田辺裕信,福島,ダ,1150,ハイ/持続,36,7,18,6.0,0.39326923076923076,19.444444444444446,50.0
石橋脩,福島,ダ,1150,ハイ/持続,42,7,17,6.095238095238095,0.4311993561993562,16.666666666666664,40.476190476190474
三浦皇成,福島,ダ,1150,ハイ/持続,35,8,14,7.171428571428572,0.38414835164835165,22.857142857142858,40.0
斎藤新,福島,ダ,1150,ハイ/持続,39,5,14,5.897435897435898,0.41291913214990134,12.82051282051282,35.8974358974359
吉田隼人,福島,ダ,1150,ハイ/持続,37,5,13,6.5675675675675675,0.3384056259056259,13.513513513513514,35.13513513513514
菅原明良,福島,ダ,1150,ハイ/持続,53,5,18,7.509433962264151,0.5473272796386004,9.433962264150944,33.9622641509434
戸崎圭太,福島,ダ,1150,ハイ/持続,49,5,16,7.020408163265306,0.4634758099043813,10.204081632653061,32.6530612244898
小林美駒,福島,ダ,1150,ハイ/持続,23,2,7,6.478260869565218,0.4995882740447958,8.695652173913043,30.434782608695656
永島まな,福島,ダ,1150,ハイ/持続,31,3,9,6.838709677419355,0.5209000676742612,9.67741935483871,29.03225806451613
中井裕二,福島,ダ,1150,ハイ/持続,21,1,6,8.095238095238095,0.4275946275946276,4.761904761904762,28.57142857142857
津村明秀,福島,ダ,1150,ハイ/持続,53,4,15,6.60377358490566,0.4265195496327572,7.547169811320755,28.30188679245283
川又賢治,福島,ダ,1150,ハイ/持続,29,3,8,6.241379310344827,0.4075652795480382,10.344827586206897,27.586206896551722
秋山稔樹,福島,ダ,1150,ハイ/持続,29,3,8,6.482758620689655,0.41470139056345956,10.344827586206897,27.586206896551722
松本大輝,福島,ダ,1150,ハイ/持続,22,3,6,7.363636363636363,0.49102564102564106,13.636363636363635,27.27272727272727
小林脩斗,福島,ダ,1150,ハイ/持続,26,3,7,8.653846153846153,0.5087559876021415,11.538461538461538,26.923076923076923
富田暁,福島,ダ,1150,ハイ/持続,34,3,9,7.676470588235294,0.33428409825468647,8.823529411764707,26.47058823529412
木幡巧也,福島,ダ,1150,ハイ/持続,58,5,15,7.896551724137931,0.4926645193886573,8.620689655172415,25.862068965517242
荻野極,福島,ダ,1150,ハイ/持続,37,4,9,7.5675675675675675,0.46483516483516485,10.81081081081081,24.324324324324326
菱田裕二,福島,ダ,1150,ハイ/持続,37,3,9,8.405405405405405,0.49221982971982975,8.108108108108109,24.324324324324326
亀田温心,福島,ダ,1150,ハイ/持続,33,3,8,7.424242424242424,0.5444262807899172,9.090909090909092,24.242424242424242
大野拓弥,福島,ダ,1150,ハイ/持続,25,2,6,7.44,0.47838461538461535,8.0,24.0
丸山元気,福島,ダ,1150,ハイ/持続,67,7,16,7.432835820895522,0.43119931478140433,10.44776119402985,23.88059701492537
武藤雅,福島,ダ,1150,ハイ/持続,47,3,11,7.76595744680851,0.5738884342607746,6.382978723404255,23.404255319148938
横山武史,福島,ダ,1150,ハイ/持続,26,2,6,7.8076923076923075,0.48177655677655673,7.6923076923076925,23.076923076923077
西村淳也,福島,ダ,1150,ハイ/持続,40,4,9,8.2,0.43158383283383284,10.0,22.5
木幡育也,福島,ダ,1150,ハイ/持続,28,1,5,8.357142857142858,0.4738667582417583,3.571428571428571,17.857142857142858
永野猛蔵,福島,ダ,1150,ハイ/持続,23,0,4,8.869565217391305,0.47512541806020064,0.0,17.391304347826086
丸田恭介,福島,ダ,1150,ハイ/持続,58,5,10,8.086206896551724,0.6059309942930633,8.620689655172415,17.24137931034483
黛弘人,福島,ダ,1150,ハイ/持続,29,0,5,8.827586206896552,0.6054768507354715,0.0,17.24137931034483
丹内祐次,福島,ダ,1150,ハイ/持続,70,2,12,8.071428571428571,0.4196521930450502,2.857142857142857,17.142857142857142
藤田菜七,福島,ダ,1150,ハイ/持続,71,6,12,8.746478873239436,0.4238780585611571,8.450704225352112,16.901408450704224
角田大和,福島,ダ,1150,ハイ/持続,24,2,4,9.375,0.4430154914529914,8.333333333333332,16.666666666666664
柴田善臣,福島,ダ,1150,ハイ/持続,25,0,4,8.44,0.5193406593406593,0.0,16.0
木幡初也,福島,ダ,1150,ハイ/持続,32,1,5,9.0625,0.5960250686813187,3.125,15.625
内田博幸,福島,ダ,1150,ハイ/持続,39,1,6,8.820512820512821,0.5597565895642819,2.564102564102564,15.384615384615385
鮫島克駿,福島,ダ,1150,ハイ/持続,33,4,5,8.515151515151516,0.3376258421712967,12.121212121212121,15.151515151515152
石川裕紀,福島,ダ,1150,ハイ/持続,34,2,5,9.382352941176471,0.49541512409159466,5.88235294117647,14.705882352941178
横山琉人,福島,ダ,1150,ハイ/持続,28,1,4,9.035714285714286,0.5462683150183151,3.571428571428571,14.285714285714285
原優介,福島,ダ,1150,ハイ/持続,51,0,7,8.450980392156863,0.5362137590078767,0.0,13.725490196078432
小沢大仁,福島,ダ,1150,ハイ/持続,22,1,3,8.636363636363637,0.47588869463869465,4.545454545454546,13.636363636363635
野中悠太,福島,ダ,1150,ハイ/持続,26,0,3,8.423076923076923,0.509775641025641,0.0,11.538461538461538
勝浦正樹,福島,ダ,1150,ハイ/持続,36,0,4,8.083333333333334,0.5137351074851075,0.0,11.11111111111111
菊沢一樹,福島,ダ,1150,ハイ/持続,99,2,11,8.080808080808081,0.5389235343780798,2.0202020202020203,11.11111111111111
松岡正海,福島,ダ,1150,ハイ/持続,20,2,2,8.8,0.4638461538461539,10.0,10.0
石田拓郎,福島,ダ,1150,ハイ/持続,21,1,2,8.952380952380953,0.5680028305028305,4.761904761904762,9.523809523809524
佐々木大,福島,ダ,1150,ハイ/持続,23,0,2,9.391304347826088,0.38474080267558525,0.0,8.695652173913043
吉田豊,福島,ダ,1150,ハイ/持続,23,0,2,9.043478260869565,0.5261807033546164,0.0,8.695652173913043
杉原誠人,福島,ダ,1150,ハイ/持続,38,0,3,8.631578947368421,0.5814102564102563,0.0,7.894736842105263
小林凌大,福島,ダ,1150,ハイ/持続,27,1,2,10.296296296296296,0.6381541298207964,3.7037037037037033,7.4074074074074066
嶋田純次,福島,ダ,1150,ハイ/持続,28,0,2,10.035714285714286,0.5496794871794871,0.0,7.142857142857142
山田敬士,福島,ダ,1150,ハイ/持続,22,0,1,10.590909090909092,0.6368973829201102,0.0,4.545454545454546
柴田大知,福島,ダ,1150,ハイ/持続,30,0,1,9.0,0.5285042735042735,0.0,3.3333333333333335
江田照男,福島,ダ,1150,ハイ/持続,39,0,1,9.128205128205128,0.492956936226167,0.0,2.564102564102564
田辺裕信,福島,ダ,1700,やや速い,31,7,14,5.193548387096774,0.4447300011816141,22.58064516129032,45.16129032258064
吉田隼人,福島,ダ,1700,やや速い,28,6,12,5.785714285714286,0.337324580181723,21.428571428571427,42.857142857142854
丸山元気,福島,ダ,1700,やや速い,38,8,15,5.447368421052632,0.3381482552535184,21.052631578947366,39.473684210526315
三浦皇成,福島,ダ,1700,やや速い,29,2,10,6.517241379310345,0.388164708854364,6.896551724137931,34.48275862068966
柴田善臣,福島,ダ,1700,やや速い,24,3,8,7.125,0.4337384837384837,12.5,33.33333333333333
内田博幸,福島,ダ,1700,やや速い,44,3,14,7.7272727272727275,0.5026723276723277,6.8181818181818175,31.818181818181817
戸崎圭太,福島,ダ,1700,やや速い,51,9,16,6.392156862745098,0.4517291531997414,17.647058823529413,31.372549019607842
菅原明良,福島,ダ,1700,やや速い,34,1,10,7.117647058823529,0.48874679242326297,2.941176470588235,29.411764705882355
石川裕紀,福島,ダ,1700,やや速い,34,3,9,8.0,0.49709653092006034,8.823529411764707,26.47058823529412
荻野極,福島,ダ,1700,やや速い,24,1,6,6.625,0.5037545787545787,4.166666666666666,25.0
石橋脩,福島,ダ,1700,やや速い,37,4,9,6.756756756756757,0.4294840294840295,10.81081081081081,24.324324324324326
原優介,福島,ダ,1700,やや速い,29,0,7,7.758620689655173,0.48442591890867753,0.0,24.137931034482758
斎藤新,福島,ダ,1700,やや速い,29,2,7,7.379310344827586,0.5036630036630036,6.896551724137931,24.137931034482758
丹内祐次,福島,ダ,1700,やや速い,39,2,8,7.589743589743589,0.4179461564076949,5.128205128205128,20.51282051282051
津村明秀,福島,ダ,1700,やや速い,49,2,10,6.795918367346939,0.4332697914330567,4.081632653061225,20.408163265306122
亀田温心,福島,ダ,1700,やや速い,20,1,4,9.0,0.5599025974025974,5.0,20.0
横山琉人,福島,ダ,1700,やや速い,20,1,4,7.25,0.5132334332334333,5.0,20.0
西村淳也,福島,ダ,1700,やや速い,21,2,4,8.142857142857142,0.44108193393907674,9.523809523809524,19.047619047619047
木幡巧也,福島,ダ,1700,やや速い,39,2,7,7.358974358974359,0.4275993237531699,5.128205128205128,17.94871794871795
武藤雅,福島,ダ,1700,やや速い,34,1,6,9.058823529411764,0.5092733247145012,2.941176470588235,17.647058823529413
武士沢友,福島,ダ,1700,やや速い,23,1,4,7.782608695652174,0.672336359292881,4.3478260869565215,17.391304347826086
大野拓弥,福島,ダ,1700,やや速い,30,0,5,9.033333333333333,0.4944932844932845,0.0,16.666666666666664
藤田菜七,福島,ダ,1700,やや速い,26,2,4,7.923076923076923,0.5941516816516816,7.6923076923076925,15.384615384615385
野中悠太,福島,ダ,1700,やや速い,22,2,3,9.0,0.5101565101565101,9.090909090909092,13.636363636363635
菊沢一樹,福島,ダ,1700,やや速い,51,3,6,8.509803921568627,0.5852768146885794,5.88235294117647,11.76470588235294
柴田大知,福島,ダ,1700,やや速い,26,1,3,8.884615384615385,0.5262468300929839,3.8461538461538463,11.538461538461538
丸田恭介,福島,ダ,1700,やや速い,42,0,4,9.095238095238095,0.6360686932115504,0.0,9.523809523809524
吉田豊,福島,ダ,1700,やや速い,27,1,2,8.62962962962963,0.5899097815764482,3.7037037037037033,7.4074074074074066
江田照男,福島,ダ,1700,やや速い,36,0,2,9.944444444444445,0.6034493284493284,0.0,5.555555555555555
杉原誠人,福島,ダ,1700,やや速い,27,0,0,9.592592592592593,0.5966965133631801,0.0,0.0
戸崎圭太,福島,ダ,1700,ハイ/持続,24,4,11,5.5,0.35040584415584414,16.666666666666664,45.83333333333333
石橋脩,福島,ダ,1700,ハイ/持続,22,4,10,5.863636363636363,0.3361865407319953,18.181818181818183,45.45454545454545
斎藤新,福島,ダ,1700,ハイ/持続,20,4,6,7.2,0.4934523809523809,20.0,30.0
津村明秀,福島,ダ,1700,ハイ/持続,28,2,7,6.857142857142857,0.38285405071119355,7.142857142857142,25.0
内田博幸,福島,ダ,1700,ハイ/持続,29,1,7,6.758620689655173,0.5662113748320645,3.4482758620689653,24.137931034482758
丹内祐次,福島,ダ,1700,ハイ/持続,25,4,6,6.48,0.42,16.0,24.0
菊沢一樹,福島,ダ,1700,ハイ/持続,36,4,8,7.222222222222222,0.5385401635401635,11.11111111111111,22.22222222222222
木幡巧也,福島,ダ,1700,ハイ/持続,34,2,7,8.382352941176471,0.45742296918767505,5.88235294117647,20.588235294117645
丸山元気,福島,ダ,1700,ハイ/持続,31,1,6,8.741935483870968,0.5360983102918587,3.225806451612903,19.35483870967742
吉田隼人,福島,ダ,1700,ハイ/持続,31,1,6,8.193548387096774,0.39109062980030723,3.225806451612903,19.35483870967742
丸田恭介,福島,ダ,1700,ハイ/持続,28,1,5,7.607142857142857,0.6033704390847249,3.571428571428571,17.857142857142858
武藤雅,福島,ダ,1700,ハイ/持続,24,0,3,8.75,0.5908730158730159,0.0,12.5
菅原明良,福島,ダ,1700,ハイ/持続,22,0,2,9.227272727272727,0.6587662337662338,0.0,9.090909090909092
藤田菜七,福島,ダ,1700,ハイ/持続,35,0,2,8.6,0.5661224489795919,0.0,5.714285714285714
江田照男,福島,ダ,1700,ハイ/持続,21,0,1,10.428571428571429,0.5580498866213152,0.0,4.761904761904762
戸崎圭太,福島,芝,1200,やや速い,36,7,19,4.305555555555555,0.41617078908745575,19.444444444444446,52.77777777777778
西村淳也,福島,芝,1200,やや速い,33,4,12,6.666666666666667,0.45134310134310135,12.121212121212121,36.36363636363637
鮫島克駿,福島,芝,1200,やや速い,43,4,15,6.372093023255814,0.5345057074708237,9.30232558139535,34.883720930232556
柴田善臣,福島,芝,1200,やや速い,27,3,9,7.518518518518518,0.46004818227040445,11.11111111111111,33.33333333333333
吉田隼人,福島,芝,1200,やや速い,42,5,13,7.0,0.43133711526568674,11.904761904761903,30.952380952380953
丹内祐次,福島,芝,1200,やや速い,63,4,19,7.015873015873016,0.45160890696604983,6.349206349206349,30.158730158730158
亀田温心,福島,芝,1200,やや速い,31,1,9,7.451612903225806,0.508086671393123,3.225806451612903,29.03225806451613
杉原誠人,福島,芝,1200,やや速い,53,7,15,8.358490566037736,0.4588468135637947,13.20754716981132,28.30188679245283
富田暁,福島,芝,1200,やや速い,32,4,9,7.75,0.5287580908674658,12.5,28.125
菱田裕二,福島,芝,1200,やや速い,37,2,10,7.216216216216216,0.42039458289458287,5.405405405405405,27.027027027027028
荻野極,福島,芝,1200,やや速い,38,3,10,6.605263157894737,0.43283328513591673,7.894736842105263,26.31578947368421
大野拓弥,福島,芝,1200,やや速い,23,3,6,6.3478260869565215,0.49693856867769914,13.043478260869565,26.08695652173913
丸山元気,福島,芝,1200,やや速い,62,5,16,7.225806451612903,0.43654342968859094,8.064516129032258,25.806451612903224
柴田大知,福島,芝,1200,やや速い,29,1,7,7.517241379310345,0.46654825059997473,3.4482758620689653,24.137931034482758
角田大和,福島,芝,1200,やや速い,25,3,6,7.56,0.4059428904428904,12.0,24.0
津村明秀,福島,芝,1200,やや速い,47,7,11,7.340425531914893,0.43845696265909034,14.893617021276595,23.404255319148938
丸田恭介,福島,芝,1200,やや速い,55,1,11,7.127272727272727,0.5538530913530914,1.8181818181818181,20.0
菊沢一樹,福島,芝,1200,やや速い,67,4,13,7.8059701492537314,0.5023337980427532,5.970149253731343,19.402985074626866
川又賢治,福島,芝,1200,やや速い,31,3,6,7.67741935483871,0.5335888573791799,9.67741935483871,19.35483870967742
石橋脩,福島,芝,1200,やや速い,31,2,6,8.0,0.42549278678310937,6.451612903225806,19.35483870967742
石川裕紀,福島,芝,1200,やや速い,29,2,5,8.793103448275861,0.6240071709899295,6.896551724137931,17.24137931034483
武藤雅,福島,芝,1200,やや速い,35,2,6,8.057142857142857,0.47972634508348794,5.714285714285714,17.142857142857142
江田照男,福島,芝,1200,やや速い,35,1,6,8.6,0.5730974977403549,2.857142857142857,17.142857142857142
勝浦正樹,福島,芝,1200,やや速い,36,3,6,8.027777777777779,0.5090036121286121,8.333333333333332,16.666666666666664
小沢大仁,福島,芝,1200,やや速い,31,0,5,9.258064516129032,0.4386712749615975,0.0,16.129032258064516
黛弘人,福島,芝,1200,やや速い,38,2,6,8.81578947368421,0.544464636240952,5.263157894736842,15.789473684210526
菅原明良,福島,芝,1200,やや速い,39,3,6,7.666666666666667,0.4979665633511787,7.6923076923076925,15.384615384615385
木幡育也,福島,芝,1200,やや速い,20,1,3,9.4,0.6309790209790209,5.0,15.0
木幡初也,福島,芝,1200,やや速い,28,1,4,8.642857142857142,0.4427279565672423,3.571428571428571,14.285714285714285
永島まな,福島,芝,1200,やや速い,21,1,3,9.238095238095237,0.5312590187590187,4.761904761904762,14.285714285714285
西田雄一,福島,芝,1200,やや速い,21,1,3,8.523809523809524,0.4958551369265655,4.761904761904762,14.285714285714285
斎藤新,福島,芝,1200,やや速い,43,5,6,8.465116279069768,0.4373999062952551,11.627906976744185,13.953488372093023
小林脩斗,福島,芝,1200,やや速い,23,2,3,9.695652173913043,0.44499721293199557,8.695652173913043,13.043478260869565
藤田菜七,福島,芝,1200,やや速い,56,1,7,9.535714285714286,0.5022607600732601,1.7857142857142856,12.5
木幡巧也,福島,芝,1200,やや速い,50,1,6,9.26,0.48985106560106556,2.0,12.0
横山武史,福島,芝,1200,やや速い,25,1,3,9.48,0.47835897435897434,4.0,12.0
内田博幸,福島,芝,1200,やや速い,30,2,3,8.766666666666667,0.5593709068709068,6.666666666666667,10.0
野中悠太,福島,芝,1200,やや速い,23,1,2,8.391304347826088,0.47337354674311194,4.3478260869565215,8.695652173913043
嶋田純次,福島,芝,1200,やや速い,35,0,3,9.628571428571428,0.44329931972789116,0.0,8.571428571428571
横山琉人,福島,芝,1200,やや速い,30,0,2,9.266666666666667,0.5750503663003663,0.0,6.666666666666667
吉田豊,福島,芝,1200,やや速い,22,0,0,9.227272727272727,0.5689747752247752,0.0,0.0
戸崎圭太,福島,芝,1200,ハイ/持続,34,8,15,4.735294117647059,0.3461205053116818,23.52941176470588,44.11764705882353
菱田裕二,福島,芝,1200,ハイ/持続,32,3,12,6.8125,0.5250858516483516,9.375,37.5
三浦皇成,福島,芝,1200,ハイ/持続,26,1,9,6.5,0.412519425019425,3.8461538461538463,34.61538461538461
吉田隼人,福島,芝,1200,ハイ/持続,45,4,15,7.311111111111111,0.5043477818477818,8.88888888888889,33.33333333333333
鮫島克駿,福島,芝,1200,ハイ/持続,27,4,9,5.185185185185185,0.46762311762311765,14.814814814814813,33.33333333333333
津村明秀,福島,芝,1200,ハイ/持続,36,5,11,6.861111111111111,0.41871411767245104,13.88888888888889,30.555555555555557
丹内祐次,福島,芝,1200,ハイ/持続,59,2,18,7.440677966101695,0.4712345564040479,3.389830508474576,30.508474576271187
田辺裕信,福島,芝,1200,ハイ/持続,20,3,6,6.7,0.4642784992784993,15.0,30.0
角田大和,福島,芝,1200,ハイ/持続,20,2,6,5.95,0.3027239427239427,10.0,30.0
菅原明良,福島,芝,1200,ハイ/持続,36,5,10,6.166666666666667,0.35653520861854193,13.88888888888889,27.77777777777778
丸田恭介,福島,芝,1200,ハイ/持続,44,0,11,7.0227272727272725,0.6143640450458633,0.0,25.0
武藤雅,福島,芝,1200,ハイ/持続,29,3,7,7.9655172413793105,0.5105732390215149,10.344827586206897,24.137931034482758
西村淳也,福島,芝,1200,ハイ/持続,25,4,6,6.12,0.44053846153846155,16.0,24.0
大野拓弥,福島,芝,1200,ハイ/持続,21,2,5,7.333333333333333,0.49783054247339964,9.523809523809524,23.809523809523807
菊沢一樹,福島,芝,1200,ハイ/持続,59,4,14,7.610169491525424,0.5296540088912971,6.779661016949152,23.728813559322035
嶋田純次,福島,芝,1200,ハイ/持続,31,1,7,8.096774193548388,0.4075536470697761,3.225806451612903,22.58064516129032
内田博幸,福島,芝,1200,ハイ/持続,33,2,7,7.909090909090909,0.6196144343871616,6.0606060606060606,21.21212121212121
勝浦正樹,福島,芝,1200,ハイ/持続,35,2,7,7.6,0.5426282051282051,5.714285714285714,20.0
斎藤新,福島,芝,1200,ハイ/持続,34,2,6,8.588235294117647,0.5128676470588235,5.88235294117647,17.647058823529413
石橋脩,福島,芝,1200,ハイ/持続,34,4,6,7.352941176470588,0.5951760249554366,11.76470588235294,17.647058823529413
亀田温心,福島,芝,1200,ハイ/持続,23,2,4,7.086956521739131,0.5298395445134575,8.695652173913043,17.391304347826086
丸山元気,福島,芝,1200,ハイ/持続,60,4,10,8.233333333333333,0.47036442723942723,6.666666666666667,16.666666666666664
木幡巧也,福島,芝,1200,ハイ/持続,38,1,6,8.473684210526315,0.4222901002506266,2.631578947368421,15.789473684210526
西田雄一,福島,芝,1200,ハイ/持続,22,1,3,10.636363636363637,0.5721882284382285,4.545454545454546,13.636363636363635
荻野極,福島,芝,1200,ハイ/持続,32,4,4,7.6875,0.46283195970695973,12.5,12.5
柴田大知,福島,芝,1200,ハイ/持続,25,1,3,9.04,0.4991135531135531,4.0,12.0
原優介,福島,芝,1200,ハイ/持続,26,2,3,9.0,0.5168546197392352,7.6923076923076925,11.538461538461538
杉原誠人,福島,芝,1200,ハイ/持続,46,2,5,8.804347826086957,0.4828555502468546,4.3478260869565215,10.869565217391305
江田照男,福島,芝,1200,ハイ/持続,29,2,3,8.89655172413793,0.5384673276914657,6.896551724137931,10.344827586206897
横山琉人,福島,芝,1200,ハイ/持続,21,0,2,8.714285714285714,0.6434000523286237,0.0,9.523809523809524
中井裕二,福島,芝,1200,ハイ/持続,22,0,2,9.318181818181818,0.5213578088578088,0.0,9.090909090909092
黛弘人,福島,芝,1200,ハイ/持続,33,2,3,8.93939393939394,0.5138958263958263,6.0606060606060606,9.090909090909092
柴田善臣,福島,芝,1200,ハイ/持続,23,0,2,9.956521739130435,0.5466873706004141,0.0,8.695652173913043
木幡初也,福島,芝,1200,ハイ/持続,30,1,2,9.833333333333334,0.4781603581603582,3.3333333333333335,6.666666666666667
永島まな,福島,芝,1200,ハイ/持続,20,1,1,10.65,0.5655082417582418,5.0,5.0
藤田菜七,福島,芝,1200,ハイ/持続,46,0,2,9.521739130434783,0.5790922242009199,0.0,4.3478260869565215
石川裕紀,福島,芝,1200,ハイ/持続,22,0,0,11.090909090909092,0.4412460645415191,0.0,0.0
戸崎圭太,福島,芝,1800,やや速い,25,4,10,5.08,0.33824342324342327,16.0,40.0
丹内祐次,福島,芝,1800,やや速い,24,4,9,7.083333333333333,0.448793740981241,16.666666666666664,37.5
津村明秀,福島,芝,1800,やや速い,27,3,10,6.555555555555555,0.4683206197095086,11.11111111111111,37.03703703703704
丸山元気,福島,芝,1800,やや速い,26,2,6,8.153846153846153,0.40382085862855094,7.6923076923076925,23.076923076923077
木幡巧也,福島,芝,1800,やや速い,21,2,2,9.428571428571429,0.49587476016047444,9.523809523809524,9.523809523809524
柴田大知,福島,芝,1800,やや速い,22,1,2,8.5,0.40132279336824794,4.545454545454546,9.090909090909092
石川裕紀,福島,芝,1800,やや速い,23,0,2,9.652173913043478,0.6313392525349046,0.0,8.695652173913043
菊沢一樹,福島,芝,1800,やや速い,24,1,1,8.5,0.5753739316239316,4.166666666666666,4.166666666666666
戸崎圭太,福島,芝,1800,標準〜やや上がり,36,8,17,5.138888888888889,0.3209459521959522,22.22222222222222,47.22222222222222
三浦皇成,福島,芝,1800,標準〜やや上がり,20,1,8,6.15,0.389753996003996,5.0,40.0
田辺裕信,福島,芝,1800,標準〜やや上がり,27,4,10,5.851851851851852,0.5010728469061803,14.814814814814813,37.03703703703704
吉田隼人,福島,芝,1800,標準〜やや上がり,22,2,8,6.045454545454546,0.3307359307359307,9.090909090909092,36.36363636363637
石橋脩,福島,芝,1800,標準〜やや上がり,23,2,8,7.043478260869565,0.4073176823176823,8.695652173913043,34.78260869565217
柴田大知,福島,芝,1800,標準〜やや上がり,30,2,10,6.9,0.4276572039072039,6.666666666666667,33.33333333333333
石川裕紀,福島,芝,1800,標準〜やや上がり,21,4,7,7.428571428571429,0.49859941645655936,19.047619047619047,33.33333333333333
丸山元気,福島,芝,1800,標準〜やや上がり,22,2,6,5.954545454545454,0.5796890609390609,9.090909090909092,27.27272727272727
菅原明良,福島,芝,1800,標準〜やや上がり,26,3,7,7.846153846153846,0.6346377980993366,11.538461538461538,26.923076923076923
柴田善臣,福島,芝,1800,標準〜やや上がり,20,3,4,7.25,0.4977678571428571,15.0,20.0
津村明秀,福島,芝,1800,標準〜やや上がり,35,1,7,7.114285714285714,0.4994680319680319,2.857142857142857,20.0
内田博幸,福島,芝,1800,標準〜やや上がり,26,3,5,7.423076923076923,0.4923121750044827,11.538461538461538,19.230769230769234
丸田恭介,福島,芝,1800,標準〜やや上がり,27,1,4,8.555555555555555,0.5300432592099259,3.7037037037037033,14.814814814814813
木幡巧也,福島,芝,1800,標準〜やや上がり,28,1,4,8.464285714285714,0.5803849424385138,3.571428571428571,14.285714285714285
丹内祐次,福島,芝,1800,標準〜やや上がり,25,1,3,8.6,0.44503846153846155,4.0,12.0
武藤雅,福島,芝,1800,標準〜やや上がり,21,0,0,8.952380952380953,0.5583929958929958,0.0,0.0
菊沢一樹,福島,芝,1800,標準〜やや上がり,25,0,0,9.2,0.4640714285714286,0.0,0.0
戸崎圭太,福島,芝,2000,やや速い,21,4,12,3.857142857142857,0.2605783105783106,19.047619047619047,57.14285714285714
内田博幸,福島,芝,2000,やや速い,22,4,8,7.545454545454546,0.4617702373384192,18.181818181818183,36.36363636363637
津村明秀,福島,芝,2000,やや速い,21,2,7,5.666666666666667,0.36983373769088057,9.523809523809524,33.33333333333333
吉田隼人,福島,芝,2000,やや速い,23,2,6,7.434782608695652,0.4346790890269151,8.695652173913043,26.08695652173913
丹内祐次,福島,芝,2000,やや速い,28,2,7,6.5,0.4166898577612863,7.142857142857142,25.0
丸山元気,福島,芝,2000,やや速い,33,4,8,7.303030303030303,0.439766798857708,12.121212121212121,24.242424242424242
石橋脩,福島,芝,2000,やや速い,22,1,5,8.818181818181818,0.4535472103653922,4.545454545454546,22.727272727272727
菊沢一樹,福島,芝,2000,やや速い,29,1,6,8.310344827586206,0.5074289216530596,3.4482758620689653,20.689655172413794
丸田恭介,福島,芝,2000,やや速い,25,3,5,8.72,0.5899458874458875,12.0,20.0
木幡巧也,福島,芝,2000,やや速い,22,1,2,8.227272727272727,0.4577331759149941,4.545454545454546,9.090909090909092
藤田菜七,福島,芝,2000,やや速い,22,0,1,9.727272727272727,0.5920520767111677,0.0,4.545454545454546
戸崎圭太,福島,芝,2000,標準〜やや上がり,25,5,12,5.24,0.3530061605061605,20.0,48.0
丸山元気,福島,芝,2000,標準〜やや上がり,39,5,13,6.948717948717949,0.5425649137187599,12.82051282051282,33.33333333333333
柴田大知,福島,芝,2000,標準〜やや上がり,28,3,9,7.25,0.4353596304489162,10.714285714285714,32.142857142857146
吉田隼人,福島,芝,2000,標準〜やや上がり,25,2,8,7.32,0.43287179487179483,8.0,32.0
鮫島克駿,福島,芝,2000,標準〜やや上がり,21,2,6,7.095238095238095,0.4797771672771673,9.523809523809524,28.57142857142857
菅原明良,福島,芝,2000,標準〜やや上がり,25,1,6,7.32,0.6281813186813188,4.0,24.0
荻野極,福島,芝,2000,標準〜やや上がり,21,3,5,9.142857142857142,0.45064320600034885,14.285714285714285,23.809523809523807
斎藤新,福島,芝,2000,標準〜やや上がり,20,2,3,8.3,0.5341056166056166,10.0,15.0
丹内祐次,福島,芝,2000,標準〜やや上がり,34,0,5,8.411764705882353,0.39883151978740217,0.0,14.705882352941178
木幡巧也,福島,芝,2000,標準〜やや上がり,22,0,3,8.409090909090908,0.5266414141414141,0.0,13.636363636363635
杉原誠人,福島,芝,2000,標準〜やや上がり,22,2,3,8.227272727272727,0.5370160142887416,9.090909090909092,13.636363636363635
菊沢一樹,福島,芝,2000,標準〜やや上がり,27,2,3,8.481481481481481,0.5343966218966218,7.4074074074074066,11.11111111111111
津村明秀,福島,芝,2000,標準〜やや上がり,29,2,3,7.655172413793103,0.39731987361297705,6.896551724137931,10.344827586206897
丸田恭介,福島,芝,2000,標準〜やや上がり,30,0,3,7.566666666666666,0.5207208994708995,0.0,10.0
江田照男,福島,芝,2000,標準〜やや上がり,20,0,2,7.25,0.4640787684537685,0.0,10.0
丹内祐次,福島,芝,2600,標準〜やや上がり,25,4,9,6.4,0.41081335331335334,16.0,36.0
丸山元気,福島,芝,2600,標準〜やや上がり,23,0,6,7.173913043478261,0.5267482517482517,0.0,26.08695652173913
菊沢一樹,福島,芝,2600,標準〜やや上がり,20,1,2,7.25,0.5288650932400932,5.0,10.0
浜中俊,阪神,ダ,1200,やや速い,22,5,12,4.545454545454546,0.44531926406926403,22.727272727272727,54.54545454545454
岩田望来,阪神,ダ,1200,やや速い,34,4,15,6.235294117647059,0.42982373019137726,11.76470588235294,44.11764705882353
幸英明,阪神,ダ,1200,やや速い,46,4,16,6.260869565217392,0.42075180254528083,8.695652173913043,34.78260869565217
藤岡康太,阪神,ダ,1200,やや速い,32,3,11,7.15625,0.4199187531218781,9.375,34.375
松山弘平,阪神,ダ,1200,やや速い,38,10,12,6.578947368421052,0.4479660690187006,26.31578947368421,31.57894736842105
池添謙一,阪神,ダ,1200,やや速い,20,2,6,7.5,0.29450091575091575,10.0,30.0
団野大成,阪神,ダ,1200,やや速い,21,5,6,6.714285714285714,0.45917970917970913,23.809523809523807,28.57142857142857
川須栄彦,阪神,ダ,1200,やや速い,30,3,8,8.266666666666667,0.41951243201243205,10.0,26.666666666666668
和田竜二,阪神,ダ,1200,やや速い,41,1,10,7.463414634146342,0.3576437789852424,2.4390243902439024,24.390243902439025
太宰啓介,阪神,ダ,1200,やや速い,22,1,5,7.545454545454546,0.6262445887445888,4.545454545454546,22.727272727272727
鮫島克駿,阪神,ダ,1200,やや速い,27,3,5,7.518518518518518,0.44301146384479717,11.11111111111111,18.51851851851852
岩田康誠,阪神,ダ,1200,やや速い,28,2,5,6.75,0.5249051543694401,7.142857142857142,17.857142857142858
古川吉洋,阪神,ダ,1200,やや速い,23,0,4,8.434782608695652,0.4300306577480491,0.0,17.391304347826086
藤岡佑介,阪神,ダ,1200,やや速い,24,0,4,8.0,0.6461587024087024,0.0,16.666666666666664
坂井瑠星,阪神,ダ,1200,やや速い,25,1,3,8.2,0.44822460872460873,4.0,12.0
酒井学,阪神,ダ,1200,やや速い,35,0,4,8.942857142857143,0.5096938775510205,0.0,11.428571428571429
国分優作,阪神,ダ,1200,やや速い,22,0,2,9.590909090909092,0.7187814079859535,0.0,9.090909090909092
松若風馬,阪神,ダ,1200,やや速い,40,1,2,10.125,0.49715430402930405,2.5,5.0
富田暁,阪神,ダ,1200,やや速い,21,0,1,8.714285714285714,0.38680426716141,0.0,4.761904761904762
国分恭介,阪神,ダ,1200,やや速い,20,0,0,9.25,0.5046153846153846,0.0,0.0
福永祐一,阪神,ダ,1200,ハイ/持続,42,9,22,4.476190476190476,0.3901458660387232,21.428571428571427,52.38095238095239
川田将雅,阪神,ダ,1200,ハイ/持続,43,12,21,5.232558139534884,0.42487735133083965,27.906976744186046,48.837209302325576
武豊,阪神,ダ,1200,ハイ/持続,60,11,26,5.516666666666667,0.4698233941983942,18.333333333333332,43.333333333333336
ルメール,阪神,ダ,1200,ハイ/持続,23,4,9,5.913043478260869,0.3907646701124962,17.391304347826086,39.130434782608695
松山弘平,阪神,ダ,1200,ハイ/持続,113,17,43,7.079646017699115,0.40105350647386045,15.04424778761062,38.05309734513274
Ｍ．デム,阪神,ダ,1200,ハイ/持続,24,2,9,6.458333333333333,0.4109059343434343,8.333333333333332,37.5
北村友一,阪神,ダ,1200,ハイ/持続,51,5,16,7.176470588235294,0.47153051197168844,9.803921568627452,31.372549019607842
岩田望来,阪神,ダ,1200,ハイ/持続,74,9,23,6.72972972972973,0.46013395388395384,12.162162162162163,31.08108108108108
坂井瑠星,阪神,ダ,1200,ハイ/持続,61,5,18,7.147540983606557,0.4413672848099078,8.19672131147541,29.508196721311474
幸英明,阪神,ダ,1200,ハイ/持続,117,10,34,6.880341880341881,0.46169727708189245,8.547008547008547,29.059829059829063
藤岡佑介,阪神,ダ,1200,ハイ/持続,47,4,13,6.957446808510638,0.5937112532857214,8.51063829787234,27.659574468085108
川又賢治,阪神,ダ,1200,ハイ/持続,22,1,6,7.909090909090909,0.4631968410377501,4.545454545454546,27.27272727272727
秋山真一,阪神,ダ,1200,ハイ/持続,38,3,10,8.342105263157896,0.5994445247734721,7.894736842105263,26.31578947368421
角田大河,阪神,ダ,1200,ハイ/持続,31,1,8,6.935483870967742,0.4096464019851117,3.225806451612903,25.806451612903224
吉田隼人,阪神,ダ,1200,ハイ/持続,25,2,6,7.64,0.44937573537573544,8.0,24.0
藤岡康太,阪神,ダ,1200,ハイ/持続,56,7,13,7.446428571428571,0.4646871729461015,12.5,23.214285714285715
和田翼,阪神,ダ,1200,ハイ/持続,26,0,6,9.0,0.5831697149004842,0.0,23.076923076923077
岩田康誠,阪神,ダ,1200,ハイ/持続,52,4,12,7.076923076923077,0.5566635287789133,7.6923076923076925,23.076923076923077
川須栄彦,阪神,ダ,1200,ハイ/持続,64,6,14,8.390625,0.38048761134698633,9.375,21.875
浜中俊,阪神,ダ,1200,ハイ/持続,46,5,10,7.065217391304348,0.44000935658544355,10.869565217391305,21.73913043478261
国分恭介,阪神,ダ,1200,ハイ/持続,54,4,11,7.574074074074074,0.496954357371024,7.4074074074074066,20.37037037037037
菱田裕二,阪神,ダ,1200,ハイ/持続,45,0,9,8.444444444444445,0.5743499093499094,0.0,20.0
水口優也,阪神,ダ,1200,ハイ/持続,26,1,5,8.153846153846153,0.44551282051282054,3.8461538461538463,19.230769230769234
田口貫太,阪神,ダ,1200,ハイ/持続,32,1,6,8.03125,0.5498943764568764,3.125,18.75
古川吉洋,阪神,ダ,1200,ハイ/持続,43,3,8,8.348837209302326,0.5332344012576571,6.976744186046512,18.6046511627907
池添謙一,阪神,ダ,1200,ハイ/持続,43,1,8,7.837209302325581,0.4206768038163387,2.3255813953488373,18.6046511627907
富田暁,阪神,ダ,1200,ハイ/持続,38,3,7,7.921052631578948,0.6099780701754386,7.894736842105263,18.421052631578945
松田大作,阪神,ダ,1200,ハイ/持続,33,0,6,8.06060606060606,0.4017676767676768,0.0,18.181818181818183
森裕太朗,阪神,ダ,1200,ハイ/持続,40,1,7,8.975,0.52125,2.5,17.5
和田竜二,阪神,ダ,1200,ハイ/持続,107,3,18,7.682242990654205,0.40888195397541194,2.803738317757009,16.822429906542055
団野大成,阪神,ダ,1200,ハイ/持続,66,3,10,8.712121212121213,0.5464566998657908,4.545454545454546,15.151515151515152
吉村誠之,阪神,ダ,1200,ハイ/持続,20,2,3,9.65,0.505152972027972,10.0,15.0
小沢大仁,阪神,ダ,1200,ハイ/持続,28,1,4,10.178571428571429,0.5321803196803196,3.571428571428571,14.285714285714285
小牧太,阪神,ダ,1200,ハイ/持続,36,1,5,8.305555555555555,0.6027904965404965,2.7777777777777777,13.88888888888889
中井裕二,阪神,ダ,1200,ハイ/持続,29,1,4,9.586206896551724,0.5223357581116201,3.4482758620689653,13.793103448275861
高倉稜,阪神,ダ,1200,ハイ/持続,45,5,6,8.755555555555556,0.6121114996114996,11.11111111111111,13.333333333333334
鮫島良太,阪神,ダ,1200,ハイ/持続,30,2,4,8.633333333333333,0.700023865023865,6.666666666666667,13.333333333333334
酒井学,阪神,ダ,1200,ハイ/持続,79,4,10,8.835443037974683,0.4762455371632587,5.063291139240507,12.658227848101266
今村聖奈,阪神,ダ,1200,ハイ/持続,32,0,4,9.125,0.5731856684981685,0.0,12.5
太宰啓介,阪神,ダ,1200,ハイ/持続,52,2,6,9.0,0.6494620763851533,3.8461538461538463,11.538461538461538
国分優作,阪神,ダ,1200,ハイ/持続,45,2,5,8.977777777777778,0.6711604444937779,4.444444444444445,11.11111111111111
泉谷楓真,阪神,ダ,1200,ハイ/持続,27,0,3,9.37037037037037,0.5088319088319089,0.0,11.11111111111111
鮫島克駿,阪神,ダ,1200,ハイ/持続,81,3,9,8.962962962962964,0.47181028847695516,3.7037037037037033,11.11111111111111
松若風馬,阪神,ダ,1200,ハイ/持続,81,3,8,9.580246913580247,0.4475754184087517,3.7037037037037033,9.876543209876543
永島まな,阪神,ダ,1200,ハイ/持続,21,0,2,9.333333333333334,0.4537393162393163,0.0,9.523809523809524
藤懸貴志,阪神,ダ,1200,ハイ/持続,37,1,3,9.378378378378379,0.6296950796950798,2.7027027027027026,8.108108108108109
斎藤新,阪神,ダ,1200,ハイ/持続,25,0,2,8.84,0.5138578088578089,0.0,8.0
荻野極,阪神,ダ,1200,ハイ/持続,38,1,3,9.631578947368421,0.5041497975708502,2.631578947368421,7.894736842105263
西村淳也,阪神,ダ,1200,ハイ/持続,38,2,3,8.5,0.5213447736474052,5.263157894736842,7.894736842105263
田中健,阪神,ダ,1200,ハイ/持続,22,0,0,10.909090909090908,0.4071241258741259,0.0,0.0
川田将雅,阪神,ダ,1400,やや速い,37,11,23,3.810810810810811,0.2737029487029487,29.72972972972973,62.16216216216216
坂井瑠星,阪神,ダ,1400,やや速い,26,1,11,6.423076923076923,0.4307665091318938,3.8461538461538463,42.30769230769231
武豊,阪神,ダ,1400,やや速い,32,3,13,5.75,0.39164286234598733,9.375,40.625
藤岡康太,阪神,ダ,1400,やや速い,26,2,8,6.846153846153846,0.5375176105945336,7.6923076923076925,30.76923076923077
福永祐一,阪神,ダ,1400,やや速い,23,0,7,6.6521739130434785,0.36208658491267187,0.0,30.434782608695656
北村友一,阪神,ダ,1400,やや速い,30,4,9,7.3,0.49184704184704187,13.333333333333334,30.0
池添謙一,阪神,ダ,1400,やや速い,27,3,8,7.7407407407407405,0.47333469000135664,11.11111111111111,29.629629629629626
藤岡佑介,阪神,ダ,1400,やや速い,26,4,7,7.346153846153846,0.6499235806928115,15.384615384615385,26.923076923076923
浜中俊,阪神,ダ,1400,やや速い,27,1,7,7.333333333333333,0.37970285886952554,3.7037037037037033,25.925925925925924
鮫島克駿,阪神,ダ,1400,やや速い,25,2,6,7.28,0.4128974358974359,8.0,24.0
団野大成,阪神,ダ,1400,やや速い,30,4,7,7.733333333333333,0.5274585137085137,13.333333333333334,23.333333333333332
太宰啓介,阪神,ダ,1400,やや速い,22,0,5,8.5,0.6301480716253444,0.0,22.727272727272727
岩田望来,阪神,ダ,1400,やや速い,32,0,7,7.5625,0.40031244796869797,0.0,21.875
松若風馬,阪神,ダ,1400,やや速い,37,5,8,8.243243243243244,0.547889797889798,13.513513513513514,21.62162162162162
岩田康誠,阪神,ダ,1400,やや速い,34,1,7,7.5588235294117645,0.510364594555771,2.941176470588235,20.588235294117645
松山弘平,阪神,ダ,1400,やや速い,39,4,8,6.743589743589744,0.41557214153368005,10.256410256410255,20.51282051282051
和田竜二,阪神,ダ,1400,やや速い,49,1,9,7.755102040816326,0.4655017601446173,2.0408163265306123,18.367346938775512
幸英明,阪神,ダ,1400,やや速い,50,3,8,7.36,0.4080144855144855,6.0,16.0
酒井学,阪神,ダ,1400,やや速い,33,0,2,9.484848484848484,0.5431832056832057,0.0,6.0606060606060606
国分優作,阪神,ダ,1400,やや速い,21,0,1,10.142857142857142,0.4655433851862424,0.0,4.761904761904762
高倉稜,阪神,ダ,1400,やや速い,22,1,1,8.954545454545455,0.5810252247752248,4.545454545454546,4.545454545454546
川田将雅,阪神,ダ,1400,ハイ/持続,103,31,55,5.019417475728155,0.34528143108240195,30.097087378640776,53.398058252427184
ルメール,阪神,ダ,1400,ハイ/持続,50,3,18,6.5,0.3847847985347985,6.0,36.0
Ｍ．デム,阪神,ダ,1400,ハイ/持続,65,11,23,6.276923076923077,0.4890910585141355,16.923076923076923,35.38461538461539
松山弘平,阪神,ダ,1400,ハイ/持続,152,19,51,6.802631578947368,0.3984829315421421,12.5,33.55263157894737
横山典弘,阪神,ダ,1400,ハイ/持続,30,2,10,6.366666666666666,0.62759768009768,6.666666666666667,33.33333333333333
坂井瑠星,阪神,ダ,1400,ハイ/持続,87,10,28,7.632183908045977,0.3901586599862462,11.494252873563218,32.18390804597701
福永祐一,阪神,ダ,1400,ハイ/持続,80,8,25,6.6,0.4058337148962149,10.0,31.25
武豊,阪神,ダ,1400,ハイ/持続,94,9,29,6.4787234042553195,0.4166009669999032,9.574468085106384,30.851063829787233
田口貫太,阪神,ダ,1400,ハイ/持続,46,7,14,7.521739130434782,0.46996192213583515,15.217391304347828,30.434782608695656
藤岡康太,阪神,ダ,1400,ハイ/持続,89,8,27,7.48314606741573,0.4829852263841028,8.98876404494382,30.337078651685395
藤岡佑介,阪神,ダ,1400,ハイ/持続,72,7,21,6.930555555555555,0.52852963009213,9.722222222222223,29.166666666666668
高杉吏麒,阪神,ダ,1400,ハイ/持続,21,1,6,7.142857142857143,0.4816609977324263,4.761904761904762,28.57142857142857
北村友一,阪神,ダ,1400,ハイ/持続,74,6,21,7.675675675675675,0.523567311067311,8.108108108108109,28.37837837837838
国分恭介,阪神,ダ,1400,ハイ/持続,63,4,17,7.444444444444445,0.5869323797895226,6.349206349206349,26.984126984126984
吉田隼人,阪神,ダ,1400,ハイ/持続,42,4,11,6.738095238095238,0.4296245421245421,9.523809523809524,26.190476190476193
四位洋文,阪神,ダ,1400,ハイ/持続,20,1,5,6.95,0.6491437728937729,5.0,25.0
秋山真一,阪神,ダ,1400,ハイ/持続,72,5,18,7.986111111111111,0.4869287541162541,6.944444444444445,25.0
岩田康誠,阪神,ダ,1400,ハイ/持続,95,10,23,7.7894736842105265,0.5408405921563817,10.526315789473683,24.210526315789473
川島信二,阪神,ダ,1400,ハイ/持続,30,1,7,8.466666666666667,0.6115834628334629,3.3333333333333335,23.333333333333332
鮫島克駿,阪神,ダ,1400,ハイ/持続,104,9,24,7.346153846153846,0.4760774615341923,8.653846153846153,23.076923076923077
和田竜二,阪神,ダ,1400,ハイ/持続,168,14,35,7.815476190476191,0.4426514292585721,8.333333333333332,20.833333333333336
浜中俊,阪神,ダ,1400,ハイ/持続,87,4,18,7.333333333333333,0.46175272683893376,4.597701149425287,20.689655172413794
長岡禎仁,阪神,ダ,1400,ハイ/持続,29,2,6,7.620689655172414,0.5980500821018062,6.896551724137931,20.689655172413794
団野大成,阪神,ダ,1400,ハイ/持続,77,6,15,8.311688311688311,0.4977018652343328,7.792207792207792,19.480519480519483
岩田望来,阪神,ダ,1400,ハイ/持続,104,8,20,7.519230769230769,0.49135147704859244,7.6923076923076925,19.230769230769234
古川奈穂,阪神,ダ,1400,ハイ/持続,21,1,4,8.238095238095237,0.4739112739112739,4.761904761904762,19.047619047619047
藤井勘一,阪神,ダ,1400,ハイ/持続,32,1,6,8.0625,0.5976393398268398,3.125,18.75
小牧太,阪神,ダ,1400,ハイ/持続,54,4,10,8.75925925925926,0.5349538578705245,7.4074074074074066,18.51851851851852
太宰啓介,阪神,ダ,1400,ハイ/持続,99,3,18,8.303030303030303,0.5745210877786635,3.0303030303030303,18.181818181818183
西村淳也,阪神,ダ,1400,ハイ/持続,55,3,10,7.654545454545454,0.4156337601792147,5.454545454545454,18.181818181818183
幸英明,阪神,ダ,1400,ハイ/持続,172,12,30,7.680232558139535,0.4672421570677384,6.976744186046512,17.441860465116278
和田翼,阪神,ダ,1400,ハイ/持続,25,1,4,9.2,0.5111666666666667,4.0,16.0
酒井学,阪神,ダ,1400,ハイ/持続,103,7,16,8.87378640776699,0.5197650246193936,6.796116504854369,15.53398058252427
池添謙一,阪神,ダ,1400,ハイ/持続,91,1,14,8.835164835164836,0.47849715912902724,1.098901098901099,15.384615384615385
荻野極,阪神,ダ,1400,ハイ/持続,43,4,6,8.418604651162791,0.526332420809165,9.30232558139535,13.953488372093023
斎藤新,阪神,ダ,1400,ハイ/持続,36,0,5,8.666666666666666,0.504019129019129,0.0,13.88888888888889
鮫島良太,阪神,ダ,1400,ハイ/持続,29,1,4,8.310344827586206,0.5597846119397843,3.4482758620689653,13.793103448275861
高倉稜,阪神,ダ,1400,ハイ/持続,53,3,7,9.09433962264151,0.6268924733547374,5.660377358490567,13.20754716981132
松若風馬,阪神,ダ,1400,ハイ/持続,146,3,19,8.58904109589041,0.5386894498195869,2.054794520547945,13.013698630136986
今村聖奈,阪神,ダ,1400,ハイ/持続,24,1,3,9.125,0.5704850704850705,4.166666666666666,12.5
角田大河,阪神,ダ,1400,ハイ/持続,32,0,4,9.125,0.5062910180097681,0.0,12.5
国分優作,阪神,ダ,1400,ハイ/持続,77,1,9,9.0,0.538678601340939,1.2987012987012987,11.688311688311687
吉村誠之,阪神,ダ,1400,ハイ/持続,27,1,3,9.444444444444445,0.4037020078686745,3.7037037037037033,11.11111111111111
川須栄彦,阪神,ダ,1400,ハイ/持続,55,0,6,8.872727272727273,0.4213343726980091,0.0,10.909090909090908
中井裕二,阪神,ダ,1400,ハイ/持続,29,0,3,9.344827586206897,0.653448275862069,0.0,10.344827586206897
富田暁,阪神,ダ,1400,ハイ/持続,50,0,5,10.0,0.577003663003663,0.0,10.0
菱田裕二,阪神,ダ,1400,ハイ/持続,51,2,5,9.647058823529411,0.4609705653823301,3.9215686274509802,9.803921568627452
藤懸貴志,阪神,ダ,1400,ハイ/持続,51,1,5,8.764705882352942,0.547750941868589,1.9607843137254901,9.803921568627452
川又賢治,阪神,ダ,1400,ハイ/持続,21,0,2,10.428571428571429,0.5672161172161172,0.0,9.523809523809524
小崎綾也,阪神,ダ,1400,ハイ/持続,53,1,4,9.641509433962264,0.5562775013246711,1.8867924528301887,7.547169811320755
古川吉洋,阪神,ダ,1400,ハイ/持続,69,2,5,9.0,0.5787700624657146,2.898550724637681,7.246376811594203
泉谷楓真,阪神,ダ,1400,ハイ/持続,30,0,2,9.1,0.539702380952381,0.0,6.666666666666667
森裕太朗,阪神,ダ,1400,ハイ/持続,33,1,2,9.787878787878787,0.6195526695526696,3.0303030303030303,6.0606060606060606
小沢大仁,阪神,ダ,1400,ハイ/持続,29,1,1,8.931034482758621,0.49079196665403557,3.4482758620689653,3.4482758620689653
加藤祥太,阪神,ダ,1400,ハイ/持続,22,0,0,9.318181818181818,0.5589982618391709,0.0,0.0
松田大作,阪神,ダ,1400,ハイ/持続,31,0,0,9.612903225806452,0.5871700879765396,0.0,0.0
川田将雅,阪神,ダ,1800,やや速い,70,18,40,3.8,0.37144874966303537,25.71428571428571,57.14285714285714
ルメール,阪神,ダ,1800,やや速い,38,10,21,4.815789473684211,0.3585844345712767,26.31578947368421,55.26315789473685
武豊,阪神,ダ,1800,やや速い,64,9,24,5.515625,0.3994077320249195,14.0625,37.5
Ｍ．デム,阪神,ダ,1800,やや速い,29,7,10,6.206896551724138,0.4686020875676048,24.137931034482758,34.48275862068966
坂井瑠星,阪神,ダ,1800,やや速い,69,9,23,7.159420289855072,0.4500417658026354,13.043478260869565,33.33333333333333
松山弘平,阪神,ダ,1800,やや速い,112,7,37,6.491071428571429,0.42801603158746016,6.25,33.035714285714285
福永祐一,阪神,ダ,1800,やや速い,58,10,19,5.741379310344827,0.43685048189358533,17.24137931034483,32.758620689655174
岩田望来,阪神,ダ,1800,やや速い,81,11,26,6.3580246913580245,0.39818120836639354,13.580246913580247,32.098765432098766
岩田康誠,阪神,ダ,1800,やや速い,78,11,23,6.17948717948718,0.5621198779852626,14.102564102564102,29.48717948717949
藤岡佑介,阪神,ダ,1800,やや速い,48,6,14,6.395833333333333,0.594169487919488,12.5,29.166666666666668
幸英明,阪神,ダ,1800,やや速い,128,14,37,6.59375,0.5095226930187867,10.9375,28.90625
団野大成,阪神,ダ,1800,やや速い,47,4,13,6.531914893617022,0.4653825488931872,8.51063829787234,27.659574468085108
吉田隼人,阪神,ダ,1800,やや速い,41,3,11,6.097560975609756,0.44750534018826704,7.317073170731707,26.82926829268293
浜中俊,阪神,ダ,1800,やや速い,60,5,15,7.75,0.36851807914307916,8.333333333333332,25.0
鮫島良太,阪神,ダ,1800,やや速い,24,0,6,7.583333333333333,0.4579239626114626,0.0,25.0
高倉稜,阪神,ダ,1800,やや速い,37,1,9,8.108108108108109,0.5248949248949248,2.7027027027027026,24.324324324324326
加藤祥太,阪神,ダ,1800,やや速い,21,2,5,7.714285714285714,0.4677810284953142,9.523809523809524,23.809523809523807
藤懸貴志,阪神,ダ,1800,やや速い,31,3,7,7.612903225806452,0.5635778200294329,9.67741935483871,22.58064516129032
国分優作,阪神,ダ,1800,やや速い,46,2,10,8.804347826086957,0.5657683198444068,4.3478260869565215,21.73913043478261
斎藤新,阪神,ダ,1800,やや速い,23,0,5,7.3478260869565215,0.49536731384557475,0.0,21.73913043478261
和田竜二,阪神,ダ,1800,やや速い,122,7,26,7.122950819672131,0.4389945437076585,5.737704918032787,21.311475409836063
国分恭介,阪神,ダ,1800,やや速い,50,3,10,6.88,0.5225136252636253,6.0,20.0
松若風馬,阪神,ダ,1800,やや速い,85,6,17,7.8352941176470585,0.4370778731072849,7.0588235294117645,20.0
小牧太,阪神,ダ,1800,やや速い,41,1,8,7.0,0.5195022795632551,2.4390243902439024,19.51219512195122
藤岡康太,阪神,ダ,1800,やや速い,77,3,15,7.662337662337662,0.4875521844677689,3.896103896103896,19.480519480519483
荻野極,阪神,ダ,1800,やや速い,36,5,7,8.027777777777779,0.49175384800384797,13.88888888888889,19.444444444444446
森裕太朗,阪神,ダ,1800,やや速い,26,2,5,7.0,0.5625821294090525,7.6923076923076925,19.230769230769234
太宰啓介,阪神,ダ,1800,やや速い,44,3,8,7.5,0.5843727610773065,6.8181818181818175,18.181818181818183
池添謙一,阪神,ダ,1800,やや速い,55,3,10,8.836363636363636,0.4056653699835518,5.454545454545454,18.181818181818183
酒井学,阪神,ダ,1800,やや速い,81,2,13,8.432098765432098,0.5575784469302988,2.4691358024691357,16.049382716049383
鮫島克駿,阪神,ダ,1800,やや速い,77,3,12,7.2727272727272725,0.475185853107931,3.896103896103896,15.584415584415584
北村友一,阪神,ダ,1800,やや速い,42,0,6,8.214285714285714,0.492756648113791,0.0,14.285714285714285
秋山真一,阪神,ダ,1800,やや速い,29,2,4,8.620689655172415,0.6150666861873758,6.896551724137931,13.793103448275861
角田大河,阪神,ダ,1800,やや速い,29,1,4,7.448275862068965,0.4599539827988104,3.4482758620689653,13.793103448275861
川須栄彦,阪神,ダ,1800,やや速い,37,0,5,8.54054054054054,0.48685717435717435,0.0,13.513513513513514
小沢大仁,阪神,ダ,1800,やや速い,24,0,3,8.958333333333334,0.6179981476856476,0.0,12.5
菱田裕二,阪神,ダ,1800,やや速い,32,3,4,7.03125,0.5837139856671106,9.375,12.5
古川吉洋,阪神,ダ,1800,やや速い,49,1,6,8.408163265306122,0.5676565214830521,2.0408163265306123,12.244897959183673
小崎綾也,阪神,ダ,1800,やや速い,26,1,3,7.346153846153846,0.6202200577200577,3.8461538461538463,11.538461538461538
西村淳也,阪神,ダ,1800,やや速い,44,0,5,8.727272727272727,0.47483908137317227,0.0,11.363636363636363
川又賢治,阪神,ダ,1800,やや速い,20,0,2,8.25,0.48432026307026305,0.0,10.0
水口優也,阪神,ダ,1800,やや速い,20,0,2,8.55,0.5178146853146853,0.0,10.0
田口貫太,阪神,ダ,1800,やや速い,31,1,3,9.290322580645162,0.5461025533606179,3.225806451612903,9.67741935483871
富田暁,阪神,ダ,1800,やや速い,42,1,4,8.785714285714286,0.5971114533614534,2.380952380952381,9.523809523809524
和田翼,阪神,ダ,1800,やや速い,22,0,2,9.363636363636363,0.6267874171283262,0.0,9.090909090909092
松田大作,阪神,ダ,1800,やや速い,21,1,1,10.80952380952381,0.5902360866646581,4.761904761904762,4.761904761904762
幸英明,阪神,ダ,1800,ハイ/持続,34,3,10,5.882352941176471,0.4890491452991453,8.823529411764707,29.411764705882355
酒井学,阪神,ダ,1800,ハイ/持続,25,3,7,7.92,0.614029304029304,12.0,28.000000000000004
鮫島克駿,阪神,ダ,1800,ハイ/持続,29,3,7,6.241379310344827,0.456374468443434,10.344827586206897,24.137931034482758
和田竜二,阪神,ダ,1800,ハイ/持続,32,1,6,7.15625,0.32874239475801975,3.125,18.75
松若風馬,阪神,ダ,1800,ハイ/持続,34,3,6,8.411764705882353,0.5520321182085889,8.823529411764707,17.647058823529413
松山弘平,阪神,ダ,1800,ハイ/持続,26,0,3,9.038461538461538,0.5348137439483593,0.0,11.538461538461538
岩田望来,阪神,ダ,1800,標準〜やや上がり,70,15,36,4.714285714285714,0.37286215768358627,21.428571428571427,51.42857142857142
川田将雅,阪神,ダ,1800,標準〜やや上がり,52,14,26,4.846153846153846,0.3623907876311723,26.923076923076923,50.0
福永祐一,阪神,ダ,1800,標準〜やや上がり,39,6,17,4.948717948717949,0.379261408107562,15.384615384615385,43.58974358974359
武豊,阪神,ダ,1800,標準〜やや上がり,43,3,18,5.209302325581396,0.37422109544202564,6.976744186046512,41.86046511627907
浜中俊,阪神,ダ,1800,標準〜やや上がり,42,6,17,6.285714285714286,0.355245250780965,14.285714285714285,40.476190476190474
ルメール,阪神,ダ,1800,標準〜やや上がり,26,4,10,5.153846153846154,0.4238844488844489,15.384615384615385,38.46153846153847
松山弘平,阪神,ダ,1800,標準〜やや上がり,82,12,31,5.439024390243903,0.42550320614345,14.634146341463413,37.80487804878049
池添謙一,阪神,ダ,1800,標準〜やや上がり,26,3,9,7.115384615384615,0.5086789279096972,11.538461538461538,34.61538461538461
菱田裕二,阪神,ダ,1800,標準〜やや上がり,27,3,9,6.444444444444445,0.628193257359924,11.11111111111111,33.33333333333333
坂井瑠星,阪神,ダ,1800,標準〜やや上がり,60,4,19,6.483333333333333,0.46207884707884705,6.666666666666667,31.666666666666664
北村友一,阪神,ダ,1800,標準〜やや上がり,35,1,11,6.6571428571428575,0.4934803291946149,2.857142857142857,31.428571428571427
藤岡佑介,阪神,ダ,1800,標準〜やや上がり,45,8,14,6.933333333333334,0.49026396443063114,17.77777777777778,31.11111111111111
中井裕二,阪神,ダ,1800,標準〜やや上がり,23,0,7,7.043478260869565,0.5161424324467803,0.0,30.434782608695656
鮫島克駿,阪神,ダ,1800,標準〜やや上がり,53,4,14,6.377358490566038,0.4823662972247878,7.547169811320755,26.41509433962264
西村淳也,阪神,ダ,1800,標準〜やや上がり,35,3,9,5.885714285714286,0.48505514326942895,8.571428571428571,25.71428571428571
岩田康誠,阪神,ダ,1800,標準〜やや上がり,44,4,11,7.7727272727272725,0.4561690203735658,9.090909090909092,25.0
藤岡康太,阪神,ダ,1800,標準〜やや上がり,40,3,10,7.55,0.5171289474414474,7.5,25.0
高倉稜,阪神,ダ,1800,標準〜やや上がり,20,1,5,7.8,0.5673832417582417,5.0,25.0
太宰啓介,阪神,ダ,1800,標準〜やや上がり,29,1,7,6.586206896551724,0.5471239010032114,3.4482758620689653,24.137931034482758
小牧太,阪神,ダ,1800,標準〜やや上がり,30,2,7,6.9,0.446765688015688,6.666666666666667,23.333333333333332
幸英明,阪神,ダ,1800,標準〜やや上がり,90,10,21,6.7555555555555555,0.45974024432357763,11.11111111111111,23.333333333333332
松若風馬,阪神,ダ,1800,標準〜やや上がり,74,3,17,7.918918918918919,0.5067881442881443,4.054054054054054,22.972972972972975
和田竜二,阪神,ダ,1800,標準〜やや上がり,98,7,19,6.785714285714286,0.4408753519722907,7.142857142857142,19.387755102040817
Ｍ．デム,阪神,ダ,1800,標準〜やや上がり,21,3,4,5.428571428571429,0.46227951942237655,14.285714285714285,19.047619047619047
古川吉洋,阪神,ダ,1800,標準〜やや上がり,36,2,6,7.027777777777778,0.5811531446948114,5.555555555555555,16.666666666666664
吉村誠之,阪神,ダ,1800,標準〜やや上がり,20,2,3,8.3,0.4883806471306471,10.0,15.0
団野大成,阪神,ダ,1800,標準〜やや上がり,34,1,5,8.676470588235293,0.5395714171449465,2.941176470588235,14.705882352941178
秋山真一,阪神,ダ,1800,標準〜やや上がり,23,0,3,9.173913043478262,0.48996908888213236,0.0,13.043478260869565
酒井学,阪神,ダ,1800,標準〜やや上がり,49,1,6,8.46938775510204,0.5570106763984315,2.0408163265306123,12.244897959183673
国分恭介,阪神,ダ,1800,標準〜やや上がり,42,0,5,8.452380952380953,0.5766416453916454,0.0,11.904761904761903
富田暁,阪神,ダ,1800,標準〜やや上がり,21,0,2,9.666666666666666,0.6177138337852623,0.0,9.523809523809524
国分優作,阪神,ダ,1800,標準〜やや上がり,32,1,3,8.125,0.5581767624736375,3.125,9.375
川須栄彦,阪神,ダ,1800,標準〜やや上がり,24,0,2,8.125,0.4129287379287379,0.0,8.333333333333332
藤懸貴志,阪神,ダ,1800,標準〜やや上がり,26,0,2,10.0,0.7254435735204966,0.0,7.6923076923076925
岩田望来,阪神,ダ,2000,やや速い,21,5,9,5.285714285714286,0.3811023632452204,23.809523809523807,42.857142857142854
武豊,阪神,ダ,2000,やや速い,25,3,10,6.04,0.3906155511155511,12.0,40.0
川田将雅,阪神,ダ,2000,やや速い,23,3,9,5.260869565217392,0.40842708016621065,13.043478260869565,39.130434782608695
和田竜二,阪神,ダ,2000,やや速い,40,3,11,6.175,0.38923122016872014,7.5,27.500000000000004
浜中俊,阪神,ダ,2000,やや速い,22,2,6,8.090909090909092,0.4018648018648019,9.090909090909092,27.27272727272727
松山弘平,阪神,ダ,2000,やや速い,34,3,9,7.382352941176471,0.47030204272851334,8.823529411764707,26.47058823529412
幸英明,阪神,ダ,2000,やや速い,39,3,10,6.743589743589744,0.5104978710747942,7.6923076923076925,25.64102564102564
藤岡康太,阪神,ダ,2000,やや速い,22,1,5,7.363636363636363,0.5003232878232878,4.545454545454546,22.727272727272727
岩田康誠,阪神,ダ,2000,やや速い,22,2,4,7.545454545454546,0.5460557750330478,9.090909090909092,18.181818181818183
酒井学,阪神,ダ,2000,やや速い,23,0,3,7.6521739130434785,0.46136411897281465,0.0,13.043478260869565
和田竜二,阪神,ダ,2000,標準〜やや上がり,21,5,9,5.476190476190476,0.36545861545861547,23.809523809523807,42.857142857142854
武豊,阪神,芝,1200,やや速い,30,8,15,5.633333333333334,0.3865484515484515,26.666666666666668,50.0
幸英明,阪神,芝,1200,やや速い,39,5,16,6.358974358974359,0.44208021323405944,12.82051282051282,41.02564102564102
岩田望来,阪神,芝,1200,やや速い,22,2,8,6.136363636363637,0.5081633644133644,9.090909090909092,36.36363636363637
和田竜二,阪神,芝,1200,やや速い,42,5,12,7.214285714285714,0.4044462151605009,11.904761904761903,28.57142857142857
藤岡康太,阪神,芝,1200,やや速い,26,1,7,7.153846153846154,0.4602535285227593,3.8461538461538463,26.923076923076923
酒井学,阪神,芝,1200,やや速い,28,2,7,8.321428571428571,0.3359744917780632,7.142857142857142,25.0
松若風馬,阪神,芝,1200,やや速い,33,0,8,8.090909090909092,0.509489121989122,0.0,24.242424242424242
松山弘平,阪神,芝,1200,やや速い,39,2,9,7.538461538461538,0.514104627566166,5.128205128205128,23.076923076923077
福永祐一,阪神,芝,1200,やや速い,23,0,5,7.3478260869565215,0.3902273451186495,0.0,21.73913043478261
鮫島克駿,阪神,芝,1200,やや速い,33,4,7,7.151515151515151,0.5203590601317873,12.121212121212121,21.21212121212121
坂井瑠星,阪神,芝,1200,やや速い,20,3,4,8.0,0.4597527472527473,15.0,20.0
団野大成,阪神,芝,1200,やや速い,21,0,4,8.380952380952381,0.48611111111111116,0.0,19.047619047619047
藤岡佑介,阪神,芝,1200,やや速い,21,2,3,8.19047619047619,0.658027356241642,9.523809523809524,14.285714285714285
松山弘平,阪神,芝,1200,ハイ/持続,21,3,8,6.523809523809524,0.3983480804909376,14.285714285714285,38.095238095238095
松山弘平,阪神,芝,1200,標準〜やや上がり,28,4,11,6.214285714285714,0.448859126984127,14.285714285714285,39.285714285714285
松若風馬,阪神,芝,1200,標準〜やや上がり,22,1,6,6.363636363636363,0.44408577533577537,4.545454545454546,27.27272727272727
幸英明,阪神,芝,1200,標準〜やや上がり,22,2,4,8.0,0.5078692141192142,9.090909090909092,18.181818181818183
和田竜二,阪神,芝,1200,標準〜やや上がり,25,0,3,8.12,0.3501098901098901,0.0,12.0
川田将雅,阪神,芝,1400,やや速い,39,7,19,5.3076923076923075,0.4270069673915828,17.94871794871795,48.717948717948715
Ｍ．デム,阪神,芝,1400,やや速い,20,3,8,6.25,0.5140817679052974,15.0,40.0
武豊,阪神,芝,1400,やや速い,33,6,12,5.2727272727272725,0.5292466792466792,18.181818181818183,36.36363636363637
藤岡佑介,阪神,芝,1400,やや速い,33,3,11,6.515151515151516,0.5450481757299939,9.090909090909092,33.33333333333333
岩田望来,阪神,芝,1400,やや速い,41,5,12,6.121951219512195,0.5239275788773636,12.195121951219512,29.268292682926827
坂井瑠星,阪神,芝,1400,やや速い,24,2,7,7.208333333333333,0.5184892075517076,8.333333333333332,29.166666666666668
松若風馬,阪神,芝,1400,やや速い,46,2,13,8.043478260869565,0.4752712636184503,4.3478260869565215,28.26086956521739
北村友一,阪神,芝,1400,やや速い,32,4,9,7.375,0.45127676653411947,12.5,28.125
浜中俊,阪神,芝,1400,やや速い,36,3,10,6.416666666666667,0.43663990330657,8.333333333333332,27.77777777777778
幸英明,阪神,芝,1400,やや速い,53,5,14,7.566037735849057,0.39794115737511965,9.433962264150944,26.41509433962264
西村淳也,阪神,芝,1400,やや速い,23,0,6,7.565217391304348,0.4552424025250112,0.0,26.08695652173913
和田竜二,阪神,芝,1400,やや速い,59,1,15,7.6440677966101696,0.407103641899255,1.694915254237288,25.423728813559322
団野大成,阪神,芝,1400,やや速い,30,2,7,6.833333333333333,0.504055084349202,6.666666666666667,23.333333333333332
福永祐一,阪神,芝,1400,やや速い,35,4,8,6.857142857142857,0.5324707038992754,11.428571428571429,22.857142857142858
松山弘平,阪神,芝,1400,やや速い,50,3,11,7.64,0.4354302641802642,6.0,22.0
菱田裕二,阪神,芝,1400,やや速い,24,2,5,9.166666666666666,0.48363183657301306,8.333333333333332,20.833333333333336
荻野極,阪神,芝,1400,やや速い,25,2,5,8.4,0.39905688755688756,8.0,20.0
藤岡康太,阪神,芝,1400,やや速い,31,3,6,7.580645161290323,0.5424985408856376,9.67741935483871,19.35483870967742
古川吉洋,阪神,芝,1400,やや速い,21,1,4,9.0,0.4429057054057054,4.761904761904762,19.047619047619047
池添謙一,阪神,芝,1400,やや速い,48,3,8,8.833333333333334,0.5365329013306954,6.25,16.666666666666664
鮫島克駿,阪神,芝,1400,やや速い,33,0,5,7.878787878787879,0.4880642579840441,0.0,15.151515151515152
岩田康誠,阪神,芝,1400,やや速い,35,2,5,7.914285714285715,0.5770298748870177,5.714285714285714,14.285714285714285
酒井学,阪神,芝,1400,やや速い,30,1,4,7.7,0.4790661625955744,3.3333333333333335,13.333333333333334
秋山真一,阪神,芝,1400,やや速い,21,2,2,8.857142857142858,0.5980519480519481,9.523809523809524,9.523809523809524
川須栄彦,阪神,芝,1400,やや速い,22,0,2,8.409090909090908,0.3934138648042392,0.0,9.090909090909092
国分優作,阪神,芝,1400,やや速い,23,0,2,8.869565217391305,0.4590285318546188,0.0,8.695652173913043
川田将雅,阪神,芝,1400,ハイ/持続,28,5,15,4.107142857142857,0.3653719179979684,17.857142857142858,53.57142857142857
北村友一,阪神,芝,1400,ハイ/持続,23,3,11,5.217391304347826,0.47632490058960647,13.043478260869565,47.82608695652174
藤岡佑介,阪神,芝,1400,ハイ/持続,20,3,6,7.35,0.3572957761193055,15.0,30.0
松山弘平,阪神,芝,1400,ハイ/持続,33,4,9,6.515151515151516,0.4612362879742559,12.121212121212121,27.27272727272727
池添謙一,阪神,芝,1400,ハイ/持続,20,2,5,8.4,0.4668361213949449,10.0,25.0
鮫島克駿,阪神,芝,1400,ハイ/持続,29,4,7,8.10344827586207,0.5876570831692536,13.793103448275861,24.137931034482758
幸英明,阪神,芝,1400,ハイ/持続,29,2,6,8.10344827586207,0.47743396731733445,6.896551724137931,20.689655172413794
浜中俊,阪神,芝,1400,ハイ/持続,20,3,4,7.35,0.4031376793141499,15.0,20.0
武豊,阪神,芝,1400,ハイ/持続,26,1,5,7.384615384615385,0.5628518446108944,3.8461538461538463,19.230769230769234
和田竜二,阪神,芝,1400,ハイ/持続,37,1,3,9.054054054054054,0.4835180894004424,2.7027027027027026,8.108108108108109
松若風馬,阪神,芝,1400,ハイ/持続,36,0,2,10.13888888888889,0.39586558593911536,0.0,5.555555555555555
川田将雅,阪神,芝,1400,標準〜やや上がり,23,5,14,3.5217391304347827,0.38168624498547776,21.73913043478261,60.86956521739131
岩田望来,阪神,芝,1400,標準〜やや上がり,24,4,10,5.125,0.5231873926726868,16.666666666666664,41.66666666666667
和田竜二,阪神,芝,1400,標準〜やや上がり,27,2,10,5.925925925925926,0.40176515568672433,7.4074074074074066,37.03703703703704
松山弘平,阪神,芝,1400,標準〜やや上がり,24,2,7,5.916666666666667,0.4033456807353866,8.333333333333332,29.166666666666668
武豊,阪神,芝,1400,標準〜やや上がり,22,0,4,7.636363636363637,0.6158769335239923,0.0,18.181818181818183
幸英明,阪神,芝,1400,標準〜やや上がり,23,2,4,6.956521739130435,0.48846854339181706,8.695652173913043,17.391304347826086
川田将雅,阪神,芝,1600,やや速い,22,4,10,5.5,0.42653335226864636,18.181818181818183,45.45454545454545
北村友一,阪神,芝,1600,やや速い,23,3,7,6.304347826086956,0.5317386613102726,13.043478260869565,30.434782608695656
松山弘平,阪神,芝,1600,やや速い,32,3,9,6.78125,0.44647681515788135,9.375,28.125
岩田望来,阪神,芝,1600,やや速い,23,3,5,7.6521739130434785,0.4325484333796354,13.043478260869565,21.73913043478261
和田竜二,阪神,芝,1600,やや速い,30,1,6,7.466666666666667,0.5606788881053587,3.3333333333333335,20.0
池添謙一,阪神,芝,1600,やや速い,20,1,3,8.1,0.5190322341057636,5.0,15.0
幸英明,阪神,芝,1600,やや速い,28,1,4,8.678571428571429,0.5155207625008045,3.571428571428571,14.285714285714285
松若風馬,阪神,芝,1600,やや速い,22,1,2,8.545454545454545,0.44137552138889036,4.545454545454546,9.090909090909092
川田将雅,阪神,芝,1600,スロー上がり,52,11,32,4.0,0.40211643717017015,21.153846153846153,61.53846153846154
ルメール,阪神,芝,1600,スロー上がり,34,7,18,4.882352941176471,0.39386977641735427,20.588235294117645,52.94117647058824
藤岡佑介,阪神,芝,1600,スロー上がり,41,7,18,5.512195121951219,0.5103839887197132,17.073170731707318,43.90243902439025
坂井瑠星,阪神,芝,1600,スロー上がり,39,8,17,4.897435897435898,0.4008772985017329,20.51282051282051,43.58974358974359
Ｍ．デム,阪神,芝,1600,スロー上がり,44,4,18,5.568181818181818,0.4734858946757342,9.090909090909092,40.909090909090914
団野大成,阪神,芝,1600,スロー上がり,24,2,9,5.458333333333333,0.38909389221889223,8.333333333333332,37.5
西村淳也,阪神,芝,1600,スロー上がり,24,2,9,4.875,0.4212043165168165,8.333333333333332,37.5
岩田望来,阪神,芝,1600,スロー上がり,46,8,16,5.608695652173913,0.4665340183402843,17.391304347826086,34.78260869565217
武豊,阪神,芝,1600,スロー上がり,50,5,17,6.24,0.51047716825658,10.0,34.0
北村友一,阪神,芝,1600,スロー上がり,39,3,13,6.564102564102564,0.4350957321545557,7.6923076923076925,33.33333333333333
福永祐一,阪神,芝,1600,スロー上がり,46,6,15,4.913043478260869,0.5074201161157683,13.043478260869565,32.608695652173914
浜中俊,阪神,芝,1600,スロー上がり,43,7,11,6.72093023255814,0.4810336000828477,16.27906976744186,25.581395348837212
松若風馬,阪神,芝,1600,スロー上がり,50,5,12,7.34,0.42015521243462417,10.0,24.0
和田竜二,阪神,芝,1600,スロー上がり,61,3,14,5.950819672131147,0.486020023049917,4.918032786885246,22.950819672131146
幸英明,阪神,芝,1600,スロー上がり,68,4,15,7.367647058823529,0.45652604556151266,5.88235294117647,22.058823529411764
鮫島克駿,阪神,芝,1600,スロー上がり,29,3,6,6.758620689655173,0.4705978802581237,10.344827586206897,20.689655172413794
松山弘平,阪神,芝,1600,スロー上がり,65,5,13,6.969230769230769,0.45691762988143075,7.6923076923076925,20.0
岩田康誠,阪神,芝,1600,スロー上がり,39,3,7,6.717948717948718,0.5098349865318191,7.6923076923076925,17.94871794871795
酒井学,阪神,芝,1600,スロー上がり,32,3,5,7.28125,0.4591749600481218,9.375,15.625
池添謙一,阪神,芝,1600,スロー上がり,42,1,6,7.666666666666667,0.3972329083148411,2.380952380952381,14.285714285714285
秋山真一,阪神,芝,1600,スロー上がり,20,0,2,8.35,0.531536800617683,0.0,10.0
藤岡康太,阪神,芝,1600,スロー上がり,31,0,3,8.935483870967742,0.5287907459397023,0.0,9.67741935483871
吉田隼人,阪神,芝,1600,スロー上がり,21,1,1,6.714285714285714,0.4497034050605479,4.761904761904762,4.761904761904762
ルメール,阪神,芝,1600,標準〜やや上がり,24,7,13,4.75,0.4526474852761617,29.166666666666668,54.166666666666664
川田将雅,阪神,芝,1600,標準〜やや上がり,44,10,22,4.318181818181818,0.4270225986135077,22.727272727272727,50.0
Ｍ．デム,阪神,芝,1600,標準〜やや上がり,31,3,13,5.967741935483871,0.567656329017809,9.67741935483871,41.935483870967744
吉田隼人,阪神,芝,1600,標準〜やや上がり,20,3,8,5.05,0.5616339869281046,15.0,40.0
福永祐一,阪神,芝,1600,標準〜やや上がり,38,6,14,5.605263157894737,0.484155485896972,15.789473684210526,36.84210526315789
武豊,阪神,芝,1600,標準〜やや上がり,51,5,17,5.666666666666667,0.6111630888014971,9.803921568627452,33.33333333333333
鮫島克駿,阪神,芝,1600,標準〜やや上がり,37,6,12,6.4324324324324325,0.39840194251958955,16.216216216216218,32.432432432432435
団野大成,阪神,芝,1600,標準〜やや上がり,30,1,9,7.066666666666666,0.4668252934429405,3.3333333333333335,30.0
坂井瑠星,阪神,芝,1600,標準〜やや上がり,37,5,11,7.378378378378378,0.4827129768306239,13.513513513513514,29.72972972972973
西村淳也,阪神,芝,1600,標準〜やや上がり,21,1,6,6.9523809523809526,0.45865409100703214,4.761904761904762,28.57142857142857
幸英明,阪神,芝,1600,標準〜やや上がり,58,2,16,7.620689655172414,0.43196841331983316,3.4482758620689653,27.586206896551722
松山弘平,阪神,芝,1600,標準〜やや上がり,59,4,16,6.779661016949152,0.456907450863084,6.779661016949152,27.11864406779661
北村友一,阪神,芝,1600,標準〜やや上がり,37,2,10,7.27027027027027,0.49833494759965347,5.405405405405405,27.027027027027028
岩田望来,阪神,芝,1600,標準〜やや上がり,52,8,13,6.576923076923077,0.47675799407982666,15.384615384615385,25.0
浜中俊,阪神,芝,1600,標準〜やや上がり,50,5,12,7.96,0.5165504103739398,10.0,24.0
和田竜二,阪神,芝,1600,標準〜やや上がり,66,6,15,7.53030303030303,0.4894572945375084,9.090909090909092,22.727272727272727
秋山真一,阪神,芝,1600,標準〜やや上がり,27,2,6,6.703703703703703,0.4934608359444961,7.4074074074074066,22.22222222222222
岩田康誠,阪神,芝,1600,標準〜やや上がり,32,1,7,7.34375,0.6163666577499298,3.125,21.875
池添謙一,阪神,芝,1600,標準〜やや上がり,49,3,9,7.918367346938775,0.44994582748184186,6.122448979591836,18.367346938775512
松若風馬,阪神,芝,1600,標準〜やや上がり,50,2,9,8.44,0.4538275727540433,4.0,18.0
古川吉洋,阪神,芝,1600,標準〜やや上がり,20,0,3,8.3,0.3595778771881713,0.0,15.0
田口貫太,阪神,芝,1600,標準〜やや上がり,20,0,3,7.4,0.5782807225454285,0.0,15.0
藤岡佑介,阪神,芝,1600,標準〜やや上がり,37,2,5,8.81081081081081,0.43584747702394766,5.405405405405405,13.513513513513514
荻野極,阪神,芝,1600,標準〜やや上がり,20,0,2,9.95,0.3810979135243841,0.0,10.0
藤岡康太,阪神,芝,1600,標準〜やや上がり,32,1,3,8.90625,0.46272581585081585,3.125,9.375
酒井学,阪神,芝,1600,標準〜やや上がり,32,1,3,8.1875,0.5052440921007098,3.125,9.375
富田暁,阪神,芝,1600,標準〜やや上がり,20,0,1,10.05,0.5499802566714331,0.0,5.0
川田将雅,阪神,芝,1800,スロー上がり,62,19,44,3.225806451612903,0.4431858464116529,30.64516129032258,70.96774193548387
ルメール,阪神,芝,1800,スロー上がり,33,7,20,3.393939393939394,0.4371624612266323,21.21212121212121,60.60606060606061
福永祐一,阪神,芝,1800,スロー上がり,55,16,29,4.290909090909091,0.40882607588489944,29.09090909090909,52.72727272727272
Ｍ．デム,阪神,芝,1800,スロー上がり,37,8,19,4.378378378378378,0.5049680645268881,21.62162162162162,51.35135135135135
池添謙一,阪神,芝,1800,スロー上がり,44,9,20,4.75,0.42880395377053127,20.454545454545457,45.45454545454545
北村友一,阪神,芝,1800,スロー上がり,43,4,18,5.441860465116279,0.46668272448026205,9.30232558139535,41.86046511627907
坂井瑠星,阪神,芝,1800,スロー上がり,38,4,15,5.868421052631579,0.4406527425103276,10.526315789473683,39.473684210526315
浜中俊,阪神,芝,1800,スロー上がり,36,1,14,6.277777777777778,0.4343105945434377,2.7777777777777777,38.88888888888889
岩田望来,阪神,芝,1800,スロー上がり,42,7,16,4.333333333333333,0.5209553013124442,16.666666666666664,38.095238095238095
藤岡康太,阪神,芝,1800,スロー上がり,33,7,12,5.9393939393939394,0.5101329300527161,21.21212121212121,36.36363636363637
岩田康誠,阪神,芝,1800,スロー上がり,42,3,14,5.785714285714286,0.5745598122698963,7.142857142857142,33.33333333333333
藤岡佑介,阪神,芝,1800,スロー上がり,28,2,8,6.25,0.6421813801278088,7.142857142857142,28.57142857142857
松山弘平,阪神,芝,1800,スロー上がり,61,7,16,6.475409836065574,0.45837133106901673,11.475409836065573,26.229508196721312
団野大成,阪神,芝,1800,スロー上がり,35,4,9,6.057142857142857,0.5278359525628433,11.428571428571429,25.71428571428571
武豊,阪神,芝,1800,スロー上がり,55,5,14,5.2,0.5800758258378579,9.090909090909092,25.454545454545453
和田竜二,阪神,芝,1800,スロー上がり,75,3,17,6.306666666666667,0.4665598497363203,4.0,22.666666666666664
吉田隼人,阪神,芝,1800,スロー上がり,20,2,4,5.6,0.4756449351302292,10.0,20.0
松若風馬,阪神,芝,1800,スロー上がり,39,2,6,7.076923076923077,0.5231183932541398,5.128205128205128,15.384615384615385
鮫島克駿,阪神,芝,1800,スロー上がり,21,0,3,7.523809523809524,0.5768306312423959,0.0,14.285714285714285
幸英明,阪神,芝,1800,スロー上がり,64,2,9,6.484375,0.5041198308431765,3.125,14.0625
酒井学,阪神,芝,1800,スロー上がり,28,0,3,6.857142857142857,0.5193376972000922,0.0,10.714285714285714
国分恭介,阪神,芝,1800,スロー上がり,23,0,2,8.130434782608695,0.4333426235600149,0.0,8.695652173913043
古川吉洋,阪神,芝,1800,スロー上がり,22,0,1,9.318181818181818,0.5321588876067486,0.0,4.545454545454546
川田将雅,阪神,芝,1800,標準〜やや上がり,32,7,20,3.875,0.4565983164098973,21.875,62.5
坂井瑠星,阪神,芝,1800,標準〜やや上がり,22,3,10,5.181818181818182,0.46228456258536466,13.636363636363635,45.45454545454545
福永祐一,阪神,芝,1800,標準〜やや上がり,20,4,8,4.4,0.4660939754689755,20.0,40.0
藤岡佑介,阪神,芝,1800,標準〜やや上がり,25,2,9,5.84,0.6035667371843842,8.0,36.0
北村友一,阪神,芝,1800,標準〜やや上がり,20,3,7,5.55,0.42402236652236647,15.0,35.0
岩田望来,阪神,芝,1800,標準〜やや上がり,26,5,9,5.115384615384615,0.5684613589025354,19.230769230769234,34.61538461538461
松山弘平,阪神,芝,1800,標準〜やや上がり,37,5,11,6.1891891891891895,0.4693120671061848,13.513513513513514,29.72972972972973
和田竜二,阪神,芝,1800,標準〜やや上がり,40,2,11,6.3,0.48394087122028295,5.0,27.500000000000004
松若風馬,阪神,芝,1800,標準〜やや上がり,20,0,4,7.25,0.5120799380358203,0.0,20.0
団野大成,阪神,芝,1800,標準〜やや上がり,21,1,4,7.0,0.608195904624476,4.761904761904762,19.047619047619047
幸英明,阪神,芝,1800,標準〜やや上がり,25,2,3,8.0,0.44431236737119095,8.0,12.0
鮫島克駿,阪神,芝,1800,標準〜やや上がり,25,1,3,8.4,0.5598761989644343,4.0,12.0
川田将雅,阪神,芝,2000,やや速い,20,5,11,4.75,0.34195492007992007,25.0,55.00000000000001
松山弘平,阪神,芝,2000,やや速い,25,0,4,7.64,0.46059507159507157,0.0,16.0
川田将雅,阪神,芝,2000,スロー上がり,43,14,31,3.395348837209302,0.3918952817208631,32.55813953488372,72.09302325581395
福永祐一,阪神,芝,2000,スロー上がり,32,4,17,4.09375,0.5537880955849706,12.5,53.125
北村友一,阪神,芝,2000,スロー上がり,23,4,12,4.739130434782608,0.4297481504003243,17.391304347826086,52.17391304347826
ルメール,阪神,芝,2000,スロー上がり,22,5,11,3.590909090909091,0.4987529515938606,22.727272727272727,50.0
Ｍ．デム,阪神,芝,2000,スロー上がり,26,8,12,3.6538461538461537,0.33648018648018646,30.76923076923077,46.15384615384615
岩田望来,阪神,芝,2000,スロー上がり,24,3,10,4.458333333333333,0.5420073560698561,12.5,41.66666666666667
藤岡佑介,阪神,芝,2000,スロー上がり,21,3,8,4.809523809523809,0.43263588263588265,14.285714285714285,38.095238095238095
岩田康誠,阪神,芝,2000,スロー上がり,27,1,9,6.037037037037037,0.5167214472770029,3.7037037037037033,33.33333333333333
武豊,阪神,芝,2000,スロー上がり,39,3,13,5.153846153846154,0.5568933203548588,7.6923076923076925,33.33333333333333
浜中俊,阪神,芝,2000,スロー上がり,23,1,7,4.956521739130435,0.4689370412196499,4.3478260869565215,30.434782608695656
藤岡康太,阪神,芝,2000,スロー上がり,27,2,8,6.777777777777778,0.5173382687271576,7.4074074074074066,29.629629629629626
鮫島克駿,阪神,芝,2000,スロー上がり,24,0,7,5.416666666666667,0.5369662744662745,0.0,29.166666666666668
松山弘平,阪神,芝,2000,スロー上がり,40,6,11,5.4,0.4422596500721501,15.0,27.500000000000004
坂井瑠星,阪神,芝,2000,スロー上がり,22,0,6,6.136363636363637,0.5233201772974501,0.0,27.27272727272727
松若風馬,阪神,芝,2000,スロー上がり,26,3,7,5.653846153846154,0.45615239461393303,11.538461538461538,26.923076923076923
和田竜二,阪神,芝,2000,スロー上がり,44,3,9,6.068181818181818,0.5157286841945933,6.8181818181818175,20.454545454545457
幸英明,阪神,芝,2000,スロー上がり,53,3,8,6.886792452830188,0.5416681065265971,5.660377358490567,15.09433962264151
川田将雅,阪神,芝,2000,標準〜やや上がり,38,7,22,4.447368421052632,0.3771508462297936,18.421052631578945,57.89473684210527
岩田康誠,阪神,芝,2000,標準〜やや上がり,32,6,16,4.5625,0.5047713571151071,18.75,50.0
武豊,阪神,芝,2000,標準〜やや上がり,29,6,13,4.862068965517241,0.4082823306961238,20.689655172413794,44.827586206896555
坂井瑠星,阪神,芝,2000,標準〜やや上がり,22,3,9,5.363636363636363,0.4315386002886003,13.636363636363635,40.909090909090914
ルメール,阪神,芝,2000,標準〜やや上がり,24,5,9,4.333333333333333,0.6117229414104414,20.833333333333336,37.5
福永祐一,阪神,芝,2000,標準〜やや上がり,32,2,11,5.875,0.5512686098623598,6.25,34.375
池添謙一,阪神,芝,2000,標準〜やや上がり,34,3,11,5.411764705882353,0.5085790435055141,8.823529411764707,32.35294117647059
北村友一,阪神,芝,2000,標準〜やや上がり,25,3,8,6.44,0.4145858030858031,12.0,32.0
岩田望来,阪神,芝,2000,標準〜やや上がり,26,1,8,5.6923076923076925,0.47101803111418494,3.8461538461538463,30.76923076923077
Ｍ．デム,阪神,芝,2000,標準〜やや上がり,27,5,8,6.555555555555555,0.40211773822884933,18.51851851851852,29.629629629629626
藤岡康太,阪神,芝,2000,標準〜やや上がり,23,1,6,6.391304347826087,0.49119220151828846,4.3478260869565215,26.08695652173913
松山弘平,阪神,芝,2000,標準〜やや上がり,45,3,11,6.444444444444445,0.4965036815036815,6.666666666666667,24.444444444444443
和田竜二,阪神,芝,2000,標準〜やや上がり,43,4,9,6.72093023255814,0.4862304362304362,9.30232558139535,20.930232558139537
松若風馬,阪神,芝,2000,標準〜やや上がり,40,3,8,7.25,0.46110517954267954,7.5,20.0
幸英明,阪神,芝,2000,標準〜やや上がり,44,3,8,6.613636363636363,0.5265349234099234,6.8181818181818175,18.181818181818183
酒井学,阪神,芝,2000,標準〜やや上がり,24,0,4,8.083333333333334,0.5671117655492656,0.0,16.666666666666664
西村淳也,阪神,芝,2000,標準〜やや上がり,21,0,3,6.571428571428571,0.519012469012469,0.0,14.285714285714285
浜中俊,阪神,芝,2000,標準〜やや上がり,32,1,4,7.03125,0.4761443417693418,3.125,12.5
川田将雅,阪神,芝,2200,標準〜やや上がり,21,6,11,5.095238095238095,0.42580950017924807,28.57142857142857,52.38095238095239
川田将雅,阪神,芝,2400,スロー上がり,41,9,24,3.682926829268293,0.4545888393449369,21.951219512195124,58.536585365853654
福永祐一,阪神,芝,2400,スロー上がり,24,4,11,4.833333333333333,0.3746812793687793,16.666666666666664,45.83333333333333
鮫島克駿,阪神,芝,2400,スロー上がり,27,9,12,4.592592592592593,0.5193636096413874,33.33333333333333,44.44444444444444
藤岡佑介,阪神,芝,2400,スロー上がり,21,3,9,5.142857142857143,0.43144474573046004,14.285714285714285,42.857142857142854
浜中俊,阪神,芝,2400,スロー上がり,26,2,11,5.038461538461538,0.5236832078178232,7.6923076923076925,42.30769230769231
坂井瑠星,阪神,芝,2400,スロー上がり,24,8,10,4.75,0.3675284206534206,33.33333333333333,41.66666666666667
武豊,阪神,芝,2400,スロー上がり,27,3,11,4.777777777777778,0.4835906377573044,11.11111111111111,40.74074074074074
松山弘平,阪神,芝,2400,スロー上がり,38,5,15,5.026315789473684,0.4619218865929392,13.157894736842104,39.473684210526315
和田竜二,阪神,芝,2400,スロー上がり,51,4,20,5.0588235294117645,0.5238324855971914,7.8431372549019605,39.21568627450981
岩田望来,阪神,芝,2400,スロー上がり,31,3,11,5.161290322580645,0.5466112740306288,9.67741935483871,35.483870967741936
松若風馬,阪神,芝,2400,スロー上がり,33,3,10,6.303030303030303,0.3947105503923686,9.090909090909092,30.303030303030305
藤岡康太,阪神,芝,2400,スロー上がり,22,2,6,5.090909090909091,0.4616980241980242,9.090909090909092,27.27272727272727
幸英明,阪神,芝,2400,スロー上がり,41,3,7,6.2682926829268295,0.5182937320132442,7.317073170731707,17.073170731707318
北村友一,阪神,芝,2400,スロー上がり,24,0,4,6.625,0.5794083231583231,0.0,16.666666666666664
岩田康誠,阪神,芝,2400,スロー上がり,22,0,3,6.2272727272727275,0.641545954045954,0.0,13.636363636363635
