重賞名,条件ランク,条件タイプ,条件名,項目,種別,対象年数,年カバー数,年カバー率,馬券内該当数,馬券内総数,馬券内該当率,全出走該当数,全出走総数,全出走該当率,条件内馬券内率,リフト
CBC賞H,S,強選別条件,前4角=前半位置(相対50%以内),前4角,derived,9,9,1.0,22,27,0.815,84,138,0.609,0.262,1.339
CBC賞H,S,強選別条件,前3角=前半位置(相対50%以内),前3角,derived,9,9,1.0,21,27,0.778,80,138,0.58,0.263,1.342
CBC賞H,S,強選別条件,前走人気=1〜5人気,前走人気,range,9,9,1.0,15,27,0.556,56,138,0.406,0.268,1.369
CBC賞H,S,選別条件,前走馬場状態=良,前走馬場状態,exact,9,9,1.0,22,27,0.815,99,138,0.717,0.222,1.136
CBC賞H,S,選別条件,年齢=4〜6歳,年齢,range,9,9,1.0,22,27,0.815,103,138,0.746,0.214,1.092
CBC賞H,S,選別条件,前走着順=一桁着順,前走着順,range,9,9,1.0,19,27,0.704,89,138,0.645,0.213,1.091
CBC賞H,S,選別条件,前走Ｒ=11,前走Ｒ,exact,9,9,1.0,19,27,0.704,95,138,0.688,0.2,1.022
CBC賞H,S,選別条件,性別=牡,性別,exact,9,9,1.0,18,27,0.667,82,138,0.594,0.22,1.122
CBC賞H,S,選別条件,距離ローテ=同距離または延長,距離ローテ,derived,9,9,1.0,18,27,0.667,83,138,0.601,0.217,1.108
CBC賞H,S,基礎条件,距離差=±400m以内,距離ローテ,derived,9,9,1.0,27,27,1.0,135,138,0.978,0.2,1.022
CBC賞H,S,基礎条件,距離差=±200m以内,距離ローテ,derived,9,9,1.0,26,27,0.963,126,138,0.913,0.206,1.055
CBC賞H,S,基礎条件,前走と同じ芝ダ,芝ダローテ,derived,9,9,1.0,26,27,0.963,126,138,0.913,0.206,1.055
CBC賞H,S,基礎条件,前芝・ダ=芝,前芝・ダ,exact,9,9,1.0,26,27,0.963,126,138,0.913,0.206,1.055
CBC賞H,S,基礎条件,年齢=6歳以下,年齢,range,9,9,1.0,25,27,0.926,115,138,0.833,0.217,1.111
CBC賞H,S,基礎条件,所属=(栗),所属,exact,9,9,1.0,25,27,0.926,123,138,0.891,0.203,1.039
CBC賞H,S,基礎条件,距離ローテ=同距離または短縮,距離ローテ,derived,9,9,1.0,25,27,0.926,127,138,0.92,0.197,1.006
CBC賞H,S,基礎条件,斤量=56kg以下,斤量,range,9,9,1.0,21,27,0.778,121,138,0.877,0.174,0.887
CBC賞H,補助,強選別条件,キャリア=11〜20戦,キャリア,range,9,8,0.889,14,27,0.519,48,138,0.348,0.292,1.491
CBC賞H,補助,選別条件,前走着差=0.9秒以内,前走着差タイム,range,9,8,0.889,21,27,0.778,100,138,0.725,0.21,1.073
CBC賞H,補助,選別条件,年齢=3〜5歳,年齢,range,9,8,0.889,17,27,0.63,71,138,0.514,0.239,1.224
CBC賞H,補助,選別条件,年齢=5歳以下,年齢,range,9,8,0.889,17,27,0.63,71,138,0.514,0.239,1.224
CBC賞H,補助,選別条件,間隔=中8週以内,間隔,range,9,8,0.889,17,27,0.63,97,138,0.703,0.175,0.896
CBC賞H,補助,選別条件,枠位置=中50%,馬番相対,derived,9,8,0.889,16,27,0.593,67,138,0.486,0.239,1.221
CBC賞H,補助,選別条件,距離ローテ=同距離,距離ローテ,derived,9,8,0.889,16,27,0.593,72,138,0.522,0.222,1.136
CBC賞H,補助,選別条件,前距離=1200,前距離,exact,9,8,0.889,16,27,0.593,72,138,0.522,0.222,1.136
CBC賞H,補助,選別条件,馬番=1〜6番,馬番,range,9,8,0.889,13,27,0.481,54,138,0.391,0.241,1.23
CBC賞H,補助,選別条件,馬体重増減=減,馬体重増減,range,9,8,0.889,13,27,0.481,62,138,0.449,0.21,1.072
JC,S,強選別条件,年齢=3〜5歳,年齢,range,10,10,1.0,30,30,1.0,116,168,0.69,0.259,1.448
JC,S,強選別条件,年齢=5歳以下,年齢,range,10,10,1.0,30,30,1.0,116,168,0.69,0.259,1.448
JC,S,強選別条件,前走人気=1〜5人気,前走人気,range,10,10,1.0,27,30,0.9,82,168,0.488,0.329,1.844
JC,S,強選別条件,前走着順=1〜5着,前走着順,range,10,10,1.0,24,30,0.8,102,168,0.607,0.235,1.318
JC,S,強選別条件,前走着差=0.3秒以内,前走着差タイム,range,10,10,1.0,22,30,0.733,67,168,0.399,0.328,1.839
JC,S,強選別条件,前走着差=0.5秒以内,前走着差タイム,range,10,10,1.0,22,30,0.733,83,168,0.494,0.265,1.484
JC,S,強選別条件,所属=(栗),所属,exact,10,10,1.0,22,30,0.733,93,168,0.554,0.237,1.325
JC,S,強選別条件,馬番=1〜6番,馬番,range,10,10,1.0,21,30,0.7,60,168,0.357,0.35,1.96
JC,S,強選別条件,前4角=前半位置(相対50%以内),前4角,derived,10,10,1.0,20,30,0.667,71,168,0.423,0.282,1.577
JC,S,強選別条件,前走着順=1〜3着,前走着順,range,10,10,1.0,19,30,0.633,70,168,0.417,0.271,1.52
JC,S,強選別条件,枠位置=内25%,馬番相対,derived,10,10,1.0,16,30,0.533,37,168,0.22,0.432,2.422
JC,S,強選別条件,馬番=1〜4番,馬番,range,10,10,1.0,16,30,0.533,40,168,0.238,0.4,2.24
JC,S,強選別条件,産地=安平町,産地,exact,10,10,1.0,16,30,0.533,63,168,0.375,0.254,1.422
JC,S,選別条件,前走Ｒ=11,前走Ｒ,exact,10,10,1.0,29,30,0.967,133,168,0.792,0.218,1.221
JC,S,選別条件,前走着順=一桁着順,前走着順,range,10,10,1.0,28,30,0.933,134,168,0.798,0.209,1.17
JC,S,選別条件,前走着差=0.9秒以内,前走着差タイム,range,10,10,1.0,27,30,0.9,118,168,0.702,0.229,1.281
JC,S,選別条件,前走馬場状態=良,前走馬場状態,exact,10,10,1.0,24,30,0.8,123,168,0.732,0.195,1.093
JC,S,選別条件,年齢=4〜6歳,年齢,range,10,10,1.0,23,30,0.767,124,168,0.738,0.185,1.039
JC,S,選別条件,間隔=中4週以内,間隔,range,10,10,1.0,16,30,0.533,81,168,0.482,0.198,1.106
JC,S,基礎条件,年齢=6歳以下,年齢,range,10,10,1.0,30,30,1.0,148,168,0.881,0.203,1.135
JC,S,基礎条件,前走と同じ芝ダ,芝ダローテ,derived,10,10,1.0,30,30,1.0,164,168,0.976,0.183,1.024
JC,S,基礎条件,前芝・ダ=芝,前芝・ダ,exact,10,10,1.0,30,30,1.0,164,168,0.976,0.183,1.024
JC,S,基礎条件,距離差=±400m以内,距離ローテ,derived,10,10,1.0,28,30,0.933,148,168,0.881,0.189,1.059
JC,S,基礎条件,距離ローテ=同距離または延長,距離ローテ,derived,10,10,1.0,27,30,0.9,142,168,0.845,0.19,1.065
JC,S,基礎条件,間隔=中8週以内,間隔,range,10,10,1.0,26,30,0.867,138,168,0.821,0.188,1.055
JC,S,基礎条件,性別=牡,性別,exact,10,10,1.0,23,30,0.767,135,168,0.804,0.17,0.954
JC,B,強選別条件,前走人気=1〜3人気,前走人気,range,10,9,0.9,22,30,0.733,56,168,0.333,0.393,2.2
JC,B,強選別条件,前距離=2000,前距離,exact,10,9,0.9,18,30,0.6,72,168,0.429,0.25,1.4
JC,B,強選別条件,前3角=前半位置(相対50%以内),前3角,derived,10,9,0.9,16,30,0.533,66,168,0.393,0.242,1.358
JC,B,強選別条件,前走着順=1着,前走着順,range,10,9,0.9,14,30,0.467,36,168,0.214,0.389,2.178
JC,B,強選別条件,前走着差=勝ち/同タイム,前走着差タイム,range,10,9,0.9,14,30,0.467,37,168,0.22,0.378,2.119
JC,B,強選別条件,前走レース名=天皇賞秋G1,前走レース名,exact,10,9,0.9,14,30,0.467,48,168,0.286,0.292,1.633
JC,B,強選別条件,前走斤量=58,前走斤量,exact,10,9,0.9,14,30,0.467,57,168,0.339,0.246,1.375
JC,B,選別条件,前クラス名=G1,前クラス名,exact,10,9,0.9,21,30,0.7,92,168,0.548,0.228,1.278
JC,B,選別条件,距離ローテ=距離延長,距離ローテ,derived,10,9,0.9,21,30,0.7,97,168,0.577,0.216,1.212
JC,B,選別条件,毛色=鹿毛,毛色,exact,10,9,0.9,13,30,0.433,79,168,0.47,0.165,0.922
JC,補助,強選別条件,前走上り3F=33秒台以下,前走上り3F,range,10,8,0.8,14,30,0.467,47,168,0.28,0.298,1.668
JC,補助,強選別条件,年齢=4歳,年齢,exact,10,8,0.8,12,30,0.4,50,168,0.298,0.24,1.344
JC,補助,選別条件,斤量=57kg,斤量,range,10,8,0.8,19,30,0.633,115,168,0.685,0.165,0.925
JC,補助,選別条件,キャリア=11〜20戦,キャリア,range,10,8,0.8,13,30,0.433,66,168,0.393,0.197,1.103
JC,補助,選別条件,前3角=後半位置(相対50%超),前3角,derived,10,8,0.8,13,30,0.433,73,168,0.435,0.178,0.997
JC,補助,選別条件,馬体重増減=減,馬体重増減,range,10,8,0.8,11,30,0.367,48,168,0.286,0.229,1.283
JC,補助,選別条件,馬体重増減=増,馬体重増減,range,10,8,0.8,11,30,0.367,59,168,0.351,0.186,1.044
JC,補助,選別条件,前走馬体重増減=増,前走馬体重増減,range,10,8,0.8,10,30,0.333,54,168,0.321,0.185,1.037
JC,補助,選別条件,間隔=中5〜8週,間隔,range,10,8,0.8,10,30,0.333,57,168,0.339,0.175,0.982
NHKマ,S,強選別条件,前走着順=1〜5着,前走着順,range,10,10,1.0,26,30,0.867,117,180,0.65,0.222,1.333
NHKマ,S,強選別条件,前走着差=0.3秒以内,前走着差タイム,range,10,10,1.0,22,30,0.733,97,180,0.539,0.227,1.361
NHKマ,S,選別条件,前走着順=一桁着順,前走着順,range,10,10,1.0,28,30,0.933,146,180,0.811,0.192,1.151
NHKマ,S,選別条件,前走着差=0.5秒以内,前走着差タイム,range,10,10,1.0,25,30,0.833,118,180,0.656,0.212,1.271
NHKマ,S,選別条件,前走人気=1〜5人気,前走人気,range,10,10,1.0,22,30,0.733,112,180,0.622,0.196,1.179
NHKマ,S,選別条件,間隔=中4週以内,間隔,range,10,10,1.0,21,30,0.7,111,180,0.617,0.189,1.135
NHKマ,S,選別条件,前4角=前半位置(相対50%以内),前4角,derived,10,10,1.0,21,30,0.7,113,180,0.628,0.186,1.115
NHKマ,S,選別条件,馬番=9番外,馬番,range,10,10,1.0,20,30,0.667,100,180,0.556,0.2,1.2
NHKマ,S,選別条件,キャリア=5戦以内,キャリア,range,10,10,1.0,19,30,0.633,97,180,0.539,0.196,1.175
NHKマ,S,選別条件,前3角=前半位置(相対50%以内),前3角,derived,10,10,1.0,18,30,0.6,104,180,0.578,0.173,1.038
NHKマ,S,選別条件,所属=(栗),所属,exact,10,10,1.0,18,30,0.6,115,180,0.639,0.157,0.939
NHKマ,S,選別条件,枠位置=中50%,馬番相対,derived,10,10,1.0,16,30,0.533,90,180,0.5,0.178,1.067
NHKマ,S,基礎条件,前走Ｒ=11,前走Ｒ,exact,10,10,1.0,30,30,1.0,164,180,0.911,0.183,1.098
NHKマ,S,基礎条件,前走と同じ芝ダ,芝ダローテ,derived,10,10,1.0,30,30,1.0,177,180,0.983,0.169,1.017
NHKマ,S,基礎条件,前芝・ダ=芝,前芝・ダ,exact,10,10,1.0,30,30,1.0,177,180,0.983,0.169,1.017
NHKマ,S,基礎条件,年齢=3歳,年齢,exact,10,10,1.0,30,30,1.0,180,180,1.0,0.167,1.0
NHKマ,S,基礎条件,年齢=3〜5歳,年齢,range,10,10,1.0,30,30,1.0,180,180,1.0,0.167,1.0
NHKマ,S,基礎条件,年齢=5歳以下,年齢,range,10,10,1.0,30,30,1.0,180,180,1.0,0.167,1.0
NHKマ,S,基礎条件,年齢=6歳以下,年齢,range,10,10,1.0,30,30,1.0,180,180,1.0,0.167,1.0
NHKマ,S,基礎条件,距離差=±400m以内,距離ローテ,derived,10,10,1.0,30,30,1.0,180,180,1.0,0.167,1.0
NHKマ,S,基礎条件,間隔=中8週以内,間隔,range,10,10,1.0,29,30,0.967,161,180,0.894,0.18,1.081
NHKマ,S,基礎条件,距離ローテ=同距離または短縮,距離ローテ,derived,10,10,1.0,27,30,0.9,145,180,0.806,0.186,1.117
NHKマ,S,基礎条件,前走着差=0.9秒以内,前走着差タイム,range,10,10,1.0,27,30,0.9,149,180,0.828,0.181,1.087
NHKマ,S,基礎条件,距離差=±200m以内,距離ローテ,derived,10,10,1.0,25,30,0.833,162,180,0.9,0.154,0.926
NHKマ,S,基礎条件,斤量=57kg,斤量,range,10,10,1.0,21,30,0.7,141,180,0.783,0.149,0.894
NHKマ,S,基礎条件,性別=牡,性別,exact,10,10,1.0,21,30,0.7,141,180,0.783,0.149,0.894
NHKマ,B,選別条件,前走着順=1〜3着,前走着順,range,10,9,0.9,18,30,0.6,94,180,0.522,0.191,1.149
NHKマ,B,選別条件,距離ローテ=同距離,距離ローテ,derived,10,9,0.9,18,30,0.6,105,180,0.583,0.171,1.029
NHKマ,B,選別条件,前距離=1600,前距離,exact,10,9,0.9,18,30,0.6,105,180,0.583,0.171,1.029
NHKマ,B,選別条件,前走人気=1〜3人気,前走人気,range,10,9,0.9,15,30,0.5,79,180,0.439,0.19,1.139
NHKマ,B,選別条件,前3角=後半位置(相対50%超),前3角,derived,10,9,0.9,12,30,0.4,74,180,0.411,0.162,0.973
NHKマ,B,基礎条件,距離ローテ=同距離または延長,距離ローテ,derived,10,9,0.9,21,30,0.7,140,180,0.778,0.15,0.9
NHKマ,補助,強選別条件,前走頭数=17頭以上,前走頭数,range,10,8,0.8,14,30,0.467,63,180,0.35,0.222,1.333
NHKマ,補助,強選別条件,前走頭数=18,前走頭数,exact,10,8,0.8,13,30,0.433,60,180,0.333,0.217,1.3
NHKマ,補助,選別条件,前走馬場状態=良,前走馬場状態,exact,10,8,0.8,22,30,0.733,114,180,0.633,0.193,1.158
NHKマ,補助,選別条件,毛色=鹿毛,毛色,exact,10,8,0.8,18,30,0.6,99,180,0.55,0.182,1.091
NHKマ,補助,選別条件,馬体重増減=減,馬体重増減,range,10,8,0.8,15,30,0.5,72,180,0.4,0.208,1.25
NHKマ,補助,選別条件,前走馬体重増減=減,前走馬体重増減,range,10,8,0.8,15,30,0.5,87,180,0.483,0.172,1.034
NHKマ,補助,選別条件,産地=安平町,産地,exact,10,8,0.8,13,30,0.433,67,180,0.372,0.194,1.164
NHKマ,補助,選別条件,前走斤量=56,前走斤量,exact,10,8,0.8,13,30,0.433,102,180,0.567,0.127,0.765
NHKマ,補助,選別条件,前クラス名=G3,前クラス名,exact,10,8,0.8,12,30,0.4,71,180,0.394,0.169,1.014
NHKマ,補助,選別条件,キャリア=6〜10戦,キャリア,range,10,8,0.8,11,30,0.367,82,180,0.456,0.134,0.805
きさらぎ,S,強選別条件,前走人気=1〜3人気,前走人気,range,10,10,1.0,22,30,0.733,51,93,0.548,0.431,1.337
きさらぎ,S,強選別条件,馬番=1〜4番,馬番,range,10,10,1.0,18,30,0.6,40,93,0.43,0.45,1.395
きさらぎ,S,選別条件,前走人気=1〜5人気,前走人気,range,10,10,1.0,26,30,0.867,67,93,0.72,0.388,1.203
きさらぎ,S,選別条件,前走着順=1〜5着,前走着順,range,10,10,1.0,25,30,0.833,67,93,0.72,0.373,1.157
きさらぎ,S,選別条件,前走着順=1〜3着,前走着順,range,10,10,1.0,24,30,0.8,62,93,0.667,0.387,1.2
きさらぎ,S,選別条件,前走着差=0.5秒以内,前走着差タイム,range,10,10,1.0,23,30,0.767,57,93,0.613,0.404,1.251
きさらぎ,S,選別条件,距離ローテ=同距離または延長,距離ローテ,derived,10,10,1.0,23,30,0.767,69,93,0.742,0.333,1.033
きさらぎ,S,選別条件,前走着差=0.3秒以内,前走着差タイム,range,10,10,1.0,21,30,0.7,54,93,0.581,0.389,1.206
きさらぎ,S,選別条件,馬番=1〜6番,馬番,range,10,10,1.0,21,30,0.7,60,93,0.645,0.35,1.085
きさらぎ,S,選別条件,前3角=後半位置(相対50%超),前3角,derived,10,10,1.0,18,30,0.6,46,93,0.495,0.391,1.213
きさらぎ,S,選別条件,間隔=中8週以内,間隔,range,10,10,1.0,18,30,0.6,64,93,0.688,0.281,0.872
きさらぎ,S,選別条件,距離ローテ=同距離または短縮,距離ローテ,derived,10,10,1.0,16,30,0.533,59,93,0.634,0.271,0.841
きさらぎ,S,基礎条件,キャリア=5戦以内,キャリア,range,10,10,1.0,30,30,1.0,83,93,0.892,0.361,1.12
きさらぎ,S,基礎条件,距離差=±400m以内,距離ローテ,derived,10,10,1.0,30,30,1.0,92,93,0.989,0.326,1.011
きさらぎ,S,基礎条件,年齢=3歳,年齢,exact,10,10,1.0,30,30,1.0,93,93,1.0,0.323,1.0
きさらぎ,S,基礎条件,年齢=3〜5歳,年齢,range,10,10,1.0,30,30,1.0,93,93,1.0,0.323,1.0
きさらぎ,S,基礎条件,年齢=5歳以下,年齢,range,10,10,1.0,30,30,1.0,93,93,1.0,0.323,1.0
きさらぎ,S,基礎条件,年齢=6歳以下,年齢,range,10,10,1.0,30,30,1.0,93,93,1.0,0.323,1.0
きさらぎ,S,基礎条件,距離差=±200m以内,距離ローテ,derived,10,10,1.0,29,30,0.967,86,93,0.925,0.337,1.045
きさらぎ,S,基礎条件,前走と同じ芝ダ,芝ダローテ,derived,10,10,1.0,29,30,0.967,87,93,0.935,0.333,1.033
きさらぎ,S,基礎条件,性別=牡,性別,exact,10,10,1.0,29,30,0.967,87,93,0.935,0.333,1.033
きさらぎ,S,基礎条件,前芝・ダ=芝,前芝・ダ,exact,10,10,1.0,29,30,0.967,87,93,0.935,0.333,1.033
きさらぎ,S,基礎条件,前走着順=一桁着順,前走着順,range,10,10,1.0,28,30,0.933,83,93,0.892,0.337,1.046
きさらぎ,S,基礎条件,前走着差=0.9秒以内,前走着差タイム,range,10,10,1.0,27,30,0.9,78,93,0.839,0.346,1.073
きさらぎ,S,基礎条件,所属=(栗),所属,exact,10,10,1.0,27,30,0.9,79,93,0.849,0.342,1.059
きさらぎ,S,基礎条件,前走馬場状態=良,前走馬場状態,exact,10,10,1.0,26,30,0.867,75,93,0.806,0.347,1.075
きさらぎ,B,強選別条件,産地=安平町,産地,exact,10,9,0.9,18,30,0.6,38,93,0.409,0.474,1.468
きさらぎ,B,強選別条件,前4角=4〜6番手,前4角,derived,10,9,0.9,14,30,0.467,30,93,0.323,0.467,1.447
きさらぎ,B,強選別条件,前走上り3F=33秒台以下,前走上り3F,range,10,9,0.9,13,30,0.433,20,93,0.215,0.65,2.015
きさらぎ,B,選別条件,前走斤量=55,前走斤量,exact,10,9,0.9,19,30,0.633,48,93,0.516,0.396,1.227
きさらぎ,B,選別条件,前4角=前半位置(相対50%以内),前4角,derived,10,9,0.9,17,30,0.567,54,93,0.581,0.315,0.976
きさらぎ,B,選別条件,前走頭数=10頭以下,前走頭数,range,10,9,0.9,14,30,0.467,37,93,0.398,0.378,1.173
きさらぎ,B,選別条件,前4角=後半位置(相対50%超),前4角,derived,10,9,0.9,13,30,0.433,39,93,0.419,0.333,1.033
きさらぎ,B,選別条件,枠位置=中50%,馬番相対,derived,10,9,0.9,13,30,0.433,47,93,0.505,0.277,0.857
きさらぎ,B,基礎条件,斤量=56kg以下,斤量,range,10,9,0.9,27,30,0.9,81,93,0.871,0.333,1.033
きさらぎ,B,基礎条件,斤量=56kg,斤量,range,10,9,0.9,26,30,0.867,76,93,0.817,0.342,1.061
きさらぎ,補助,強選別条件,種牡馬=ディープインパクト,種牡馬,exact,10,8,0.8,12,30,0.4,20,93,0.215,0.6,1.86
きさらぎ,補助,強選別条件,前3角=4〜6番手,前3角,derived,10,8,0.8,11,30,0.367,25,93,0.269,0.44,1.364
きさらぎ,補助,強選別条件,間隔=中9〜12週,間隔,range,10,8,0.8,10,30,0.333,23,93,0.247,0.435,1.348
きさらぎ,補助,選別条件,前走着差=勝ち/同タイム,前走着差タイム,range,10,8,0.8,16,30,0.533,42,93,0.452,0.381,1.181
きさらぎ,補助,選別条件,距離ローテ=距離延長,距離ローテ,derived,10,8,0.8,14,30,0.467,34,93,0.366,0.412,1.276
きさらぎ,補助,選別条件,前走着順=1着,前走着順,range,10,8,0.8,14,30,0.467,39,93,0.419,0.359,1.113
きさらぎ,補助,選別条件,前3角=後方(相対65%超),前3角,derived,10,8,0.8,13,30,0.433,36,93,0.387,0.361,1.119
きさらぎ,補助,選別条件,毛色=鹿毛,毛色,exact,10,8,0.8,13,30,0.433,41,93,0.441,0.317,0.983
きさらぎ,補助,選別条件,替=*,替,exact,10,8,0.8,12,30,0.4,50,93,0.538,0.24,0.744
きさらぎ,補助,選別条件,前距離=2000,前距離,exact,10,8,0.8,11,30,0.367,41,93,0.441,0.268,0.832
きさらぎ,補助,選別条件,間隔=中5〜8週,間隔,range,10,8,0.8,10,30,0.333,32,93,0.344,0.312,0.969
きさらぎ,補助,選別条件,枠位置=外25%,馬番相対,derived,10,8,0.8,9,30,0.3,25,93,0.269,0.36,1.116
きさらぎ,補助,選別条件,前走上り3F=35秒台,前走上り3F,range,10,8,0.8,9,30,0.3,36,93,0.387,0.25,0.775
きさらぎ,補助,選別条件,枠位置=内25%,馬番相対,derived,10,8,0.8,8,30,0.267,21,93,0.226,0.381,1.181
みやこS,S,強選別条件,前走着差=0.9秒以内,前走着差タイム,range,9,9,1.0,23,27,0.852,82,133,0.617,0.28,1.382
みやこS,S,強選別条件,前走着順=1〜5着,前走着順,range,9,9,1.0,23,27,0.852,84,133,0.632,0.274,1.349
みやこS,S,強選別条件,前走着差=0.5秒以内,前走着差タイム,range,9,9,1.0,19,27,0.704,63,133,0.474,0.302,1.486
みやこS,S,強選別条件,前走着順=1〜3着,前走着順,range,9,9,1.0,17,27,0.63,56,133,0.421,0.304,1.495
みやこS,S,強選別条件,前走着差=0.3秒以内,前走着差タイム,range,9,9,1.0,16,27,0.593,50,133,0.376,0.32,1.576
みやこS,S,選別条件,前走Ｒ=11,前走Ｒ,exact,9,9,1.0,27,27,1.0,114,133,0.857,0.237,1.167
みやこS,S,選別条件,前走着順=一桁着順,前走着順,range,9,9,1.0,25,27,0.926,107,133,0.805,0.234,1.151
みやこS,S,選別条件,距離差=±200m以内,距離ローテ,derived,9,9,1.0,22,27,0.815,98,133,0.737,0.224,1.106
みやこS,S,選別条件,間隔=中8週以内,間隔,range,9,9,1.0,20,27,0.741,89,133,0.669,0.225,1.107
みやこS,S,選別条件,前走馬場状態=良,前走馬場状態,exact,9,9,1.0,20,27,0.741,93,133,0.699,0.215,1.059
みやこS,S,選別条件,前走頭数=14〜16頭,前走頭数,range,9,9,1.0,19,27,0.704,79,133,0.594,0.241,1.185
みやこS,S,選別条件,年齢=4〜6歳,年齢,range,9,9,1.0,19,27,0.704,96,133,0.722,0.198,0.975
みやこS,S,選別条件,替=*,替,exact,9,9,1.0,16,27,0.593,80,133,0.602,0.2,0.985
みやこS,S,選別条件,斤量=56kg以下,斤量,range,9,9,1.0,16,27,0.593,83,133,0.624,0.193,0.95
みやこS,S,基礎条件,距離差=±400m以内,距離ローテ,derived,9,9,1.0,27,27,1.0,131,133,0.985,0.206,1.015
みやこS,S,基礎条件,前走と同じ芝ダ,芝ダローテ,derived,9,9,1.0,27,27,1.0,131,133,0.985,0.206,1.015
みやこS,S,基礎条件,前芝・ダ=ダ,前芝・ダ,exact,9,9,1.0,27,27,1.0,131,133,0.985,0.206,1.015
みやこS,S,基礎条件,性別=牡,性別,exact,9,9,1.0,24,27,0.889,120,133,0.902,0.2,0.985
みやこS,S,基礎条件,所属=(栗),所属,exact,9,9,1.0,22,27,0.815,110,133,0.827,0.2,0.985
みやこS,S,基礎条件,年齢=6歳以下,年齢,range,9,9,1.0,22,27,0.815,113,133,0.85,0.195,0.959
みやこS,S,基礎条件,前3角=前半位置(相対50%以内),前3角,derived,9,9,1.0,18,27,0.667,100,133,0.752,0.18,0.887
みやこS,A,選別条件,間隔=中4週以内,間隔,range,9,9,1.0,10,27,0.37,41,133,0.308,0.244,1.201
みやこS,補助,強選別条件,前走人気=1〜3人気,前走人気,range,9,8,0.889,16,27,0.593,59,133,0.444,0.271,1.336
みやこS,補助,強選別条件,前走頭数=16,前走頭数,exact,9,8,0.889,13,27,0.481,45,133,0.338,0.289,1.423
みやこS,補助,強選別条件,前クラス名=オープン,前クラス名,exact,9,8,0.889,12,27,0.444,35,133,0.263,0.343,1.689
みやこS,補助,強選別条件,前走人気=1人気,前走人気,range,9,8,0.889,9,27,0.333,29,133,0.218,0.31,1.529
みやこS,補助,選別条件,前走人気=1〜5人気,前走人気,range,9,8,0.889,21,27,0.778,86,133,0.647,0.244,1.203
みやこS,補助,選別条件,前走上り3F=36秒以上,前走上り3F,range,9,8,0.889,19,27,0.704,93,133,0.699,0.204,1.006
みやこS,補助,選別条件,年齢=3〜5歳,年齢,range,9,8,0.889,18,27,0.667,94,133,0.707,0.191,0.943
みやこS,補助,選別条件,年齢=5歳以下,年齢,range,9,8,0.889,18,27,0.667,94,133,0.707,0.191,0.943
みやこS,補助,選別条件,距離ローテ=同距離または延長,距離ローテ,derived,9,8,0.889,15,27,0.556,68,133,0.511,0.221,1.087
みやこS,補助,選別条件,毛色=鹿毛,毛色,exact,9,8,0.889,14,27,0.519,57,133,0.429,0.246,1.21
みやこS,補助,選別条件,斤量=56kg,斤量,range,9,8,0.889,13,27,0.481,67,133,0.504,0.194,0.956
みやこS,補助,選別条件,枠位置=中50%,馬番相対,derived,9,8,0.889,13,27,0.481,67,133,0.504,0.194,0.956
みやこS,補助,選別条件,前クラス名=G3,前クラス名,exact,9,8,0.889,11,27,0.407,60,133,0.451,0.183,0.903
みやこS,補助,選別条件,前走馬体重増減=増,前走馬体重増減,range,9,8,0.889,10,27,0.37,46,133,0.346,0.217,1.071
みやこS,補助,基礎条件,距離ローテ=同距離または短縮,距離ローテ,derived,9,8,0.889,23,27,0.852,106,133,0.797,0.217,1.069
みやこS,補助,基礎条件,前4角=前半位置(相対50%以内),前4角,derived,9,8,0.889,19,27,0.704,100,133,0.752,0.19,0.936
アイビス,S,強選別条件,前走着順=一桁着順,前走着順,range,10,10,1.0,27,30,0.9,106,167,0.635,0.255,1.418
アイビス,S,強選別条件,前走着差=0.5秒以内,前走着差タイム,range,10,10,1.0,23,30,0.767,83,167,0.497,0.277,1.543
アイビス,S,強選別条件,馬番=9番外,馬番,range,10,10,1.0,22,30,0.733,87,167,0.521,0.253,1.408
アイビス,S,強選別条件,前走着順=1〜5着,前走着順,range,10,10,1.0,21,30,0.7,61,167,0.365,0.344,1.916
アイビス,S,強選別条件,年齢=3〜5歳,年齢,range,10,10,1.0,21,30,0.7,83,167,0.497,0.253,1.408
アイビス,S,強選別条件,年齢=5歳以下,年齢,range,10,10,1.0,21,30,0.7,83,167,0.497,0.253,1.408
アイビス,S,強選別条件,前走着差=0.3秒以内,前走着差タイム,range,10,10,1.0,20,30,0.667,57,167,0.341,0.351,1.953
アイビス,S,強選別条件,前走着順=1〜3着,前走着順,range,10,10,1.0,19,30,0.633,47,167,0.281,0.404,2.25
アイビス,S,選別条件,距離差=±200m以内,距離ローテ,derived,10,10,1.0,30,30,1.0,145,167,0.868,0.207,1.152
アイビス,S,選別条件,前走着差=0.9秒以内,前走着差タイム,range,10,10,1.0,24,30,0.8,117,167,0.701,0.205,1.142
アイビス,S,選別条件,年齢=4〜6歳,年齢,range,10,10,1.0,23,30,0.767,117,167,0.701,0.197,1.094
アイビス,S,選別条件,前4角=前半位置(相対50%以内),前4角,derived,10,10,1.0,22,30,0.733,109,167,0.653,0.202,1.124
アイビス,S,選別条件,性別=牝,性別,exact,10,10,1.0,19,30,0.633,85,167,0.509,0.224,1.244
アイビス,S,選別条件,前走頭数=16,前走頭数,exact,10,10,1.0,19,30,0.633,108,167,0.647,0.176,0.979
アイビス,S,選別条件,前走頭数=14〜16頭,前走頭数,range,10,10,1.0,19,30,0.633,113,167,0.677,0.168,0.936
アイビス,S,選別条件,前距離=1200,前距離,exact,10,10,1.0,17,30,0.567,94,167,0.563,0.181,1.007
アイビス,S,選別条件,距離ローテ=距離短縮,距離ローテ,derived,10,10,1.0,17,30,0.567,116,167,0.695,0.147,0.816
アイビス,S,選別条件,間隔=中8週以内,間隔,range,10,10,1.0,16,30,0.533,87,167,0.521,0.184,1.024
アイビス,S,基礎条件,前走と同じ芝ダ,芝ダローテ,derived,10,10,1.0,30,30,1.0,152,167,0.91,0.197,1.099
アイビス,S,基礎条件,前芝・ダ=芝,前芝・ダ,exact,10,10,1.0,30,30,1.0,152,167,0.91,0.197,1.099
アイビス,S,基礎条件,距離差=±400m以内,距離ローテ,derived,10,10,1.0,30,30,1.0,163,167,0.976,0.184,1.025
アイビス,S,基礎条件,距離ローテ=同距離または短縮,距離ローテ,derived,10,10,1.0,30,30,1.0,167,167,1.0,0.18,1.0
アイビス,S,基礎条件,前走Ｒ=11,前走Ｒ,exact,10,10,1.0,27,30,0.9,148,167,0.886,0.182,1.016
アイビス,S,基礎条件,年齢=6歳以下,年齢,range,10,10,1.0,26,30,0.867,126,167,0.754,0.206,1.149
アイビス,S,基礎条件,前走馬場状態=良,前走馬場状態,exact,10,10,1.0,25,30,0.833,126,167,0.754,0.198,1.104
アイビス,S,基礎条件,斤量=56kg以下,斤量,range,10,10,1.0,25,30,0.833,140,167,0.838,0.179,0.994
アイビス,A,強選別条件,年齢=5歳,年齢,exact,10,10,1.0,14,30,0.467,48,167,0.287,0.292,1.624
アイビス,A,選別条件,枠位置=中50%,馬番相対,derived,10,10,1.0,14,30,0.467,82,167,0.491,0.171,0.95
アイビス,A,選別条件,間隔=中4週以内,間隔,range,10,10,1.0,12,30,0.4,64,167,0.383,0.188,1.044
アイビス,A,選別条件,性別=牡,性別,exact,10,10,1.0,11,30,0.367,74,167,0.443,0.149,0.827
アイビス,B,強選別条件,キャリア=11〜20戦,キャリア,range,10,9,0.9,14,30,0.467,54,167,0.323,0.259,1.443
アイビス,B,選別条件,所属=(栗),所属,exact,10,9,0.9,16,30,0.533,87,167,0.521,0.184,1.024
アイビス,B,選別条件,キャリア=21戦以上,キャリア,range,10,9,0.9,13,30,0.433,99,167,0.593,0.131,0.731
アイビス,補助,強選別条件,前走上り3F=33秒台以下,前走上り3F,range,10,8,0.8,15,30,0.5,55,167,0.329,0.273,1.518
アイビス,補助,強選別条件,前走人気=1〜5人気,前走人気,range,10,8,0.8,15,30,0.5,56,167,0.335,0.268,1.491
アイビス,補助,強選別条件,馬体重増減=増,馬体重増減,range,10,8,0.8,13,30,0.433,50,167,0.299,0.26,1.447
アイビス,補助,強選別条件,毛色=栗毛,毛色,exact,10,8,0.8,12,30,0.4,46,167,0.275,0.261,1.452
アイビス,補助,強選別条件,枠位置=外25%,馬番相対,derived,10,8,0.8,12,30,0.4,47,167,0.281,0.255,1.421
アイビス,補助,強選別条件,産地=浦河町,産地,exact,10,8,0.8,11,30,0.367,44,167,0.263,0.25,1.392
アイビス,補助,選別条件,所属=(美),所属,exact,10,8,0.8,14,30,0.467,80,167,0.479,0.175,0.974
アイビス,補助,選別条件,間隔=中9〜12週,間隔,range,10,8,0.8,13,30,0.433,63,167,0.377,0.206,1.149
アイビス,補助,選別条件,斤量=54kg,斤量,range,10,8,0.8,11,30,0.367,54,167,0.323,0.204,1.134
アイビス,補助,選別条件,前3角=前半位置(相対50%以内),前3角,derived,10,8,0.8,11,30,0.367,76,167,0.455,0.145,0.806
アイビス,補助,選別条件,馬体重増減=減,馬体重増減,range,10,8,0.8,10,30,0.333,56,167,0.335,0.179,0.994
アイビス,補助,選別条件,前走上り3F=34秒台,前走上り3F,range,10,8,0.8,9,30,0.3,45,167,0.269,0.2,1.113
アメリカ,S,強選別条件,前4角=前半位置(相対50%以内),前4角,derived,10,10,1.0,24,30,0.8,84,141,0.596,0.286,1.343
アメリカ,S,強選別条件,前走着差=0.5秒以内,前走着差タイム,range,10,10,1.0,21,30,0.7,64,141,0.454,0.328,1.542
アメリカ,S,強選別条件,前走着順=1〜5着,前走着順,range,10,10,1.0,20,30,0.667,67,141,0.475,0.299,1.403
アメリカ,S,強選別条件,前走着差=0.3秒以内,前走着差タイム,range,10,10,1.0,18,30,0.6,47,141,0.333,0.383,1.8
アメリカ,S,選別条件,前走着差=0.9秒以内,前走着差タイム,range,10,10,1.0,26,30,0.867,97,141,0.688,0.268,1.26
アメリカ,S,選別条件,年齢=4〜6歳,年齢,range,10,10,1.0,23,30,0.767,88,141,0.624,0.261,1.228
アメリカ,S,選別条件,年齢=6歳以下,年齢,range,10,10,1.0,23,30,0.767,88,141,0.624,0.261,1.228
アメリカ,S,選別条件,前走着順=一桁着順,前走着順,range,10,10,1.0,23,30,0.767,100,141,0.709,0.23,1.081
アメリカ,S,選別条件,前3角=前半位置(相対50%以内),前3角,derived,10,10,1.0,22,30,0.733,82,141,0.582,0.268,1.261
アメリカ,S,選別条件,所属=(美),所属,exact,10,10,1.0,20,30,0.667,90,141,0.638,0.222,1.044
アメリカ,S,選別条件,馬体重増減=増,馬体重増減,range,10,10,1.0,17,30,0.567,67,141,0.475,0.254,1.193
アメリカ,S,選別条件,馬番=9番外,馬番,range,10,10,1.0,15,30,0.5,61,141,0.433,0.246,1.156
アメリカ,S,基礎条件,前走と同じ芝ダ,芝ダローテ,derived,10,10,1.0,30,30,1.0,136,141,0.965,0.221,1.037
アメリカ,S,基礎条件,前芝・ダ=芝,前芝・ダ,exact,10,10,1.0,30,30,1.0,136,141,0.965,0.221,1.037
アメリカ,S,基礎条件,前走馬場状態=良,前走馬場状態,exact,10,10,1.0,28,30,0.933,124,141,0.879,0.226,1.061
アメリカ,S,基礎条件,性別=牡,性別,exact,10,10,1.0,27,30,0.9,127,141,0.901,0.213,0.999
アメリカ,S,基礎条件,前走Ｒ=11,前走Ｒ,exact,10,10,1.0,26,30,0.867,119,141,0.844,0.218,1.027
アメリカ,S,基礎条件,距離差=±400m以内,距離ローテ,derived,10,10,1.0,24,30,0.8,109,141,0.773,0.22,1.035
アメリカ,B,強選別条件,前走人気=1〜5人気,前走人気,range,10,9,0.9,18,30,0.6,57,141,0.404,0.316,1.484
アメリカ,B,強選別条件,前走着順=1〜3着,前走着順,range,10,9,0.9,16,30,0.533,48,141,0.34,0.333,1.567
アメリカ,B,強選別条件,前距離=2000,前距離,exact,10,9,0.9,16,30,0.533,56,141,0.397,0.286,1.343
アメリカ,B,強選別条件,前走人気=1〜3人気,前走人気,range,10,9,0.9,15,30,0.5,36,141,0.255,0.417,1.958
アメリカ,B,強選別条件,前走頭数=17頭以上,前走頭数,range,10,9,0.9,14,30,0.467,45,141,0.319,0.311,1.462
アメリカ,B,選別条件,距離差=±200m以内,距離ローテ,derived,10,9,0.9,20,30,0.667,76,141,0.539,0.263,1.237
アメリカ,B,選別条件,距離ローテ=同距離または延長,距離ローテ,derived,10,9,0.9,18,30,0.6,82,141,0.582,0.22,1.032
アメリカ,B,選別条件,距離ローテ=距離延長,距離ローテ,derived,10,9,0.9,17,30,0.567,71,141,0.504,0.239,1.125
アメリカ,B,選別条件,間隔=中8週以内,間隔,range,10,9,0.9,17,30,0.567,86,141,0.61,0.198,0.929
アメリカ,B,選別条件,替=*,替,exact,10,9,0.9,15,30,0.5,81,141,0.574,0.185,0.87
アメリカ,B,選別条件,毛色=鹿毛,毛色,exact,10,9,0.9,14,30,0.467,65,141,0.461,0.215,1.012
アメリカ,B,選別条件,距離ローテ=同距離または短縮,距離ローテ,derived,10,9,0.9,13,30,0.433,70,141,0.496,0.186,0.873
アメリカ,B,選別条件,距離ローテ=距離短縮,距離ローテ,derived,10,9,0.9,12,30,0.4,59,141,0.418,0.203,0.956
アメリカ,B,選別条件,前走斤量=56,前走斤量,exact,10,9,0.9,10,30,0.333,41,141,0.291,0.244,1.146
アメリカ,B,選別条件,馬番=1〜6番,馬番,range,10,9,0.9,10,30,0.333,60,141,0.426,0.167,0.783
アメリカ,B,基礎条件,斤量=56kg以下,斤量,range,10,9,0.9,21,30,0.7,107,141,0.759,0.196,0.922
アメリカ,補助,強選別条件,前走上り3F=34秒台,前走上り3F,range,10,8,0.8,13,30,0.433,42,141,0.298,0.31,1.455
アメリカ,補助,強選別条件,前走頭数=18,前走頭数,exact,10,8,0.8,12,30,0.4,32,141,0.227,0.375,1.762
アメリカ,補助,強選別条件,前クラス名=G3,前クラス名,exact,10,8,0.8,11,30,0.367,36,141,0.255,0.306,1.436
アメリカ,補助,強選別条件,前走着差=勝ち/同タイム,前走着差タイム,range,10,8,0.8,9,30,0.3,24,141,0.17,0.375,1.762
アメリカ,補助,強選別条件,前4角=4〜6番手,前4角,derived,10,8,0.8,9,30,0.3,27,141,0.191,0.333,1.567
アメリカ,補助,選別条件,馬番=1〜4番,馬番,range,10,9,0.9,9,30,0.3,40,141,0.284,0.225,1.058
アメリカ,補助,選別条件,枠位置=中50%,馬番相対,derived,10,8,0.8,16,30,0.533,70,141,0.496,0.229,1.074
アメリカ,補助,選別条件,斤量=56kg,斤量,range,10,8,0.8,14,30,0.467,90,141,0.638,0.156,0.731
アメリカ,補助,選別条件,キャリア=11〜20戦,キャリア,range,10,8,0.8,13,30,0.433,57,141,0.404,0.228,1.072
アメリカ,補助,選別条件,産地=安平町,産地,exact,10,8,0.8,12,30,0.4,45,141,0.319,0.267,1.253
アメリカ,補助,選別条件,所属=(栗),所属,exact,10,8,0.8,10,30,0.333,50,141,0.355,0.2,0.94
アルゼンH,S,強選別条件,前走着順=一桁着順,前走着順,range,10,10,1.0,30,31,0.968,119,161,0.739,0.252,1.309
アルゼンH,S,強選別条件,年齢=3〜5歳,年齢,range,10,10,1.0,26,31,0.839,90,161,0.559,0.289,1.5
アルゼンH,S,強選別条件,年齢=5歳以下,年齢,range,10,10,1.0,26,31,0.839,90,161,0.559,0.289,1.5
アルゼンH,S,強選別条件,前走人気=1〜5人気,前走人気,range,10,10,1.0,22,31,0.71,65,161,0.404,0.338,1.758
アルゼンH,S,強選別条件,前4角=前半位置(相対50%以内),前4角,derived,10,10,1.0,21,31,0.677,80,161,0.497,0.263,1.363
アルゼンH,S,強選別条件,前走着順=1〜5着,前走着順,range,10,10,1.0,20,31,0.645,70,161,0.435,0.286,1.484
アルゼンH,S,強選別条件,前走着差=0.5秒以内,前走着差タイム,range,10,10,1.0,19,31,0.613,72,161,0.447,0.264,1.371
アルゼンH,S,強選別条件,前走人気=1〜3人気,前走人気,range,10,10,1.0,17,31,0.548,39,161,0.242,0.436,2.264
アルゼンH,S,強選別条件,前走着順=1〜3着,前走着順,range,10,10,1.0,17,31,0.548,47,161,0.292,0.362,1.879
アルゼンH,S,強選別条件,前走着差=0.3秒以内,前走着差タイム,range,10,10,1.0,16,31,0.516,51,161,0.317,0.314,1.629
アルゼンH,S,選別条件,年齢=6歳以下,年齢,range,10,10,1.0,30,31,0.968,128,161,0.795,0.234,1.217
アルゼンH,S,選別条件,距離ローテ=距離延長,距離ローテ,derived,10,10,1.0,26,31,0.839,116,161,0.72,0.224,1.164
アルゼンH,S,選別条件,距離差=±400m以内,距離ローテ,derived,10,10,1.0,24,31,0.774,115,161,0.714,0.209,1.084
アルゼンH,S,選別条件,前走着差=0.9秒以内,前走着差タイム,range,10,10,1.0,23,31,0.742,102,161,0.634,0.225,1.171
アルゼンH,S,選別条件,斤量=56kg以下,斤量,range,10,10,1.0,23,31,0.742,120,161,0.745,0.192,0.995
アルゼンH,S,選別条件,替=*,替,exact,10,10,1.0,22,31,0.71,115,161,0.714,0.191,0.994
アルゼンH,S,基礎条件,前走と同じ芝ダ,芝ダローテ,derived,10,10,1.0,31,31,1.0,160,161,0.994,0.194,1.006
アルゼンH,S,基礎条件,前芝・ダ=芝,前芝・ダ,exact,10,10,1.0,31,31,1.0,160,161,0.994,0.194,1.006
アルゼンH,S,基礎条件,性別=牡,性別,exact,10,10,1.0,28,31,0.903,141,161,0.876,0.199,1.031
アルゼンH,S,基礎条件,距離ローテ=同距離または延長,距離ローテ,derived,10,10,1.0,27,31,0.871,128,161,0.795,0.211,1.096
アルゼンH,S,基礎条件,年齢=4〜6歳,年齢,range,10,10,1.0,26,31,0.839,123,161,0.764,0.211,1.098
アルゼンH,S,基礎条件,前走馬場状態=良,前走馬場状態,exact,10,10,1.0,24,31,0.774,130,161,0.807,0.185,0.959
アルゼンH,S,基礎条件,前走Ｒ=11,前走Ｒ,exact,10,10,1.0,20,31,0.645,127,161,0.789,0.157,0.818
アルゼンH,B,強選別条件,キャリア=11〜20戦,キャリア,range,10,9,0.9,17,31,0.548,64,161,0.398,0.266,1.38
アルゼンH,B,強選別条件,前走馬体重増減=増,前走馬体重増減,range,10,9,0.9,15,31,0.484,52,161,0.323,0.288,1.498
アルゼンH,B,強選別条件,年齢=4歳,年齢,exact,10,9,0.9,12,31,0.387,33,161,0.205,0.364,1.889
アルゼンH,B,強選別条件,前走着順=1着,前走着順,range,10,9,0.9,10,31,0.323,25,161,0.155,0.4,2.077
アルゼンH,B,強選別条件,前走着差=勝ち/同タイム,前走着差タイム,range,10,9,0.9,10,31,0.323,27,161,0.168,0.37,1.924
アルゼンH,B,選別条件,前3角=前半位置(相対50%以内),前3角,derived,10,9,0.9,18,31,0.581,74,161,0.46,0.243,1.263
アルゼンH,B,選別条件,間隔=中8週以内,間隔,range,10,9,0.9,17,31,0.548,81,161,0.503,0.21,1.09
アルゼンH,B,選別条件,枠位置=中50%,馬番相対,derived,10,9,0.9,14,31,0.452,81,161,0.503,0.173,0.898
アルゼンH,B,選別条件,産地=安平町,産地,exact,10,9,0.9,13,31,0.419,56,161,0.348,0.232,1.206
アルゼンH,補助,強選別条件,前走上り3F=34秒台,前走上り3F,range,10,8,0.8,13,31,0.419,45,161,0.28,0.289,1.5
アルゼンH,補助,強選別条件,斤量=55kg,斤量,range,10,8,0.8,10,31,0.323,36,161,0.224,0.278,1.443
アルゼンH,補助,強選別条件,斤量=56kg,斤量,range,10,8,0.8,8,31,0.258,28,161,0.174,0.286,1.484
アルゼンH,補助,選別条件,所属=(栗),所属,exact,10,8,0.8,17,31,0.548,87,161,0.54,0.195,1.015
アルゼンH,補助,選別条件,所属=(美),所属,exact,10,8,0.8,14,31,0.452,74,161,0.46,0.189,0.983
アルゼンH,補助,選別条件,前3角=後半位置(相対50%超),前3角,derived,10,8,0.8,13,31,0.419,86,161,0.534,0.151,0.785
アルゼンH,補助,選別条件,前走斤量=56,前走斤量,exact,10,8,0.8,12,31,0.387,64,161,0.398,0.188,0.974
アルゼンH,補助,選別条件,馬番=1〜6番,馬番,range,10,8,0.8,11,31,0.355,60,161,0.373,0.183,0.952
アルゼンH,補助,選別条件,毛色=鹿毛,毛色,exact,10,8,0.8,11,31,0.355,67,161,0.416,0.164,0.853
アルゼンH,補助,選別条件,間隔=中13週以上,間隔,range,10,8,0.8,10,31,0.323,41,161,0.255,0.244,1.267
アルゼンH,補助,選別条件,年齢=5歳,年齢,exact,10,8,0.8,10,31,0.323,52,161,0.323,0.192,0.999
アルゼンH,補助,選別条件,前走馬体重増減=減,前走馬体重増減,range,10,8,0.8,9,31,0.29,65,161,0.404,0.138,0.719
アルテミ,S,強選別条件,所属=(栗),所属,exact,10,10,1.0,19,30,0.633,58,137,0.423,0.328,1.496
アルテミ,S,強選別条件,前走人気=1人気,前走人気,range,10,10,1.0,16,30,0.533,48,137,0.35,0.333,1.522
アルテミ,S,選別条件,前走人気=1〜5人気,前走人気,range,10,10,1.0,28,30,0.933,105,137,0.766,0.267,1.218
アルテミ,S,選別条件,前走着差=0.3秒以内,前走着差タイム,range,10,10,1.0,28,30,0.933,111,137,0.81,0.252,1.152
アルテミ,S,選別条件,距離ローテ=同距離または短縮,距離ローテ,derived,10,10,1.0,27,30,0.9,102,137,0.745,0.265,1.209
アルテミ,S,選別条件,前走馬場状態=良,前走馬場状態,exact,10,10,1.0,27,30,0.9,106,137,0.774,0.255,1.163
アルテミ,S,選別条件,前走人気=1〜3人気,前走人気,range,10,10,1.0,24,30,0.8,89,137,0.65,0.27,1.231
アルテミ,S,選別条件,前走着順=1着,前走着順,range,10,10,1.0,23,30,0.767,93,137,0.679,0.247,1.129
アルテミ,S,選別条件,前走着差=勝ち/同タイム,前走着差タイム,range,10,10,1.0,23,30,0.767,96,137,0.701,0.24,1.094
アルテミ,S,選別条件,前4角=前半位置(相対50%以内),前4角,derived,10,10,1.0,23,30,0.767,98,137,0.715,0.235,1.072
アルテミ,S,選別条件,前3角=前半位置(相対50%以内),前3角,derived,10,10,1.0,20,30,0.667,86,137,0.628,0.233,1.062
アルテミ,S,選別条件,間隔=中8週以内,間隔,range,10,10,1.0,19,30,0.633,81,137,0.591,0.235,1.071
アルテミ,S,選別条件,距離ローテ=同距離,距離ローテ,derived,10,10,1.0,16,30,0.533,71,137,0.518,0.225,1.029
アルテミ,S,選別条件,前距離=1600,前距離,exact,10,10,1.0,16,30,0.533,71,137,0.518,0.225,1.029
アルテミ,S,基礎条件,前走着差=0.5秒以内,前走着差タイム,range,10,10,1.0,30,30,1.0,120,137,0.876,0.25,1.142
アルテミ,S,基礎条件,前走着順=1〜5着,前走着順,range,10,10,1.0,30,30,1.0,122,137,0.891,0.246,1.123
アルテミ,S,基礎条件,前走着差=0.9秒以内,前走着差タイム,range,10,10,1.0,30,30,1.0,126,137,0.92,0.238,1.087
アルテミ,S,基礎条件,前走着順=一桁着順,前走着順,range,10,10,1.0,30,30,1.0,132,137,0.964,0.227,1.038
アルテミ,S,基礎条件,キャリア=5戦以内,キャリア,range,10,10,1.0,30,30,1.0,135,137,0.985,0.222,1.015
アルテミ,S,基礎条件,前走と同じ芝ダ,芝ダローテ,derived,10,10,1.0,30,30,1.0,136,137,0.993,0.221,1.007
アルテミ,S,基礎条件,前芝・ダ=芝,前芝・ダ,exact,10,10,1.0,30,30,1.0,136,137,0.993,0.221,1.007
アルテミ,S,基礎条件,年齢=2歳,年齢,exact,10,10,1.0,30,30,1.0,137,137,1.0,0.219,1.0
アルテミ,S,基礎条件,年齢=5歳以下,年齢,range,10,10,1.0,30,30,1.0,137,137,1.0,0.219,1.0
アルテミ,S,基礎条件,年齢=6歳以下,年齢,range,10,10,1.0,30,30,1.0,137,137,1.0,0.219,1.0
アルテミ,S,基礎条件,斤量=56kg以下,斤量,range,10,10,1.0,30,30,1.0,137,137,1.0,0.219,1.0
アルテミ,S,基礎条件,距離差=±400m以内,距離ローテ,derived,10,10,1.0,30,30,1.0,137,137,1.0,0.219,1.0
アルテミ,S,基礎条件,性別=牝,性別,exact,10,10,1.0,30,30,1.0,137,137,1.0,0.219,1.0
アルテミ,S,基礎条件,距離差=±200m以内,距離ローテ,derived,10,10,1.0,29,30,0.967,127,137,0.927,0.228,1.043
アルテミ,S,基礎条件,前走着順=1〜3着,前走着順,range,10,10,1.0,28,30,0.933,112,137,0.818,0.25,1.142
アルテミ,S,基礎条件,距離ローテ=同距離または延長,距離ローテ,derived,10,10,1.0,19,30,0.633,106,137,0.774,0.179,0.819
アルテミ,A,選別条件,枠位置=中50%,馬番相対,derived,10,10,1.0,13,30,0.433,70,137,0.511,0.186,0.848
アルテミ,B,強選別条件,産地=安平町,産地,exact,10,9,0.9,17,30,0.567,40,137,0.292,0.425,1.941
アルテミ,B,強選別条件,前走頭数=10頭以下,前走頭数,range,10,9,0.9,14,30,0.467,37,137,0.27,0.378,1.728
アルテミ,B,選別条件,馬番=9番外,馬番,range,10,9,0.9,14,30,0.467,57,137,0.416,0.246,1.122
アルテミ,B,選別条件,前4角=2〜3番手,前4角,derived,10,9,0.9,12,30,0.4,45,137,0.328,0.267,1.218
アルテミ,B,選別条件,馬番=1〜6番,馬番,range,10,9,0.9,12,30,0.4,60,137,0.438,0.2,0.913
アルテミ,B,基礎条件,前走斤量=54,前走斤量,exact,10,9,0.9,27,30,0.9,123,137,0.898,0.22,1.002
アルテミ,B,基礎条件,斤量=54kg,斤量,range,10,9,0.9,27,30,0.9,127,137,0.927,0.213,0.971
アルテミ,補助,強選別条件,前走上り3F=33秒台以下,前走上り3F,range,10,8,0.8,12,30,0.4,30,137,0.219,0.4,1.827
アルテミ,補助,強選別条件,前クラス名=未勝利,前クラス名,exact,10,8,0.8,12,30,0.4,30,137,0.219,0.4,1.827
アルテミ,補助,強選別条件,枠位置=外25%,馬番相対,derived,10,8,0.8,12,30,0.4,38,137,0.277,0.316,1.442
アルテミ,補助,強選別条件,前3角=2〜3番手,前3角,derived,10,8,0.8,11,30,0.367,37,137,0.27,0.297,1.358
アルテミ,補助,選別条件,間隔=中5〜8週,間隔,range,10,8,0.8,11,30,0.367,49,137,0.358,0.224,1.025
アルテミ,補助,選別条件,所属=(美),所属,exact,10,8,0.8,11,30,0.367,77,137,0.562,0.143,0.652
アルテミ,補助,選別条件,前3角=4〜6番手,前3角,derived,10,8,0.8,10,30,0.333,36,137,0.263,0.278,1.269
アルテミ,補助,選別条件,馬体重増減=減,馬体重増減,range,10,8,0.8,10,30,0.333,55,137,0.401,0.182,0.83
アルテミ,補助,選別条件,前4角=4〜6番手,前4角,derived,10,8,0.8,9,30,0.3,37,137,0.27,0.243,1.111
アルテミ,補助,選別条件,馬番=5〜8番,馬番,range,10,8,0.8,9,30,0.3,40,137,0.292,0.225,1.028
アルテミ,補助,選別条件,間隔=中4週以内,間隔,range,10,8,0.8,8,30,0.267,32,137,0.234,0.25,1.142
アンタレ,S,強選別条件,前走人気=1〜5人気,前走人気,range,10,10,1.0,25,30,0.833,85,159,0.535,0.294,1.559
アンタレ,S,強選別条件,前走着順=1〜5着,前走着順,range,10,10,1.0,25,30,0.833,85,159,0.535,0.294,1.559
アンタレ,S,強選別条件,前走着差=0.9秒以内,前走着差タイム,range,10,10,1.0,25,30,0.833,99,159,0.623,0.253,1.338
アンタレ,S,強選別条件,前走着差=0.5秒以内,前走着差タイム,range,10,10,1.0,22,30,0.733,72,159,0.453,0.306,1.619
アンタレ,S,強選別条件,前走人気=1〜3人気,前走人気,range,10,10,1.0,19,30,0.633,53,159,0.333,0.358,1.9
アンタレ,S,強選別条件,前走着差=0.3秒以内,前走着差タイム,range,10,10,1.0,19,30,0.633,60,159,0.377,0.317,1.678
アンタレ,S,強選別条件,キャリア=11〜20戦,キャリア,range,10,10,1.0,16,30,0.533,56,159,0.352,0.286,1.514
アンタレ,S,選別条件,前4角=前半位置(相対50%以内),前4角,derived,10,10,1.0,27,30,0.9,111,159,0.698,0.243,1.289
アンタレ,S,選別条件,前走着順=一桁着順,前走着順,range,10,10,1.0,27,30,0.9,116,159,0.73,0.233,1.234
アンタレ,S,選別条件,年齢=4〜6歳,年齢,range,10,10,1.0,26,30,0.867,112,159,0.704,0.232,1.23
アンタレ,S,選別条件,年齢=6歳以下,年齢,range,10,10,1.0,26,30,0.867,112,159,0.704,0.232,1.23
アンタレ,S,選別条件,前3角=前半位置(相対50%以内),前3角,derived,10,10,1.0,24,30,0.8,104,159,0.654,0.231,1.223
アンタレ,S,選別条件,距離ローテ=同距離または延長,距離ローテ,derived,10,10,1.0,18,30,0.6,109,159,0.686,0.165,0.875
アンタレ,S,選別条件,前走上り3F=36秒以上,前走上り3F,range,10,10,1.0,18,30,0.6,114,159,0.717,0.158,0.837
アンタレ,S,選別条件,替=*,替,exact,10,10,1.0,17,30,0.567,112,159,0.704,0.152,0.804
アンタレ,S,選別条件,馬番=9番外,馬番,range,10,10,1.0,16,30,0.533,79,159,0.497,0.203,1.073
アンタレ,S,選別条件,距離ローテ=同距離,距離ローテ,derived,10,10,1.0,16,30,0.533,91,159,0.572,0.176,0.932
アンタレ,S,選別条件,前距離=1800,前距離,exact,10,10,1.0,16,30,0.533,91,159,0.572,0.176,0.932
アンタレ,S,選別条件,前走頭数=16,前走頭数,exact,10,10,1.0,15,30,0.5,94,159,0.591,0.16,0.846
アンタレ,S,基礎条件,前走と同じ芝ダ,芝ダローテ,derived,10,10,1.0,30,30,1.0,157,159,0.987,0.191,1.013
アンタレ,S,基礎条件,前芝・ダ=ダ,前芝・ダ,exact,10,10,1.0,30,30,1.0,157,159,0.987,0.191,1.013
アンタレ,S,基礎条件,距離ローテ=同距離または短縮,距離ローテ,derived,10,10,1.0,28,30,0.933,141,159,0.887,0.199,1.052
アンタレ,S,基礎条件,距離差=±200m以内,距離ローテ,derived,10,10,1.0,27,30,0.9,137,159,0.862,0.197,1.045
アンタレ,S,基礎条件,性別=牡,性別,exact,10,10,1.0,27,30,0.9,146,159,0.918,0.185,0.98
アンタレ,S,基礎条件,距離差=±400m以内,距離ローテ,derived,10,10,1.0,27,30,0.9,149,159,0.937,0.181,0.96
アンタレ,S,基礎条件,所属=(栗),所属,exact,10,10,1.0,26,30,0.867,126,159,0.792,0.206,1.094
アンタレ,S,基礎条件,前走Ｒ=11,前走Ｒ,exact,10,10,1.0,26,30,0.867,131,159,0.824,0.198,1.052
アンタレ,S,基礎条件,前走頭数=14〜16頭,前走頭数,range,10,10,1.0,22,30,0.733,121,159,0.761,0.182,0.964
アンタレ,S,基礎条件,間隔=中8週以内,間隔,range,10,10,1.0,22,30,0.733,123,159,0.774,0.179,0.948
アンタレ,B,強選別条件,前走着順=1〜3着,前走着順,range,10,9,0.9,23,30,0.767,60,159,0.377,0.383,2.032
アンタレ,B,強選別条件,馬体重増減=増,馬体重増減,range,10,9,0.9,14,30,0.467,57,159,0.358,0.246,1.302
アンタレ,B,選別条件,前走馬体重増減=減,前走馬体重増減,range,10,9,0.9,15,30,0.5,69,159,0.434,0.217,1.152
アンタレ,B,選別条件,間隔=中4週以内,間隔,range,10,9,0.9,15,30,0.5,77,159,0.484,0.195,1.032
アンタレ,B,選別条件,毛色=鹿毛,毛色,exact,10,9,0.9,14,30,0.467,77,159,0.484,0.182,0.964
アンタレ,B,選別条件,前走馬場状態=良,前走馬場状態,exact,10,9,0.9,14,30,0.467,81,159,0.509,0.173,0.916
アンタレ,B,選別条件,距離ローテ=距離短縮,距離ローテ,derived,10,9,0.9,12,30,0.4,50,159,0.314,0.24,1.272
アンタレ,B,選別条件,年齢=6歳,年齢,exact,10,9,0.9,11,30,0.367,50,159,0.314,0.22,1.166
アンタレ,補助,強選別条件,前走着差=勝ち/同タイム,前走着差タイム,range,10,8,0.8,13,30,0.433,35,159,0.22,0.371,1.969
アンタレ,補助,強選別条件,斤量=57kg,斤量,range,10,8,0.8,13,30,0.433,47,159,0.296,0.277,1.466
アンタレ,補助,強選別条件,前4角=2〜3番手,前4角,derived,10,8,0.8,11,30,0.367,35,159,0.22,0.314,1.666
アンタレ,補助,強選別条件,前走着順=1着,前走着順,range,10,8,0.8,10,30,0.333,29,159,0.182,0.345,1.828
アンタレ,補助,強選別条件,枠位置=内25%,馬番相対,derived,10,8,0.8,10,30,0.333,39,159,0.245,0.256,1.359
アンタレ,補助,強選別条件,馬番=1〜4番,馬番,range,10,8,0.8,10,30,0.333,40,159,0.252,0.25,1.325
アンタレ,補助,強選別条件,前走人気=1人気,前走人気,range,10,8,0.8,9,30,0.3,22,159,0.138,0.409,2.168
アンタレ,補助,選別条件,年齢=3〜5歳,年齢,range,10,8,0.8,15,30,0.5,62,159,0.39,0.242,1.282
アンタレ,補助,選別条件,年齢=5歳以下,年齢,range,10,8,0.8,15,30,0.5,62,159,0.39,0.242,1.282
アンタレ,補助,選別条件,枠位置=中50%,馬番相対,derived,10,8,0.8,12,30,0.4,80,159,0.503,0.15,0.795
アンタレ,補助,選別条件,馬体重増減=減,馬体重増減,range,10,8,0.8,11,30,0.367,58,159,0.365,0.19,1.005
アンタレ,補助,選別条件,馬番=1〜6番,馬番,range,10,8,0.8,11,30,0.367,60,159,0.377,0.183,0.972
アンタレ,補助,選別条件,毛色=栗毛,毛色,exact,10,8,0.8,9,30,0.3,40,159,0.252,0.225,1.192
アーリン,S,強選別条件,前走Ｒ=11,前走Ｒ,exact,10,10,1.0,17,30,0.567,53,152,0.349,0.321,1.625
アーリン,S,選別条件,キャリア=5戦以内,キャリア,range,10,10,1.0,24,30,0.8,103,152,0.678,0.233,1.181
アーリン,S,選別条件,前走馬場状態=良,前走馬場状態,exact,10,10,1.0,24,30,0.8,107,152,0.704,0.224,1.136
アーリン,S,選別条件,前走人気=1〜5人気,前走人気,range,10,10,1.0,23,30,0.767,108,152,0.711,0.213,1.079
アーリン,S,選別条件,前4角=前半位置(相対50%以内),前4角,derived,10,10,1.0,22,30,0.733,97,152,0.638,0.227,1.149
アーリン,S,選別条件,前走着差=0.5秒以内,前走着差タイム,range,10,10,1.0,22,30,0.733,108,152,0.711,0.204,1.032
アーリン,S,選別条件,前走着順=1〜5着,前走着順,range,10,10,1.0,22,30,0.733,112,152,0.737,0.196,0.995
アーリン,S,選別条件,距離ローテ=同距離または短縮,距離ローテ,derived,10,10,1.0,22,30,0.733,113,152,0.743,0.195,0.986
アーリン,S,選別条件,毛色=鹿毛,毛色,exact,10,10,1.0,20,30,0.667,82,152,0.539,0.244,1.236
アーリン,S,選別条件,前走着順=1〜3着,前走着順,range,10,10,1.0,20,30,0.667,94,152,0.618,0.213,1.078
アーリン,S,選別条件,前3角=前半位置(相対50%以内),前3角,derived,10,10,1.0,20,30,0.667,96,152,0.632,0.208,1.056
アーリン,S,選別条件,前走着差=0.3秒以内,前走着差タイム,range,10,10,1.0,19,30,0.633,92,152,0.605,0.207,1.046
アーリン,S,選別条件,間隔=中8週以内,間隔,range,10,10,1.0,17,30,0.567,106,152,0.697,0.16,0.813
アーリン,S,選別条件,枠位置=中50%,馬番相対,derived,10,10,1.0,16,30,0.533,76,152,0.5,0.211,1.067
アーリン,S,基礎条件,前走と同じ芝ダ,芝ダローテ,derived,10,10,1.0,30,30,1.0,145,152,0.954,0.207,1.048
アーリン,S,基礎条件,前芝・ダ=芝,前芝・ダ,exact,10,10,1.0,30,30,1.0,145,152,0.954,0.207,1.048
アーリン,S,基礎条件,年齢=3歳,年齢,exact,10,10,1.0,30,30,1.0,152,152,1.0,0.197,1.0
アーリン,S,基礎条件,年齢=3〜5歳,年齢,range,10,10,1.0,30,30,1.0,152,152,1.0,0.197,1.0
アーリン,S,基礎条件,年齢=5歳以下,年齢,range,10,10,1.0,30,30,1.0,152,152,1.0,0.197,1.0
アーリン,S,基礎条件,年齢=6歳以下,年齢,range,10,10,1.0,30,30,1.0,152,152,1.0,0.197,1.0
アーリン,S,基礎条件,距離差=±400m以内,距離ローテ,derived,10,10,1.0,30,30,1.0,152,152,1.0,0.197,1.0
アーリン,S,基礎条件,前走着順=一桁着順,前走着順,range,10,10,1.0,29,30,0.967,134,152,0.882,0.216,1.097
アーリン,S,基礎条件,前走着差=0.9秒以内,前走着差タイム,range,10,10,1.0,28,30,0.933,131,152,0.862,0.214,1.083
アーリン,S,基礎条件,性別=牡,性別,exact,10,10,1.0,28,30,0.933,140,152,0.921,0.2,1.013
アーリン,S,基礎条件,所属=(栗),所属,exact,10,10,1.0,27,30,0.9,128,152,0.842,0.211,1.069
アーリン,S,基礎条件,距離差=±200m以内,距離ローテ,derived,10,10,1.0,27,30,0.9,136,152,0.895,0.199,1.006
アーリン,S,基礎条件,距離ローテ=同距離または延長,距離ローテ,derived,10,10,1.0,24,30,0.8,116,152,0.763,0.207,1.048
アーリン,A,強選別条件,前走馬体重増減=増,前走馬体重増減,range,10,10,1.0,13,30,0.433,44,152,0.289,0.295,1.497
アーリン,A,選別条件,前走着差=勝ち/同タイム,前走着差タイム,range,10,10,1.0,14,30,0.467,67,152,0.441,0.209,1.059
アーリン,B,強選別条件,産地=新ひだか町,産地,exact,10,9,0.9,10,30,0.333,28,152,0.184,0.357,1.81
アーリン,B,選別条件,前走斤量=56,前走斤量,exact,10,9,0.9,18,30,0.6,103,152,0.678,0.175,0.885
アーリン,B,選別条件,前走人気=1〜3人気,前走人気,range,10,9,0.9,16,30,0.533,70,152,0.461,0.229,1.158
アーリン,B,選別条件,前走着順=1着,前走着順,range,10,9,0.9,11,30,0.367,60,152,0.395,0.183,0.929
アーリン,B,基礎条件,斤量=56kg以下,斤量,range,10,9,0.9,26,30,0.867,131,152,0.862,0.198,1.006
アーリン,B,基礎条件,斤量=56kg,斤量,range,10,9,0.9,24,30,0.8,120,152,0.789,0.2,1.013
アーリン,補助,強選別条件,産地=安平町,産地,exact,10,8,0.8,12,30,0.4,45,152,0.296,0.267,1.351
アーリン,補助,選別条件,馬体重増減=減,馬体重増減,range,10,8,0.8,17,30,0.567,78,152,0.513,0.218,1.104
アーリン,補助,選別条件,距離ローテ=同距離,距離ローテ,derived,10,8,0.8,16,30,0.533,77,152,0.507,0.208,1.053
アーリン,補助,選別条件,前距離=1600,前距離,exact,10,8,0.8,16,30,0.533,77,152,0.507,0.208,1.053
アーリン,補助,選別条件,替=*,替,exact,10,8,0.8,16,30,0.533,93,152,0.612,0.172,0.872
アーリン,補助,選別条件,馬番=9番外,馬番,range,10,8,0.8,15,30,0.5,72,152,0.474,0.208,1.056
アーリン,補助,選別条件,間隔=中5〜8週,間隔,range,10,8,0.8,12,30,0.4,55,152,0.362,0.218,1.105
アーリン,補助,選別条件,馬番=1〜6番,馬番,range,10,8,0.8,12,30,0.4,60,152,0.395,0.2,1.013
エプソム,S,強選別条件,年齢=4〜6歳,年齢,range,10,10,1.0,30,30,1.0,123,162,0.759,0.244,1.317
エプソム,S,強選別条件,年齢=6歳以下,年齢,range,10,10,1.0,30,30,1.0,123,162,0.759,0.244,1.317
エプソム,S,強選別条件,前走人気=1〜5人気,前走人気,range,10,10,1.0,27,30,0.9,85,162,0.525,0.318,1.715
エプソム,S,強選別条件,前4角=前半位置(相対50%以内),前4角,derived,10,10,1.0,25,30,0.833,92,162,0.568,0.272,1.467
エプソム,S,強選別条件,年齢=3〜5歳,年齢,range,10,10,1.0,24,30,0.8,89,162,0.549,0.27,1.456
エプソム,S,強選別条件,年齢=5歳以下,年齢,range,10,10,1.0,24,30,0.8,89,162,0.549,0.27,1.456
エプソム,S,強選別条件,前3角=前半位置(相対50%以内),前3角,derived,10,10,1.0,21,30,0.7,83,162,0.512,0.253,1.366
エプソム,S,強選別条件,前走人気=1〜3人気,前走人気,range,10,10,1.0,18,30,0.6,54,162,0.333,0.333,1.8
エプソム,S,強選別条件,年齢=4歳,年齢,exact,10,10,1.0,16,30,0.533,40,162,0.247,0.4,2.16
エプソム,S,選別条件,距離ローテ=同距離または短縮,距離ローテ,derived,10,10,1.0,23,30,0.767,115,162,0.71,0.2,1.08
エプソム,S,選別条件,前走着差=0.5秒以内,前走着差タイム,range,10,10,1.0,21,30,0.7,96,162,0.593,0.219,1.181
エプソム,S,選別条件,距離ローテ=同距離または延長,距離ローテ,derived,10,10,1.0,20,30,0.667,103,162,0.636,0.194,1.049
エプソム,S,選別条件,前走着順=1〜5着,前走着順,range,10,10,1.0,19,30,0.633,90,162,0.556,0.211,1.14
エプソム,S,選別条件,前走着差=0.3秒以内,前走着差タイム,range,10,10,1.0,17,30,0.567,72,162,0.444,0.236,1.275
エプソム,S,選別条件,前走着順=1〜3着,前走着順,range,10,10,1.0,15,30,0.5,65,162,0.401,0.231,1.246
エプソム,S,基礎条件,距離差=±400m以内,距離ローテ,derived,10,10,1.0,30,30,1.0,155,162,0.957,0.194,1.045
エプソム,S,基礎条件,前走と同じ芝ダ,芝ダローテ,derived,10,10,1.0,30,30,1.0,160,162,0.988,0.188,1.012
エプソム,S,基礎条件,前芝・ダ=芝,前芝・ダ,exact,10,10,1.0,30,30,1.0,160,162,0.988,0.188,1.012
エプソム,S,基礎条件,距離差=±200m以内,距離ローテ,derived,10,10,1.0,29,30,0.967,147,162,0.907,0.197,1.065
エプソム,S,基礎条件,前走Ｒ=11,前走Ｒ,exact,10,10,1.0,27,30,0.9,140,162,0.864,0.193,1.041
エプソム,S,基礎条件,前走着差=0.9秒以内,前走着差タイム,range,10,10,1.0,26,30,0.867,128,162,0.79,0.203,1.097
エプソム,S,基礎条件,性別=牡,性別,exact,10,10,1.0,26,30,0.867,142,162,0.877,0.183,0.989
エプソム,S,基礎条件,前走着順=一桁着順,前走着順,range,10,10,1.0,24,30,0.8,126,162,0.778,0.19,1.029
エプソム,S,基礎条件,前走馬場状態=良,前走馬場状態,exact,10,10,1.0,23,30,0.767,130,162,0.802,0.177,0.955
エプソム,A,選別条件,前走馬体重増減=減,前走馬体重増減,range,10,10,1.0,13,30,0.433,71,162,0.438,0.183,0.989
エプソム,B,選別条件,斤量=56kg以下,斤量,range,10,9,0.9,21,30,0.7,112,162,0.691,0.188,1.012
エプソム,B,選別条件,替=*,替,exact,10,9,0.9,19,30,0.633,93,162,0.574,0.204,1.103
エプソム,B,選別条件,間隔=中8週以内,間隔,range,10,9,0.9,19,30,0.633,121,162,0.747,0.157,0.848
エプソム,B,選別条件,枠位置=中50%,馬番相対,derived,10,9,0.9,18,30,0.6,80,162,0.494,0.225,1.215
エプソム,B,選別条件,毛色=鹿毛,毛色,exact,10,9,0.9,17,30,0.567,86,162,0.531,0.198,1.067
エプソム,B,選別条件,所属=(美),所属,exact,10,9,0.9,17,30,0.567,91,162,0.562,0.187,1.009
エプソム,B,選別条件,馬体重増減=減,馬体重増減,range,10,9,0.9,15,30,0.5,66,162,0.407,0.227,1.227
エプソム,B,選別条件,馬番=9番外,馬番,range,10,9,0.9,15,30,0.5,82,162,0.506,0.183,0.988
エプソム,B,選別条件,キャリア=11〜20戦,キャリア,range,10,9,0.9,14,30,0.467,74,162,0.457,0.189,1.022
エプソム,B,選別条件,間隔=中4週以内,間隔,range,10,9,0.9,13,30,0.433,65,162,0.401,0.2,1.08
エプソム,補助,強選別条件,前走上り3F=34秒台,前走上り3F,range,10,8,0.8,13,30,0.433,53,162,0.327,0.245,1.325
エプソム,補助,強選別条件,キャリア=6〜10戦,キャリア,range,10,8,0.8,11,30,0.367,25,162,0.154,0.44,2.376
エプソム,補助,強選別条件,馬番=5〜8番,馬番,range,10,8,0.8,11,30,0.367,40,162,0.247,0.275,1.485
エプソム,補助,強選別条件,前走着差=勝ち/同タイム,前走着差タイム,range,10,8,0.8,10,30,0.333,34,162,0.21,0.294,1.588
エプソム,補助,強選別条件,前走人気=1人気,前走人気,range,10,8,0.8,9,30,0.3,23,162,0.142,0.391,2.113
エプソム,補助,選別条件,斤量=56kg,斤量,range,10,8,0.8,18,30,0.6,99,162,0.611,0.182,0.982
エプソム,補助,選別条件,前走頭数=14〜16頭,前走頭数,range,10,8,0.8,14,30,0.467,89,162,0.549,0.157,0.849
エプソム,補助,選別条件,距離ローテ=同距離,距離ローテ,derived,10,8,0.8,13,30,0.433,56,162,0.346,0.232,1.254
エプソム,補助,選別条件,前距離=1800,前距離,exact,10,8,0.8,13,30,0.433,56,162,0.346,0.232,1.254
エプソム,補助,選別条件,所属=(栗),所属,exact,10,8,0.8,13,30,0.433,71,162,0.438,0.183,0.989
エプソム,補助,選別条件,前クラス名=G3,前クラス名,exact,10,8,0.8,11,30,0.367,48,162,0.296,0.229,1.238
エプソム,補助,選別条件,前走上り3F=33秒台以下,前走上り3F,range,10,8,0.8,10,30,0.333,61,162,0.377,0.164,0.885
エプソム,補助,選別条件,馬体重増減=増,馬体重増減,range,10,8,0.8,8,30,0.267,50,162,0.309,0.16,0.864
エリザベ,S,強選別条件,前走人気=1〜5人気,前走人気,range,10,10,1.0,23,30,0.767,100,172,0.581,0.23,1.319
エリザベ,S,強選別条件,前走着順=1〜3着,前走着順,range,10,10,1.0,21,30,0.7,91,172,0.529,0.231,1.323
エリザベ,S,強選別条件,前クラス名=G2,前クラス名,exact,10,10,1.0,20,30,0.667,84,172,0.488,0.238,1.365
エリザベ,S,強選別条件,年齢=4歳,年齢,exact,10,10,1.0,16,30,0.533,60,172,0.349,0.267,1.529
エリザベ,S,強選別条件,産地=安平町,産地,exact,10,10,1.0,16,30,0.533,67,172,0.39,0.239,1.369
エリザベ,S,選別条件,前走着差=0.5秒以内,前走着差タイム,range,10,10,1.0,25,30,0.833,111,172,0.645,0.225,1.291
エリザベ,S,選別条件,前走着順=1〜5着,前走着順,range,10,10,1.0,25,30,0.833,117,172,0.68,0.214,1.225
エリザベ,S,選別条件,距離ローテ=距離延長,距離ローテ,derived,10,10,1.0,24,30,0.8,117,172,0.68,0.205,1.176
エリザベ,S,選別条件,所属=(栗),所属,exact,10,10,1.0,23,30,0.767,122,172,0.709,0.189,1.081
エリザベ,S,選別条件,前走着差=0.3秒以内,前走着差タイム,range,10,10,1.0,19,30,0.633,91,172,0.529,0.209,1.197
エリザベ,S,選別条件,間隔=中4週以内,間隔,range,10,10,1.0,18,30,0.6,101,172,0.587,0.178,1.022
エリザベ,S,選別条件,前3角=後半位置(相対50%超),前3角,derived,10,10,1.0,16,30,0.533,81,172,0.471,0.198,1.133
エリザベ,S,選別条件,前走斤量=55,前走斤量,exact,10,10,1.0,15,30,0.5,75,172,0.436,0.2,1.147
エリザベ,S,基礎条件,前走着差=0.9秒以内,前走着差タイム,range,10,10,1.0,30,30,1.0,150,172,0.872,0.2,1.147
エリザベ,S,基礎条件,前走Ｒ=11,前走Ｒ,exact,10,10,1.0,30,30,1.0,154,172,0.895,0.195,1.117
エリザベ,S,基礎条件,年齢=6歳以下,年齢,range,10,10,1.0,30,30,1.0,168,172,0.977,0.179,1.024
エリザベ,S,基礎条件,斤量=56kg以下,斤量,range,10,10,1.0,30,30,1.0,172,172,1.0,0.174,1.0
エリザベ,S,基礎条件,前走と同じ芝ダ,芝ダローテ,derived,10,10,1.0,30,30,1.0,172,172,1.0,0.174,1.0
エリザベ,S,基礎条件,性別=牝,性別,exact,10,10,1.0,30,30,1.0,172,172,1.0,0.174,1.0
エリザベ,S,基礎条件,前芝・ダ=芝,前芝・ダ,exact,10,10,1.0,30,30,1.0,172,172,1.0,0.174,1.0
エリザベ,S,基礎条件,距離ローテ=同距離または延長,距離ローテ,derived,10,10,1.0,29,30,0.967,148,172,0.86,0.196,1.123
エリザベ,S,基礎条件,前走着順=一桁着順,前走着順,range,10,10,1.0,29,30,0.967,153,172,0.89,0.19,1.087
エリザベ,S,基礎条件,年齢=3〜5歳,年齢,range,10,10,1.0,29,30,0.967,155,172,0.901,0.187,1.073
エリザベ,S,基礎条件,年齢=5歳以下,年齢,range,10,10,1.0,29,30,0.967,155,172,0.901,0.187,1.073
エリザベ,S,基礎条件,距離差=±400m以内,距離ローテ,derived,10,10,1.0,29,30,0.967,168,172,0.977,0.173,0.99
エリザベ,S,基礎条件,間隔=中8週以内,間隔,range,10,10,1.0,23,30,0.767,139,172,0.808,0.165,0.949
エリザベ,S,基礎条件,年齢=4〜6歳,年齢,range,10,10,1.0,22,30,0.733,134,172,0.779,0.164,0.941
エリザベ,S,基礎条件,斤量=56kg,斤量,range,10,10,1.0,22,30,0.733,138,172,0.802,0.159,0.914
エリザベ,A,選別条件,前走斤量=54,前走斤量,exact,10,10,1.0,13,30,0.433,65,172,0.378,0.2,1.147
エリザベ,B,選別条件,前走馬場状態=良,前走馬場状態,exact,10,9,0.9,21,30,0.7,117,172,0.68,0.179,1.029
エリザベ,B,選別条件,キャリア=11〜20戦,キャリア,range,10,9,0.9,16,30,0.533,79,172,0.459,0.203,1.161
エリザベ,B,選別条件,距離差=±200m以内,距離ローテ,derived,10,9,0.9,16,30,0.533,98,172,0.57,0.163,0.936
エリザベ,B,選別条件,前4角=後半位置(相対50%超),前4角,derived,10,9,0.9,15,30,0.5,74,172,0.43,0.203,1.162
エリザベ,B,選別条件,枠位置=中50%,馬番相対,derived,10,9,0.9,15,30,0.5,86,172,0.5,0.174,1.0
エリザベ,B,選別条件,馬番=9番外,馬番,range,10,9,0.9,15,30,0.5,92,172,0.535,0.163,0.935
エリザベ,B,選別条件,前4角=前半位置(相対50%以内),前4角,derived,10,9,0.9,15,30,0.5,97,172,0.564,0.155,0.887
エリザベ,B,選別条件,前3角=前半位置(相対50%以内),前3角,derived,10,9,0.9,14,30,0.467,90,172,0.523,0.156,0.892
エリザベ,補助,強選別条件,キャリア=6〜10戦,キャリア,range,10,8,0.8,10,30,0.333,37,172,0.215,0.27,1.55
エリザベ,補助,強選別条件,前クラス名=G1,前クラス名,exact,10,8,0.8,9,30,0.3,34,172,0.198,0.265,1.518
エリザベ,補助,選別条件,前走人気=1〜3人気,前走人気,range,10,8,0.8,14,30,0.467,64,172,0.372,0.219,1.254
エリザベ,補助,選別条件,前距離=1800,前距離,exact,10,8,0.8,13,30,0.433,66,172,0.384,0.197,1.129
エリザベ,補助,選別条件,毛色=鹿毛,毛色,exact,10,8,0.8,13,30,0.433,69,172,0.401,0.188,1.08
エリザベ,補助,選別条件,前走馬体重増減=増,前走馬体重増減,range,10,8,0.8,12,30,0.4,70,172,0.407,0.171,0.983
エリザベ,補助,選別条件,替=*,替,exact,10,8,0.8,12,30,0.4,79,172,0.459,0.152,0.871
エリザベ,補助,選別条件,前3角=後方(相対65%超),前3角,derived,10,8,0.8,11,30,0.367,55,172,0.32,0.2,1.147
エリザベ,補助,選別条件,前走着差=勝ち/同タイム,前走着差タイム,range,10,8,0.8,10,30,0.333,47,172,0.273,0.213,1.22
エリザベ,補助,選別条件,前距離=2000,前距離,exact,10,8,0.8,10,30,0.333,47,172,0.273,0.213,1.22
エリザベ,補助,選別条件,前4角=後方(相対65%超),前4角,derived,10,8,0.8,10,30,0.333,50,172,0.291,0.2,1.147
エリザベ,補助,選別条件,馬体重増減=減,馬体重増減,range,10,8,0.8,10,30,0.333,64,172,0.372,0.156,0.896
エルムS,S,強選別条件,前走着順=1〜5着,前走着順,range,10,10,1.0,24,30,0.8,80,137,0.584,0.3,1.37
エルムS,S,強選別条件,年齢=3〜5歳,年齢,range,10,10,1.0,19,30,0.633,58,137,0.423,0.328,1.496
エルムS,S,強選別条件,年齢=5歳以下,年齢,range,10,10,1.0,19,30,0.633,58,137,0.423,0.328,1.496
エルムS,S,強選別条件,前走着順=1〜3着,前走着順,range,10,10,1.0,19,30,0.633,59,137,0.431,0.322,1.471
エルムS,S,強選別条件,前走着差=0.5秒以内,前走着差タイム,range,10,10,1.0,18,30,0.6,61,137,0.445,0.295,1.348
エルムS,S,強選別条件,前走着差=0.3秒以内,前走着差タイム,range,10,10,1.0,17,30,0.567,53,137,0.387,0.321,1.465
エルムS,S,強選別条件,前走人気=1〜3人気,前走人気,range,10,10,1.0,17,30,0.567,57,137,0.416,0.298,1.362
エルムS,S,選別条件,前4角=前半位置(相対50%以内),前4角,derived,10,10,1.0,28,30,0.933,106,137,0.774,0.264,1.206
エルムS,S,選別条件,前走着順=一桁着順,前走着順,range,10,10,1.0,28,30,0.933,107,137,0.781,0.262,1.195
エルムS,S,選別条件,年齢=4〜6歳,年齢,range,10,10,1.0,27,30,0.9,99,137,0.723,0.273,1.245
エルムS,S,選別条件,年齢=6歳以下,年齢,range,10,10,1.0,27,30,0.9,99,137,0.723,0.273,1.245
エルムS,S,選別条件,前走頭数=14〜16頭,前走頭数,range,10,10,1.0,26,30,0.867,103,137,0.752,0.252,1.153
エルムS,S,選別条件,前3角=前半位置(相対50%以内),前3角,derived,10,10,1.0,25,30,0.833,98,137,0.715,0.255,1.165
エルムS,S,選別条件,距離差=±200m以内,距離ローテ,derived,10,10,1.0,25,30,0.833,102,137,0.745,0.245,1.119
エルムS,S,選別条件,前走人気=1〜5人気,前走人気,range,10,10,1.0,23,30,0.767,81,137,0.591,0.284,1.297
エルムS,S,選別条件,前走着差=0.9秒以内,前走着差タイム,range,10,10,1.0,23,30,0.767,85,137,0.62,0.271,1.236
エルムS,S,選別条件,前走上り3F=36秒以上,前走上り3F,range,10,10,1.0,23,30,0.767,95,137,0.693,0.242,1.106
エルムS,S,選別条件,間隔=中8週以内,間隔,range,10,10,1.0,21,30,0.7,89,137,0.65,0.236,1.078
エルムS,S,選別条件,所属=(栗),所属,exact,10,10,1.0,20,30,0.667,87,137,0.635,0.23,1.05
エルムS,S,選別条件,距離ローテ=同距離または延長,距離ローテ,derived,10,10,1.0,19,30,0.633,84,137,0.613,0.226,1.033
エルムS,S,選別条件,枠位置=中50%,馬番相対,derived,10,10,1.0,18,30,0.6,68,137,0.496,0.265,1.209
エルムS,S,選別条件,距離ローテ=同距離,距離ローテ,derived,10,10,1.0,16,30,0.533,62,137,0.453,0.258,1.178
エルムS,S,選別条件,前距離=1700,前距離,exact,10,10,1.0,16,30,0.533,62,137,0.453,0.258,1.178
エルムS,S,基礎条件,前走と同じ芝ダ,芝ダローテ,derived,10,10,1.0,30,30,1.0,128,137,0.934,0.234,1.07
エルムS,S,基礎条件,前芝・ダ=ダ,前芝・ダ,exact,10,10,1.0,30,30,1.0,128,137,0.934,0.234,1.07
エルムS,S,基礎条件,距離差=±400m以内,距離ローテ,derived,10,10,1.0,30,30,1.0,132,137,0.964,0.227,1.038
エルムS,S,基礎条件,距離ローテ=同距離または短縮,距離ローテ,derived,10,10,1.0,27,30,0.9,115,137,0.839,0.235,1.072
エルムS,S,基礎条件,性別=牡,性別,exact,10,10,1.0,26,30,0.867,123,137,0.898,0.211,0.965
エルムS,S,基礎条件,前走Ｒ=11,前走Ｒ,exact,10,10,1.0,25,30,0.833,118,137,0.861,0.212,0.968
エルムS,A,選別条件,前クラス名=オープン,前クラス名,exact,10,10,1.0,14,30,0.467,57,137,0.416,0.246,1.122
エルムS,A,選別条件,キャリア=11〜20戦,キャリア,range,10,10,1.0,13,30,0.433,46,137,0.336,0.283,1.291
エルムS,B,強選別条件,年齢=5歳,年齢,exact,10,9,0.9,14,30,0.467,37,137,0.27,0.378,1.728
エルムS,B,選別条件,前走馬場状態=良,前走馬場状態,exact,10,9,0.9,19,30,0.633,82,137,0.599,0.232,1.058
エルムS,B,選別条件,キャリア=21戦以上,キャリア,range,10,9,0.9,16,30,0.533,88,137,0.642,0.182,0.83
エルムS,B,選別条件,前走レース名=マリーンH,前走レース名,exact,10,9,0.9,13,30,0.433,46,137,0.336,0.283,1.291
エルムS,B,選別条件,替=*,替,exact,10,9,0.9,12,30,0.4,65,137,0.474,0.185,0.843
エルムS,補助,強選別条件,前走頭数=14,前走頭数,exact,10,8,0.8,17,30,0.567,56,137,0.409,0.304,1.386
エルムS,補助,強選別条件,前4角=2〜3番手,前4角,derived,10,8,0.8,13,30,0.433,35,137,0.255,0.371,1.696
エルムS,補助,強選別条件,前走着差=勝ち/同タイム,前走着差タイム,range,10,8,0.8,12,30,0.4,35,137,0.255,0.343,1.566
エルムS,補助,選別条件,馬番=1〜6番,馬番,range,10,8,0.8,15,30,0.5,60,137,0.438,0.25,1.142
エルムS,補助,選別条件,斤量=56kg以下,斤量,range,10,8,0.8,15,30,0.5,83,137,0.606,0.181,0.825
エルムS,補助,選別条件,斤量=56kg,斤量,range,10,8,0.8,14,30,0.467,76,137,0.555,0.184,0.841
エルムS,補助,選別条件,間隔=中4週以内,間隔,range,10,8,0.8,12,30,0.4,45,137,0.328,0.267,1.218
エルムS,補助,選別条件,前クラス名=G3,前クラス名,exact,10,8,0.8,12,30,0.4,45,137,0.328,0.267,1.218
エルムS,補助,選別条件,馬番=1〜4番,馬番,range,10,8,0.8,11,30,0.367,40,137,0.292,0.275,1.256
エルムS,補助,選別条件,前走馬体重増減=減,前走馬体重増減,range,10,8,0.8,11,30,0.367,50,137,0.365,0.22,1.005
エルムS,補助,選別条件,距離ローテ=距離短縮,距離ローテ,derived,10,8,0.8,11,30,0.367,53,137,0.387,0.208,0.948
エルムS,補助,選別条件,所属=(美),所属,exact,10,8,0.8,10,30,0.333,41,137,0.299,0.244,1.114
エルムS,補助,選別条件,前走馬体重増減=増,前走馬体重増減,range,10,8,0.8,10,30,0.333,43,137,0.314,0.233,1.062
オーシャ,S,強選別条件,年齢=3〜5歳,年齢,range,10,10,1.0,19,30,0.633,72,159,0.453,0.264,1.399
オーシャ,S,強選別条件,年齢=5歳以下,年齢,range,10,10,1.0,19,30,0.633,72,159,0.453,0.264,1.399
オーシャ,S,強選別条件,前走人気=1〜5人気,前走人気,range,10,10,1.0,18,30,0.6,61,159,0.384,0.295,1.564
オーシャ,S,強選別条件,キャリア=11〜20戦,キャリア,range,10,10,1.0,15,30,0.5,53,159,0.333,0.283,1.5
オーシャ,S,選別条件,前走馬場状態=良,前走馬場状態,exact,10,10,1.0,28,30,0.933,126,159,0.792,0.222,1.178
オーシャ,S,選別条件,前走着差=0.9秒以内,前走着差タイム,range,10,10,1.0,26,30,0.867,114,159,0.717,0.228,1.209
オーシャ,S,選別条件,年齢=4〜6歳,年齢,range,10,10,1.0,25,30,0.833,105,159,0.66,0.238,1.262
オーシャ,S,選別条件,年齢=6歳以下,年齢,range,10,10,1.0,25,30,0.833,105,159,0.66,0.238,1.262
オーシャ,S,選別条件,距離ローテ=同距離,距離ローテ,derived,10,10,1.0,25,30,0.833,117,159,0.736,0.214,1.132
オーシャ,S,選別条件,前距離=1200,前距離,exact,10,10,1.0,25,30,0.833,117,159,0.736,0.214,1.132
オーシャ,S,選別条件,前3角=前半位置(相対50%以内),前3角,derived,10,10,1.0,22,30,0.733,93,159,0.585,0.237,1.254
オーシャ,S,選別条件,前走着順=一桁着順,前走着順,range,10,10,1.0,22,30,0.733,94,159,0.591,0.234,1.24
オーシャ,S,選別条件,前走着差=0.5秒以内,前走着差タイム,range,10,10,1.0,17,30,0.567,84,159,0.528,0.202,1.073
オーシャ,S,選別条件,所属=(栗),所属,exact,10,10,1.0,17,30,0.567,85,159,0.535,0.2,1.06
オーシャ,S,選別条件,前走着順=1〜5着,前走着順,range,10,10,1.0,16,30,0.533,67,159,0.421,0.239,1.266
オーシャ,S,選別条件,前走着差=0.3秒以内,前走着差タイム,range,10,10,1.0,15,30,0.5,63,159,0.396,0.238,1.262
オーシャ,S,基礎条件,前走と同じ芝ダ,芝ダローテ,derived,10,10,1.0,30,30,1.0,152,159,0.956,0.197,1.046
オーシャ,S,基礎条件,前芝・ダ=芝,前芝・ダ,exact,10,10,1.0,30,30,1.0,152,159,0.956,0.197,1.046
オーシャ,S,基礎条件,距離ローテ=同距離または短縮,距離ローテ,derived,10,10,1.0,30,30,1.0,155,159,0.975,0.194,1.026
オーシャ,S,基礎条件,距離差=±400m以内,距離ローテ,derived,10,10,1.0,30,30,1.0,159,159,1.0,0.189,1.0
オーシャ,S,基礎条件,距離差=±200m以内,距離ローテ,derived,10,10,1.0,29,30,0.967,147,159,0.925,0.197,1.046
オーシャ,S,基礎条件,距離ローテ=同距離または延長,距離ローテ,derived,10,10,1.0,25,30,0.833,121,159,0.761,0.207,1.095
オーシャ,S,基礎条件,前走Ｒ=11,前走Ｒ,exact,10,10,1.0,22,30,0.733,130,159,0.818,0.169,0.897
オーシャ,A,強選別条件,前走着順=1〜3着,前走着順,range,10,10,1.0,13,30,0.433,50,159,0.314,0.26,1.378
オーシャ,A,選別条件,枠位置=中50%,馬番相対,derived,10,10,1.0,14,30,0.467,80,159,0.503,0.175,0.927
オーシャ,B,強選別条件,年齢=5歳,年齢,exact,10,9,0.9,12,30,0.4,44,159,0.277,0.273,1.445
オーシャ,B,選別条件,前4角=前半位置(相対50%以内),前4角,derived,10,9,0.9,22,30,0.733,97,159,0.61,0.227,1.202
オーシャ,B,選別条件,替=*,替,exact,10,9,0.9,17,30,0.567,99,159,0.623,0.172,0.91
オーシャ,B,選別条件,間隔=中8週以内,間隔,range,10,9,0.9,17,30,0.567,103,159,0.648,0.165,0.875
オーシャ,B,選別条件,前走上り3F=34秒台,前走上り3F,range,10,9,0.9,16,30,0.533,80,159,0.503,0.2,1.06
オーシャ,B,選別条件,前走馬体重増減=増,前走馬体重増減,range,10,9,0.9,15,30,0.5,70,159,0.44,0.214,1.136
オーシャ,B,選別条件,馬番=9番外,馬番,range,10,9,0.9,15,30,0.5,79,159,0.497,0.19,1.006
オーシャ,B,選別条件,所属=(美),所属,exact,10,9,0.9,13,30,0.433,68,159,0.428,0.191,1.013
オーシャ,B,選別条件,毛色=鹿毛,毛色,exact,10,9,0.9,11,30,0.367,76,159,0.478,0.145,0.767
オーシャ,B,基礎条件,斤量=56kg以下,斤量,range,10,9,0.9,23,30,0.767,132,159,0.83,0.174,0.923
オーシャ,補助,強選別条件,産地=日高町,産地,exact,10,8,0.8,9,30,0.3,28,159,0.176,0.321,1.704
オーシャ,補助,選別条件,性別=牡,性別,exact,10,8,0.8,18,30,0.6,94,159,0.591,0.191,1.015
オーシャ,補助,選別条件,間隔=中5〜8週,間隔,range,10,8,0.8,13,30,0.433,69,159,0.434,0.188,0.999
オーシャ,補助,選別条件,馬番=1〜6番,馬番,range,10,8,0.8,11,30,0.367,60,159,0.377,0.183,0.972
オーシャ,補助,選別条件,前走人気=1〜3人気,前走人気,range,10,8,0.8,10,30,0.333,41,159,0.258,0.244,1.293
オータムH,S,強選別条件,前走人気=1〜5人気,前走人気,range,10,10,1.0,16,30,0.533,56,152,0.368,0.286,1.448
オータムH,S,選別条件,前走着順=一桁着順,前走着順,range,10,10,1.0,23,30,0.767,108,152,0.711,0.213,1.079
オータムH,S,選別条件,斤量=56kg以下,斤量,range,10,10,1.0,23,30,0.767,113,152,0.743,0.204,1.031
オータムH,S,選別条件,前走着差=0.5秒以内,前走着差タイム,range,10,10,1.0,21,30,0.7,89,152,0.586,0.236,1.196
オータムH,S,選別条件,年齢=3〜5歳,年齢,range,10,10,1.0,21,30,0.7,99,152,0.651,0.212,1.075
オータムH,S,選別条件,年齢=5歳以下,年齢,range,10,10,1.0,21,30,0.7,99,152,0.651,0.212,1.075
オータムH,S,選別条件,前3角=前半位置(相対50%以内),前3角,derived,10,10,1.0,20,30,0.667,92,152,0.605,0.217,1.101
オータムH,S,選別条件,前クラス名=G3,前クラス名,exact,10,10,1.0,20,30,0.667,93,152,0.612,0.215,1.09
オータムH,S,選別条件,距離ローテ=同距離,距離ローテ,derived,10,10,1.0,20,30,0.667,95,152,0.625,0.211,1.067
オータムH,S,選別条件,前距離=1600,前距離,exact,10,10,1.0,20,30,0.667,95,152,0.625,0.211,1.067
オータムH,S,選別条件,性別=牡,性別,exact,10,10,1.0,20,30,0.667,108,152,0.711,0.185,0.938
オータムH,S,選別条件,前走着順=1〜5着,前走着順,range,10,10,1.0,17,30,0.567,71,152,0.467,0.239,1.213
オータムH,S,選別条件,前4角=前半位置(相対50%以内),前4角,derived,10,10,1.0,17,30,0.567,90,152,0.592,0.189,0.957
オータムH,S,基礎条件,前走と同じ芝ダ,芝ダローテ,derived,10,10,1.0,30,30,1.0,149,152,0.98,0.201,1.02
オータムH,S,基礎条件,前芝・ダ=芝,前芝・ダ,exact,10,10,1.0,30,30,1.0,149,152,0.98,0.201,1.02
オータムH,S,基礎条件,年齢=6歳以下,年齢,range,10,10,1.0,29,30,0.967,137,152,0.901,0.212,1.073
オータムH,S,基礎条件,距離差=±400m以内,距離ローテ,derived,10,10,1.0,29,30,0.967,149,152,0.98,0.195,0.986
オータムH,S,基礎条件,前走Ｒ=11,前走Ｒ,exact,10,10,1.0,28,30,0.933,139,152,0.914,0.201,1.021
オータムH,S,基礎条件,距離差=±200m以内,距離ローテ,derived,10,10,1.0,27,30,0.9,140,152,0.921,0.193,0.977
オータムH,S,基礎条件,前走着差=0.9秒以内,前走着差タイム,range,10,10,1.0,26,30,0.867,116,152,0.763,0.224,1.136
オータムH,S,基礎条件,距離ローテ=同距離または短縮,距離ローテ,derived,10,10,1.0,26,30,0.867,126,152,0.829,0.206,1.046
オータムH,S,基礎条件,年齢=4〜6歳,年齢,range,10,10,1.0,25,30,0.833,117,152,0.77,0.214,1.083
オータムH,S,基礎条件,距離ローテ=同距離または延長,距離ローテ,derived,10,10,1.0,24,30,0.8,121,152,0.796,0.198,1.005
オータムH,A,選別条件,前走上り3F=34秒台,前走上り3F,range,10,10,1.0,14,30,0.467,66,152,0.434,0.212,1.075
オータムH,B,選別条件,前走馬場状態=良,前走馬場状態,exact,10,9,0.9,22,30,0.733,111,152,0.73,0.198,1.004
オータムH,B,選別条件,所属=(栗),所属,exact,10,9,0.9,18,30,0.6,74,152,0.487,0.243,1.232
オータムH,B,選別条件,間隔=中8週以内,間隔,range,10,9,0.9,17,30,0.567,96,152,0.632,0.177,0.897
オータムH,B,選別条件,馬番=9番外,馬番,range,10,9,0.9,15,30,0.5,72,152,0.474,0.208,1.056
オータムH,B,選別条件,替=*,替,exact,10,9,0.9,15,30,0.5,85,152,0.559,0.176,0.894
オータムH,B,選別条件,前4角=後半位置(相対50%超),前4角,derived,10,9,0.9,13,30,0.433,62,152,0.408,0.21,1.062
オータムH,B,選別条件,前走頭数=14〜16頭,前走頭数,range,10,9,0.9,13,30,0.433,67,152,0.441,0.194,0.983
オータムH,B,選別条件,枠位置=中50%,馬番相対,derived,10,9,0.9,13,30,0.433,77,152,0.507,0.169,0.855
オータムH,B,選別条件,所属=(美),所属,exact,10,9,0.9,12,30,0.4,78,152,0.513,0.154,0.779
オータムH,B,選別条件,前走馬体重増減=減,前走馬体重増減,range,10,9,0.9,10,30,0.333,61,152,0.401,0.164,0.831
オータムH,補助,強選別条件,年齢=5歳,年齢,exact,10,8,0.8,14,30,0.467,54,152,0.355,0.259,1.314
オータムH,補助,強選別条件,前走着順=1〜3着,前走着順,range,10,8,0.8,13,30,0.433,45,152,0.296,0.289,1.464
オータムH,補助,強選別条件,種牡馬=ディープインパクト,種牡馬,exact,10,8,0.8,9,30,0.3,24,152,0.158,0.375,1.9
オータムH,補助,強選別条件,前走人気=1〜3人気,前走人気,range,10,8,0.8,9,30,0.3,33,152,0.217,0.273,1.382
オータムH,補助,選別条件,キャリア=21戦以上,キャリア,range,10,8,0.8,14,30,0.467,72,152,0.474,0.194,0.985
オータムH,補助,選別条件,馬番=1〜6番,馬番,range,10,8,0.8,13,30,0.433,60,152,0.395,0.217,1.098
オータムH,補助,選別条件,前走着差=0.3秒以内,前走着差タイム,range,10,8,0.8,12,30,0.4,55,152,0.362,0.218,1.105
オータムH,補助,選別条件,馬番=1〜4番,馬番,range,10,8,0.8,10,30,0.333,40,152,0.263,0.25,1.267
オータムH,補助,選別条件,前走頭数=16,前走頭数,exact,10,8,0.8,10,30,0.333,50,152,0.329,0.2,1.013
オータムH,補助,選別条件,前3角=後半位置(相対50%超),前3角,derived,10,8,0.8,10,30,0.333,60,152,0.395,0.167,0.844
オータムH,補助,選別条件,枠位置=内25%,馬番相対,derived,10,8,0.8,9,30,0.3,36,152,0.237,0.25,1.267
オータムH,補助,選別条件,前3角=4〜6番手,前3角,derived,10,8,0.8,9,30,0.3,40,152,0.263,0.225,1.14
オータムH,補助,選別条件,前4角=4〜6番手,前4角,derived,10,8,0.8,9,30,0.3,43,152,0.283,0.209,1.06
オータムH,補助,選別条件,前走上り3F=33秒台以下,前走上り3F,range,10,8,0.8,9,30,0.3,45,152,0.296,0.2,1.013
オールカ,S,強選別条件,年齢=3〜5歳,年齢,range,10,10,1.0,25,30,0.833,78,137,0.569,0.321,1.464
オールカ,S,強選別条件,年齢=5歳以下,年齢,range,10,10,1.0,25,30,0.833,78,137,0.569,0.321,1.464
オールカ,S,強選別条件,間隔=中13週以上,間隔,range,10,10,1.0,21,30,0.7,70,137,0.511,0.3,1.37
オールカ,S,強選別条件,前走着順=1〜5着,前走着順,range,10,10,1.0,21,30,0.7,73,137,0.533,0.288,1.314
オールカ,S,強選別条件,馬番=1〜6番,馬番,range,10,10,1.0,19,30,0.633,60,137,0.438,0.317,1.446
オールカ,S,強選別条件,前走人気=1〜5人気,前走人気,range,10,10,1.0,19,30,0.633,62,137,0.453,0.306,1.399
オールカ,S,強選別条件,距離ローテ=同距離または短縮,距離ローテ,derived,10,10,1.0,17,30,0.567,54,137,0.394,0.315,1.438
オールカ,S,選別条件,年齢=4〜6歳,年齢,range,10,10,1.0,29,30,0.967,109,137,0.796,0.266,1.215
オールカ,S,選別条件,年齢=6歳以下,年齢,range,10,10,1.0,29,30,0.967,109,137,0.796,0.266,1.215
オールカ,S,選別条件,前走着順=一桁着順,前走着順,range,10,10,1.0,26,30,0.867,98,137,0.715,0.265,1.212
オールカ,S,選別条件,前走着差=0.9秒以内,前走着差タイム,range,10,10,1.0,23,30,0.767,87,137,0.635,0.264,1.207
オールカ,S,選別条件,前走馬場状態=良,前走馬場状態,exact,10,10,1.0,20,30,0.667,101,137,0.737,0.198,0.904
オールカ,S,選別条件,前4角=前半位置(相対50%以内),前4角,derived,10,10,1.0,18,30,0.6,80,137,0.584,0.225,1.028
オールカ,S,選別条件,所属=(美),所属,exact,10,10,1.0,18,30,0.6,81,137,0.591,0.222,1.015
オールカ,S,選別条件,距離差=±200m以内,距離ローテ,derived,10,10,1.0,17,30,0.567,88,137,0.642,0.193,0.882
オールカ,S,選別条件,前3角=前半位置(相対50%以内),前3角,derived,10,10,1.0,16,30,0.533,73,137,0.533,0.219,1.001
オールカ,S,基礎条件,前走と同じ芝ダ,芝ダローテ,derived,10,10,1.0,30,30,1.0,135,137,0.985,0.222,1.015
オールカ,S,基礎条件,前芝・ダ=芝,前芝・ダ,exact,10,10,1.0,30,30,1.0,135,137,0.985,0.222,1.015
オールカ,S,基礎条件,距離差=±400m以内,距離ローテ,derived,10,10,1.0,24,30,0.8,115,137,0.839,0.209,0.953
オールカ,S,基礎条件,前走Ｒ=11,前走Ｒ,exact,10,10,1.0,24,30,0.8,123,137,0.898,0.195,0.891
オールカ,S,基礎条件,距離ローテ=同距離または延長,距離ローテ,derived,10,10,1.0,21,30,0.7,104,137,0.759,0.202,0.922
オールカ,A,選別条件,替=*,替,exact,10,10,1.0,12,30,0.4,70,137,0.511,0.171,0.783
オールカ,B,強選別条件,キャリア=11〜20戦,キャリア,range,10,9,0.9,14,30,0.467,46,137,0.336,0.304,1.39
オールカ,B,強選別条件,産地=安平町,産地,exact,10,9,0.9,13,30,0.433,44,137,0.321,0.295,1.349
オールカ,B,選別条件,毛色=鹿毛,毛色,exact,10,9,0.9,17,30,0.567,62,137,0.453,0.274,1.252
オールカ,B,選別条件,前走着差=0.5秒以内,前走着差タイム,range,10,9,0.9,16,30,0.533,61,137,0.445,0.262,1.198
オールカ,B,選別条件,枠位置=中50%,馬番相対,derived,10,9,0.9,15,30,0.5,68,137,0.496,0.221,1.007
オールカ,B,選別条件,距離ローテ=距離延長,距離ローテ,derived,10,9,0.9,13,30,0.433,83,137,0.606,0.157,0.715
オールカ,B,選別条件,所属=(栗),所属,exact,10,9,0.9,12,30,0.4,55,137,0.401,0.218,0.996
オールカ,B,基礎条件,性別=牡,性別,exact,10,9,0.9,19,30,0.633,105,137,0.766,0.181,0.826
オールカ,補助,強選別条件,前走人気=1〜3人気,前走人気,range,10,8,0.8,16,30,0.533,42,137,0.307,0.381,1.74
オールカ,補助,強選別条件,馬番=1〜4番,馬番,range,10,8,0.8,14,30,0.467,40,137,0.292,0.35,1.598
オールカ,補助,強選別条件,前クラス名=G1,前クラス名,exact,10,8,0.8,14,30,0.467,40,137,0.292,0.35,1.598
オールカ,補助,強選別条件,馬体重増減=増,馬体重増減,range,10,8,0.8,14,30,0.467,44,137,0.321,0.318,1.453
オールカ,補助,強選別条件,年齢=4歳,年齢,exact,10,8,0.8,13,30,0.433,27,137,0.197,0.481,2.199
オールカ,補助,強選別条件,前走上り3F=35秒台,前走上り3F,range,10,8,0.8,12,30,0.4,32,137,0.234,0.375,1.712
オールカ,補助,強選別条件,前3角=4〜6番手,前3角,derived,10,8,0.8,11,30,0.367,31,137,0.226,0.355,1.62
オールカ,補助,強選別条件,種牡馬=ディープインパクト,種牡馬,exact,10,8,0.8,9,30,0.3,23,137,0.168,0.391,1.787
オールカ,補助,選別条件,前走着差=0.3秒以内,前走着差タイム,range,10,8,0.8,13,30,0.433,46,137,0.336,0.283,1.291
オールカ,補助,選別条件,前走着順=1〜3着,前走着順,range,10,8,0.8,12,30,0.4,45,137,0.328,0.267,1.218
オールカ,補助,選別条件,前走頭数=17頭以上,前走頭数,range,10,8,0.8,12,30,0.4,47,137,0.343,0.255,1.166
オールカ,補助,選別条件,前走頭数=14〜16頭,前走頭数,range,10,8,0.8,10,30,0.333,50,137,0.365,0.2,0.913
オールカ,補助,選別条件,前距離=2000,前距離,exact,10,8,0.8,9,30,0.3,64,137,0.467,0.141,0.642
オールカ,補助,基礎条件,斤量=56kg以下,斤量,range,10,8,0.8,21,30,0.7,106,137,0.774,0.198,0.905
カペラS,S,強選別条件,前走着順=一桁着順,前走着順,range,10,10,1.0,27,30,0.9,110,160,0.688,0.245,1.309
カペラS,S,強選別条件,前走人気=1〜5人気,前走人気,range,10,10,1.0,24,30,0.8,89,160,0.556,0.27,1.438
カペラS,S,強選別条件,前走着順=1〜5着,前走着順,range,10,10,1.0,23,30,0.767,84,160,0.525,0.274,1.46
カペラS,S,強選別条件,前走着順=1〜3着,前走着順,range,10,10,1.0,18,30,0.6,67,160,0.419,0.269,1.433
カペラS,S,強選別条件,前走斤量=57,前走斤量,exact,10,10,1.0,15,30,0.5,61,160,0.381,0.246,1.311
カペラS,S,選別条件,前4角=前半位置(相対50%以内),前4角,derived,10,10,1.0,25,30,0.833,115,160,0.719,0.217,1.159
カペラS,S,選別条件,前走着差=0.9秒以内,前走着差タイム,range,10,10,1.0,23,30,0.767,104,160,0.65,0.221,1.179
カペラS,S,選別条件,前3角=前半位置(相対50%以内),前3角,derived,10,10,1.0,23,30,0.767,108,160,0.675,0.213,1.136
カペラS,S,選別条件,年齢=4〜6歳,年齢,range,10,10,1.0,22,30,0.733,109,160,0.681,0.202,1.076
カペラS,S,選別条件,前走頭数=16,前走頭数,exact,10,10,1.0,21,30,0.7,107,160,0.669,0.196,1.047
カペラS,S,選別条件,所属=(栗),所属,exact,10,10,1.0,20,30,0.667,107,160,0.669,0.187,0.997
カペラS,S,選別条件,替=*,替,exact,10,10,1.0,18,30,0.6,116,160,0.725,0.155,0.828
カペラS,S,基礎条件,前走と同じ芝ダ,芝ダローテ,derived,10,10,1.0,30,30,1.0,149,160,0.931,0.201,1.074
カペラS,S,基礎条件,前芝・ダ=ダ,前芝・ダ,exact,10,10,1.0,30,30,1.0,149,160,0.931,0.201,1.074
カペラS,S,基礎条件,距離ローテ=同距離または短縮,距離ローテ,derived,10,10,1.0,30,30,1.0,155,160,0.969,0.194,1.032
カペラS,S,基礎条件,距離差=±400m以内,距離ローテ,derived,10,10,1.0,30,30,1.0,158,160,0.988,0.19,1.013
カペラS,S,基礎条件,距離差=±200m以内,距離ローテ,derived,10,10,1.0,28,30,0.933,152,160,0.95,0.184,0.982
カペラS,S,基礎条件,年齢=6歳以下,年齢,range,10,10,1.0,26,30,0.867,122,160,0.762,0.213,1.137
カペラS,S,基礎条件,性別=牡,性別,exact,10,10,1.0,26,30,0.867,134,160,0.838,0.194,1.035
カペラS,S,基礎条件,間隔=中8週以内,間隔,range,10,10,1.0,25,30,0.833,127,160,0.794,0.197,1.05
カペラS,S,基礎条件,前走頭数=14〜16頭,前走頭数,range,10,10,1.0,24,30,0.8,126,160,0.787,0.19,1.016
カペラS,S,基礎条件,斤量=56kg以下,斤量,range,10,10,1.0,20,30,0.667,126,160,0.787,0.159,0.847
カペラS,A,選別条件,前走馬体重増減=増,前走馬体重増減,range,10,10,1.0,14,30,0.467,67,160,0.419,0.209,1.114
カペラS,B,強選別条件,前走着差=0.5秒以内,前走着差タイム,range,10,9,0.9,19,30,0.633,77,160,0.481,0.247,1.316
カペラS,B,強選別条件,前走着差=0.3秒以内,前走着差タイム,range,10,9,0.9,17,30,0.567,59,160,0.369,0.288,1.537
カペラS,B,強選別条件,前走人気=1〜3人気,前走人気,range,10,9,0.9,17,30,0.567,64,160,0.4,0.266,1.417
カペラS,B,選別条件,年齢=3〜5歳,年齢,range,10,9,0.9,20,30,0.667,88,160,0.55,0.227,1.212
カペラS,B,選別条件,年齢=5歳以下,年齢,range,10,9,0.9,20,30,0.667,88,160,0.55,0.227,1.212
カペラS,B,選別条件,馬番=9番外,馬番,range,10,9,0.9,17,30,0.567,80,160,0.5,0.212,1.133
カペラS,B,選別条件,斤量=56kg,斤量,range,10,9,0.9,16,30,0.533,100,160,0.625,0.16,0.853
カペラS,B,選別条件,間隔=中4週以内,間隔,range,10,9,0.9,14,30,0.467,67,160,0.419,0.209,1.114
カペラS,B,選別条件,枠位置=中50%,馬番相対,derived,10,9,0.9,11,30,0.367,80,160,0.5,0.138,0.733
カペラS,補助,強選別条件,前走レース名=JBCスプG1,前走レース名,exact,10,8,0.8,9,30,0.3,21,160,0.131,0.429,2.286
カペラS,補助,強選別条件,前クラス名=G1,前クラス名,exact,10,8,0.8,9,30,0.3,24,160,0.15,0.375,2.0
カペラS,補助,選別条件,距離ローテ=同距離,距離ローテ,derived,10,8,0.8,17,30,0.567,95,160,0.594,0.179,0.954
カペラS,補助,選別条件,前距離=1200,前距離,exact,10,8,0.8,17,30,0.567,95,160,0.594,0.179,0.954
カペラS,補助,選別条件,距離ローテ=同距離または延長,距離ローテ,derived,10,8,0.8,17,30,0.567,100,160,0.625,0.17,0.907
カペラS,補助,選別条件,馬体重増減=増,馬体重増減,range,10,8,0.8,15,30,0.5,63,160,0.394,0.238,1.27
カペラS,補助,選別条件,前走Ｒ=11,前走Ｒ,exact,10,8,0.8,15,30,0.5,100,160,0.625,0.15,0.8
カペラS,補助,選別条件,キャリア=21戦以上,キャリア,range,10,8,0.8,15,30,0.5,104,160,0.65,0.144,0.769
カペラS,補助,選別条件,前走上り3F=36秒以上,前走上り3F,range,10,8,0.8,13,30,0.433,74,160,0.463,0.176,0.937
カペラS,補助,選別条件,間隔=中5〜8週,間隔,range,10,8,0.8,11,30,0.367,60,160,0.375,0.183,0.978
キーンラ,S,選別条件,前走着順=一桁着順,前走着順,range,10,10,1.0,26,30,0.867,116,155,0.748,0.224,1.158
キーンラ,S,選別条件,年齢=3〜5歳,年齢,range,10,10,1.0,25,30,0.833,100,155,0.645,0.25,1.292
キーンラ,S,選別条件,年齢=5歳以下,年齢,range,10,10,1.0,25,30,0.833,100,155,0.645,0.25,1.292
キーンラ,S,選別条件,前4角=前半位置(相対50%以内),前4角,derived,10,10,1.0,23,30,0.767,107,155,0.69,0.215,1.111
キーンラ,S,選別条件,年齢=4〜6歳,年齢,range,10,10,1.0,22,30,0.733,103,155,0.665,0.214,1.104
キーンラ,S,選別条件,前3角=前半位置(相対50%以内),前3角,derived,10,10,1.0,20,30,0.667,92,155,0.594,0.217,1.123
キーンラ,S,選別条件,前走着差=0.5秒以内,前走着差タイム,range,10,10,1.0,20,30,0.667,102,155,0.658,0.196,1.013
キーンラ,S,選別条件,所属=(栗),所属,exact,10,10,1.0,19,30,0.633,90,155,0.581,0.211,1.091
キーンラ,S,選別条件,前走着差=0.3秒以内,前走着差タイム,range,10,10,1.0,18,30,0.6,77,155,0.497,0.234,1.208
キーンラ,S,選別条件,前走人気=1〜5人気,前走人気,range,10,10,1.0,18,30,0.6,82,155,0.529,0.22,1.134
キーンラ,S,選別条件,前走着順=1〜5着,前走着順,range,10,10,1.0,17,30,0.567,78,155,0.503,0.218,1.126
キーンラ,S,選別条件,枠位置=中50%,馬番相対,derived,10,10,1.0,16,30,0.533,77,155,0.497,0.208,1.074
キーンラ,S,基礎条件,前走Ｒ=11,前走Ｒ,exact,10,10,1.0,30,30,1.0,148,155,0.955,0.203,1.047
キーンラ,S,基礎条件,前走と同じ芝ダ,芝ダローテ,derived,10,10,1.0,30,30,1.0,151,155,0.974,0.199,1.026
キーンラ,S,基礎条件,前芝・ダ=芝,前芝・ダ,exact,10,10,1.0,30,30,1.0,151,155,0.974,0.199,1.026
キーンラ,S,基礎条件,距離差=±400m以内,距離ローテ,derived,10,10,1.0,30,30,1.0,153,155,0.987,0.196,1.013
キーンラ,S,基礎条件,距離ローテ=同距離または短縮,距離ローテ,derived,10,10,1.0,28,30,0.933,140,155,0.903,0.2,1.033
キーンラ,S,基礎条件,年齢=6歳以下,年齢,range,10,10,1.0,27,30,0.9,126,155,0.813,0.214,1.107
キーンラ,S,基礎条件,前走着差=0.9秒以内,前走着差タイム,range,10,10,1.0,27,30,0.9,132,155,0.852,0.205,1.057
キーンラ,S,基礎条件,距離差=±200m以内,距離ローテ,derived,10,10,1.0,26,30,0.867,139,155,0.897,0.187,0.966
キーンラ,S,基礎条件,距離ローテ=同距離または延長,距離ローテ,derived,10,10,1.0,25,30,0.833,133,155,0.858,0.188,0.971
キーンラ,S,基礎条件,斤量=56kg以下,斤量,range,10,10,1.0,24,30,0.8,122,155,0.787,0.197,1.016
キーンラ,S,基礎条件,前走馬場状態=良,前走馬場状態,exact,10,10,1.0,24,30,0.8,135,155,0.871,0.178,0.919
キーンラ,S,基礎条件,距離ローテ=同距離,距離ローテ,derived,10,10,1.0,23,30,0.767,118,155,0.761,0.195,1.007
キーンラ,S,基礎条件,前距離=1200,前距離,exact,10,10,1.0,23,30,0.767,118,155,0.761,0.195,1.007
キーンラ,B,強選別条件,性別=牝,性別,exact,10,9,0.9,17,30,0.567,60,155,0.387,0.283,1.464
キーンラ,B,強選別条件,前走着差=勝ち/同タイム,前走着差タイム,range,10,9,0.9,12,30,0.4,39,155,0.252,0.308,1.59
キーンラ,B,選別条件,馬番=9番外,馬番,range,10,9,0.9,18,30,0.6,75,155,0.484,0.24,1.24
キーンラ,B,選別条件,前走着順=1〜3着,前走着順,range,10,9,0.9,16,30,0.533,65,155,0.419,0.246,1.272
キーンラ,B,選別条件,替=*,替,exact,10,9,0.9,15,30,0.5,82,155,0.529,0.183,0.945
キーンラ,B,選別条件,馬体重増減=増,馬体重増減,range,10,9,0.9,13,30,0.433,67,155,0.432,0.194,1.002
キーンラ,B,選別条件,間隔=中8週以内,間隔,range,10,9,0.9,13,30,0.433,86,155,0.555,0.151,0.781
キーンラ,B,選別条件,性別=牡,性別,exact,10,9,0.9,11,30,0.367,82,155,0.529,0.134,0.693
キーンラ,補助,強選別条件,キャリア=11〜20戦,キャリア,range,10,8,0.8,17,30,0.567,67,155,0.432,0.254,1.311
キーンラ,補助,強選別条件,前走人気=1〜3人気,前走人気,range,10,8,0.8,15,30,0.5,53,155,0.342,0.283,1.462
キーンラ,補助,強選別条件,前走頭数=17頭以上,前走頭数,range,10,8,0.8,11,30,0.367,32,155,0.206,0.344,1.776
キーンラ,補助,強選別条件,前走着順=1着,前走着順,range,10,8,0.8,10,30,0.333,31,155,0.2,0.323,1.667
キーンラ,補助,選別条件,前走上り3F=34秒台,前走上り3F,range,10,8,0.8,14,30,0.467,59,155,0.381,0.237,1.226
キーンラ,補助,選別条件,前クラス名=G3,前クラス名,exact,10,8,0.8,13,30,0.433,58,155,0.374,0.224,1.158
キーンラ,補助,選別条件,前走頭数=14〜16頭,前走頭数,range,10,8,0.8,13,30,0.433,85,155,0.548,0.153,0.79
キーンラ,補助,選別条件,毛色=鹿毛,毛色,exact,10,8,0.8,11,30,0.367,73,155,0.471,0.151,0.779
キーンラ,補助,選別条件,間隔=中4週以内,間隔,range,10,8,0.8,9,30,0.3,65,155,0.419,0.138,0.715
クイーン,S,選別条件,前走着順=一桁着順,前走着順,range,10,10,1.0,23,30,0.767,103,143,0.72,0.223,1.064
クイーン,S,選別条件,前走着差=0.9秒以内,前走着差タイム,range,10,10,1.0,22,30,0.733,100,143,0.699,0.22,1.049
クイーン,S,選別条件,距離ローテ=同距離または短縮,距離ローテ,derived,10,10,1.0,21,30,0.7,103,143,0.72,0.204,0.972
クイーン,S,選別条件,馬番=1〜6番,馬番,range,10,10,1.0,16,30,0.533,60,143,0.42,0.267,1.271
クイーン,S,基礎条件,前走と同じ芝ダ,芝ダローテ,derived,10,10,1.0,30,30,1.0,137,143,0.958,0.219,1.044
クイーン,S,基礎条件,前芝・ダ=芝,前芝・ダ,exact,10,10,1.0,30,30,1.0,137,143,0.958,0.219,1.044
クイーン,S,基礎条件,斤量=56kg以下,斤量,range,10,10,1.0,30,30,1.0,139,143,0.972,0.216,1.029
クイーン,S,基礎条件,年齢=6歳以下,年齢,range,10,10,1.0,30,30,1.0,142,143,0.993,0.211,1.007
クイーン,S,基礎条件,性別=牝,性別,exact,10,10,1.0,30,30,1.0,143,143,1.0,0.21,1.0
クイーン,S,基礎条件,前走馬場状態=良,前走馬場状態,exact,10,10,1.0,28,30,0.933,119,143,0.832,0.235,1.122
クイーン,S,基礎条件,年齢=3〜5歳,年齢,range,10,10,1.0,28,30,0.933,133,143,0.93,0.211,1.004
クイーン,S,基礎条件,年齢=5歳以下,年齢,range,10,10,1.0,28,30,0.933,133,143,0.93,0.211,1.004
クイーン,S,基礎条件,距離差=±400m以内,距離ローテ,derived,10,10,1.0,28,30,0.933,137,143,0.958,0.204,0.974
クイーン,S,基礎条件,距離差=±200m以内,距離ローテ,derived,10,10,1.0,27,30,0.9,127,143,0.888,0.213,1.013
クイーン,S,基礎条件,距離ローテ=同距離または延長,距離ローテ,derived,10,10,1.0,24,30,0.8,109,143,0.762,0.22,1.05
クイーン,A,選別条件,枠位置=中50%,馬番相対,derived,10,10,1.0,14,30,0.467,71,143,0.497,0.197,0.94
クイーン,B,強選別条件,前走人気=1〜3人気,前走人気,range,10,9,0.9,18,30,0.6,53,143,0.371,0.34,1.619
クイーン,B,強選別条件,産地=安平町,産地,exact,10,9,0.9,16,30,0.533,52,143,0.364,0.308,1.467
クイーン,B,強選別条件,間隔=中9〜12週,間隔,range,10,9,0.9,15,30,0.5,50,143,0.35,0.3,1.43
クイーン,B,強選別条件,馬番=1〜4番,馬番,range,10,9,0.9,13,30,0.433,40,143,0.28,0.325,1.549
クイーン,B,強選別条件,前3角=後方(相対65%超),前3角,derived,10,9,0.9,13,30,0.433,42,143,0.294,0.31,1.475
クイーン,B,強選別条件,前4角=後半位置(相対50%超),前4角,derived,10,9,0.9,13,30,0.433,47,143,0.329,0.277,1.318
クイーン,B,強選別条件,枠位置=内25%,馬番相対,derived,10,9,0.9,12,30,0.4,33,143,0.231,0.364,1.733
クイーン,B,選別条件,前走Ｒ=11,前走Ｒ,exact,10,9,0.9,22,30,0.733,88,143,0.615,0.25,1.192
クイーン,B,選別条件,前走人気=1〜5人気,前走人気,range,10,9,0.9,20,30,0.667,76,143,0.531,0.263,1.254
クイーン,B,選別条件,前距離=1600,前距離,exact,10,9,0.9,18,30,0.6,71,143,0.497,0.254,1.208
クイーン,B,選別条件,前走着順=1〜5着,前走着順,range,10,9,0.9,18,30,0.6,80,143,0.559,0.225,1.073
クイーン,B,選別条件,所属=(美),所属,exact,10,9,0.9,17,30,0.567,77,143,0.538,0.221,1.052
クイーン,B,選別条件,前4角=前半位置(相対50%以内),前4角,derived,10,9,0.9,17,30,0.567,95,143,0.664,0.179,0.853
クイーン,B,選別条件,前3角=前半位置(相対50%以内),前3角,derived,10,9,0.9,16,30,0.533,89,143,0.622,0.18,0.857
クイーン,B,選別条件,毛色=鹿毛,毛色,exact,10,9,0.9,15,30,0.5,58,143,0.406,0.259,1.233
クイーン,B,選別条件,前3角=後半位置(相対50%超),前3角,derived,10,9,0.9,14,30,0.467,53,143,0.371,0.264,1.259
クイーン,B,選別条件,替=*,替,exact,10,9,0.9,14,30,0.467,81,143,0.566,0.173,0.824
クイーン,B,選別条件,所属=(栗),所属,exact,10,9,0.9,13,30,0.433,65,143,0.455,0.2,0.953
クイーン,B,選別条件,前走馬体重増減=増,前走馬体重増減,range,10,9,0.9,11,30,0.367,51,143,0.357,0.216,1.028
クイーン,補助,強選別条件,前4角=後方(相対65%超),前4角,derived,10,8,0.8,10,30,0.333,32,143,0.224,0.312,1.49
クイーン,補助,強選別条件,前走馬体重増減=±0,前走馬体重増減,range,10,8,0.8,9,30,0.3,22,143,0.154,0.409,1.95
クイーン,補助,選別条件,間隔=中8週以内,間隔,range,10,9,0.9,9,30,0.3,69,143,0.483,0.13,0.622
クイーン,補助,選別条件,前走着差=0.5秒以内,前走着差タイム,range,10,8,0.8,16,30,0.533,78,143,0.545,0.205,0.978
クイーン,補助,選別条件,前走着順=1〜3着,前走着順,range,10,8,0.8,15,30,0.5,61,143,0.427,0.246,1.172
クイーン,補助,選別条件,距離ローテ=同距離,距離ローテ,derived,10,8,0.8,15,30,0.5,69,143,0.483,0.217,1.036
クイーン,補助,選別条件,前走着差=0.3秒以内,前走着差タイム,range,10,8,0.8,13,30,0.433,62,143,0.434,0.21,0.999
クイーン,補助,選別条件,前走上り3F=34秒台,前走上り3F,range,10,8,0.8,12,30,0.4,46,143,0.322,0.261,1.243
クイーン,補助,選別条件,馬番=9番外,馬番,range,10,8,0.8,10,30,0.333,63,143,0.441,0.159,0.757
サウジア,S,強選別条件,前走着順=1着,前走着順,range,8,8,1.0,21,24,0.875,46,79,0.582,0.457,1.503
サウジア,S,強選別条件,前走着差=勝ち/同タイム,前走着差タイム,range,8,8,1.0,21,24,0.875,47,79,0.595,0.447,1.471
サウジア,S,強選別条件,前走人気=1〜3人気,前走人気,range,8,8,1.0,20,24,0.833,50,79,0.633,0.4,1.317
サウジア,S,強選別条件,前クラス名=新馬,前クラス名,exact,8,8,1.0,16,24,0.667,27,79,0.342,0.593,1.951
サウジア,S,選別条件,前走着差=0.5秒以内,前走着差タイム,range,8,8,1.0,23,24,0.958,60,79,0.759,0.383,1.262
サウジア,S,選別条件,前走人気=1〜5人気,前走人気,range,8,8,1.0,22,24,0.917,59,79,0.747,0.373,1.227
サウジア,S,選別条件,前走着順=1〜3着,前走着順,range,8,8,1.0,21,24,0.875,54,79,0.684,0.389,1.28
サウジア,S,選別条件,前走着差=0.3秒以内,前走着差タイム,range,8,8,1.0,21,24,0.875,55,79,0.696,0.382,1.257
サウジア,S,選別条件,前4角=前半位置(相対50%以内),前4角,derived,8,8,1.0,20,24,0.833,59,79,0.747,0.339,1.116
サウジア,S,選別条件,距離ローテ=同距離,距離ローテ,derived,8,8,1.0,18,24,0.75,46,79,0.582,0.391,1.288
サウジア,S,選別条件,前距離=1600,前距離,exact,8,8,1.0,18,24,0.75,46,79,0.582,0.391,1.288
サウジア,S,選別条件,前3角=前半位置(相対50%以内),前3角,derived,8,8,1.0,18,24,0.75,54,79,0.684,0.333,1.097
サウジア,S,選別条件,馬番=1〜6番,馬番,range,8,8,1.0,17,24,0.708,48,79,0.608,0.354,1.166
サウジア,S,選別条件,斤量=55kg,斤量,range,8,8,1.0,16,24,0.667,58,79,0.734,0.276,0.908
サウジア,S,選別条件,所属=(美),所属,exact,8,8,1.0,15,24,0.625,48,79,0.608,0.312,1.029
サウジア,S,基礎条件,距離差=±200m以内,距離ローテ,derived,8,8,1.0,24,24,1.0,69,79,0.873,0.348,1.145
サウジア,S,基礎条件,前走着順=一桁着順,前走着順,range,8,8,1.0,24,24,1.0,74,79,0.937,0.324,1.068
サウジア,S,基礎条件,キャリア=5戦以内,キャリア,range,8,8,1.0,24,24,1.0,77,79,0.975,0.312,1.026
サウジア,S,基礎条件,年齢=2歳,年齢,exact,8,8,1.0,24,24,1.0,79,79,1.0,0.304,1.0
サウジア,S,基礎条件,年齢=5歳以下,年齢,range,8,8,1.0,24,24,1.0,79,79,1.0,0.304,1.0
サウジア,S,基礎条件,年齢=6歳以下,年齢,range,8,8,1.0,24,24,1.0,79,79,1.0,0.304,1.0
サウジア,S,基礎条件,斤量=56kg以下,斤量,range,8,8,1.0,24,24,1.0,79,79,1.0,0.304,1.0
サウジア,S,基礎条件,距離差=±400m以内,距離ローテ,derived,8,8,1.0,24,24,1.0,79,79,1.0,0.304,1.0
サウジア,S,基礎条件,前走と同じ芝ダ,芝ダローテ,derived,8,8,1.0,24,24,1.0,79,79,1.0,0.304,1.0
サウジア,S,基礎条件,前芝・ダ=芝,前芝・ダ,exact,8,8,1.0,24,24,1.0,79,79,1.0,0.304,1.0
サウジア,S,基礎条件,前走着差=0.9秒以内,前走着差タイム,range,8,8,1.0,23,24,0.958,67,79,0.848,0.343,1.13
サウジア,S,基礎条件,前走着順=1〜5着,前走着順,range,8,8,1.0,22,24,0.917,65,79,0.823,0.338,1.114
サウジア,S,基礎条件,距離ローテ=同距離または短縮,距離ローテ,derived,8,8,1.0,21,24,0.875,62,79,0.785,0.339,1.115
サウジア,S,基礎条件,距離ローテ=同距離または延長,距離ローテ,derived,8,8,1.0,21,24,0.875,63,79,0.797,0.333,1.097
サウジア,S,基礎条件,性別=牡,性別,exact,8,8,1.0,17,24,0.708,65,79,0.823,0.262,0.861
サウジア,A,強選別条件,前走Ｒ=5,前走Ｒ,exact,8,8,1.0,14,24,0.583,24,79,0.304,0.583,1.92
サウジア,A,強選別条件,前走レース名=新馬,前走レース名,exact,8,8,1.0,14,24,0.583,24,79,0.304,0.583,1.92
サウジア,A,強選別条件,前走人気=1人気,前走人気,range,8,8,1.0,13,24,0.542,21,79,0.266,0.619,2.038
サウジア,A,選別条件,前走馬場状態=良,前走馬場状態,exact,8,8,1.0,14,24,0.583,58,79,0.734,0.241,0.795
サウジア,A,選別条件,馬体重増減=減,馬体重増減,range,8,8,1.0,11,24,0.458,31,79,0.392,0.355,1.168
シリウスH,S,強選別条件,前走着差=0.9秒以内,前走着差タイム,range,10,10,1.0,26,30,0.867,87,145,0.6,0.299,1.444
シリウスH,S,強選別条件,前走着順=1〜5着,前走着順,range,10,10,1.0,23,30,0.767,74,145,0.51,0.311,1.502
シリウスH,S,強選別条件,前3角=前半位置(相対50%以内),前3角,derived,10,10,1.0,23,30,0.767,76,145,0.524,0.303,1.463
シリウスH,S,強選別条件,前4角=前半位置(相対50%以内),前4角,derived,10,10,1.0,23,30,0.767,81,145,0.559,0.284,1.372
シリウスH,S,強選別条件,前走人気=1〜3人気,前走人気,range,10,10,1.0,19,30,0.633,58,145,0.4,0.328,1.583
シリウスH,S,強選別条件,前走馬体重増減=減,前走馬体重増減,range,10,10,1.0,18,30,0.6,64,145,0.441,0.281,1.359
シリウスH,S,強選別条件,馬体重増減=増,馬体重増減,range,10,10,1.0,17,30,0.567,58,145,0.4,0.293,1.417
シリウスH,S,選別条件,前走着順=一桁着順,前走着順,range,10,10,1.0,30,30,1.0,119,145,0.821,0.252,1.218
シリウスH,S,選別条件,年齢=6歳以下,年齢,range,10,10,1.0,28,30,0.933,112,145,0.772,0.25,1.208
シリウスH,S,選別条件,年齢=4〜6歳,年齢,range,10,10,1.0,24,30,0.8,100,145,0.69,0.24,1.16
シリウスH,S,選別条件,前走人気=1〜5人気,前走人気,range,10,10,1.0,22,30,0.733,83,145,0.572,0.265,1.281
シリウスH,S,選別条件,年齢=3〜5歳,年齢,range,10,10,1.0,21,30,0.7,85,145,0.586,0.247,1.194
シリウスH,S,選別条件,年齢=5歳以下,年齢,range,10,10,1.0,21,30,0.7,85,145,0.586,0.247,1.194
シリウスH,S,選別条件,斤量=56kg以下,斤量,range,10,10,1.0,19,30,0.633,102,145,0.703,0.186,0.9
シリウスH,S,選別条件,替=*,替,exact,10,10,1.0,15,30,0.5,90,145,0.621,0.167,0.806
シリウスH,S,基礎条件,前走と同じ芝ダ,芝ダローテ,derived,10,10,1.0,30,30,1.0,138,145,0.952,0.217,1.051
シリウスH,S,基礎条件,前芝・ダ=ダ,前芝・ダ,exact,10,10,1.0,30,30,1.0,138,145,0.952,0.217,1.051
シリウスH,S,基礎条件,距離差=±400m以内,距離ローテ,derived,10,10,1.0,30,30,1.0,140,145,0.966,0.214,1.036
シリウスH,S,基礎条件,所属=(栗),所属,exact,10,10,1.0,29,30,0.967,128,145,0.883,0.227,1.095
シリウスH,S,基礎条件,前走Ｒ=11,前走Ｒ,exact,10,10,1.0,28,30,0.933,131,145,0.903,0.214,1.033
シリウスH,S,基礎条件,距離ローテ=同距離または延長,距離ローテ,derived,10,10,1.0,26,30,0.867,129,145,0.89,0.202,0.974
シリウスH,S,基礎条件,性別=牡,性別,exact,10,10,1.0,26,30,0.867,133,145,0.917,0.195,0.945
シリウスH,S,基礎条件,距離差=±200m以内,距離ローテ,derived,10,10,1.0,25,30,0.833,111,145,0.766,0.225,1.089
シリウスH,S,基礎条件,前走上り3F=36秒以上,前走上り3F,range,10,10,1.0,25,30,0.833,119,145,0.821,0.21,1.015
シリウスH,S,基礎条件,距離ローテ=距離延長,距離ローテ,derived,10,10,1.0,23,30,0.767,117,145,0.807,0.197,0.95
シリウスH,A,選別条件,馬番=1〜6番,馬番,range,10,10,1.0,13,30,0.433,60,145,0.414,0.217,1.047
シリウスH,B,強選別条件,前走着差=0.5秒以内,前走着差タイム,range,10,9,0.9,19,30,0.633,63,145,0.434,0.302,1.458
シリウスH,B,強選別条件,前走着差=0.3秒以内,前走着差タイム,range,10,9,0.9,17,30,0.567,52,145,0.359,0.327,1.58
シリウスH,B,強選別条件,馬番=1〜4番,馬番,range,10,9,0.9,11,30,0.367,40,145,0.276,0.275,1.329
シリウスH,B,強選別条件,前4角=4〜6番手,前4角,derived,10,9,0.9,10,30,0.333,36,145,0.248,0.278,1.343
シリウスH,B,選別条件,前走頭数=14〜16頭,前走頭数,range,10,9,0.9,20,30,0.667,97,145,0.669,0.206,0.997
シリウスH,B,選別条件,前走馬場状態=良,前走馬場状態,exact,10,9,0.9,19,30,0.633,90,145,0.621,0.211,1.02
シリウスH,B,選別条件,毛色=鹿毛,毛色,exact,10,9,0.9,17,30,0.567,68,145,0.469,0.25,1.208
シリウスH,B,選別条件,間隔=中8週以内,間隔,range,10,9,0.9,15,30,0.5,75,145,0.517,0.2,0.967
シリウスH,B,選別条件,キャリア=21戦以上,キャリア,range,10,9,0.9,15,30,0.5,87,145,0.6,0.172,0.833
シリウスH,B,選別条件,間隔=中5〜8週,間隔,range,10,9,0.9,12,30,0.4,48,145,0.331,0.25,1.208
シリウスH,B,選別条件,馬番=9番外,馬番,range,10,9,0.9,10,30,0.333,65,145,0.448,0.154,0.744
シリウスH,補助,強選別条件,前走着順=1〜3着,前走着順,range,10,8,0.8,15,30,0.5,52,145,0.359,0.288,1.394
シリウスH,補助,強選別条件,前走着差=勝ち/同タイム,前走着差タイム,range,10,8,0.8,12,30,0.4,37,145,0.255,0.324,1.568
シリウスH,補助,強選別条件,前走人気=1人気,前走人気,range,10,8,0.8,11,30,0.367,24,145,0.166,0.458,2.215
シリウスH,補助,強選別条件,枠位置=内25%,馬番相対,derived,10,8,0.8,10,30,0.333,34,145,0.234,0.294,1.422
シリウスH,補助,強選別条件,前3角=2〜3番手,前3角,derived,10,8,0.8,9,30,0.3,28,145,0.193,0.321,1.554
シリウスH,補助,選別条件,枠位置=中50%,馬番相対,derived,10,8,0.8,13,30,0.433,73,145,0.503,0.178,0.861
シリウスH,補助,選別条件,年齢=5歳,年齢,exact,10,8,0.8,11,30,0.367,46,145,0.317,0.239,1.156
シリウスH,補助,選別条件,馬番=5〜8番,馬番,range,10,8,0.8,9,30,0.3,40,145,0.276,0.225,1.088
シリウスH,補助,選別条件,間隔=中13週以上,間隔,range,10,8,0.8,9,30,0.3,41,145,0.283,0.22,1.061
シルクロH,S,強選別条件,前走着差=0.5秒以内,前走着差タイム,range,10,10,1.0,23,30,0.767,99,169,0.586,0.232,1.309
シルクロH,S,強選別条件,前走人気=1〜5人気,前走人気,range,10,10,1.0,21,30,0.7,80,169,0.473,0.263,1.479
シルクロH,S,強選別条件,前走着差=0.3秒以内,前走着差タイム,range,10,10,1.0,20,30,0.667,78,169,0.462,0.256,1.444
シルクロH,S,選別条件,前走着順=一桁着順,前走着順,range,10,10,1.0,27,30,0.9,128,169,0.757,0.211,1.188
シルクロH,S,選別条件,年齢=4〜6歳,年齢,range,10,10,1.0,26,30,0.867,114,169,0.675,0.228,1.285
シルクロH,S,選別条件,年齢=6歳以下,年齢,range,10,10,1.0,26,30,0.867,114,169,0.675,0.228,1.285
シルクロH,S,選別条件,所属=(栗),所属,exact,10,10,1.0,23,30,0.767,123,169,0.728,0.187,1.053
シルクロH,S,選別条件,性別=牡,性別,exact,10,10,1.0,22,30,0.733,110,169,0.651,0.2,1.127
シルクロH,S,選別条件,斤量=56kg以下,斤量,range,10,10,1.0,17,30,0.567,124,169,0.734,0.137,0.772
シルクロH,S,基礎条件,前走と同じ芝ダ,芝ダローテ,derived,10,10,1.0,30,30,1.0,160,169,0.947,0.188,1.056
シルクロH,S,基礎条件,前芝・ダ=芝,前芝・ダ,exact,10,10,1.0,30,30,1.0,160,169,0.947,0.188,1.056
シルクロH,S,基礎条件,距離ローテ=同距離または短縮,距離ローテ,derived,10,10,1.0,30,30,1.0,169,169,1.0,0.178,1.0
シルクロH,S,基礎条件,距離差=±400m以内,距離ローテ,derived,10,10,1.0,30,30,1.0,169,169,1.0,0.178,1.0
シルクロH,S,基礎条件,前走着差=0.9秒以内,前走着差タイム,range,10,10,1.0,28,30,0.933,143,169,0.846,0.196,1.103
シルクロH,S,基礎条件,距離差=±200m以内,距離ローテ,derived,10,10,1.0,28,30,0.933,161,169,0.953,0.174,0.98
シルクロH,S,基礎条件,前走馬場状態=良,前走馬場状態,exact,10,10,1.0,26,30,0.867,149,169,0.882,0.174,0.983
シルクロH,S,基礎条件,前走Ｒ=11,前走Ｒ,exact,10,10,1.0,23,30,0.767,128,169,0.757,0.18,1.012
シルクロH,S,基礎条件,距離ローテ=同距離,距離ローテ,derived,10,10,1.0,23,30,0.767,142,169,0.84,0.162,0.912
シルクロH,S,基礎条件,距離ローテ=同距離または延長,距離ローテ,derived,10,10,1.0,23,30,0.767,142,169,0.84,0.162,0.912
シルクロH,S,基礎条件,前距離=1200,前距離,exact,10,10,1.0,23,30,0.767,142,169,0.84,0.162,0.912
シルクロH,B,強選別条件,前走着順=1〜5着,前走着順,range,10,9,0.9,23,30,0.767,85,169,0.503,0.271,1.524
シルクロH,B,強選別条件,前走上り3F=33秒台以下,前走上り3F,range,10,9,0.9,19,30,0.633,59,169,0.349,0.322,1.814
シルクロH,B,強選別条件,年齢=3〜5歳,年齢,range,10,9,0.9,17,30,0.567,71,169,0.42,0.239,1.349
シルクロH,B,強選別条件,年齢=5歳以下,年齢,range,10,9,0.9,17,30,0.567,71,169,0.42,0.239,1.349
シルクロH,B,選別条件,前4角=前半位置(相対50%以内),前4角,derived,10,9,0.9,17,30,0.567,99,169,0.586,0.172,0.967
シルクロH,B,選別条件,前3角=前半位置(相対50%以内),前3角,derived,10,9,0.9,17,30,0.567,104,169,0.615,0.163,0.921
シルクロH,B,選別条件,枠位置=中50%,馬番相対,derived,10,9,0.9,15,30,0.5,84,169,0.497,0.179,1.006
シルクロH,B,選別条件,替=*,替,exact,10,9,0.9,14,30,0.467,104,169,0.615,0.135,0.758
シルクロH,B,選別条件,前3角=後半位置(相対50%超),前3角,derived,10,9,0.9,13,30,0.433,65,169,0.385,0.2,1.127
シルクロH,B,選別条件,前4角=後半位置(相対50%超),前4角,derived,10,9,0.9,13,30,0.433,70,169,0.414,0.186,1.046
シルクロH,B,選別条件,馬番=1〜6番,馬番,range,10,9,0.9,12,30,0.4,60,169,0.355,0.2,1.127
シルクロH,補助,強選別条件,前走人気=1〜3人気,前走人気,range,10,8,0.8,15,30,0.5,55,169,0.325,0.273,1.536
シルクロH,補助,強選別条件,前走着順=1〜3着,前走着順,range,10,8,0.8,15,30,0.5,58,169,0.343,0.259,1.457
シルクロH,補助,強選別条件,毛色=栗毛,毛色,exact,10,8,0.8,11,30,0.367,44,169,0.26,0.25,1.408
シルクロH,補助,強選別条件,枠位置=内25%,馬番相対,derived,10,8,0.8,10,30,0.333,38,169,0.225,0.263,1.482
シルクロH,補助,強選別条件,馬番=1〜4番,馬番,range,10,8,0.8,10,30,0.333,40,169,0.237,0.25,1.408
シルクロH,補助,選別条件,前走馬体重増減=増,前走馬体重増減,range,10,8,0.8,16,30,0.533,79,169,0.467,0.203,1.141
シルクロH,補助,選別条件,間隔=中8週以内,間隔,range,10,8,0.8,16,30,0.533,108,169,0.639,0.148,0.835
シルクロH,補助,選別条件,馬体重増減=増,馬体重増減,range,10,8,0.8,15,30,0.5,79,169,0.467,0.19,1.07
シルクロH,補助,選別条件,毛色=鹿毛,毛色,exact,10,8,0.8,11,30,0.367,66,169,0.391,0.167,0.939
シルクロH,補助,選別条件,馬番=9番外,馬番,range,10,8,0.8,11,30,0.367,89,169,0.527,0.124,0.696
シンザン,S,選別条件,距離ローテ=同距離または短縮,距離ローテ,derived,10,10,1.0,26,30,0.867,93,133,0.699,0.28,1.239
シンザン,S,選別条件,前走着差=0.5秒以内,前走着差タイム,range,10,10,1.0,23,30,0.767,92,133,0.692,0.25,1.108
シンザン,S,選別条件,距離ローテ=同距離,距離ローテ,derived,10,10,1.0,20,30,0.667,74,133,0.556,0.27,1.198
シンザン,S,選別条件,前距離=1600,前距離,exact,10,10,1.0,20,30,0.667,74,133,0.556,0.27,1.198
シンザン,S,選別条件,前走着差=0.3秒以内,前走着差タイム,range,10,10,1.0,20,30,0.667,80,133,0.602,0.25,1.108
シンザン,S,選別条件,前走人気=1〜5人気,前走人気,range,10,10,1.0,20,30,0.667,85,133,0.639,0.235,1.043
シンザン,S,選別条件,間隔=中4週以内,間隔,range,10,10,1.0,15,30,0.5,70,133,0.526,0.214,0.95
シンザン,S,基礎条件,前走と同じ芝ダ,芝ダローテ,derived,10,10,1.0,30,30,1.0,125,133,0.94,0.24,1.064
シンザン,S,基礎条件,前芝・ダ=芝,前芝・ダ,exact,10,10,1.0,30,30,1.0,125,133,0.94,0.24,1.064
シンザン,S,基礎条件,年齢=3歳,年齢,exact,10,10,1.0,30,30,1.0,133,133,1.0,0.226,1.0
シンザン,S,基礎条件,年齢=3〜5歳,年齢,range,10,10,1.0,30,30,1.0,133,133,1.0,0.226,1.0
シンザン,S,基礎条件,年齢=5歳以下,年齢,range,10,10,1.0,30,30,1.0,133,133,1.0,0.226,1.0
シンザン,S,基礎条件,年齢=6歳以下,年齢,range,10,10,1.0,30,30,1.0,133,133,1.0,0.226,1.0
シンザン,S,基礎条件,距離差=±400m以内,距離ローテ,derived,10,10,1.0,30,30,1.0,133,133,1.0,0.226,1.0
シンザン,S,基礎条件,キャリア=5戦以内,キャリア,range,10,10,1.0,29,30,0.967,118,133,0.887,0.246,1.09
シンザン,S,基礎条件,前走着順=一桁着順,前走着順,range,10,10,1.0,29,30,0.967,124,133,0.932,0.234,1.037
シンザン,S,基礎条件,距離差=±200m以内,距離ローテ,derived,10,10,1.0,28,30,0.933,114,133,0.857,0.246,1.089
シンザン,S,基礎条件,所属=(栗),所属,exact,10,10,1.0,27,30,0.9,116,133,0.872,0.233,1.032
シンザン,S,基礎条件,間隔=中8週以内,間隔,range,10,10,1.0,26,30,0.867,108,133,0.812,0.241,1.067
シンザン,S,基礎条件,前走着差=0.9秒以内,前走着差タイム,range,10,10,1.0,26,30,0.867,112,133,0.842,0.232,1.029
シンザン,S,基礎条件,前走着順=1〜5着,前走着順,range,10,10,1.0,25,30,0.833,104,133,0.782,0.24,1.066
シンザン,S,基礎条件,性別=牡,性別,exact,10,10,1.0,25,30,0.833,111,133,0.835,0.225,0.998
シンザン,S,基礎条件,前走馬場状態=良,前走馬場状態,exact,10,10,1.0,25,30,0.833,113,133,0.85,0.221,0.981
シンザン,S,基礎条件,距離ローテ=同距離または延長,距離ローテ,derived,10,10,1.0,24,30,0.8,114,133,0.857,0.211,0.933
シンザン,B,強選別条件,前4角=2〜3番手,前4角,derived,10,9,0.9,15,30,0.5,42,133,0.316,0.357,1.583
シンザン,B,強選別条件,産地=安平町,産地,exact,10,9,0.9,13,30,0.433,35,133,0.263,0.371,1.647
シンザン,B,強選別条件,前走頭数=11〜13頭,前走頭数,range,10,9,0.9,12,30,0.4,36,133,0.271,0.333,1.478
シンザン,B,選別条件,前走斤量=55,前走斤量,exact,10,9,0.9,21,30,0.7,95,133,0.714,0.221,0.98
シンザン,B,選別条件,前4角=前半位置(相対50%以内),前4角,derived,10,9,0.9,20,30,0.667,80,133,0.602,0.25,1.108
シンザン,B,選別条件,前走着順=1〜3着,前走着順,range,10,9,0.9,20,30,0.667,83,133,0.624,0.241,1.068
シンザン,B,選別条件,前3角=前半位置(相対50%以内),前3角,derived,10,9,0.9,20,30,0.667,83,133,0.624,0.241,1.068
シンザン,B,選別条件,前走人気=1〜3人気,前走人気,range,10,9,0.9,17,30,0.567,62,133,0.466,0.274,1.216
シンザン,B,選別条件,毛色=鹿毛,毛色,exact,10,9,0.9,16,30,0.533,66,133,0.496,0.242,1.075
シンザン,B,選別条件,枠位置=中50%,馬番相対,derived,10,9,0.9,16,30,0.533,69,133,0.519,0.232,1.028
シンザン,B,選別条件,馬番=1〜6番,馬番,range,10,9,0.9,13,30,0.433,60,133,0.451,0.217,0.961
シンザン,B,基礎条件,斤量=56kg以下,斤量,range,10,9,0.9,26,30,0.867,115,133,0.865,0.226,1.002
シンザン,補助,強選別条件,前走人気=1人気,前走人気,range,10,8,0.8,14,30,0.467,36,133,0.271,0.389,1.724
シンザン,補助,強選別条件,前3角=2〜3番手,前3角,derived,10,8,0.8,13,30,0.433,43,133,0.323,0.302,1.34
シンザン,補助,選別条件,斤量=56kg,斤量,range,10,8,0.8,21,30,0.7,94,133,0.707,0.223,0.99
シンザン,補助,選別条件,前走着差=勝ち/同タイム,前走着差タイム,range,10,8,0.8,17,30,0.567,68,133,0.511,0.25,1.108
シンザン,補助,選別条件,前走上り3F=34秒台,前走上り3F,range,10,8,0.8,16,30,0.533,56,133,0.421,0.286,1.267
シンザン,補助,選別条件,前走着順=1着,前走着順,range,10,8,0.8,16,30,0.533,65,133,0.489,0.246,1.091
シンザン,補助,選別条件,馬番=9番外,馬番,range,10,8,0.8,14,30,0.467,54,133,0.406,0.259,1.149
シンザン,補助,選別条件,間隔=中5〜8週,間隔,range,10,8,0.8,11,30,0.367,38,133,0.286,0.289,1.283
シンザン,補助,選別条件,馬体重増減=減,馬体重増減,range,10,8,0.8,11,30,0.367,44,133,0.331,0.25,1.108
シンザン,補助,選別条件,枠位置=外25%,馬番相対,derived,10,8,0.8,9,30,0.3,36,133,0.271,0.25,1.108
ステイヤ,S,強選別条件,前走着順=一桁着順,前走着順,range,10,10,1.0,24,30,0.8,75,139,0.54,0.32,1.483
ステイヤ,S,強選別条件,前走着差=0.9秒以内,前走着差タイム,range,10,10,1.0,21,30,0.7,63,139,0.453,0.333,1.544
ステイヤ,S,強選別条件,前走人気=1〜5人気,前走人気,range,10,10,1.0,17,30,0.567,40,139,0.288,0.425,1.969
ステイヤ,S,強選別条件,前走着順=1〜5着,前走着順,range,10,10,1.0,16,30,0.533,40,139,0.288,0.4,1.853
ステイヤ,S,選別条件,年齢=4〜6歳,年齢,range,10,10,1.0,25,30,0.833,98,139,0.705,0.255,1.182
ステイヤ,S,選別条件,年齢=6歳以下,年齢,range,10,10,1.0,25,30,0.833,101,139,0.727,0.248,1.147
ステイヤ,S,選別条件,替=*,替,exact,10,10,1.0,22,30,0.733,85,139,0.612,0.259,1.199
ステイヤ,S,基礎条件,前走と同じ芝ダ,芝ダローテ,derived,10,10,1.0,30,30,1.0,137,139,0.986,0.219,1.015
ステイヤ,S,基礎条件,前芝・ダ=芝,前芝・ダ,exact,10,10,1.0,30,30,1.0,137,139,0.986,0.219,1.015
ステイヤ,S,基礎条件,距離ローテ=距離延長,距離ローテ,derived,10,10,1.0,30,30,1.0,139,139,1.0,0.216,1.0
ステイヤ,S,基礎条件,距離ローテ=同距離または延長,距離ローテ,derived,10,10,1.0,30,30,1.0,139,139,1.0,0.216,1.0
ステイヤ,S,基礎条件,間隔=中8週以内,間隔,range,10,10,1.0,25,30,0.833,105,139,0.755,0.238,1.103
ステイヤ,S,基礎条件,性別=牡,性別,exact,10,10,1.0,25,30,0.833,105,139,0.755,0.238,1.103
ステイヤ,S,基礎条件,前走馬場状態=良,前走馬場状態,exact,10,10,1.0,24,30,0.8,112,139,0.806,0.214,0.993
ステイヤ,B,強選別条件,産地=安平町,産地,exact,10,9,0.9,15,30,0.5,50,139,0.36,0.3,1.39
ステイヤ,B,強選別条件,馬体重増減=減,馬体重増減,range,10,9,0.9,13,30,0.433,42,139,0.302,0.31,1.434
ステイヤ,B,選別条件,斤量=56kg,斤量,range,10,9,0.9,20,30,0.667,104,139,0.748,0.192,0.891
ステイヤ,B,選別条件,所属=(栗),所属,exact,10,9,0.9,18,30,0.6,65,139,0.468,0.277,1.283
ステイヤ,B,選別条件,前クラス名=G2,前クラス名,exact,10,9,0.9,17,30,0.567,64,139,0.46,0.266,1.231
ステイヤ,B,選別条件,キャリア=21戦以上,キャリア,range,10,9,0.9,17,30,0.567,96,139,0.691,0.177,0.82
ステイヤ,B,選別条件,年齢=3〜5歳,年齢,range,10,9,0.9,16,30,0.533,68,139,0.489,0.235,1.09
ステイヤ,B,選別条件,年齢=5歳以下,年齢,range,10,9,0.9,16,30,0.533,68,139,0.489,0.235,1.09
ステイヤ,B,選別条件,前3角=後半位置(相対50%超),前3角,derived,10,9,0.9,16,30,0.533,78,139,0.561,0.205,0.95
ステイヤ,B,選別条件,前4角=後半位置(相対50%超),前4角,derived,10,9,0.9,15,30,0.5,79,139,0.568,0.19,0.88
ステイヤ,B,選別条件,前走頭数=14〜16頭,前走頭数,range,10,9,0.9,14,30,0.467,59,139,0.424,0.237,1.099
ステイヤ,B,選別条件,枠位置=中50%,馬番相対,derived,10,9,0.9,13,30,0.433,69,139,0.496,0.188,0.873
ステイヤ,B,選別条件,馬体重増減=増,馬体重増減,range,10,9,0.9,12,30,0.4,51,139,0.367,0.235,1.09
ステイヤ,B,選別条件,馬番=1〜6番,馬番,range,10,9,0.9,10,30,0.333,60,139,0.432,0.167,0.772
ステイヤ,B,基礎条件,前走Ｒ=11,前走Ｒ,exact,10,9,0.9,23,30,0.767,106,139,0.763,0.217,1.005
ステイヤ,B,基礎条件,斤量=56kg以下,斤量,range,10,9,0.9,22,30,0.733,117,139,0.842,0.188,0.871
ステイヤ,補助,強選別条件,取引市場(最終)=セレクトセール,取引市場(最終),exact,10,9,0.9,9,30,0.3,28,139,0.201,0.321,1.489
ステイヤ,補助,強選別条件,前走馬体重増減=増,前走馬体重増減,range,10,8,0.8,14,30,0.467,47,139,0.338,0.298,1.38
ステイヤ,補助,強選別条件,キャリア=11〜20戦,キャリア,range,10,8,0.8,13,30,0.433,38,139,0.273,0.342,1.585
ステイヤ,補助,強選別条件,間隔=中5〜8週,間隔,range,10,8,0.8,12,30,0.4,41,139,0.295,0.293,1.356
ステイヤ,補助,選別条件,毛色=鹿毛,毛色,exact,10,8,0.8,15,30,0.5,74,139,0.532,0.203,0.939
ステイヤ,補助,選別条件,前4角=前半位置(相対50%以内),前4角,derived,10,8,0.8,14,30,0.467,59,139,0.424,0.237,1.099
ステイヤ,補助,選別条件,馬番=9番外,馬番,range,10,8,0.8,13,30,0.433,59,139,0.424,0.22,1.021
ステイヤ,補助,選別条件,前走上り3F=35秒台,前走上り3F,range,10,8,0.8,11,30,0.367,51,139,0.367,0.216,0.999
ステイヤ,補助,選別条件,前3角=後方(相対65%超),前3角,derived,10,8,0.8,11,30,0.367,61,139,0.439,0.18,0.836
ステイヤ,補助,選別条件,前走人気=6〜9人気,前走人気,range,10,8,0.8,10,30,0.333,37,139,0.266,0.27,1.252
スプリン,S,強選別条件,前走着順=1〜5着,前走着順,range,10,10,1.0,26,30,0.867,92,144,0.639,0.283,1.357
スプリン,S,強選別条件,前走人気=1〜3人気,前走人気,range,10,10,1.0,21,30,0.7,61,144,0.424,0.344,1.652
スプリン,S,選別条件,前走着差=0.5秒以内,前走着差タイム,range,10,10,1.0,26,30,0.867,97,144,0.674,0.268,1.287
スプリン,S,選別条件,前4角=前半位置(相対50%以内),前4角,derived,10,10,1.0,25,30,0.833,96,144,0.667,0.26,1.25
スプリン,S,選別条件,前走人気=1〜5人気,前走人気,range,10,10,1.0,22,30,0.733,89,144,0.618,0.247,1.187
スプリン,S,選別条件,前3角=前半位置(相対50%以内),前3角,derived,10,10,1.0,22,30,0.733,91,144,0.632,0.242,1.16
スプリン,S,選別条件,前走着順=1〜3着,前走着順,range,10,10,1.0,21,30,0.7,78,144,0.542,0.269,1.292
スプリン,S,選別条件,馬体重増減=減,馬体重増減,range,10,10,1.0,17,30,0.567,76,144,0.528,0.224,1.074
スプリン,S,選別条件,馬番=1〜6番,馬番,range,10,10,1.0,16,30,0.533,60,144,0.417,0.267,1.28
スプリン,S,基礎条件,前走と同じ芝ダ,芝ダローテ,derived,10,10,1.0,30,30,1.0,138,144,0.958,0.217,1.043
スプリン,S,基礎条件,前芝・ダ=芝,前芝・ダ,exact,10,10,1.0,30,30,1.0,138,144,0.958,0.217,1.043
スプリン,S,基礎条件,距離差=±400m以内,距離ローテ,derived,10,10,1.0,30,30,1.0,142,144,0.986,0.211,1.014
スプリン,S,基礎条件,年齢=6歳以下,年齢,range,10,10,1.0,29,30,0.967,133,144,0.924,0.218,1.047
スプリン,S,基礎条件,前走着順=一桁着順,前走着順,range,10,10,1.0,28,30,0.933,121,144,0.84,0.231,1.111
スプリン,S,基礎条件,年齢=3〜5歳,年齢,range,10,10,1.0,27,30,0.9,119,144,0.826,0.227,1.089
スプリン,S,基礎条件,年齢=5歳以下,年齢,range,10,10,1.0,27,30,0.9,119,144,0.826,0.227,1.089
スプリン,S,基礎条件,前走着差=0.9秒以内,前走着差タイム,range,10,10,1.0,27,30,0.9,121,144,0.84,0.223,1.071
スプリン,S,基礎条件,距離ローテ=同距離または短縮,距離ローテ,derived,10,10,1.0,27,30,0.9,125,144,0.868,0.216,1.037
スプリン,S,基礎条件,距離差=±200m以内,距離ローテ,derived,10,10,1.0,26,30,0.867,128,144,0.889,0.203,0.975
スプリン,S,基礎条件,性別=牡,性別,exact,10,10,1.0,24,30,0.8,110,144,0.764,0.218,1.047
スプリン,S,基礎条件,前走馬場状態=良,前走馬場状態,exact,10,10,1.0,23,30,0.767,110,144,0.764,0.209,1.004
スプリン,S,基礎条件,距離ローテ=同距離または延長,距離ローテ,derived,10,10,1.0,21,30,0.7,110,144,0.764,0.191,0.916
スプリン,S,基礎条件,間隔=中8週以内,間隔,range,10,10,1.0,21,30,0.7,111,144,0.771,0.189,0.908
スプリン,B,強選別条件,馬番=1〜4番,馬番,range,10,9,0.9,13,30,0.433,40,144,0.278,0.325,1.56
スプリン,B,選別条件,前走着差=0.3秒以内,前走着差タイム,range,10,9,0.9,21,30,0.7,78,144,0.542,0.269,1.292
スプリン,B,選別条件,斤量=56kg以下,斤量,range,10,9,0.9,20,30,0.667,93,144,0.646,0.215,1.032
スプリン,B,選別条件,距離ローテ=同距離,距離ローテ,derived,10,9,0.9,18,30,0.6,91,144,0.632,0.198,0.949
スプリン,B,選別条件,毛色=鹿毛,毛色,exact,10,9,0.9,16,30,0.533,76,144,0.528,0.211,1.011
スプリン,B,選別条件,所属=(栗),所属,exact,10,9,0.9,16,30,0.533,86,144,0.597,0.186,0.893
スプリン,B,選別条件,枠位置=中50%,馬番相対,derived,10,9,0.9,15,30,0.5,72,144,0.5,0.208,1.0
スプリン,B,選別条件,前走馬体重増減=増,前走馬体重増減,range,10,9,0.9,13,30,0.433,51,144,0.354,0.255,1.224
スプリン,補助,強選別条件,前走人気=1人気,前走人気,range,10,8,0.8,14,30,0.467,31,144,0.215,0.452,2.168
スプリン,補助,強選別条件,前走着差=勝ち/同タイム,前走着差タイム,range,10,8,0.8,14,30,0.467,49,144,0.34,0.286,1.371
スプリン,補助,強選別条件,前走着順=1着,前走着順,range,10,8,0.8,13,30,0.433,42,144,0.292,0.31,1.486
スプリン,補助,強選別条件,前3角=4〜6番手,前3角,derived,10,8,0.8,11,30,0.367,32,144,0.222,0.344,1.65
スプリン,補助,強選別条件,枠位置=内25%,馬番相対,derived,10,8,0.8,11,30,0.367,34,144,0.236,0.324,1.553
スプリン,補助,選別条件,前走Ｒ=11,前走Ｒ,exact,10,8,0.8,20,30,0.667,98,144,0.681,0.204,0.98
スプリン,補助,選別条件,所属=(美),所属,exact,10,8,0.8,14,30,0.467,56,144,0.389,0.25,1.2
スプリン,補助,選別条件,間隔=中5〜8週,間隔,range,10,8,0.8,13,30,0.433,64,144,0.444,0.203,0.975
スプリン,補助,選別条件,前走上り3F=34秒台,前走上り3F,range,10,8,0.8,10,30,0.333,45,144,0.312,0.222,1.067
スプリン,補助,選別条件,前走頭数=14〜16頭,前走頭数,range,10,8,0.8,9,30,0.3,50,144,0.347,0.18,0.864
スワンS,S,強選別条件,前走着順=一桁着順,前走着順,range,10,10,1.0,27,30,0.9,112,163,0.687,0.241,1.31
スワンS,S,選別条件,年齢=6歳以下,年齢,range,10,10,1.0,29,30,0.967,136,163,0.834,0.213,1.159
スワンS,S,選別条件,年齢=4〜6歳,年齢,range,10,10,1.0,25,30,0.833,120,163,0.736,0.208,1.132
スワンS,S,選別条件,距離ローテ=同距離または短縮,距離ローテ,derived,10,10,1.0,24,30,0.8,106,163,0.65,0.226,1.23
スワンS,S,選別条件,年齢=3〜5歳,年齢,range,10,10,1.0,22,30,0.733,99,163,0.607,0.222,1.207
スワンS,S,選別条件,年齢=5歳以下,年齢,range,10,10,1.0,22,30,0.733,99,163,0.607,0.222,1.207
スワンS,S,選別条件,性別=牡,性別,exact,10,10,1.0,21,30,0.7,115,163,0.706,0.183,0.992
スワンS,S,選別条件,前4角=前半位置(相対50%以内),前4角,derived,10,10,1.0,20,30,0.667,95,163,0.583,0.211,1.144
スワンS,S,選別条件,前3角=前半位置(相対50%以内),前3角,derived,10,10,1.0,20,30,0.667,97,163,0.595,0.206,1.12
スワンS,S,選別条件,替=*,替,exact,10,10,1.0,16,30,0.533,110,163,0.675,0.145,0.79
スワンS,S,基礎条件,前走と同じ芝ダ,芝ダローテ,derived,10,10,1.0,30,30,1.0,159,163,0.975,0.189,1.025
スワンS,S,基礎条件,前芝・ダ=芝,前芝・ダ,exact,10,10,1.0,30,30,1.0,159,163,0.975,0.189,1.025
スワンS,S,基礎条件,距離差=±400m以内,距離ローテ,derived,10,10,1.0,29,30,0.967,159,163,0.975,0.182,0.991
スワンS,S,基礎条件,前走Ｒ=11,前走Ｒ,exact,10,10,1.0,27,30,0.9,143,163,0.877,0.189,1.026
スワンS,S,基礎条件,距離差=±200m以内,距離ローテ,derived,10,10,1.0,27,30,0.9,149,163,0.914,0.181,0.985
スワンS,S,基礎条件,前走着差=0.9秒以内,前走着差タイム,range,10,10,1.0,26,30,0.867,126,163,0.773,0.206,1.121
スワンS,S,基礎条件,所属=(栗),所属,exact,10,10,1.0,26,30,0.867,129,163,0.791,0.202,1.095
スワンS,S,基礎条件,斤量=56kg以下,斤量,range,10,10,1.0,23,30,0.767,137,163,0.84,0.168,0.912
スワンS,B,強選別条件,前走人気=1〜5人気,前走人気,range,10,9,0.9,19,30,0.633,70,163,0.429,0.271,1.475
スワンS,B,強選別条件,前走着差=0.3秒以内,前走着差タイム,range,10,9,0.9,17,30,0.567,64,163,0.393,0.266,1.443
スワンS,B,強選別条件,前走着順=1〜5着,前走着順,range,10,9,0.9,17,30,0.567,67,163,0.411,0.254,1.379
スワンS,B,選別条件,前走着差=0.5秒以内,前走着差タイム,range,10,9,0.9,20,30,0.667,87,163,0.534,0.23,1.249
スワンS,B,選別条件,馬番=9番外,馬番,range,10,9,0.9,15,30,0.5,83,163,0.509,0.181,0.982
スワンS,B,選別条件,毛色=鹿毛,毛色,exact,10,9,0.9,14,30,0.467,82,163,0.503,0.171,0.928
スワンS,B,選別条件,前走上り3F=34秒台,前走上り3F,range,10,9,0.9,13,30,0.433,55,163,0.337,0.236,1.284
スワンS,B,選別条件,キャリア=11〜20戦,キャリア,range,10,9,0.9,13,30,0.433,61,163,0.374,0.213,1.158
スワンS,B,選別条件,前走上り3F=33秒台以下,前走上り3F,range,10,9,0.9,12,30,0.4,62,163,0.38,0.194,1.052
スワンS,B,選別条件,間隔=中8週以内,間隔,range,10,9,0.9,11,30,0.367,87,163,0.534,0.126,0.687
スワンS,B,基礎条件,前走馬場状態=良,前走馬場状態,exact,10,9,0.9,24,30,0.8,142,163,0.871,0.169,0.918
スワンS,補助,強選別条件,距離ローテ=距離短縮,距離ローテ,derived,10,8,0.8,18,30,0.6,72,163,0.442,0.25,1.358
スワンS,補助,強選別条件,年齢=5歳,年齢,exact,10,8,0.8,13,30,0.433,50,163,0.307,0.26,1.413
スワンS,補助,強選別条件,前クラス名=G1,前クラス名,exact,10,8,0.8,12,30,0.4,43,163,0.264,0.279,1.516
スワンS,補助,選別条件,斤量=56kg,斤量,range,10,8,0.8,14,30,0.467,87,163,0.534,0.161,0.874
スワンS,補助,選別条件,馬番=1〜6番,馬番,range,10,8,0.8,13,30,0.433,60,163,0.368,0.217,1.177
スワンS,補助,選別条件,馬体重増減=増,馬体重増減,range,10,8,0.8,13,30,0.433,72,163,0.442,0.181,0.981
スワンS,補助,選別条件,前3角=後半位置(相対50%超),前3角,derived,10,8,0.8,10,30,0.333,65,163,0.399,0.154,0.836
スワンS,補助,選別条件,前4角=後半位置(相対50%超),前4角,derived,10,8,0.8,10,30,0.333,68,163,0.417,0.147,0.799
セントウ,S,強選別条件,年齢=3〜5歳,年齢,range,10,10,1.0,22,30,0.733,79,148,0.534,0.278,1.374
セントウ,S,強選別条件,年齢=5歳以下,年齢,range,10,10,1.0,22,30,0.733,79,148,0.534,0.278,1.374
セントウ,S,選別条件,年齢=6歳以下,年齢,range,10,10,1.0,28,30,0.933,120,148,0.811,0.233,1.151
セントウ,S,選別条件,前走着順=一桁着順,前走着順,range,10,10,1.0,23,30,0.767,98,148,0.662,0.235,1.158
セントウ,S,選別条件,年齢=4〜6歳,年齢,range,10,10,1.0,23,30,0.767,105,148,0.709,0.219,1.081
セントウ,S,選別条件,性別=牡,性別,exact,10,10,1.0,19,30,0.633,92,148,0.622,0.207,1.019
セントウ,S,選別条件,前4角=前半位置(相対50%以内),前4角,derived,10,10,1.0,18,30,0.6,82,148,0.554,0.22,1.083
セントウ,S,選別条件,前クラス名=G3,前クラス名,exact,10,10,1.0,18,30,0.6,94,148,0.635,0.191,0.945
セントウ,S,選別条件,前走頭数=17頭以上,前走頭数,range,10,10,1.0,17,30,0.567,82,148,0.554,0.207,1.023
セントウ,S,選別条件,前3角=前半位置(相対50%以内),前3角,derived,10,10,1.0,16,30,0.533,74,148,0.5,0.216,1.067
セントウ,S,基礎条件,前走と同じ芝ダ,芝ダローテ,derived,10,10,1.0,30,30,1.0,141,148,0.953,0.213,1.05
セントウ,S,基礎条件,前芝・ダ=芝,前芝・ダ,exact,10,10,1.0,30,30,1.0,141,148,0.953,0.213,1.05
セントウ,S,基礎条件,距離差=±400m以内,距離ローテ,derived,10,10,1.0,30,30,1.0,147,148,0.993,0.204,1.007
セントウ,S,基礎条件,所属=(栗),所属,exact,10,10,1.0,28,30,0.933,123,148,0.831,0.228,1.123
セントウ,S,基礎条件,距離ローテ=同距離または短縮,距離ローテ,derived,10,10,1.0,28,30,0.933,139,148,0.939,0.201,0.994
セントウ,S,基礎条件,前走Ｒ=11,前走Ｒ,exact,10,10,1.0,27,30,0.9,138,148,0.932,0.196,0.965
セントウ,S,基礎条件,前走着差=0.9秒以内,前走着差タイム,range,10,10,1.0,25,30,0.833,115,148,0.777,0.217,1.072
セントウ,S,基礎条件,前走馬場状態=良,前走馬場状態,exact,10,10,1.0,24,30,0.8,118,148,0.797,0.203,1.003
セントウ,S,基礎条件,斤量=56kg以下,斤量,range,10,10,1.0,22,30,0.733,128,148,0.865,0.172,0.848
セントウ,A,強選別条件,間隔=中13週以上,間隔,range,10,10,1.0,13,30,0.433,39,148,0.264,0.333,1.644
セントウ,A,選別条件,替=*,替,exact,10,10,1.0,14,30,0.467,82,148,0.554,0.171,0.842
セントウ,B,強選別条件,前走着順=1〜5着,前走着順,range,10,9,0.9,19,30,0.633,64,148,0.432,0.297,1.465
セントウ,B,強選別条件,前走着順=1〜3着,前走着順,range,10,9,0.9,12,30,0.4,34,148,0.23,0.353,1.741
セントウ,B,強選別条件,枠位置=外25%,馬番相対,derived,10,9,0.9,12,30,0.4,42,148,0.284,0.286,1.41
セントウ,B,選別条件,距離ローテ=同距離,距離ローテ,derived,10,9,0.9,20,30,0.667,107,148,0.723,0.187,0.922
セントウ,B,選別条件,前距離=1200,前距離,exact,10,9,0.9,20,30,0.667,107,148,0.723,0.187,0.922
セントウ,B,選別条件,前走着差=0.5秒以内,前走着差タイム,range,10,9,0.9,17,30,0.567,73,148,0.493,0.233,1.149
セントウ,B,選別条件,前走頭数=18,前走頭数,exact,10,9,0.9,15,30,0.5,72,148,0.486,0.208,1.028
セントウ,B,選別条件,間隔=中8週以内,間隔,range,10,9,0.9,14,30,0.467,88,148,0.595,0.159,0.785
セントウ,B,選別条件,馬番=9番外,馬番,range,10,9,0.9,13,30,0.433,68,148,0.459,0.191,0.943
セントウ,B,選別条件,間隔=中4週以内,間隔,range,10,9,0.9,12,30,0.4,71,148,0.48,0.169,0.834
セントウ,B,選別条件,性別=牝,性別,exact,10,9,0.9,11,30,0.367,53,148,0.358,0.208,1.024
セントウ,B,基礎条件,距離差=±200m以内,距離ローテ,derived,10,9,0.9,24,30,0.8,129,148,0.872,0.186,0.918
セントウ,B,基礎条件,距離ローテ=同距離または延長,距離ローテ,derived,10,9,0.9,22,30,0.733,116,148,0.784,0.19,0.936
セントウ,補助,強選別条件,キャリア=11〜20戦,キャリア,range,10,8,0.8,14,30,0.467,42,148,0.284,0.333,1.644
セントウ,補助,強選別条件,前走着差=0.3秒以内,前走着差タイム,range,10,8,0.8,14,30,0.467,49,148,0.331,0.286,1.41
セントウ,補助,選別条件,前走人気=1〜5人気,前走人気,range,10,8,0.8,16,30,0.533,63,148,0.426,0.254,1.253
セントウ,補助,選別条件,毛色=鹿毛,毛色,exact,10,8,0.8,15,30,0.5,75,148,0.507,0.2,0.987
セントウ,補助,選別条件,前走馬体重増減=減,前走馬体重増減,range,10,8,0.8,13,30,0.433,61,148,0.412,0.213,1.051
セントウ,補助,選別条件,前走レース名=北九州記HG3,前走レース名,exact,10,8,0.8,10,30,0.333,51,148,0.345,0.196,0.967
セントウ,補助,選別条件,馬番=1〜6番,馬番,range,10,8,0.8,10,30,0.333,60,148,0.405,0.167,0.822
セントラ,S,強選別条件,間隔=中13週以上,間隔,range,10,10,1.0,20,30,0.667,60,147,0.408,0.333,1.633
セントラ,S,強選別条件,前クラス名=G1,前クラス名,exact,10,10,1.0,18,30,0.6,45,147,0.306,0.4,1.96
セントラ,S,選別条件,前3角=前半位置(相対50%以内),前3角,derived,10,10,1.0,23,30,0.767,99,147,0.673,0.232,1.138
セントラ,S,選別条件,距離差=±200m以内,距離ローテ,derived,10,10,1.0,23,30,0.767,108,147,0.735,0.213,1.044
セントラ,S,選別条件,前4角=前半位置(相対50%以内),前4角,derived,10,10,1.0,22,30,0.733,106,147,0.721,0.208,1.017
セントラ,S,選別条件,前走人気=1〜5人気,前走人気,range,10,10,1.0,19,30,0.633,91,147,0.619,0.209,1.023
セントラ,S,選別条件,前走着差=0.5秒以内,前走着差タイム,range,10,10,1.0,19,30,0.633,93,147,0.633,0.204,1.001
セントラ,S,選別条件,所属=(美),所属,exact,10,10,1.0,19,30,0.633,93,147,0.633,0.204,1.001
セントラ,S,選別条件,前走着順=1〜5着,前走着順,range,10,10,1.0,18,30,0.6,100,147,0.68,0.18,0.882
セントラ,S,選別条件,前走着差=0.3秒以内,前走着差タイム,range,10,10,1.0,17,30,0.567,82,147,0.558,0.207,1.016
セントラ,S,選別条件,枠位置=中50%,馬番相対,derived,10,10,1.0,16,30,0.533,75,147,0.51,0.213,1.045
セントラ,S,選別条件,馬番=1〜6番,馬番,range,10,10,1.0,15,30,0.5,60,147,0.408,0.25,1.225
セントラ,S,選別条件,前走着順=1〜3着,前走着順,range,10,10,1.0,15,30,0.5,85,147,0.578,0.176,0.865
セントラ,S,基礎条件,距離差=±400m以内,距離ローテ,derived,10,10,1.0,30,30,1.0,144,147,0.98,0.208,1.021
セントラ,S,基礎条件,前走と同じ芝ダ,芝ダローテ,derived,10,10,1.0,30,30,1.0,144,147,0.98,0.208,1.021
セントラ,S,基礎条件,前芝・ダ=芝,前芝・ダ,exact,10,10,1.0,30,30,1.0,144,147,0.98,0.208,1.021
セントラ,S,基礎条件,年齢=3歳,年齢,exact,10,10,1.0,30,30,1.0,147,147,1.0,0.204,1.0
セントラ,S,基礎条件,年齢=3〜5歳,年齢,range,10,10,1.0,30,30,1.0,147,147,1.0,0.204,1.0
セントラ,S,基礎条件,年齢=5歳以下,年齢,range,10,10,1.0,30,30,1.0,147,147,1.0,0.204,1.0
セントラ,S,基礎条件,年齢=6歳以下,年齢,range,10,10,1.0,30,30,1.0,147,147,1.0,0.204,1.0
セントラ,S,基礎条件,斤量=56kg,斤量,range,10,10,1.0,30,30,1.0,147,147,1.0,0.204,1.0
セントラ,S,基礎条件,斤量=56kg以下,斤量,range,10,10,1.0,30,30,1.0,147,147,1.0,0.204,1.0
セントラ,S,基礎条件,性別=牡,性別,exact,10,10,1.0,30,30,1.0,147,147,1.0,0.204,1.0
セントラ,S,基礎条件,前走馬場状態=良,前走馬場状態,exact,10,10,1.0,27,30,0.9,123,147,0.837,0.22,1.076
セントラ,S,基礎条件,前走着差=0.9秒以内,前走着差タイム,range,10,10,1.0,22,30,0.733,118,147,0.803,0.186,0.914
セントラ,S,基礎条件,前走着順=一桁着順,前走着順,range,10,10,1.0,21,30,0.7,119,147,0.81,0.176,0.865
セントラ,B,強選別条件,前走斤量=57,前走斤量,exact,10,9,0.9,18,30,0.6,43,147,0.293,0.419,2.051
セントラ,B,強選別条件,前走開催=2東C,前走開催,exact,10,9,0.9,17,30,0.567,39,147,0.265,0.436,2.136
セントラ,B,強選別条件,前走レース名=東京優駿G1,前走レース名,exact,10,9,0.9,17,30,0.567,39,147,0.265,0.436,2.136
セントラ,B,強選別条件,前走頭数=18,前走頭数,exact,10,9,0.9,17,30,0.567,47,147,0.32,0.362,1.772
セントラ,B,強選別条件,前走頭数=17頭以上,前走頭数,range,10,9,0.9,17,30,0.567,53,147,0.361,0.321,1.572
セントラ,B,強選別条件,前距離=2400,前距離,exact,10,9,0.9,17,30,0.567,53,147,0.361,0.321,1.572
セントラ,B,強選別条件,距離ローテ=距離短縮,距離ローテ,derived,10,9,0.9,17,30,0.567,59,147,0.401,0.288,1.412
セントラ,B,強選別条件,産地=安平町,産地,exact,10,9,0.9,15,30,0.5,46,147,0.313,0.326,1.598
セントラ,B,強選別条件,キャリア=5戦以内,キャリア,range,10,9,0.9,14,30,0.467,37,147,0.252,0.378,1.854
セントラ,B,選別条件,毛色=鹿毛,毛色,exact,10,9,0.9,21,30,0.7,87,147,0.592,0.241,1.183
セントラ,B,選別条件,距離ローテ=同距離または短縮,距離ローテ,derived,10,9,0.9,17,30,0.567,70,147,0.476,0.243,1.19
セントラ,B,選別条件,キャリア=6〜10戦,キャリア,range,10,9,0.9,16,30,0.533,101,147,0.687,0.158,0.776
セントラ,B,選別条件,距離ローテ=距離延長,距離ローテ,derived,10,9,0.9,13,30,0.433,77,147,0.524,0.169,0.827
セントラ,B,選別条件,距離ローテ=同距離または延長,距離ローテ,derived,10,9,0.9,13,30,0.433,88,147,0.599,0.148,0.724
セントラ,B,選別条件,前走着差=勝ち/同タイム,前走着差タイム,range,10,9,0.9,10,30,0.333,53,147,0.361,0.189,0.925
セントラ,補助,強選別条件,馬体重増減=増,馬体重増減,range,10,8,0.8,15,30,0.5,55,147,0.374,0.273,1.336
セントラ,補助,強選別条件,取引市場(最終)=セレクトセール,取引市場(最終),exact,10,8,0.8,11,30,0.367,32,147,0.218,0.344,1.684
セントラ,補助,強選別条件,馬番=1〜4番,馬番,range,10,8,0.8,11,30,0.367,40,147,0.272,0.275,1.348
セントラ,補助,選別条件,前走人気=1〜3人気,前走人気,range,10,8,0.8,14,30,0.467,69,147,0.469,0.203,0.994
セントラ,補助,選別条件,所属=(栗),所属,exact,10,8,0.8,11,30,0.367,52,147,0.354,0.212,1.037
セントラ,補助,選別条件,馬番=9番外,馬番,range,10,8,0.8,11,30,0.367,67,147,0.456,0.164,0.804
ダイヤモH,S,強選別条件,前走着差=0.9秒以内,前走着差タイム,range,10,10,1.0,24,30,0.8,82,143,0.573,0.293,1.395
ダイヤモH,S,強選別条件,前走人気=1〜5人気,前走人気,range,10,10,1.0,20,30,0.667,57,143,0.399,0.351,1.673
ダイヤモH,S,強選別条件,前走着順=1〜5着,前走着順,range,10,10,1.0,19,30,0.633,63,143,0.441,0.302,1.438
ダイヤモH,S,強選別条件,前走着差=0.5秒以内,前走着差タイム,range,10,10,1.0,18,30,0.6,56,143,0.392,0.321,1.532
ダイヤモH,S,選別条件,年齢=4〜6歳,年齢,range,10,10,1.0,24,30,0.8,90,143,0.629,0.267,1.271
ダイヤモH,S,選別条件,年齢=6歳以下,年齢,range,10,10,1.0,24,30,0.8,90,143,0.629,0.267,1.271
ダイヤモH,S,選別条件,前走着順=一桁着順,前走着順,range,10,10,1.0,24,30,0.8,96,143,0.671,0.25,1.192
ダイヤモH,S,選別条件,所属=(美),所属,exact,10,10,1.0,18,30,0.6,71,143,0.497,0.254,1.208
ダイヤモH,S,選別条件,毛色=鹿毛,毛色,exact,10,10,1.0,16,30,0.533,68,143,0.476,0.235,1.122
ダイヤモH,S,選別条件,距離差=±400m以内,距離ローテ,derived,10,10,1.0,15,30,0.5,59,143,0.413,0.254,1.212
ダイヤモH,S,基礎条件,前走と同じ芝ダ,芝ダローテ,derived,10,10,1.0,30,30,1.0,136,143,0.951,0.221,1.051
ダイヤモH,S,基礎条件,前芝・ダ=芝,前芝・ダ,exact,10,10,1.0,30,30,1.0,136,143,0.951,0.221,1.051
ダイヤモH,S,基礎条件,前走馬場状態=良,前走馬場状態,exact,10,10,1.0,26,30,0.867,124,143,0.867,0.21,0.999
ダイヤモH,S,基礎条件,斤量=56kg以下,斤量,range,10,10,1.0,25,30,0.833,130,143,0.909,0.192,0.917
ダイヤモH,S,基礎条件,性別=牡,性別,exact,10,10,1.0,22,30,0.733,112,143,0.783,0.196,0.936
ダイヤモH,S,基礎条件,距離ローテ=距離延長,距離ローテ,derived,10,10,1.0,22,30,0.733,118,143,0.825,0.186,0.889
ダイヤモH,S,基礎条件,距離ローテ=同距離または延長,距離ローテ,derived,10,10,1.0,22,30,0.733,118,143,0.825,0.186,0.889
ダイヤモH,A,選別条件,年齢=3〜5歳,年齢,range,10,10,1.0,14,30,0.467,52,143,0.364,0.269,1.283
ダイヤモH,A,選別条件,年齢=5歳以下,年齢,range,10,10,1.0,14,30,0.467,52,143,0.364,0.269,1.283
ダイヤモH,B,強選別条件,前走人気=1〜3人気,前走人気,range,10,9,0.9,13,30,0.433,38,143,0.266,0.342,1.631
ダイヤモH,B,強選別条件,枠位置=外25%,馬番相対,derived,10,9,0.9,13,30,0.433,38,143,0.266,0.342,1.631
ダイヤモH,B,強選別条件,前走着順=1〜3着,前走着順,range,10,9,0.9,11,30,0.367,40,143,0.28,0.275,1.311
ダイヤモH,B,選別条件,前走Ｒ=11,前走Ｒ,exact,10,9,0.9,20,30,0.667,97,143,0.678,0.206,0.983
ダイヤモH,B,選別条件,前4角=前半位置(相対50%以内),前4角,derived,10,9,0.9,18,30,0.6,80,143,0.559,0.225,1.073
ダイヤモH,B,選別条件,間隔=中8週以内,間隔,range,10,9,0.9,18,30,0.6,82,143,0.573,0.22,1.046
ダイヤモH,B,選別条件,前3角=前半位置(相対50%以内),前3角,derived,10,9,0.9,17,30,0.567,77,143,0.538,0.221,1.052
ダイヤモH,B,選別条件,馬番=9番外,馬番,range,10,9,0.9,14,30,0.467,63,143,0.441,0.222,1.059
ダイヤモH,B,選別条件,キャリア=11〜20戦,キャリア,range,10,9,0.9,13,30,0.433,54,143,0.378,0.241,1.148
ダイヤモH,B,選別条件,馬番=1〜6番,馬番,range,10,9,0.9,12,30,0.4,60,143,0.42,0.2,0.953
ダイヤモH,B,選別条件,所属=(栗),所属,exact,10,9,0.9,12,30,0.4,72,143,0.503,0.167,0.794
ダイヤモH,B,選別条件,前走着差=0.3秒以内,前走着差タイム,range,10,9,0.9,10,30,0.333,38,143,0.266,0.263,1.254
ダイヤモH,補助,強選別条件,前走上り3F=35秒台,前走上り3F,range,10,8,0.8,14,30,0.467,50,143,0.35,0.28,1.335
ダイヤモH,補助,選別条件,替=*,替,exact,10,8,0.8,16,30,0.533,96,143,0.671,0.167,0.794
ダイヤモH,補助,選別条件,馬体重増減=減,馬体重増減,range,10,8,0.8,15,30,0.5,58,143,0.406,0.259,1.233
ダイヤモH,補助,選別条件,産地=安平町,産地,exact,10,8,0.8,13,30,0.433,58,143,0.406,0.224,1.068
ダイヤモH,補助,選別条件,前走頭数=14〜16頭,前走頭数,range,10,8,0.8,13,30,0.433,68,143,0.476,0.191,0.911
ダイヤモH,補助,選別条件,前クラス名=G2,前クラス名,exact,10,8,0.8,11,30,0.367,45,143,0.315,0.244,1.165
ダイヤモH,補助,選別条件,前走馬体重増減=増,前走馬体重増減,range,10,8,0.8,11,30,0.367,54,143,0.378,0.204,0.971
ダイヤモH,補助,選別条件,年齢=6歳,年齢,exact,10,8,0.8,10,30,0.333,38,143,0.266,0.263,1.254
ダイヤモH,補助,選別条件,枠位置=中50%,馬番相対,derived,10,8,0.8,10,30,0.333,72,143,0.503,0.139,0.662
ダービーH,S,強選別条件,年齢=3〜5歳,年齢,range,10,10,1.0,24,30,0.8,78,160,0.487,0.308,1.641
ダービーH,S,強選別条件,年齢=5歳以下,年齢,range,10,10,1.0,24,30,0.8,78,160,0.487,0.308,1.641
ダービーH,S,強選別条件,前走着差=0.5秒以内,前走着差タイム,range,10,10,1.0,23,30,0.767,88,160,0.55,0.261,1.394
ダービーH,S,強選別条件,前走着差=0.3秒以内,前走着差タイム,range,10,10,1.0,19,30,0.633,67,160,0.419,0.284,1.512
ダービーH,S,強選別条件,前走着順=1〜5着,前走着順,range,10,10,1.0,19,30,0.633,69,160,0.431,0.275,1.469
ダービーH,S,強選別条件,前走人気=1〜5人気,前走人気,range,10,10,1.0,19,30,0.633,75,160,0.469,0.253,1.351
ダービーH,S,強選別条件,年齢=5歳,年齢,exact,10,10,1.0,17,30,0.567,44,160,0.275,0.386,2.061
ダービーH,S,強選別条件,キャリア=11〜20戦,キャリア,range,10,10,1.0,17,30,0.567,62,160,0.388,0.274,1.462
ダービーH,S,強選別条件,馬番=1〜6番,馬番,range,10,10,1.0,15,30,0.5,60,160,0.375,0.25,1.333
ダービーH,S,選別条件,年齢=4〜6歳,年齢,range,10,10,1.0,28,30,0.933,118,160,0.738,0.237,1.266
ダービーH,S,選別条件,年齢=6歳以下,年齢,range,10,10,1.0,28,30,0.933,118,160,0.738,0.237,1.266
ダービーH,S,選別条件,前走着差=0.9秒以内,前走着差タイム,range,10,10,1.0,27,30,0.9,119,160,0.744,0.227,1.21
ダービーH,S,選別条件,距離ローテ=同距離または短縮,距離ローテ,derived,10,10,1.0,27,30,0.9,125,160,0.781,0.216,1.152
ダービーH,S,選別条件,前走着順=一桁着順,前走着順,range,10,10,1.0,23,30,0.767,107,160,0.669,0.215,1.146
ダービーH,S,選別条件,間隔=中8週以内,間隔,range,10,10,1.0,23,30,0.767,118,160,0.738,0.195,1.04
ダービーH,S,選別条件,所属=(美),所属,exact,10,10,1.0,19,30,0.633,85,160,0.531,0.224,1.192
ダービーH,S,選別条件,替=*,替,exact,10,10,1.0,17,30,0.567,95,160,0.594,0.179,0.954
ダービーH,S,選別条件,枠位置=中50%,馬番相対,derived,10,10,1.0,16,30,0.533,80,160,0.5,0.2,1.067
ダービーH,S,選別条件,前4角=前半位置(相対50%以内),前4角,derived,10,10,1.0,16,30,0.533,93,160,0.581,0.172,0.918
ダービーH,S,選別条件,前3角=前半位置(相対50%以内),前3角,derived,10,10,1.0,16,30,0.533,96,160,0.6,0.167,0.889
ダービーH,S,基礎条件,距離差=±400m以内,距離ローテ,derived,10,10,1.0,30,30,1.0,158,160,0.988,0.19,1.013
ダービーH,S,基礎条件,前走と同じ芝ダ,芝ダローテ,derived,10,10,1.0,30,30,1.0,158,160,0.988,0.19,1.013
ダービーH,S,基礎条件,前芝・ダ=芝,前芝・ダ,exact,10,10,1.0,30,30,1.0,158,160,0.988,0.19,1.013
ダービーH,S,基礎条件,距離差=±200m以内,距離ローテ,derived,10,10,1.0,29,30,0.967,145,160,0.906,0.2,1.067
ダービーH,S,基礎条件,性別=牡,性別,exact,10,10,1.0,26,30,0.867,140,160,0.875,0.186,0.99
ダービーH,S,基礎条件,前走馬場状態=良,前走馬場状態,exact,10,10,1.0,25,30,0.833,123,160,0.769,0.203,1.084
ダービーH,S,基礎条件,距離ローテ=同距離または延長,距離ローテ,derived,10,10,1.0,25,30,0.833,126,160,0.787,0.198,1.058
ダービーH,B,強選別条件,前走人気=1〜3人気,前走人気,range,10,9,0.9,15,30,0.5,50,160,0.312,0.3,1.6
ダービーH,B,強選別条件,前走着順=1〜3着,前走着順,range,10,9,0.9,15,30,0.5,53,160,0.331,0.283,1.509
ダービーH,B,強選別条件,馬番=1〜4番,馬番,range,10,9,0.9,10,30,0.333,40,160,0.25,0.25,1.333
ダービーH,B,強選別条件,枠位置=内25%,馬番相対,derived,10,9,0.9,10,30,0.333,40,160,0.25,0.25,1.333
ダービーH,B,選別条件,距離ローテ=同距離,距離ローテ,derived,10,9,0.9,22,30,0.733,91,160,0.569,0.242,1.289
ダービーH,B,選別条件,前距離=1600,前距離,exact,10,9,0.9,22,30,0.733,91,160,0.569,0.242,1.289
ダービーH,B,選別条件,斤量=56kg以下,斤量,range,10,9,0.9,22,30,0.733,100,160,0.625,0.22,1.173
ダービーH,B,選別条件,毛色=鹿毛,毛色,exact,10,9,0.9,19,30,0.633,82,160,0.512,0.232,1.236
ダービーH,B,選別条件,前走頭数=14〜16頭,前走頭数,range,10,9,0.9,17,30,0.567,92,160,0.575,0.185,0.986
ダービーH,B,選別条件,前走斤量=57,前走斤量,exact,10,9,0.9,16,30,0.533,69,160,0.431,0.232,1.237
ダービーH,B,選別条件,馬体重増減=減,馬体重増減,range,10,9,0.9,15,30,0.5,83,160,0.519,0.181,0.964
ダービーH,B,選別条件,前3角=後半位置(相対50%超),前3角,derived,10,9,0.9,13,30,0.433,63,160,0.394,0.206,1.101
ダービーH,B,選別条件,前4角=後半位置(相対50%超),前4角,derived,10,9,0.9,13,30,0.433,66,160,0.412,0.197,1.051
ダービーH,補助,強選別条件,産地=安平町,産地,exact,10,8,0.8,12,30,0.4,38,160,0.237,0.316,1.684
ダービーH,補助,強選別条件,前走着差=勝ち/同タイム,前走着差タイム,range,10,8,0.8,11,30,0.367,38,160,0.237,0.289,1.544
ダービーH,補助,選別条件,前走Ｒ=11,前走Ｒ,exact,10,8,0.8,16,30,0.533,112,160,0.7,0.143,0.762
ダービーH,補助,選別条件,間隔=中5〜8週,間隔,range,10,8,0.8,13,30,0.433,65,160,0.406,0.2,1.067
ダービーH,補助,選別条件,馬番=9番外,馬番,range,10,8,0.8,13,30,0.433,80,160,0.5,0.163,0.867
チャンピ,S,強選別条件,前走人気=1〜5人気,前走人気,range,10,10,1.0,29,30,0.967,109,157,0.694,0.266,1.392
チャンピ,S,強選別条件,前3角=前半位置(相対50%以内),前3角,derived,10,10,1.0,26,30,0.867,101,157,0.643,0.257,1.347
チャンピ,S,強選別条件,前走人気=1〜3人気,前走人気,range,10,10,1.0,22,30,0.733,79,157,0.503,0.278,1.457
チャンピ,S,強選別条件,前クラス名=G1,前クラス名,exact,10,10,1.0,18,30,0.6,70,157,0.446,0.257,1.346
チャンピ,S,強選別条件,馬番=1〜6番,馬番,range,10,10,1.0,15,30,0.5,60,157,0.382,0.25,1.308
チャンピ,S,選別条件,前4角=前半位置(相対50%以内),前4角,derived,10,10,1.0,28,30,0.933,113,157,0.72,0.248,1.297
チャンピ,S,選別条件,前走着順=1〜5着,前走着順,range,10,10,1.0,24,30,0.8,110,157,0.701,0.218,1.142
チャンピ,S,選別条件,前走着差=0.9秒以内,前走着差タイム,range,10,10,1.0,24,30,0.8,112,157,0.713,0.214,1.121
チャンピ,S,選別条件,年齢=4〜6歳,年齢,range,10,10,1.0,21,30,0.7,109,157,0.694,0.193,1.008
チャンピ,S,選別条件,前走Ｒ=11,前走Ｒ,exact,10,10,1.0,21,30,0.7,109,157,0.694,0.193,1.008
チャンピ,S,選別条件,距離ローテ=同距離または短縮,距離ローテ,derived,10,10,1.0,20,30,0.667,109,157,0.694,0.183,0.96
チャンピ,S,選別条件,前走着順=1〜3着,前走着順,range,10,10,1.0,19,30,0.633,79,157,0.503,0.241,1.259
チャンピ,S,選別条件,年齢=3〜5歳,年齢,range,10,10,1.0,19,30,0.633,94,157,0.599,0.202,1.058
チャンピ,S,選別条件,年齢=5歳以下,年齢,range,10,10,1.0,19,30,0.633,94,157,0.599,0.202,1.058
チャンピ,S,選別条件,距離ローテ=同距離または延長,距離ローテ,derived,10,10,1.0,18,30,0.6,94,157,0.599,0.191,1.002
チャンピ,S,基礎条件,前走と同じ芝ダ,芝ダローテ,derived,10,10,1.0,29,30,0.967,151,157,0.962,0.192,1.005
チャンピ,S,基礎条件,前芝・ダ=ダ,前芝・ダ,exact,10,10,1.0,29,30,0.967,151,157,0.962,0.192,1.005
チャンピ,S,基礎条件,距離差=±400m以内,距離ローテ,derived,10,10,1.0,29,30,0.967,154,157,0.981,0.188,0.985
チャンピ,S,基礎条件,前走着順=一桁着順,前走着順,range,10,10,1.0,28,30,0.933,138,157,0.879,0.203,1.062
チャンピ,S,基礎条件,年齢=6歳以下,年齢,range,10,10,1.0,27,30,0.9,127,157,0.809,0.213,1.113
チャンピ,S,基礎条件,間隔=中8週以内,間隔,range,10,10,1.0,26,30,0.867,137,157,0.873,0.19,0.993
チャンピ,S,基礎条件,前走頭数=14〜16頭,前走頭数,range,10,10,1.0,25,30,0.833,124,157,0.79,0.202,1.055
チャンピ,S,基礎条件,性別=牡,性別,exact,10,10,1.0,25,30,0.833,137,157,0.873,0.182,0.955
チャンピ,S,基礎条件,距離差=±200m以内,距離ローテ,derived,10,10,1.0,24,30,0.8,139,157,0.885,0.173,0.904
チャンピ,S,基礎条件,所属=(栗),所属,exact,10,10,1.0,23,30,0.767,126,157,0.803,0.183,0.955
チャンピ,S,基礎条件,斤量=57kg,斤量,range,10,10,1.0,22,30,0.733,124,157,0.79,0.177,0.928
チャンピ,B,選別条件,前走着差=0.5秒以内,前走着差タイム,range,10,9,0.9,19,30,0.633,77,157,0.49,0.247,1.291
チャンピ,B,選別条件,前走斤量=57,前走斤量,exact,10,9,0.9,17,30,0.567,80,157,0.51,0.212,1.112
チャンピ,B,選別条件,前走頭数=16,前走頭数,exact,10,9,0.9,17,30,0.567,93,157,0.592,0.183,0.957
チャンピ,B,選別条件,枠位置=中50%,馬番相対,derived,10,9,0.9,15,30,0.5,80,157,0.51,0.188,0.981
チャンピ,B,選別条件,前走着差=0.3秒以内,前走着差タイム,range,10,9,0.9,14,30,0.467,60,157,0.382,0.233,1.221
チャンピ,B,選別条件,キャリア=21戦以上,キャリア,range,10,9,0.9,14,30,0.467,77,157,0.49,0.182,0.952
チャンピ,B,選別条件,間隔=中4週以内,間隔,range,10,9,0.9,14,30,0.467,97,157,0.618,0.144,0.755
チャンピ,補助,強選別条件,前走馬体重増減=減,前走馬体重増減,range,10,8,0.8,15,30,0.5,41,157,0.261,0.366,1.915
チャンピ,補助,強選別条件,間隔=中5〜8週,間隔,range,10,8,0.8,12,30,0.4,40,157,0.255,0.3,1.57
チャンピ,補助,強選別条件,馬番=1〜4番,馬番,range,10,8,0.8,11,30,0.367,40,157,0.255,0.275,1.439
チャンピ,補助,強選別条件,枠位置=内25%,馬番相対,derived,10,8,0.8,10,30,0.333,37,157,0.236,0.27,1.414
チャンピ,補助,強選別条件,年齢=5歳,年齢,exact,10,8,0.8,9,30,0.3,36,157,0.229,0.25,1.308
チャンピ,補助,選別条件,前走馬場状態=良,前走馬場状態,exact,10,8,0.8,15,30,0.5,97,157,0.618,0.155,0.809
チャンピ,補助,選別条件,距離ローテ=距離短縮,距離ローテ,derived,10,8,0.8,12,30,0.4,63,157,0.401,0.19,0.997
チャンピ,補助,選別条件,馬番=9番外,馬番,range,10,8,0.8,12,30,0.4,77,157,0.49,0.156,0.816
チャンピ,補助,選別条件,前走レース名=JBCクラG1,前走レース名,exact,10,8,0.8,10,30,0.333,43,157,0.274,0.233,1.217
チャンピ,補助,選別条件,毛色=栗毛,毛色,exact,10,8,0.8,10,30,0.333,48,157,0.306,0.208,1.09
チャンピ,補助,選別条件,毛色=鹿毛,毛色,exact,10,8,0.8,10,30,0.333,68,157,0.433,0.147,0.77
チャンピ,補助,選別条件,前クラス名=G3,前クラス名,exact,10,8,0.8,10,30,0.333,76,157,0.484,0.132,0.689
チャンピ,補助,選別条件,前3角=4〜6番手,前3角,derived,10,8,0.8,9,30,0.3,38,157,0.242,0.237,1.239
チャンピ,補助,選別条件,前走着差=勝ち/同タイム,前走着差タイム,range,10,8,0.8,9,30,0.3,43,157,0.274,0.209,1.095
チャンピ,補助,選別条件,前走着順=1着,前走着順,range,10,8,0.8,8,30,0.267,41,157,0.261,0.195,1.021
チューリ,S,強選別条件,距離ローテ=同距離,距離ローテ,derived,10,10,1.0,26,30,0.867,94,142,0.662,0.277,1.309
チューリ,S,強選別条件,前距離=1600,前距離,exact,10,10,1.0,26,30,0.867,94,142,0.662,0.277,1.309
チューリ,S,強選別条件,前走着差=0.3秒以内,前走着差タイム,range,10,10,1.0,25,30,0.833,89,142,0.627,0.281,1.33
チューリ,S,強選別条件,前走人気=1〜3人気,前走人気,range,10,10,1.0,24,30,0.8,79,142,0.556,0.304,1.438
チューリ,S,強選別条件,前走着順=1〜3着,前走着順,range,10,10,1.0,24,30,0.8,87,142,0.613,0.276,1.306
チューリ,S,選別条件,前走着差=0.9秒以内,前走着差タイム,range,10,10,1.0,30,30,1.0,123,142,0.866,0.244,1.154
チューリ,S,選別条件,前走着順=1〜5着,前走着順,range,10,10,1.0,29,30,0.967,113,142,0.796,0.257,1.215
チューリ,S,選別条件,前走着差=0.5秒以内,前走着差タイム,range,10,10,1.0,28,30,0.933,107,142,0.754,0.262,1.239
チューリ,S,選別条件,前走人気=1〜5人気,前走人気,range,10,10,1.0,27,30,0.9,101,142,0.711,0.267,1.265
チューリ,S,選別条件,毛色=鹿毛,毛色,exact,10,10,1.0,15,30,0.5,61,142,0.43,0.246,1.164
チューリ,S,基礎条件,前走馬場状態=良,前走馬場状態,exact,10,10,1.0,30,30,1.0,124,142,0.873,0.242,1.145
チューリ,S,基礎条件,距離ローテ=同距離または延長,距離ローテ,derived,10,10,1.0,30,30,1.0,125,142,0.88,0.24,1.136
チューリ,S,基礎条件,キャリア=5戦以内,キャリア,range,10,10,1.0,30,30,1.0,130,142,0.915,0.231,1.092
チューリ,S,基礎条件,距離差=±200m以内,距離ローテ,derived,10,10,1.0,30,30,1.0,135,142,0.951,0.222,1.052
チューリ,S,基礎条件,前走と同じ芝ダ,芝ダローテ,derived,10,10,1.0,30,30,1.0,136,142,0.958,0.221,1.044
チューリ,S,基礎条件,前芝・ダ=芝,前芝・ダ,exact,10,10,1.0,30,30,1.0,136,142,0.958,0.221,1.044
チューリ,S,基礎条件,前走着順=一桁着順,前走着順,range,10,10,1.0,30,30,1.0,137,142,0.965,0.219,1.036
チューリ,S,基礎条件,年齢=3歳,年齢,exact,10,10,1.0,30,30,1.0,142,142,1.0,0.211,1.0
チューリ,S,基礎条件,年齢=3〜5歳,年齢,range,10,10,1.0,30,30,1.0,142,142,1.0,0.211,1.0
チューリ,S,基礎条件,年齢=5歳以下,年齢,range,10,10,1.0,30,30,1.0,142,142,1.0,0.211,1.0
チューリ,S,基礎条件,年齢=6歳以下,年齢,range,10,10,1.0,30,30,1.0,142,142,1.0,0.211,1.0
チューリ,S,基礎条件,斤量=56kg以下,斤量,range,10,10,1.0,30,30,1.0,142,142,1.0,0.211,1.0
チューリ,S,基礎条件,距離差=±400m以内,距離ローテ,derived,10,10,1.0,30,30,1.0,142,142,1.0,0.211,1.0
チューリ,S,基礎条件,性別=牝,性別,exact,10,10,1.0,30,30,1.0,142,142,1.0,0.211,1.0
チューリ,S,基礎条件,距離ローテ=同距離または短縮,距離ローテ,derived,10,10,1.0,26,30,0.867,111,142,0.782,0.234,1.109
チューリ,S,基礎条件,所属=(栗),所属,exact,10,10,1.0,24,30,0.8,123,142,0.866,0.195,0.924
チューリ,B,選別条件,前4角=前半位置(相対50%以内),前4角,derived,10,9,0.9,17,30,0.567,90,142,0.634,0.189,0.894
チューリ,B,選別条件,枠位置=中50%,馬番相対,derived,10,9,0.9,14,30,0.467,70,142,0.493,0.2,0.947
チューリ,B,基礎条件,前走斤量=54,前走斤量,exact,10,9,0.9,27,30,0.9,121,142,0.852,0.223,1.056
チューリ,B,基礎条件,斤量=54kg,斤量,range,10,9,0.9,27,30,0.9,126,142,0.887,0.214,1.014
チューリ,補助,強選別条件,前走Ｒ=11,前走Ｒ,exact,10,8,0.8,16,30,0.533,44,142,0.31,0.364,1.721
チューリ,補助,強選別条件,産地=安平町,産地,exact,10,8,0.8,13,30,0.433,44,142,0.31,0.295,1.398
チューリ,補助,選別条件,前3角=前半位置(相対50%以内),前3角,derived,10,8,0.8,17,30,0.567,86,142,0.606,0.198,0.936
チューリ,補助,選別条件,馬番=1〜6番,馬番,range,10,8,0.8,14,30,0.467,60,142,0.423,0.233,1.104
チューリ,補助,選別条件,前走着差=勝ち/同タイム,前走着差タイム,range,10,8,0.8,13,30,0.433,51,142,0.359,0.255,1.207
チューリ,補助,選別条件,前走着順=1着,前走着順,range,10,8,0.8,12,30,0.4,49,142,0.345,0.245,1.159
チューリ,補助,選別条件,馬番=9番外,馬番,range,10,8,0.8,12,30,0.4,62,142,0.437,0.194,0.916
チューリ,補助,選別条件,替=*,替,exact,10,8,0.8,11,30,0.367,66,142,0.465,0.167,0.789
チューリ,補助,選別条件,前走頭数=14〜16頭,前走頭数,range,10,8,0.8,10,30,0.333,45,142,0.317,0.222,1.052
チューリ,補助,選別条件,馬体重増減=減,馬体重増減,range,10,8,0.8,10,30,0.333,68,142,0.479,0.147,0.696
デイリー,S,強選別条件,前走人気=1〜3人気,前走人気,range,10,10,1.0,27,30,0.9,64,98,0.653,0.422,1.378
デイリー,S,選別条件,前走着差=0.9秒以内,前走着差タイム,range,10,10,1.0,30,30,1.0,85,98,0.867,0.353,1.153
デイリー,S,選別条件,前走人気=1〜5人気,前走人気,range,10,10,1.0,29,30,0.967,76,98,0.776,0.382,1.246
デイリー,S,選別条件,前走着順=1〜5着,前走着順,range,10,10,1.0,29,30,0.967,80,98,0.816,0.362,1.184
デイリー,S,選別条件,前走着差=0.3秒以内,前走着差タイム,range,10,10,1.0,27,30,0.9,71,98,0.724,0.38,1.242
デイリー,S,選別条件,前走着順=1〜3着,前走着順,range,10,10,1.0,27,30,0.9,72,98,0.735,0.375,1.225
デイリー,S,選別条件,前走着差=0.5秒以内,前走着差タイム,range,10,10,1.0,27,30,0.9,74,98,0.755,0.365,1.192
デイリー,S,選別条件,前走着順=1着,前走着順,range,10,10,1.0,25,30,0.833,64,98,0.653,0.391,1.276
デイリー,S,選別条件,前走着差=勝ち/同タイム,前走着差タイム,range,10,10,1.0,25,30,0.833,65,98,0.663,0.385,1.256
デイリー,S,選別条件,前4角=前半位置(相対50%以内),前4角,derived,10,10,1.0,22,30,0.733,64,98,0.653,0.344,1.123
デイリー,S,選別条件,距離ローテ=同距離または短縮,距離ローテ,derived,10,10,1.0,21,30,0.7,61,98,0.622,0.344,1.125
デイリー,S,選別条件,前3角=前半位置(相対50%以内),前3角,derived,10,10,1.0,21,30,0.7,62,98,0.633,0.339,1.106
デイリー,S,基礎条件,前走着順=一桁着順,前走着順,range,10,10,1.0,30,30,1.0,89,98,0.908,0.337,1.101
デイリー,S,基礎条件,キャリア=5戦以内,キャリア,range,10,10,1.0,30,30,1.0,94,98,0.959,0.319,1.043
デイリー,S,基礎条件,年齢=2歳,年齢,exact,10,10,1.0,30,30,1.0,98,98,1.0,0.306,1.0
デイリー,S,基礎条件,年齢=5歳以下,年齢,range,10,10,1.0,30,30,1.0,98,98,1.0,0.306,1.0
デイリー,S,基礎条件,年齢=6歳以下,年齢,range,10,10,1.0,30,30,1.0,98,98,1.0,0.306,1.0
デイリー,S,基礎条件,斤量=56kg以下,斤量,range,10,10,1.0,30,30,1.0,98,98,1.0,0.306,1.0
デイリー,S,基礎条件,距離差=±400m以内,距離ローテ,derived,10,10,1.0,30,30,1.0,98,98,1.0,0.306,1.0
デイリー,S,基礎条件,前走と同じ芝ダ,芝ダローテ,derived,10,10,1.0,29,30,0.967,91,98,0.929,0.319,1.041
デイリー,S,基礎条件,前芝・ダ=芝,前芝・ダ,exact,10,10,1.0,29,30,0.967,91,98,0.929,0.319,1.041
デイリー,S,基礎条件,距離差=±200m以内,距離ローテ,derived,10,10,1.0,28,30,0.933,81,98,0.827,0.346,1.129
デイリー,S,基礎条件,性別=牡,性別,exact,10,10,1.0,27,30,0.9,79,98,0.806,0.342,1.116
デイリー,S,基礎条件,所属=(栗),所属,exact,10,10,1.0,27,30,0.9,85,98,0.867,0.318,1.038
デイリー,S,基礎条件,前走馬場状態=良,前走馬場状態,exact,10,10,1.0,25,30,0.833,78,98,0.796,0.321,1.047
デイリー,S,基礎条件,距離ローテ=同距離または延長,距離ローテ,derived,10,10,1.0,23,30,0.767,76,98,0.776,0.303,0.989
デイリー,A,選別条件,前3角=2〜3番手,前3角,derived,10,10,1.0,11,30,0.367,28,98,0.286,0.393,1.283
デイリー,B,強選別条件,前走人気=1人気,前走人気,range,10,9,0.9,16,30,0.533,33,98,0.337,0.485,1.584
デイリー,B,強選別条件,枠位置=外25%,馬番相対,derived,10,9,0.9,12,30,0.4,29,98,0.296,0.414,1.352
デイリー,B,選別条件,前走斤量=54,前走斤量,exact,10,9,0.9,18,30,0.6,46,98,0.469,0.391,1.278
デイリー,B,選別条件,馬番=1〜6番,馬番,range,10,9,0.9,18,30,0.6,60,98,0.612,0.3,0.98
デイリー,B,選別条件,間隔=中8週以内,間隔,range,10,9,0.9,16,30,0.533,66,98,0.673,0.242,0.792
デイリー,B,選別条件,距離ローテ=同距離,距離ローテ,derived,10,9,0.9,14,30,0.467,39,98,0.398,0.359,1.173
デイリー,B,選別条件,前距離=1600,前距離,exact,10,9,0.9,14,30,0.467,39,98,0.398,0.359,1.173
デイリー,B,選別条件,馬番=1〜4番,馬番,range,10,9,0.9,14,30,0.467,40,98,0.408,0.35,1.143
デイリー,B,基礎条件,斤量=55kg,斤量,range,10,9,0.9,24,30,0.8,76,98,0.776,0.316,1.032
デイリー,補助,強選別条件,毛色=栗毛,毛色,exact,10,8,0.8,11,30,0.367,23,98,0.235,0.478,1.562
デイリー,補助,強選別条件,間隔=中9〜12週,間隔,range,10,8,0.8,10,30,0.333,21,98,0.214,0.476,1.556
デイリー,補助,選別条件,前走上り3F=34秒台,前走上り3F,range,10,8,0.8,13,30,0.433,37,98,0.378,0.351,1.148
デイリー,補助,選別条件,毛色=鹿毛,毛色,exact,10,8,0.8,12,30,0.4,45,98,0.459,0.267,0.871
デイリー,補助,選別条件,前走頭数=10頭以下,前走頭数,range,10,8,0.8,10,30,0.333,41,98,0.418,0.244,0.797
デイリー,補助,選別条件,前走斤量=55,前走斤量,exact,10,8,0.8,10,30,0.333,48,98,0.49,0.208,0.681
デイリー,補助,選別条件,枠位置=中50%,馬番相対,derived,10,8,0.8,10,30,0.333,49,98,0.5,0.204,0.667
ニュージ,S,選別条件,前走着順=一桁着順,前走着順,range,10,10,1.0,29,30,0.967,122,153,0.797,0.238,1.212
ニュージ,S,選別条件,前走着差=0.9秒以内,前走着差タイム,range,10,10,1.0,28,30,0.933,117,153,0.765,0.239,1.221
ニュージ,S,選別条件,前走馬場状態=良,前走馬場状態,exact,10,10,1.0,25,30,0.833,108,153,0.706,0.231,1.181
ニュージ,S,選別条件,前4角=前半位置(相対50%以内),前4角,derived,10,10,1.0,24,30,0.8,97,153,0.634,0.247,1.262
ニュージ,S,選別条件,前走着順=1〜5着,前走着順,range,10,10,1.0,22,30,0.733,92,153,0.601,0.239,1.22
ニュージ,S,選別条件,前走着差=0.5秒以内,前走着差タイム,range,10,10,1.0,22,30,0.733,92,153,0.601,0.239,1.22
ニュージ,S,選別条件,前3角=前半位置(相対50%以内),前3角,derived,10,10,1.0,22,30,0.733,95,153,0.621,0.232,1.181
ニュージ,S,選別条件,前走着差=0.3秒以内,前走着差タイム,range,10,10,1.0,20,30,0.667,82,153,0.536,0.244,1.244
ニュージ,S,選別条件,前走着順=1〜3着,前走着順,range,10,10,1.0,19,30,0.633,76,153,0.497,0.25,1.275
ニュージ,S,選別条件,前走Ｒ=11,前走Ｒ,exact,10,10,1.0,19,30,0.633,79,153,0.516,0.241,1.227
ニュージ,S,選別条件,替=*,替,exact,10,10,1.0,18,30,0.6,102,153,0.667,0.176,0.9
ニュージ,S,選別条件,枠位置=中50%,馬番相対,derived,10,10,1.0,15,30,0.5,78,153,0.51,0.192,0.981
ニュージ,S,選別条件,毛色=鹿毛,毛色,exact,10,10,1.0,15,30,0.5,81,153,0.529,0.185,0.944
ニュージ,S,基礎条件,前走と同じ芝ダ,芝ダローテ,derived,10,10,1.0,30,30,1.0,146,153,0.954,0.205,1.048
ニュージ,S,基礎条件,前芝・ダ=芝,前芝・ダ,exact,10,10,1.0,30,30,1.0,146,153,0.954,0.205,1.048
ニュージ,S,基礎条件,年齢=3歳,年齢,exact,10,10,1.0,30,30,1.0,153,153,1.0,0.196,1.0
ニュージ,S,基礎条件,年齢=3〜5歳,年齢,range,10,10,1.0,30,30,1.0,153,153,1.0,0.196,1.0
ニュージ,S,基礎条件,年齢=5歳以下,年齢,range,10,10,1.0,30,30,1.0,153,153,1.0,0.196,1.0
ニュージ,S,基礎条件,年齢=6歳以下,年齢,range,10,10,1.0,30,30,1.0,153,153,1.0,0.196,1.0
ニュージ,S,基礎条件,距離差=±400m以内,距離ローテ,derived,10,10,1.0,30,30,1.0,153,153,1.0,0.196,1.0
ニュージ,S,基礎条件,斤量=56kg以下,斤量,range,10,10,1.0,28,30,0.933,139,153,0.908,0.201,1.027
ニュージ,S,基礎条件,性別=牡,性別,exact,10,10,1.0,25,30,0.833,123,153,0.804,0.203,1.037
ニュージ,S,基礎条件,距離ローテ=同距離または延長,距離ローテ,derived,10,10,1.0,24,30,0.8,130,153,0.85,0.185,0.942
ニュージ,S,基礎条件,距離差=±200m以内,距離ローテ,derived,10,10,1.0,24,30,0.8,137,153,0.895,0.175,0.893
ニュージ,S,基礎条件,間隔=中8週以内,間隔,range,10,10,1.0,23,30,0.767,128,153,0.837,0.18,0.916
ニュージ,A,選別条件,前走着差=勝ち/同タイム,前走着差タイム,range,10,10,1.0,14,30,0.467,62,153,0.405,0.226,1.152
ニュージ,B,強選別条件,前走人気=1〜3人気,前走人気,range,10,9,0.9,17,30,0.567,61,153,0.399,0.279,1.421
ニュージ,B,選別条件,距離ローテ=同距離または短縮,距離ローテ,derived,10,9,0.9,23,30,0.767,98,153,0.641,0.235,1.197
ニュージ,B,選別条件,前走人気=1〜5人気,前走人気,range,10,9,0.9,23,30,0.767,102,153,0.667,0.225,1.15
ニュージ,B,選別条件,斤量=56kg,斤量,range,10,9,0.9,23,30,0.767,109,153,0.712,0.211,1.076
ニュージ,B,選別条件,前走斤量=56,前走斤量,exact,10,9,0.9,20,30,0.667,95,153,0.621,0.211,1.074
ニュージ,B,選別条件,キャリア=5戦以内,キャリア,range,10,9,0.9,19,30,0.633,82,153,0.536,0.232,1.182
ニュージ,B,選別条件,距離ローテ=同距離,距離ローテ,derived,10,9,0.9,17,30,0.567,75,153,0.49,0.227,1.156
ニュージ,B,選別条件,前距離=1600,前距離,exact,10,9,0.9,17,30,0.567,75,153,0.49,0.227,1.156
ニュージ,B,選別条件,馬体重増減=減,馬体重増減,range,10,9,0.9,15,30,0.5,65,153,0.425,0.231,1.177
ニュージ,B,選別条件,前4角=2〜3番手,前4角,derived,10,9,0.9,11,30,0.367,44,153,0.288,0.25,1.275
ニュージ,補助,強選別条件,馬番=1〜6番,馬番,range,10,8,0.8,17,30,0.567,60,153,0.392,0.283,1.445
ニュージ,補助,強選別条件,前クラス名=G3,前クラス名,exact,10,8,0.8,15,30,0.5,53,153,0.346,0.283,1.443
ニュージ,補助,強選別条件,前4角=4〜6番手,前4角,derived,10,8,0.8,11,30,0.367,36,153,0.235,0.306,1.558
ニュージ,補助,強選別条件,馬番=5〜8番,馬番,range,10,8,0.8,11,30,0.367,40,153,0.261,0.275,1.403
ニュージ,補助,強選別条件,毛色=栗毛,毛色,exact,10,8,0.8,9,30,0.3,28,153,0.183,0.321,1.639
ニュージ,補助,選別条件,所属=(美),所属,exact,10,8,0.8,15,30,0.5,99,153,0.647,0.152,0.773
ニュージ,補助,選別条件,前走馬体重増減=減,前走馬体重増減,range,10,8,0.8,12,30,0.4,64,153,0.418,0.188,0.956
ニュージ,補助,選別条件,前走上り3F=35秒台,前走上り3F,range,10,8,0.8,11,30,0.367,50,153,0.327,0.22,1.122
ニュージ,補助,選別条件,前走着順=1着,前走着順,range,10,8,0.8,10,30,0.333,54,153,0.353,0.185,0.944
ファルコ,S,選別条件,距離ローテ=同距離または短縮,距離ローテ,derived,10,10,1.0,28,30,0.933,123,165,0.745,0.228,1.252
ファルコ,S,選別条件,前4角=前半位置(相対50%以内),前4角,derived,10,10,1.0,25,30,0.833,117,165,0.709,0.214,1.175
ファルコ,S,選別条件,所属=(栗),所属,exact,10,10,1.0,23,30,0.767,104,165,0.63,0.221,1.216
ファルコ,S,選別条件,前3角=前半位置(相対50%以内),前3角,derived,10,10,1.0,22,30,0.733,111,165,0.673,0.198,1.09
ファルコ,S,選別条件,前走馬場状態=良,前走馬場状態,exact,10,10,1.0,21,30,0.7,118,165,0.715,0.178,0.979
ファルコ,S,選別条件,前走着順=1〜5着,前走着順,range,10,10,1.0,19,30,0.633,105,165,0.636,0.181,0.995
ファルコ,S,選別条件,前走着差=0.5秒以内,前走着差タイム,range,10,10,1.0,18,30,0.6,96,165,0.582,0.188,1.031
ファルコ,S,基礎条件,年齢=3歳,年齢,exact,10,10,1.0,30,30,1.0,165,165,1.0,0.182,1.0
ファルコ,S,基礎条件,年齢=3〜5歳,年齢,range,10,10,1.0,30,30,1.0,165,165,1.0,0.182,1.0
ファルコ,S,基礎条件,年齢=5歳以下,年齢,range,10,10,1.0,30,30,1.0,165,165,1.0,0.182,1.0
ファルコ,S,基礎条件,年齢=6歳以下,年齢,range,10,10,1.0,30,30,1.0,165,165,1.0,0.182,1.0
ファルコ,S,基礎条件,性別=牡,性別,exact,10,10,1.0,28,30,0.933,141,165,0.855,0.199,1.092
ファルコ,S,基礎条件,距離差=±200m以内,距離ローテ,derived,10,10,1.0,28,30,0.933,159,165,0.964,0.176,0.969
ファルコ,S,基礎条件,距離差=±400m以内,距離ローテ,derived,10,10,1.0,28,30,0.933,163,165,0.988,0.172,0.945
ファルコ,S,基礎条件,前走と同じ芝ダ,芝ダローテ,derived,10,10,1.0,26,30,0.867,150,165,0.909,0.173,0.953
ファルコ,S,基礎条件,前芝・ダ=芝,前芝・ダ,exact,10,10,1.0,26,30,0.867,150,165,0.909,0.173,0.953
ファルコ,S,基礎条件,前走着順=一桁着順,前走着順,range,10,10,1.0,23,30,0.767,135,165,0.818,0.17,0.937
ファルコ,S,基礎条件,前走着差=0.9秒以内,前走着差タイム,range,10,10,1.0,22,30,0.733,128,165,0.776,0.172,0.945
ファルコ,B,強選別条件,距離ローテ=距離短縮,距離ローテ,derived,10,9,0.9,18,30,0.6,68,165,0.412,0.265,1.456
ファルコ,B,強選別条件,前走頭数=14〜16頭,前走頭数,range,10,9,0.9,17,30,0.567,63,165,0.382,0.27,1.484
ファルコ,B,強選別条件,馬番=1〜6番,馬番,range,10,9,0.9,16,30,0.533,60,165,0.364,0.267,1.467
ファルコ,B,強選別条件,前距離=1600,前距離,exact,10,9,0.9,16,30,0.533,62,165,0.376,0.258,1.419
ファルコ,B,選別条件,毛色=鹿毛,毛色,exact,10,9,0.9,20,30,0.667,90,165,0.545,0.222,1.222
ファルコ,B,選別条件,キャリア=5戦以内,キャリア,range,10,9,0.9,18,30,0.6,98,165,0.594,0.184,1.01
ファルコ,B,選別条件,斤量=56kg,斤量,range,10,9,0.9,17,30,0.567,108,165,0.655,0.157,0.866
ファルコ,B,選別条件,枠位置=中50%,馬番相対,derived,10,9,0.9,16,30,0.533,83,165,0.503,0.193,1.06
ファルコ,B,選別条件,前走斤量=56,前走斤量,exact,10,9,0.9,16,30,0.533,96,165,0.582,0.167,0.917
ファルコ,B,選別条件,前走着差=0.3秒以内,前走着差タイム,range,10,9,0.9,15,30,0.5,79,165,0.479,0.19,1.044
ファルコ,B,選別条件,前走着順=1〜3着,前走着順,range,10,9,0.9,14,30,0.467,77,165,0.467,0.182,1.0
ファルコ,B,基礎条件,斤量=56kg以下,斤量,range,10,9,0.9,19,30,0.633,132,165,0.8,0.144,0.792
ファルコ,補助,強選別条件,前走Ｒ=11,前走Ｒ,exact,10,8,0.8,16,30,0.533,46,165,0.279,0.348,1.913
ファルコ,補助,選別条件,前走人気=1〜5人気,前走人気,range,10,8,0.8,16,30,0.533,99,165,0.6,0.162,0.889
ファルコ,補助,選別条件,間隔=中8週以内,間隔,range,10,8,0.8,16,30,0.533,108,165,0.655,0.148,0.815
ファルコ,補助,選別条件,キャリア=6〜10戦,キャリア,range,10,8,0.8,12,30,0.4,67,165,0.406,0.179,0.985
ファルコ,補助,選別条件,距離ローテ=同距離または延長,距離ローテ,derived,10,8,0.8,12,30,0.4,97,165,0.588,0.124,0.68
ファルコ,補助,選別条件,馬番=9番外,馬番,range,10,8,0.8,11,30,0.367,85,165,0.515,0.129,0.712
ファンタ,S,強選別条件,前走着差=勝ち/同タイム,前走着差タイム,range,10,10,1.0,25,30,0.833,79,127,0.622,0.316,1.34
ファンタ,S,選別条件,前走着差=0.3秒以内,前走着差タイム,range,10,10,1.0,27,30,0.9,95,127,0.748,0.284,1.203
ファンタ,S,選別条件,前走着順=1着,前走着順,range,10,10,1.0,21,30,0.7,74,127,0.583,0.284,1.201
ファンタ,S,選別条件,前3角=前半位置(相対50%以内),前3角,derived,10,10,1.0,20,30,0.667,90,127,0.709,0.222,0.941
ファンタ,S,選別条件,前走人気=1〜3人気,前走人気,range,10,10,1.0,19,30,0.633,74,127,0.583,0.257,1.087
ファンタ,S,選別条件,枠位置=中50%,馬番相対,derived,10,10,1.0,17,30,0.567,63,127,0.496,0.27,1.142
ファンタ,S,基礎条件,前走と同じ芝ダ,芝ダローテ,derived,10,10,1.0,30,30,1.0,122,127,0.961,0.246,1.041
ファンタ,S,基礎条件,前芝・ダ=芝,前芝・ダ,exact,10,10,1.0,30,30,1.0,122,127,0.961,0.246,1.041
ファンタ,S,基礎条件,キャリア=5戦以内,キャリア,range,10,10,1.0,30,30,1.0,124,127,0.976,0.242,1.024
ファンタ,S,基礎条件,距離差=±200m以内,距離ローテ,derived,10,10,1.0,30,30,1.0,125,127,0.984,0.24,1.016
ファンタ,S,基礎条件,年齢=2歳,年齢,exact,10,10,1.0,30,30,1.0,127,127,1.0,0.236,1.0
ファンタ,S,基礎条件,年齢=5歳以下,年齢,range,10,10,1.0,30,30,1.0,127,127,1.0,0.236,1.0
ファンタ,S,基礎条件,年齢=6歳以下,年齢,range,10,10,1.0,30,30,1.0,127,127,1.0,0.236,1.0
ファンタ,S,基礎条件,斤量=56kg以下,斤量,range,10,10,1.0,30,30,1.0,127,127,1.0,0.236,1.0
ファンタ,S,基礎条件,距離差=±400m以内,距離ローテ,derived,10,10,1.0,30,30,1.0,127,127,1.0,0.236,1.0
ファンタ,S,基礎条件,性別=牝,性別,exact,10,10,1.0,30,30,1.0,127,127,1.0,0.236,1.0
ファンタ,S,基礎条件,前走着順=一桁着順,前走着順,range,10,10,1.0,29,30,0.967,120,127,0.945,0.242,1.023
ファンタ,S,基礎条件,前走着順=1〜5着,前走着順,range,10,10,1.0,28,30,0.933,110,127,0.866,0.255,1.078
ファンタ,S,基礎条件,前走着差=0.9秒以内,前走着差タイム,range,10,10,1.0,28,30,0.933,114,127,0.898,0.246,1.04
ファンタ,S,基礎条件,所属=(栗),所属,exact,10,10,1.0,28,30,0.933,116,127,0.913,0.241,1.022
ファンタ,S,基礎条件,前走着順=1〜3着,前走着順,range,10,10,1.0,27,30,0.9,101,127,0.795,0.267,1.132
ファンタ,S,基礎条件,前走着差=0.5秒以内,前走着差タイム,range,10,10,1.0,27,30,0.9,102,127,0.803,0.265,1.121
ファンタ,S,基礎条件,前走人気=1〜5人気,前走人気,range,10,10,1.0,25,30,0.833,101,127,0.795,0.248,1.048
ファンタ,S,基礎条件,前4角=前半位置(相対50%以内),前4角,derived,10,10,1.0,24,30,0.8,99,127,0.78,0.242,1.026
ファンタ,S,基礎条件,距離ローテ=同距離または延長,距離ローテ,derived,10,10,1.0,19,30,0.633,99,127,0.78,0.192,0.812
ファンタ,A,選別条件,前走上り3F=34秒台,前走上り3F,range,10,10,1.0,11,30,0.367,50,127,0.394,0.22,0.931
ファンタ,B,選別条件,距離ローテ=同距離または短縮,距離ローテ,derived,10,9,0.9,20,30,0.667,78,127,0.614,0.256,1.085
ファンタ,B,選別条件,前走馬場状態=良,前走馬場状態,exact,10,9,0.9,20,30,0.667,93,127,0.732,0.215,0.91
ファンタ,B,選別条件,毛色=鹿毛,毛色,exact,10,9,0.9,16,30,0.533,56,127,0.441,0.286,1.21
ファンタ,B,選別条件,馬番=1〜6番,馬番,range,10,9,0.9,16,30,0.533,60,127,0.472,0.267,1.129
ファンタ,B,選別条件,前3角=4〜6番手,前3角,derived,10,9,0.9,14,30,0.467,47,127,0.37,0.298,1.261
ファンタ,B,選別条件,馬番=5〜8番,馬番,range,10,9,0.9,11,30,0.367,40,127,0.315,0.275,1.164
ファンタ,B,基礎条件,斤量=54kg,斤量,range,10,9,0.9,27,30,0.9,109,127,0.858,0.248,1.049
ファンタ,B,基礎条件,前走斤量=54,前走斤量,exact,10,9,0.9,26,30,0.867,96,127,0.756,0.271,1.147
ファンタ,補助,強選別条件,距離ローテ=距離短縮,距離ローテ,derived,10,8,0.8,11,30,0.367,28,127,0.22,0.393,1.663
ファンタ,補助,選別条件,前走Ｒ=9,前走Ｒ,exact,10,9,0.9,9,30,0.3,40,127,0.315,0.225,0.953
ファンタ,補助,選別条件,前走上り3F=35秒台,前走上り3F,range,10,8,0.8,12,30,0.4,44,127,0.346,0.273,1.155
ファンタ,補助,選別条件,間隔=中9〜12週,間隔,range,10,8,0.8,12,30,0.4,46,127,0.362,0.261,1.104
ファンタ,補助,選別条件,前4角=4〜6番手,前4角,derived,10,8,0.8,12,30,0.4,49,127,0.386,0.245,1.037
ファンタ,補助,選別条件,馬番=9番外,馬番,range,10,8,0.8,11,30,0.367,47,127,0.37,0.234,0.991
ファンタ,補助,選別条件,替=*,替,exact,10,8,0.8,11,30,0.367,64,127,0.504,0.172,0.728
ファンタ,補助,選別条件,前3角=後半位置(相対50%超),前3角,derived,10,8,0.8,10,30,0.333,37,127,0.291,0.27,1.144
ファンタ,補助,選別条件,馬体重増減=増,馬体重増減,range,10,8,0.8,10,30,0.333,39,127,0.307,0.256,1.085
ファンタ,補助,選別条件,馬体重増減=減,馬体重増減,range,10,8,0.8,10,30,0.333,43,127,0.339,0.233,0.984
フィリー,S,強選別条件,前走着順=1〜5着,前走着順,range,10,10,1.0,26,30,0.867,109,174,0.626,0.239,1.383
フィリー,S,強選別条件,枠位置=中50%,馬番相対,derived,10,10,1.0,20,30,0.667,88,174,0.506,0.227,1.318
フィリー,S,選別条件,所属=(栗),所属,exact,10,10,1.0,29,30,0.967,141,174,0.81,0.206,1.193
フィリー,S,選別条件,前走着順=一桁着順,前走着順,range,10,10,1.0,28,30,0.933,136,174,0.782,0.206,1.194
フィリー,S,選別条件,前走人気=1〜5人気,前走人気,range,10,10,1.0,22,30,0.733,102,174,0.586,0.216,1.251
フィリー,S,選別条件,前4角=前半位置(相対50%以内),前4角,derived,10,10,1.0,19,30,0.633,120,174,0.69,0.158,0.918
フィリー,S,選別条件,前3角=前半位置(相対50%以内),前3角,derived,10,10,1.0,17,30,0.567,118,174,0.678,0.144,0.836
フィリー,S,選別条件,替=*,替,exact,10,10,1.0,15,30,0.5,101,174,0.58,0.149,0.861
フィリー,S,選別条件,間隔=中8週以内,間隔,range,10,10,1.0,15,30,0.5,103,174,0.592,0.146,0.845
フィリー,S,基礎条件,前走と同じ芝ダ,芝ダローテ,derived,10,10,1.0,30,30,1.0,160,174,0.92,0.188,1.087
フィリー,S,基礎条件,前芝・ダ=芝,前芝・ダ,exact,10,10,1.0,30,30,1.0,160,174,0.92,0.188,1.087
フィリー,S,基礎条件,距離差=±200m以内,距離ローテ,derived,10,10,1.0,30,30,1.0,170,174,0.977,0.176,1.024
フィリー,S,基礎条件,距離差=±400m以内,距離ローテ,derived,10,10,1.0,30,30,1.0,173,174,0.994,0.173,1.006
フィリー,S,基礎条件,年齢=3歳,年齢,exact,10,10,1.0,30,30,1.0,174,174,1.0,0.172,1.0
フィリー,S,基礎条件,年齢=3〜5歳,年齢,range,10,10,1.0,30,30,1.0,174,174,1.0,0.172,1.0
フィリー,S,基礎条件,年齢=5歳以下,年齢,range,10,10,1.0,30,30,1.0,174,174,1.0,0.172,1.0
フィリー,S,基礎条件,年齢=6歳以下,年齢,range,10,10,1.0,30,30,1.0,174,174,1.0,0.172,1.0
フィリー,S,基礎条件,斤量=56kg以下,斤量,range,10,10,1.0,30,30,1.0,174,174,1.0,0.172,1.0
フィリー,S,基礎条件,性別=牝,性別,exact,10,10,1.0,30,30,1.0,174,174,1.0,0.172,1.0
フィリー,S,基礎条件,前走馬場状態=良,前走馬場状態,exact,10,10,1.0,27,30,0.9,139,174,0.799,0.194,1.127
フィリー,S,基礎条件,距離ローテ=同距離または短縮,距離ローテ,derived,10,10,1.0,27,30,0.9,140,174,0.805,0.193,1.119
フィリー,S,基礎条件,キャリア=5戦以内,キャリア,range,10,10,1.0,25,30,0.833,136,174,0.782,0.184,1.066
フィリー,S,基礎条件,前走着差=0.9秒以内,前走着差タイム,range,10,10,1.0,24,30,0.8,132,174,0.759,0.182,1.055
フィリー,B,強選別条件,前距離=1600,前距離,exact,10,9,0.9,18,30,0.6,70,174,0.402,0.257,1.491
フィリー,B,強選別条件,距離ローテ=距離短縮,距離ローテ,derived,10,9,0.9,18,30,0.6,75,174,0.431,0.24,1.392
フィリー,B,強選別条件,前走上り3F=34秒台,前走上り3F,range,10,9,0.9,16,30,0.533,58,174,0.333,0.276,1.6
フィリー,B,強選別条件,前3角=後半位置(相対50%超),前3角,derived,10,9,0.9,13,30,0.433,56,174,0.322,0.232,1.346
フィリー,B,強選別条件,間隔=中13週以上,間隔,range,10,9,0.9,12,30,0.4,51,174,0.293,0.235,1.365
フィリー,B,選別条件,前走着差=0.5秒以内,前走着差タイム,range,10,9,0.9,21,30,0.7,106,174,0.609,0.198,1.149
フィリー,B,選別条件,前走人気=1〜3人気,前走人気,range,10,9,0.9,15,30,0.5,71,174,0.408,0.211,1.225
フィリー,B,選別条件,馬体重増減=減,馬体重増減,range,10,9,0.9,15,30,0.5,86,174,0.494,0.174,1.012
フィリー,B,基礎条件,斤量=54kg,斤量,range,10,9,0.9,27,30,0.9,159,174,0.914,0.17,0.985
フィリー,B,基礎条件,前走斤量=54,前走斤量,exact,10,9,0.9,26,30,0.867,147,174,0.845,0.177,1.026
フィリー,補助,強選別条件,前4角=4〜6番手,前4角,derived,10,8,0.8,12,30,0.4,51,174,0.293,0.235,1.365
フィリー,補助,強選別条件,前走レース名=阪神ジュG1,前走レース名,exact,10,8,0.8,10,30,0.333,30,174,0.172,0.333,1.933
フィリー,補助,強選別条件,前クラス名=G1,前クラス名,exact,10,8,0.8,10,30,0.333,30,174,0.172,0.333,1.933
フィリー,補助,選別条件,前走着差=0.3秒以内,前走着差タイム,range,10,8,0.8,17,30,0.567,85,174,0.489,0.2,1.16
フィリー,補助,選別条件,前走着順=1〜3着,前走着順,range,10,8,0.8,14,30,0.467,80,174,0.46,0.175,1.015
フィリー,補助,選別条件,前走馬体重増減=減,前走馬体重増減,range,10,8,0.8,13,30,0.433,74,174,0.425,0.176,1.019
フィリー,補助,選別条件,距離ローテ=同距離または延長,距離ローテ,derived,10,8,0.8,12,30,0.4,99,174,0.569,0.121,0.703
フィリー,補助,選別条件,前4角=後半位置(相対50%超),前4角,derived,10,8,0.8,11,30,0.367,54,174,0.31,0.204,1.181
フィリー,補助,選別条件,前走Ｒ=11,前走Ｒ,exact,10,8,0.8,11,30,0.367,55,174,0.316,0.2,1.16
フィリー,補助,選別条件,毛色=鹿毛,毛色,exact,10,8,0.8,10,30,0.333,84,174,0.483,0.119,0.69
フェアリ,S,強選別条件,前走人気=1〜5人気,前走人気,range,10,10,1.0,23,30,0.767,88,158,0.557,0.261,1.377
フェアリ,S,強選別条件,前走着順=1〜3着,前走着順,range,10,10,1.0,23,30,0.767,90,158,0.57,0.256,1.346
フェアリ,S,強選別条件,前走着差=0.3秒以内,前走着差タイム,range,10,10,1.0,23,30,0.767,91,158,0.576,0.253,1.331
フェアリ,S,強選別条件,前走着差=勝ち/同タイム,前走着差タイム,range,10,10,1.0,19,30,0.633,72,158,0.456,0.264,1.39
フェアリ,S,強選別条件,前走人気=1〜3人気,前走人気,range,10,10,1.0,17,30,0.567,60,158,0.38,0.283,1.492
フェアリ,S,選別条件,前走着差=0.5秒以内,前走着差タイム,range,10,10,1.0,25,30,0.833,108,158,0.684,0.231,1.219
フェアリ,S,選別条件,前走着順=1〜5着,前走着順,range,10,10,1.0,24,30,0.8,105,158,0.665,0.229,1.204
フェアリ,S,選別条件,前4角=前半位置(相対50%以内),前4角,derived,10,10,1.0,24,30,0.8,110,158,0.696,0.218,1.149
フェアリ,S,選別条件,前3角=前半位置(相対50%以内),前3角,derived,10,10,1.0,23,30,0.767,105,158,0.665,0.219,1.154
フェアリ,S,選別条件,距離ローテ=同距離または短縮,距離ローテ,derived,10,10,1.0,22,30,0.733,105,158,0.665,0.21,1.103
フェアリ,S,選別条件,前走着順=1着,前走着順,range,10,10,1.0,17,30,0.567,70,158,0.443,0.243,1.279
フェアリ,S,基礎条件,年齢=3歳,年齢,exact,10,10,1.0,30,30,1.0,158,158,1.0,0.19,1.0
フェアリ,S,基礎条件,年齢=3〜5歳,年齢,range,10,10,1.0,30,30,1.0,158,158,1.0,0.19,1.0
フェアリ,S,基礎条件,年齢=5歳以下,年齢,range,10,10,1.0,30,30,1.0,158,158,1.0,0.19,1.0
フェアリ,S,基礎条件,年齢=6歳以下,年齢,range,10,10,1.0,30,30,1.0,158,158,1.0,0.19,1.0
フェアリ,S,基礎条件,斤量=56kg以下,斤量,range,10,10,1.0,30,30,1.0,158,158,1.0,0.19,1.0
フェアリ,S,基礎条件,距離差=±400m以内,距離ローテ,derived,10,10,1.0,30,30,1.0,158,158,1.0,0.19,1.0
フェアリ,S,基礎条件,性別=牝,性別,exact,10,10,1.0,30,30,1.0,158,158,1.0,0.19,1.0
フェアリ,S,基礎条件,キャリア=5戦以内,キャリア,range,10,10,1.0,29,30,0.967,143,158,0.905,0.203,1.068
フェアリ,S,基礎条件,前走と同じ芝ダ,芝ダローテ,derived,10,10,1.0,29,30,0.967,144,158,0.911,0.201,1.061
フェアリ,S,基礎条件,前芝・ダ=芝,前芝・ダ,exact,10,10,1.0,29,30,0.967,144,158,0.911,0.201,1.061
フェアリ,S,基礎条件,前走着順=一桁着順,前走着順,range,10,10,1.0,28,30,0.933,134,158,0.848,0.209,1.1
フェアリ,S,基礎条件,前走馬場状態=良,前走馬場状態,exact,10,10,1.0,28,30,0.933,145,158,0.918,0.193,1.017
フェアリ,S,基礎条件,所属=(美),所属,exact,10,10,1.0,27,30,0.9,130,158,0.823,0.208,1.094
フェアリ,S,基礎条件,前走着差=0.9秒以内,前走着差タイム,range,10,10,1.0,26,30,0.867,123,158,0.778,0.211,1.113
フェアリ,S,基礎条件,距離差=±200m以内,距離ローテ,derived,10,10,1.0,25,30,0.833,137,158,0.867,0.182,0.961
フェアリ,S,基礎条件,距離ローテ=同距離または延長,距離ローテ,derived,10,10,1.0,25,30,0.833,140,158,0.886,0.179,0.94
フェアリ,B,強選別条件,馬番=1〜6番,馬番,range,10,9,0.9,15,30,0.5,60,158,0.38,0.25,1.317
フェアリ,B,強選別条件,枠位置=内25%,馬番相対,derived,10,9,0.9,12,30,0.4,39,158,0.247,0.308,1.621
フェアリ,B,強選別条件,馬番=1〜4番,馬番,range,10,9,0.9,12,30,0.4,40,158,0.253,0.3,1.58
フェアリ,B,選別条件,間隔=中8週以内,間隔,range,10,9,0.9,18,30,0.6,107,158,0.677,0.168,0.886
フェアリ,B,選別条件,距離ローテ=同距離,距離ローテ,derived,10,9,0.9,17,30,0.567,87,158,0.551,0.195,1.029
フェアリ,B,選別条件,前距離=1600,前距離,exact,10,9,0.9,17,30,0.567,87,158,0.551,0.195,1.029
フェアリ,B,選別条件,替=*,替,exact,10,9,0.9,12,30,0.4,80,158,0.506,0.15,0.79
フェアリ,B,基礎条件,前走斤量=54,前走斤量,exact,10,9,0.9,27,30,0.9,135,158,0.854,0.2,1.053
フェアリ,B,基礎条件,斤量=54kg,斤量,range,10,9,0.9,26,30,0.867,141,158,0.892,0.184,0.971
フェアリ,補助,強選別条件,前走人気=1人気,前走人気,range,10,8,0.8,12,30,0.4,34,158,0.215,0.353,1.859
フェアリ,補助,強選別条件,前走Ｒ=9,前走Ｒ,exact,10,8,0.8,11,30,0.367,37,158,0.234,0.297,1.566
フェアリ,補助,強選別条件,前4角=2〜3番手,前4角,derived,10,8,0.8,11,30,0.367,41,158,0.259,0.268,1.413
フェアリ,補助,強選別条件,前3角=2〜3番手,前3角,derived,10,8,0.8,10,30,0.333,38,158,0.241,0.263,1.386
フェアリ,補助,選別条件,馬体重増減=増,馬体重増減,range,10,8,0.8,12,30,0.4,61,158,0.386,0.197,1.036
フェアリ,補助,選別条件,前走上り3F=34秒台,前走上り3F,range,10,8,0.8,12,30,0.4,64,158,0.405,0.188,0.987
フェアリ,補助,選別条件,枠位置=中50%,馬番相対,derived,10,8,0.8,10,30,0.333,79,158,0.5,0.127,0.667
フェアリ,補助,選別条件,前3角=4〜6番手,前3角,derived,10,8,0.8,9,30,0.3,46,158,0.291,0.196,1.03
フェブラ,S,強選別条件,前走着差=0.3秒以内,前走着差タイム,range,10,10,1.0,16,30,0.533,58,158,0.367,0.276,1.453
フェブラ,S,選別条件,前走頭数=14〜16頭,前走頭数,range,10,10,1.0,25,30,0.833,117,158,0.741,0.214,1.125
フェブラ,S,選別条件,所属=(栗),所属,exact,10,10,1.0,25,30,0.833,117,158,0.741,0.214,1.125
フェブラ,S,選別条件,年齢=4〜6歳,年齢,range,10,10,1.0,24,30,0.8,99,158,0.627,0.242,1.277
フェブラ,S,選別条件,年齢=6歳以下,年齢,range,10,10,1.0,24,30,0.8,99,158,0.627,0.242,1.277
フェブラ,S,選別条件,前走着差=0.9秒以内,前走着差タイム,range,10,10,1.0,24,30,0.8,101,158,0.639,0.238,1.251
フェブラ,S,選別条件,前走人気=1〜5人気,前走人気,range,10,10,1.0,24,30,0.8,103,158,0.652,0.233,1.227
フェブラ,S,選別条件,前走馬場状態=良,前走馬場状態,exact,10,10,1.0,24,30,0.8,103,158,0.652,0.233,1.227
フェブラ,S,選別条件,距離差=±200m以内,距離ローテ,derived,10,10,1.0,24,30,0.8,115,158,0.728,0.209,1.099
フェブラ,S,選別条件,前走着順=1〜5着,前走着順,range,10,10,1.0,20,30,0.667,95,158,0.601,0.211,1.109
フェブラ,S,選別条件,前3角=前半位置(相対50%以内),前3角,derived,10,10,1.0,20,30,0.667,101,158,0.639,0.198,1.043
フェブラ,S,選別条件,前走頭数=16,前走頭数,exact,10,10,1.0,19,30,0.633,88,158,0.557,0.216,1.137
フェブラ,S,選別条件,距離ローテ=同距離または短縮,距離ローテ,derived,10,10,1.0,19,30,0.633,91,158,0.576,0.209,1.1
フェブラ,S,選別条件,前走着差=0.5秒以内,前走着差タイム,range,10,10,1.0,18,30,0.6,73,158,0.462,0.247,1.299
フェブラ,S,選別条件,枠位置=中50%,馬番相対,derived,10,10,1.0,18,30,0.6,79,158,0.5,0.228,1.2
フェブラ,S,選別条件,距離ローテ=距離短縮,距離ローテ,derived,10,10,1.0,18,30,0.6,80,158,0.506,0.225,1.185
フェブラ,S,選別条件,間隔=中4週以内,間隔,range,10,10,1.0,15,30,0.5,95,158,0.601,0.158,0.832
フェブラ,S,基礎条件,距離差=±400m以内,距離ローテ,derived,10,10,1.0,29,30,0.967,142,158,0.899,0.204,1.076
フェブラ,S,基礎条件,前走と同じ芝ダ,芝ダローテ,derived,10,10,1.0,29,30,0.967,150,158,0.949,0.193,1.018
フェブラ,S,基礎条件,前芝・ダ=ダ,前芝・ダ,exact,10,10,1.0,29,30,0.967,150,158,0.949,0.193,1.018
フェブラ,S,基礎条件,性別=牡,性別,exact,10,10,1.0,28,30,0.933,131,158,0.829,0.214,1.126
フェブラ,S,基礎条件,前走Ｒ=11,前走Ｒ,exact,10,10,1.0,27,30,0.9,128,158,0.81,0.211,1.111
フェブラ,S,基礎条件,前走着順=一桁着順,前走着順,range,10,10,1.0,26,30,0.867,130,158,0.823,0.2,1.053
フェブラ,S,基礎条件,間隔=中8週以内,間隔,range,10,10,1.0,18,30,0.6,124,158,0.785,0.145,0.765
フェブラ,B,強選別条件,前走人気=1〜3人気,前走人気,range,10,9,0.9,21,30,0.7,79,158,0.5,0.266,1.4
フェブラ,B,強選別条件,年齢=3〜5歳,年齢,range,10,9,0.9,18,30,0.6,66,158,0.418,0.273,1.436
フェブラ,B,強選別条件,年齢=5歳以下,年齢,range,10,9,0.9,18,30,0.6,66,158,0.418,0.273,1.436
フェブラ,B,強選別条件,前走着順=1〜3着,前走着順,range,10,9,0.9,17,30,0.567,68,158,0.43,0.25,1.317
フェブラ,B,強選別条件,前走着差=勝ち/同タイム,前走着差タイム,range,10,9,0.9,11,30,0.367,36,158,0.228,0.306,1.609
フェブラ,B,選別条件,前4角=前半位置(相対50%以内),前4角,derived,10,9,0.9,21,30,0.7,103,158,0.652,0.204,1.074
フェブラ,B,選別条件,馬番=9番外,馬番,range,10,9,0.9,15,30,0.5,78,158,0.494,0.192,1.013
フェブラ,B,選別条件,前クラス名=G1,前クラス名,exact,10,9,0.9,13,30,0.433,61,158,0.386,0.213,1.122
フェブラ,B,選別条件,前クラス名=G3,前クラス名,exact,10,9,0.9,12,30,0.4,64,158,0.405,0.188,0.987
フェブラ,B,選別条件,替=*,替,exact,10,9,0.9,12,30,0.4,67,158,0.424,0.179,0.943
フェブラ,B,選別条件,距離ローテ=同距離または延長,距離ローテ,derived,10,9,0.9,12,30,0.4,78,158,0.494,0.154,0.81
フェブラ,B,選別条件,馬体重増減=増,馬体重増減,range,10,9,0.9,11,30,0.367,53,158,0.335,0.208,1.093
フェブラ,B,選別条件,距離ローテ=距離延長,距離ローテ,derived,10,9,0.9,11,30,0.367,67,158,0.424,0.164,0.865
フェブラ,B,選別条件,前距離=1400,前距離,exact,10,9,0.9,10,30,0.333,60,158,0.38,0.167,0.878
フェブラ,補助,強選別条件,毛色=栗毛,毛色,exact,10,8,0.8,14,30,0.467,54,158,0.342,0.259,1.365
フェブラ,補助,強選別条件,年齢=5歳,年齢,exact,10,8,0.8,13,30,0.433,41,158,0.259,0.317,1.67
フェブラ,補助,強選別条件,前距離=1800,前距離,exact,10,8,0.8,13,30,0.433,43,158,0.272,0.302,1.592
フェブラ,補助,強選別条件,前走着順=1着,前走着順,range,10,8,0.8,10,30,0.333,34,158,0.215,0.294,1.549
フェブラ,補助,選別条件,斤量=57kg,斤量,range,10,8,0.8,23,30,0.767,115,158,0.728,0.2,1.053
フェブラ,補助,選別条件,キャリア=11〜20戦,キャリア,range,10,8,0.8,13,30,0.433,63,158,0.399,0.206,1.087
フェブラ,補助,選別条件,前走斤量=57,前走斤量,exact,10,8,0.8,13,30,0.433,71,158,0.449,0.183,0.964
フェブラ,補助,選別条件,馬体重増減=減,馬体重増減,range,10,8,0.8,12,30,0.4,65,158,0.411,0.185,0.972
フェブラ,補助,選別条件,毛色=鹿毛,毛色,exact,10,8,0.8,11,30,0.367,66,158,0.418,0.167,0.878
フェブラ,補助,選別条件,前3角=後半位置(相対50%超),前3角,derived,10,8,0.8,10,30,0.333,54,158,0.342,0.185,0.975
フェブラ,補助,選別条件,馬番=1〜6番,馬番,range,10,8,0.8,10,30,0.333,60,158,0.38,0.167,0.878
フェブラ,補助,選別条件,前走開催=1東2,前走開催,exact,10,8,0.8,9,30,0.3,52,158,0.329,0.173,0.912
フェブラ,補助,選別条件,前走レース名=根岸SG3,前走レース名,exact,10,8,0.8,9,30,0.3,52,158,0.329,0.173,0.912
フューチ,S,強選別条件,前走人気=1〜3人気,前走人気,range,10,10,1.0,27,30,0.9,95,164,0.579,0.284,1.554
フューチ,S,強選別条件,前走着差=勝ち/同タイム,前走着差タイム,range,10,10,1.0,25,30,0.833,96,164,0.585,0.26,1.424
フューチ,S,強選別条件,前走着順=1着,前走着順,range,10,10,1.0,24,30,0.8,90,164,0.549,0.267,1.458
フューチ,S,強選別条件,距離ローテ=同距離または短縮,距離ローテ,derived,10,10,1.0,24,30,0.8,96,164,0.585,0.25,1.367
フューチ,S,強選別条件,距離ローテ=同距離,距離ローテ,derived,10,10,1.0,19,30,0.633,67,164,0.409,0.284,1.55
フューチ,S,強選別条件,前距離=1600,前距離,exact,10,10,1.0,19,30,0.633,67,164,0.409,0.284,1.55
フューチ,S,選別条件,前走着差=0.5秒以内,前走着差タイム,range,10,10,1.0,30,30,1.0,134,164,0.817,0.224,1.224
フューチ,S,選別条件,前走着差=0.3秒以内,前走着差タイム,range,10,10,1.0,28,30,0.933,119,164,0.726,0.235,1.286
フューチ,S,選別条件,前走人気=1〜5人気,前走人気,range,10,10,1.0,28,30,0.933,126,164,0.768,0.222,1.215
フューチ,S,選別条件,前走着順=1〜3着,前走着順,range,10,10,1.0,28,30,0.933,126,164,0.768,0.222,1.215
フューチ,S,選別条件,前走斤量=55,前走斤量,exact,10,10,1.0,28,30,0.933,132,164,0.805,0.212,1.16
フューチ,S,選別条件,前3角=前半位置(相対50%以内),前3角,derived,10,10,1.0,21,30,0.7,105,164,0.64,0.2,1.093
フューチ,S,選別条件,前走Ｒ=11,前走Ｒ,exact,10,10,1.0,20,30,0.667,85,164,0.518,0.235,1.286
フューチ,S,選別条件,前4角=前半位置(相対50%以内),前4角,derived,10,10,1.0,19,30,0.633,107,164,0.652,0.178,0.971
フューチ,S,選別条件,間隔=中5〜8週,間隔,range,10,10,1.0,16,30,0.533,76,164,0.463,0.211,1.151
フューチ,S,選別条件,枠位置=中50%,馬番相対,derived,10,10,1.0,15,30,0.5,82,164,0.5,0.183,1.0
フューチ,S,基礎条件,キャリア=5戦以内,キャリア,range,10,10,1.0,30,30,1.0,150,164,0.915,0.2,1.093
フューチ,S,基礎条件,前走と同じ芝ダ,芝ダローテ,derived,10,10,1.0,30,30,1.0,153,164,0.933,0.196,1.072
フューチ,S,基礎条件,前芝・ダ=芝,前芝・ダ,exact,10,10,1.0,30,30,1.0,153,164,0.933,0.196,1.072
フューチ,S,基礎条件,前走着差=0.9秒以内,前走着差タイム,range,10,10,1.0,30,30,1.0,154,164,0.939,0.195,1.065
フューチ,S,基礎条件,前走着順=一桁着順,前走着順,range,10,10,1.0,30,30,1.0,158,164,0.963,0.19,1.038
フューチ,S,基礎条件,年齢=2歳,年齢,exact,10,10,1.0,30,30,1.0,164,164,1.0,0.183,1.0
フューチ,S,基礎条件,年齢=5歳以下,年齢,range,10,10,1.0,30,30,1.0,164,164,1.0,0.183,1.0
フューチ,S,基礎条件,年齢=6歳以下,年齢,range,10,10,1.0,30,30,1.0,164,164,1.0,0.183,1.0
フューチ,S,基礎条件,斤量=56kg以下,斤量,range,10,10,1.0,30,30,1.0,164,164,1.0,0.183,1.0
フューチ,S,基礎条件,距離差=±400m以内,距離ローテ,derived,10,10,1.0,30,30,1.0,164,164,1.0,0.183,1.0
フューチ,S,基礎条件,前走着順=1〜5着,前走着順,range,10,10,1.0,29,30,0.967,140,164,0.854,0.207,1.132
フューチ,S,基礎条件,距離差=±200m以内,距離ローテ,derived,10,10,1.0,29,30,0.967,154,164,0.939,0.188,1.029
フューチ,S,基礎条件,性別=牡,性別,exact,10,10,1.0,28,30,0.933,158,164,0.963,0.177,0.969
フューチ,S,基礎条件,斤量=55kg,斤量,range,10,10,1.0,27,30,0.9,143,164,0.872,0.189,1.032
フューチ,S,基礎条件,距離ローテ=同距離または延長,距離ローテ,derived,10,10,1.0,25,30,0.833,135,164,0.823,0.185,1.012
フューチ,S,基礎条件,前走馬場状態=良,前走馬場状態,exact,10,10,1.0,24,30,0.8,135,164,0.823,0.178,0.972
フューチ,S,基礎条件,所属=(栗),所属,exact,10,10,1.0,23,30,0.767,125,164,0.762,0.184,1.006
フューチ,S,基礎条件,間隔=中8週以内,間隔,range,10,10,1.0,21,30,0.7,128,164,0.78,0.164,0.897
フューチ,A,選別条件,前クラス名=G2,前クラス名,exact,10,10,1.0,12,30,0.4,60,164,0.366,0.2,1.093
フューチ,B,強選別条件,前走人気=1人気,前走人気,range,10,9,0.9,16,30,0.533,40,164,0.244,0.4,2.187
フューチ,B,強選別条件,馬番=1〜6番,馬番,range,10,9,0.9,15,30,0.5,60,164,0.366,0.25,1.367
フューチ,B,強選別条件,前4角=2〜3番手,前4角,derived,10,9,0.9,13,30,0.433,52,164,0.317,0.25,1.367
フューチ,B,選別条件,替=*,替,exact,10,9,0.9,14,30,0.467,79,164,0.482,0.177,0.969
フューチ,B,選別条件,前3角=2〜3番手,前3角,derived,10,9,0.9,12,30,0.4,52,164,0.317,0.231,1.262
フューチ,補助,強選別条件,前走上り3F=33秒台以下,前走上り3F,range,10,8,0.8,15,30,0.5,49,164,0.299,0.306,1.673
フューチ,補助,強選別条件,産地=安平町,産地,exact,10,8,0.8,13,30,0.433,40,164,0.244,0.325,1.777
フューチ,補助,強選別条件,馬番=1〜4番,馬番,range,10,8,0.8,11,30,0.367,40,164,0.244,0.275,1.503
フューチ,補助,強選別条件,前走レース名=デイリーG2,前走レース名,exact,10,8,0.8,8,30,0.267,28,164,0.171,0.286,1.562
フューチ,補助,選別条件,馬体重増減=増,馬体重増減,range,10,8,0.8,14,30,0.467,74,164,0.451,0.189,1.034
フューチ,補助,選別条件,前走頭数=10頭以下,前走頭数,range,10,8,0.8,14,30,0.467,75,164,0.457,0.187,1.02
フューチ,補助,選別条件,前走馬体重増減=増,前走馬体重増減,range,10,8,0.8,12,30,0.4,65,164,0.396,0.185,1.009
フューチ,補助,選別条件,毛色=鹿毛,毛色,exact,10,8,0.8,12,30,0.4,78,164,0.476,0.154,0.841
フューチ,補助,選別条件,前走上り3F=34秒台,前走上り3F,range,10,8,0.8,11,30,0.367,70,164,0.427,0.157,0.859
フラワー,S,選別条件,前走着差=0.9秒以内,前走着差タイム,range,10,10,1.0,29,30,0.967,115,141,0.816,0.252,1.185
フラワー,S,選別条件,前走着差=0.5秒以内,前走着差タイム,range,10,10,1.0,26,30,0.867,99,141,0.702,0.263,1.234
フラワー,S,選別条件,前走着順=1〜5着,前走着順,range,10,10,1.0,24,30,0.8,98,141,0.695,0.245,1.151
フラワー,S,選別条件,前走着差=0.3秒以内,前走着差タイム,range,10,10,1.0,22,30,0.733,87,141,0.617,0.253,1.189
フラワー,S,選別条件,前4角=前半位置(相対50%以内),前4角,derived,10,10,1.0,21,30,0.7,98,141,0.695,0.214,1.007
フラワー,S,選別条件,前走人気=1〜5人気,前走人気,range,10,10,1.0,20,30,0.667,89,141,0.631,0.225,1.056
フラワー,S,選別条件,所属=(美),所属,exact,10,10,1.0,18,30,0.6,88,141,0.624,0.205,0.961
フラワー,S,選別条件,前3角=前半位置(相対50%以内),前3角,derived,10,10,1.0,18,30,0.6,92,141,0.652,0.196,0.92
フラワー,S,選別条件,前走人気=1〜3人気,前走人気,range,10,10,1.0,16,30,0.533,59,141,0.418,0.271,1.275
フラワー,S,選別条件,距離ローテ=同距離または短縮,距離ローテ,derived,10,10,1.0,15,30,0.5,70,141,0.496,0.214,1.007
フラワー,S,基礎条件,前走と同じ芝ダ,芝ダローテ,derived,10,10,1.0,30,30,1.0,129,141,0.915,0.233,1.093
フラワー,S,基礎条件,前芝・ダ=芝,前芝・ダ,exact,10,10,1.0,30,30,1.0,129,141,0.915,0.233,1.093
フラワー,S,基礎条件,距離差=±400m以内,距離ローテ,derived,10,10,1.0,30,30,1.0,140,141,0.993,0.214,1.007
フラワー,S,基礎条件,年齢=3歳,年齢,exact,10,10,1.0,30,30,1.0,141,141,1.0,0.213,1.0
フラワー,S,基礎条件,年齢=3〜5歳,年齢,range,10,10,1.0,30,30,1.0,141,141,1.0,0.213,1.0
フラワー,S,基礎条件,年齢=5歳以下,年齢,range,10,10,1.0,30,30,1.0,141,141,1.0,0.213,1.0
フラワー,S,基礎条件,年齢=6歳以下,年齢,range,10,10,1.0,30,30,1.0,141,141,1.0,0.213,1.0
フラワー,S,基礎条件,斤量=56kg以下,斤量,range,10,10,1.0,30,30,1.0,141,141,1.0,0.213,1.0
フラワー,S,基礎条件,性別=牝,性別,exact,10,10,1.0,30,30,1.0,141,141,1.0,0.213,1.0
フラワー,S,基礎条件,前走着順=一桁着順,前走着順,range,10,10,1.0,29,30,0.967,124,141,0.879,0.234,1.099
フラワー,S,基礎条件,キャリア=5戦以内,キャリア,range,10,10,1.0,27,30,0.9,118,141,0.837,0.229,1.075
フラワー,S,基礎条件,距離差=±200m以内,距離ローテ,derived,10,10,1.0,27,30,0.9,129,141,0.915,0.209,0.984
フラワー,S,基礎条件,前走馬場状態=良,前走馬場状態,exact,10,10,1.0,25,30,0.833,112,141,0.794,0.223,1.049
フラワー,S,基礎条件,距離ローテ=同距離または延長,距離ローテ,derived,10,10,1.0,24,30,0.8,114,141,0.809,0.211,0.989
フラワー,B,強選別条件,前走Ｒ=9,前走Ｒ,exact,10,9,0.9,14,30,0.467,38,141,0.27,0.368,1.732
フラワー,B,選別条件,前走着順=1〜3着,前走着順,range,10,9,0.9,21,30,0.7,82,141,0.582,0.256,1.204
フラワー,B,選別条件,前走着順=1着,前走着順,range,10,9,0.9,17,30,0.567,63,141,0.447,0.27,1.268
フラワー,B,選別条件,前走着差=勝ち/同タイム,前走着差タイム,range,10,9,0.9,17,30,0.567,65,141,0.461,0.262,1.229
フラワー,B,選別条件,替=*,替,exact,10,9,0.9,17,30,0.567,82,141,0.582,0.207,0.974
フラワー,B,選別条件,馬番=1〜6番,馬番,range,10,9,0.9,14,30,0.467,60,141,0.426,0.233,1.097
フラワー,B,選別条件,枠位置=中50%,馬番相対,derived,10,9,0.9,14,30,0.467,69,141,0.489,0.203,0.954
フラワー,B,選別条件,間隔=中8週以内,間隔,range,10,9,0.9,14,30,0.467,96,141,0.681,0.146,0.685
フラワー,B,選別条件,馬番=9番外,馬番,range,10,9,0.9,13,30,0.433,61,141,0.433,0.213,1.002
フラワー,B,選別条件,前3角=後半位置(相対50%超),前3角,derived,10,9,0.9,12,30,0.4,49,141,0.348,0.245,1.151
フラワー,B,選別条件,所属=(栗),所属,exact,10,9,0.9,12,30,0.4,52,141,0.369,0.231,1.085
フラワー,B,基礎条件,前走斤量=54,前走斤量,exact,10,9,0.9,27,30,0.9,123,141,0.872,0.22,1.032
フラワー,B,基礎条件,斤量=54kg,斤量,range,10,9,0.9,27,30,0.9,127,141,0.901,0.213,0.999
フラワー,補助,強選別条件,前走人気=1人気,前走人気,range,10,8,0.8,11,30,0.367,30,141,0.213,0.367,1.723
フラワー,補助,選別条件,馬体重増減=減,馬体重増減,range,10,8,0.8,15,30,0.5,68,141,0.482,0.221,1.037
フラワー,補助,選別条件,距離ローテ=距離延長,距離ローテ,derived,10,8,0.8,15,30,0.5,71,141,0.504,0.211,0.993
フラワー,補助,選別条件,前距離=1600,前距離,exact,10,8,0.8,13,30,0.433,61,141,0.433,0.213,1.002
フラワー,補助,選別条件,毛色=鹿毛,毛色,exact,10,8,0.8,13,30,0.433,62,141,0.44,0.21,0.985
フラワー,補助,選別条件,前走人気=6〜9人気,前走人気,range,10,8,0.8,10,30,0.333,43,141,0.305,0.233,1.093
フラワー,補助,選別条件,馬番=1〜4番,馬番,range,10,8,0.8,9,30,0.3,40,141,0.284,0.225,1.058
フラワー,補助,選別条件,距離ローテ=同距離,距離ローテ,derived,10,8,0.8,9,30,0.3,43,141,0.305,0.209,0.984
フラワー,補助,選別条件,前距離=1800,前距離,exact,10,8,0.8,9,30,0.3,43,141,0.305,0.209,0.984
フローラ,S,強選別条件,前走Ｒ=11,前走Ｒ,exact,10,10,1.0,15,30,0.5,54,165,0.327,0.278,1.528
フローラ,S,強選別条件,馬番=1〜6番,馬番,range,10,10,1.0,15,30,0.5,60,165,0.364,0.25,1.375
フローラ,S,選別条件,間隔=中8週以内,間隔,range,10,10,1.0,24,30,0.8,117,165,0.709,0.205,1.128
フローラ,S,選別条件,距離ローテ=距離延長,距離ローテ,derived,10,10,1.0,23,30,0.767,114,165,0.691,0.202,1.11
フローラ,S,選別条件,前走着差=0.5秒以内,前走着差タイム,range,10,10,1.0,23,30,0.767,115,165,0.697,0.2,1.1
フローラ,S,選別条件,前走着順=1〜5着,前走着順,range,10,10,1.0,23,30,0.767,122,165,0.739,0.189,1.037
フローラ,S,選別条件,前4角=前半位置(相対50%以内),前4角,derived,10,10,1.0,22,30,0.733,106,165,0.642,0.208,1.142
フローラ,S,選別条件,前走人気=1〜5人気,前走人気,range,10,10,1.0,22,30,0.733,107,165,0.648,0.206,1.131
フローラ,S,選別条件,距離差=±200m以内,距離ローテ,derived,10,10,1.0,22,30,0.733,114,165,0.691,0.193,1.061
フローラ,S,選別条件,前走着差=0.3秒以内,前走着差タイム,range,10,10,1.0,21,30,0.7,99,165,0.6,0.212,1.167
フローラ,S,選別条件,替=*,替,exact,10,10,1.0,20,30,0.667,95,165,0.576,0.211,1.158
フローラ,S,選別条件,前走着順=1〜3着,前走着順,range,10,10,1.0,19,30,0.633,93,165,0.564,0.204,1.124
フローラ,S,選別条件,前走人気=1〜3人気,前走人気,range,10,10,1.0,18,30,0.6,82,165,0.497,0.22,1.207
フローラ,S,選別条件,所属=(美),所属,exact,10,10,1.0,18,30,0.6,102,165,0.618,0.176,0.971
フローラ,S,基礎条件,前走と同じ芝ダ,芝ダローテ,derived,10,10,1.0,30,30,1.0,162,165,0.982,0.185,1.019
フローラ,S,基礎条件,前芝・ダ=芝,前芝・ダ,exact,10,10,1.0,30,30,1.0,162,165,0.982,0.185,1.019
フローラ,S,基礎条件,距離差=±400m以内,距離ローテ,derived,10,10,1.0,30,30,1.0,164,165,0.994,0.183,1.006
フローラ,S,基礎条件,年齢=3歳,年齢,exact,10,10,1.0,30,30,1.0,165,165,1.0,0.182,1.0
フローラ,S,基礎条件,年齢=3〜5歳,年齢,range,10,10,1.0,30,30,1.0,165,165,1.0,0.182,1.0
フローラ,S,基礎条件,年齢=5歳以下,年齢,range,10,10,1.0,30,30,1.0,165,165,1.0,0.182,1.0
フローラ,S,基礎条件,年齢=6歳以下,年齢,range,10,10,1.0,30,30,1.0,165,165,1.0,0.182,1.0
フローラ,S,基礎条件,斤量=56kg以下,斤量,range,10,10,1.0,30,30,1.0,165,165,1.0,0.182,1.0
フローラ,S,基礎条件,性別=牝,性別,exact,10,10,1.0,30,30,1.0,165,165,1.0,0.182,1.0
フローラ,S,基礎条件,距離ローテ=同距離または延長,距離ローテ,derived,10,10,1.0,29,30,0.967,156,165,0.945,0.186,1.022
フローラ,S,基礎条件,前走着差=0.9秒以内,前走着差タイム,range,10,10,1.0,28,30,0.933,146,165,0.885,0.192,1.055
フローラ,S,基礎条件,前走着順=一桁着順,前走着順,range,10,10,1.0,28,30,0.933,153,165,0.927,0.183,1.007
フローラ,S,基礎条件,キャリア=5戦以内,キャリア,range,10,10,1.0,25,30,0.833,132,165,0.8,0.189,1.042
フローラ,S,基礎条件,前走馬場状態=良,前走馬場状態,exact,10,10,1.0,24,30,0.8,125,165,0.758,0.192,1.056
フローラ,B,強選別条件,枠位置=内25%,馬番相対,derived,10,9,0.9,12,30,0.4,37,165,0.224,0.324,1.784
フローラ,B,強選別条件,馬番=1〜4番,馬番,range,10,9,0.9,12,30,0.4,40,165,0.242,0.3,1.65
フローラ,B,強選別条件,前クラス名=G3,前クラス名,exact,10,9,0.9,12,30,0.4,40,165,0.242,0.3,1.65
フローラ,B,強選別条件,前4角=2〜3番手,前4角,derived,10,9,0.9,10,30,0.333,39,165,0.236,0.256,1.41
フローラ,B,選別条件,前3角=前半位置(相対50%以内),前3角,derived,10,9,0.9,20,30,0.667,96,165,0.582,0.208,1.146
フローラ,B,選別条件,前距離=1800,前距離,exact,10,9,0.9,16,30,0.533,70,165,0.424,0.229,1.257
フローラ,B,選別条件,前走馬体重増減=減,前走馬体重増減,range,10,9,0.9,16,30,0.533,88,165,0.533,0.182,1.0
フローラ,B,選別条件,馬体重増減=減,馬体重増減,range,10,9,0.9,14,30,0.467,69,165,0.418,0.203,1.116
フローラ,B,選別条件,前走頭数=14〜16頭,前走頭数,range,10,9,0.9,12,30,0.4,68,165,0.412,0.176,0.971
フローラ,B,選別条件,前走頭数=16,前走頭数,exact,10,9,0.9,11,30,0.367,50,165,0.303,0.22,1.21
フローラ,B,基礎条件,斤量=54kg,斤量,range,10,9,0.9,27,30,0.9,151,165,0.915,0.179,0.983
フローラ,B,基礎条件,前走斤量=54,前走斤量,exact,10,9,0.9,26,30,0.867,145,165,0.879,0.179,0.986
フローラ,補助,強選別条件,産地=安平町,産地,exact,10,8,0.8,14,30,0.467,58,165,0.352,0.241,1.328
フローラ,補助,強選別条件,前3角=2〜3番手,前3角,derived,10,8,0.8,10,30,0.333,34,165,0.206,0.294,1.618
フローラ,補助,選別条件,間隔=中5〜8週,間隔,range,10,8,0.8,16,30,0.533,70,165,0.424,0.229,1.257
フローラ,補助,選別条件,所属=(栗),所属,exact,10,8,0.8,12,30,0.4,63,165,0.382,0.19,1.048
フローラ,補助,選別条件,前走着差=勝ち/同タイム,前走着差タイム,range,10,8,0.8,12,30,0.4,67,165,0.406,0.179,0.985
フローラ,補助,選別条件,馬番=9番外,馬番,range,10,8,0.8,11,30,0.367,85,165,0.515,0.129,0.712
フローラ,補助,選別条件,毛色=鹿毛,毛色,exact,10,8,0.8,10,30,0.333,75,165,0.455,0.133,0.733
フローラ,補助,選別条件,枠位置=中50%,馬番相対,derived,10,8,0.8,10,30,0.333,82,165,0.497,0.122,0.671
プロキオ,S,選別条件,前走着順=1〜5着,前走着順,range,10,10,1.0,23,30,0.767,93,155,0.6,0.247,1.278
プロキオ,S,選別条件,年齢=4〜6歳,年齢,range,10,10,1.0,23,30,0.767,102,155,0.658,0.225,1.165
プロキオ,S,選別条件,年齢=6歳以下,年齢,range,10,10,1.0,23,30,0.767,104,155,0.671,0.221,1.143
プロキオ,S,選別条件,前3角=前半位置(相対50%以内),前3角,derived,10,10,1.0,21,30,0.7,101,155,0.652,0.208,1.074
プロキオ,S,選別条件,前走着差=0.9秒以内,前走着差タイム,range,10,10,1.0,21,30,0.7,103,155,0.665,0.204,1.053
プロキオ,S,選別条件,前4角=前半位置(相対50%以内),前4角,derived,10,10,1.0,21,30,0.7,108,155,0.697,0.194,1.005
プロキオ,S,選別条件,前走馬場状態=良,前走馬場状態,exact,10,10,1.0,20,30,0.667,93,155,0.6,0.215,1.111
プロキオ,S,選別条件,前走頭数=14〜16頭,前走頭数,range,10,10,1.0,20,30,0.667,116,155,0.748,0.172,0.891
プロキオ,S,選別条件,枠位置=中50%,馬番相対,derived,10,10,1.0,17,30,0.567,79,155,0.51,0.215,1.112
プロキオ,S,選別条件,前走斤量=57,前走斤量,exact,10,10,1.0,16,30,0.533,67,155,0.432,0.239,1.234
プロキオ,S,選別条件,キャリア=21戦以上,キャリア,range,10,10,1.0,16,30,0.533,100,155,0.645,0.16,0.827
プロキオ,S,基礎条件,所属=(栗),所属,exact,10,10,1.0,28,30,0.933,143,155,0.923,0.196,1.012
プロキオ,S,基礎条件,性別=牡,性別,exact,10,10,1.0,28,30,0.933,145,155,0.935,0.193,0.998
プロキオ,S,基礎条件,前走と同じ芝ダ,芝ダローテ,derived,10,10,1.0,28,30,0.933,147,155,0.948,0.19,0.984
プロキオ,S,基礎条件,前芝・ダ=ダ,前芝・ダ,exact,10,10,1.0,28,30,0.933,147,155,0.948,0.19,0.984
プロキオ,S,基礎条件,距離差=±400m以内,距離ローテ,derived,10,10,1.0,28,30,0.933,149,155,0.961,0.188,0.971
プロキオ,S,基礎条件,距離差=±200m以内,距離ローテ,derived,10,10,1.0,26,30,0.867,131,155,0.845,0.198,1.025
プロキオ,S,基礎条件,前走着順=一桁着順,前走着順,range,10,10,1.0,24,30,0.8,122,155,0.787,0.197,1.016
プロキオ,S,基礎条件,距離ローテ=同距離または短縮,距離ローテ,derived,10,10,1.0,23,30,0.767,126,155,0.813,0.183,0.943
プロキオ,S,基礎条件,前走Ｒ=11,前走Ｒ,exact,10,10,1.0,23,30,0.767,135,155,0.871,0.17,0.88
プロキオ,B,強選別条件,前走着差=0.5秒以内,前走着差タイム,range,10,9,0.9,19,30,0.633,74,155,0.477,0.257,1.327
プロキオ,B,強選別条件,前走着差=0.3秒以内,前走着差タイム,range,10,9,0.9,18,30,0.6,59,155,0.381,0.305,1.576
プロキオ,B,強選別条件,前走着順=1〜3着,前走着順,range,10,9,0.9,18,30,0.6,69,155,0.445,0.261,1.348
プロキオ,B,強選別条件,毛色=栗毛,毛色,exact,10,9,0.9,15,30,0.5,45,155,0.29,0.333,1.722
プロキオ,B,選別条件,馬番=9番外,馬番,range,10,9,0.9,17,30,0.567,75,155,0.484,0.227,1.171
プロキオ,B,選別条件,前走頭数=16,前走頭数,exact,10,9,0.9,15,30,0.5,90,155,0.581,0.167,0.861
プロキオ,B,選別条件,前クラス名=オープン,前クラス名,exact,10,9,0.9,14,30,0.467,79,155,0.51,0.177,0.916
プロキオ,B,選別条件,替=*,替,exact,10,9,0.9,14,30,0.467,97,155,0.626,0.144,0.746
プロキオ,補助,強選別条件,前走人気=1〜3人気,前走人気,range,10,8,0.8,17,30,0.567,62,155,0.4,0.274,1.417
プロキオ,補助,強選別条件,キャリア=11〜20戦,キャリア,range,10,8,0.8,13,30,0.433,47,155,0.303,0.277,1.429
プロキオ,補助,選別条件,前走人気=1〜5人気,前走人気,range,10,8,0.8,20,30,0.667,87,155,0.561,0.23,1.188
プロキオ,補助,選別条件,斤量=56kg以下,斤量,range,10,8,0.8,19,30,0.633,92,155,0.594,0.207,1.067
プロキオ,補助,選別条件,斤量=56kg,斤量,range,10,8,0.8,18,30,0.6,87,155,0.561,0.207,1.069
プロキオ,補助,選別条件,年齢=3〜5歳,年齢,range,10,8,0.8,17,30,0.567,70,155,0.452,0.243,1.255
プロキオ,補助,選別条件,年齢=5歳以下,年齢,range,10,8,0.8,17,30,0.567,70,155,0.452,0.243,1.255
プロキオ,補助,選別条件,間隔=中8週以内,間隔,range,10,8,0.8,17,30,0.567,101,155,0.652,0.168,0.87
プロキオ,補助,選別条件,距離ローテ=同距離または延長,距離ローテ,derived,10,8,0.8,16,30,0.533,103,155,0.665,0.155,0.803
プロキオ,補助,選別条件,前走上り3F=36秒以上,前走上り3F,range,10,8,0.8,15,30,0.5,87,155,0.561,0.172,0.891
プロキオ,補助,選別条件,馬体重増減=減,馬体重増減,range,10,8,0.8,12,30,0.4,49,155,0.316,0.245,1.265
プロキオ,補助,選別条件,毛色=鹿毛,毛色,exact,10,8,0.8,10,30,0.333,63,155,0.406,0.159,0.82
ホープフ,S,強選別条件,前走着差=勝ち/同タイム,前走着差タイム,range,10,10,1.0,27,30,0.9,103,153,0.673,0.262,1.337
ホープフ,S,強選別条件,前走人気=1〜3人気,前走人気,range,10,10,1.0,25,30,0.833,92,153,0.601,0.272,1.386
ホープフ,S,強選別条件,枠位置=中50%,馬番相対,derived,10,10,1.0,20,30,0.667,75,153,0.49,0.267,1.36
ホープフ,S,選別条件,前走着差=0.3秒以内,前走着差タイム,range,10,10,1.0,29,30,0.967,119,153,0.778,0.244,1.243
ホープフ,S,選別条件,前走人気=1〜5人気,前走人気,range,10,10,1.0,28,30,0.933,123,153,0.804,0.228,1.161
ホープフ,S,選別条件,前走着順=1〜3着,前走着順,range,10,10,1.0,28,30,0.933,123,153,0.804,0.228,1.161
ホープフ,S,選別条件,前走着順=1着,前走着順,range,10,10,1.0,24,30,0.8,97,153,0.634,0.247,1.262
ホープフ,S,選別条件,前4角=前半位置(相対50%以内),前4角,derived,10,10,1.0,21,30,0.7,99,153,0.647,0.212,1.082
ホープフ,S,選別条件,所属=(栗),所属,exact,10,10,1.0,18,30,0.6,82,153,0.536,0.22,1.12
ホープフ,S,選別条件,距離ローテ=距離延長,距離ローテ,derived,10,10,1.0,16,30,0.533,68,153,0.444,0.235,1.2
ホープフ,S,選別条件,間隔=中5〜8週,間隔,range,10,10,1.0,16,30,0.533,72,153,0.471,0.222,1.133
ホープフ,S,基礎条件,距離差=±400m以内,距離ローテ,derived,10,10,1.0,30,30,1.0,150,153,0.98,0.2,1.02
ホープフ,S,基礎条件,年齢=2歳,年齢,exact,10,10,1.0,30,30,1.0,153,153,1.0,0.196,1.0
ホープフ,S,基礎条件,年齢=5歳以下,年齢,range,10,10,1.0,30,30,1.0,153,153,1.0,0.196,1.0
ホープフ,S,基礎条件,年齢=6歳以下,年齢,range,10,10,1.0,30,30,1.0,153,153,1.0,0.196,1.0
ホープフ,S,基礎条件,斤量=56kg以下,斤量,range,10,10,1.0,30,30,1.0,153,153,1.0,0.196,1.0
ホープフ,S,基礎条件,距離ローテ=同距離または延長,距離ローテ,derived,10,10,1.0,30,30,1.0,153,153,1.0,0.196,1.0
ホープフ,S,基礎条件,前走着差=0.5秒以内,前走着差タイム,range,10,10,1.0,29,30,0.967,129,153,0.843,0.225,1.147
ホープフ,S,基礎条件,前走着順=1〜5着,前走着順,range,10,10,1.0,29,30,0.967,132,153,0.863,0.22,1.12
ホープフ,S,基礎条件,前走と同じ芝ダ,芝ダローテ,derived,10,10,1.0,29,30,0.967,140,153,0.915,0.207,1.056
ホープフ,S,基礎条件,前芝・ダ=芝,前芝・ダ,exact,10,10,1.0,29,30,0.967,140,153,0.915,0.207,1.056
ホープフ,S,基礎条件,前走着差=0.9秒以内,前走着差タイム,range,10,10,1.0,29,30,0.967,141,153,0.922,0.206,1.049
ホープフ,S,基礎条件,前走着順=一桁着順,前走着順,range,10,10,1.0,29,30,0.967,144,153,0.941,0.201,1.027
ホープフ,S,基礎条件,性別=牡,性別,exact,10,10,1.0,29,30,0.967,148,153,0.967,0.196,0.999
ホープフ,S,基礎条件,斤量=55kg,斤量,range,10,10,1.0,28,30,0.933,134,153,0.876,0.209,1.066
ホープフ,S,基礎条件,キャリア=5戦以内,キャリア,range,10,10,1.0,28,30,0.933,148,153,0.967,0.189,0.965
ホープフ,S,基礎条件,前走斤量=55,前走斤量,exact,10,10,1.0,27,30,0.9,123,153,0.804,0.22,1.12
ホープフ,S,基礎条件,距離差=±200m以内,距離ローテ,derived,10,10,1.0,27,30,0.9,140,153,0.915,0.193,0.984
ホープフ,S,基礎条件,間隔=中8週以内,間隔,range,10,10,1.0,21,30,0.7,116,153,0.758,0.181,0.923
ホープフ,B,強選別条件,産地=安平町,産地,exact,10,9,0.9,19,30,0.633,46,153,0.301,0.413,2.107
ホープフ,B,強選別条件,前走人気=1人気,前走人気,range,10,9,0.9,19,30,0.633,47,153,0.307,0.404,2.062
ホープフ,B,強選別条件,馬番=5〜8番,馬番,range,10,9,0.9,15,30,0.5,40,153,0.261,0.375,1.913
ホープフ,B,選別条件,前3角=後半位置(相対50%超),前3角,derived,10,9,0.9,15,30,0.5,63,153,0.412,0.238,1.214
ホープフ,B,選別条件,毛色=鹿毛,毛色,exact,10,9,0.9,15,30,0.5,76,153,0.497,0.197,1.007
ホープフ,B,選別条件,前3角=前半位置(相対50%以内),前3角,derived,10,9,0.9,15,30,0.5,90,153,0.588,0.167,0.85
ホープフ,B,選別条件,替=*,替,exact,10,9,0.9,14,30,0.467,73,153,0.477,0.192,0.978
ホープフ,B,選別条件,距離ローテ=同距離,距離ローテ,derived,10,9,0.9,14,30,0.467,85,153,0.556,0.165,0.84
ホープフ,B,選別条件,距離ローテ=同距離または短縮,距離ローテ,derived,10,9,0.9,14,30,0.467,85,153,0.556,0.165,0.84
ホープフ,B,選別条件,前距離=2000,前距離,exact,10,9,0.9,14,30,0.467,85,153,0.556,0.165,0.84
ホープフ,B,選別条件,前4角=4〜6番手,前4角,derived,10,9,0.9,12,30,0.4,50,153,0.327,0.24,1.224
ホープフ,B,選別条件,前走馬体重増減=増,前走馬体重増減,range,10,9,0.9,12,30,0.4,59,153,0.386,0.203,1.037
ホープフ,B,選別条件,所属=(美),所属,exact,10,9,0.9,12,30,0.4,69,153,0.451,0.174,0.887
ホープフ,B,基礎条件,前走馬場状態=良,前走馬場状態,exact,10,9,0.9,23,30,0.767,125,153,0.817,0.184,0.938
ホープフ,補助,強選別条件,前走上り3F=33秒台以下,前走上り3F,range,10,8,0.8,10,30,0.333,35,153,0.229,0.286,1.457
ホープフ,補助,選別条件,前走頭数=10頭以下,前走頭数,range,10,8,0.8,18,30,0.6,73,153,0.477,0.247,1.258
ホープフ,補助,選別条件,前走Ｒ=9,前走Ｒ,exact,10,8,0.8,14,30,0.467,55,153,0.359,0.255,1.298
ホープフ,補助,選別条件,馬番=1〜6番,馬番,range,10,8,0.8,14,30,0.467,60,153,0.392,0.233,1.19
ホープフ,補助,選別条件,前距離=1800,前距離,exact,10,8,0.8,13,30,0.433,55,153,0.359,0.236,1.205
ホープフ,補助,選別条件,前4角=2〜3番手,前4角,derived,10,8,0.8,10,30,0.333,50,153,0.327,0.2,1.02
ホープフ,補助,選別条件,毛色=黒鹿,毛色,exact,10,8,0.8,9,30,0.3,38,153,0.248,0.237,1.208
マイラー,S,強選別条件,前走人気=1〜5人気,前走人気,range,10,10,1.0,25,30,0.833,74,143,0.517,0.338,1.61
マイラー,S,強選別条件,前走着差=0.5秒以内,前走着差タイム,range,10,10,1.0,25,30,0.833,78,143,0.545,0.321,1.528
マイラー,S,強選別条件,年齢=3〜5歳,年齢,range,10,10,1.0,22,30,0.733,78,143,0.545,0.282,1.344
マイラー,S,強選別条件,年齢=5歳以下,年齢,range,10,10,1.0,22,30,0.733,78,143,0.545,0.282,1.344
マイラー,S,強選別条件,前走着差=0.3秒以内,前走着差タイム,range,10,10,1.0,21,30,0.7,60,143,0.42,0.35,1.668
マイラー,S,強選別条件,前走人気=1〜3人気,前走人気,range,10,10,1.0,19,30,0.633,51,143,0.357,0.373,1.776
マイラー,S,選別条件,前走着順=一桁着順,前走着順,range,10,10,1.0,27,30,0.9,101,143,0.706,0.267,1.274
マイラー,S,選別条件,前走馬場状態=良,前走馬場状態,exact,10,10,1.0,23,30,0.767,95,143,0.664,0.242,1.154
マイラー,S,選別条件,前4角=前半位置(相対50%以内),前4角,derived,10,10,1.0,20,30,0.667,75,143,0.524,0.267,1.271
マイラー,S,選別条件,前3角=前半位置(相対50%以内),前3角,derived,10,10,1.0,18,30,0.6,71,143,0.497,0.254,1.208
マイラー,S,選別条件,替=*,替,exact,10,10,1.0,17,30,0.567,94,143,0.657,0.181,0.862
マイラー,S,選別条件,枠位置=中50%,馬番相対,derived,10,10,1.0,16,30,0.533,73,143,0.51,0.219,1.045
マイラー,S,選別条件,距離ローテ=同距離,距離ローテ,derived,10,10,1.0,16,30,0.533,96,143,0.671,0.167,0.794
マイラー,S,選別条件,前距離=1600,前距離,exact,10,10,1.0,16,30,0.533,96,143,0.671,0.167,0.794
マイラー,S,基礎条件,前走と同じ芝ダ,芝ダローテ,derived,10,10,1.0,30,30,1.0,136,143,0.951,0.221,1.051
マイラー,S,基礎条件,性別=牡,性別,exact,10,10,1.0,30,30,1.0,136,143,0.951,0.221,1.051
マイラー,S,基礎条件,前芝・ダ=芝,前芝・ダ,exact,10,10,1.0,30,30,1.0,136,143,0.951,0.221,1.051
マイラー,S,基礎条件,距離差=±400m以内,距離ローテ,derived,10,10,1.0,29,30,0.967,141,143,0.986,0.206,0.98
マイラー,S,基礎条件,前走着差=0.9秒以内,前走着差タイム,range,10,10,1.0,27,30,0.9,115,143,0.804,0.235,1.119
マイラー,S,基礎条件,所属=(栗),所属,exact,10,10,1.0,27,30,0.9,118,143,0.825,0.229,1.091
マイラー,S,基礎条件,年齢=4〜6歳,年齢,range,10,10,1.0,26,30,0.867,108,143,0.755,0.241,1.148
マイラー,S,基礎条件,年齢=6歳以下,年齢,range,10,10,1.0,26,30,0.867,108,143,0.755,0.241,1.148
マイラー,S,基礎条件,前走Ｒ=11,前走Ｒ,exact,10,10,1.0,26,30,0.867,128,143,0.895,0.203,0.968
マイラー,S,基礎条件,距離差=±200m以内,距離ローテ,derived,10,10,1.0,25,30,0.833,123,143,0.86,0.203,0.969
マイラー,S,基礎条件,距離ローテ=同距離または短縮,距離ローテ,derived,10,10,1.0,24,30,0.8,124,143,0.867,0.194,0.923
マイラー,S,基礎条件,距離ローテ=同距離または延長,距離ローテ,derived,10,10,1.0,22,30,0.733,115,143,0.804,0.191,0.912
マイラー,A,強選別条件,前4角=4〜6番手,前4角,derived,10,10,1.0,14,30,0.467,39,143,0.273,0.359,1.711
マイラー,B,強選別条件,前走着順=1〜5着,前走着順,range,10,9,0.9,21,30,0.7,65,143,0.455,0.323,1.54
マイラー,B,強選別条件,馬番=1〜6番,馬番,range,10,9,0.9,17,30,0.567,60,143,0.42,0.283,1.351
マイラー,B,強選別条件,年齢=4歳,年齢,exact,10,9,0.9,12,30,0.4,43,143,0.301,0.279,1.33
マイラー,B,強選別条件,馬番=1〜4番,馬番,range,10,9,0.9,11,30,0.367,40,143,0.28,0.275,1.311
マイラー,B,選別条件,前走斤量=57,前走斤量,exact,10,9,0.9,14,30,0.467,57,143,0.399,0.246,1.171
マイラー,B,選別条件,前走上り3F=34秒台,前走上り3F,range,10,9,0.9,12,30,0.4,52,143,0.364,0.231,1.1
マイラー,補助,強選別条件,馬番=5〜8番,馬番,range,10,8,0.8,11,30,0.367,40,143,0.28,0.275,1.311
マイラー,補助,強選別条件,年齢=5歳,年齢,exact,10,8,0.8,10,30,0.333,35,143,0.245,0.286,1.362
マイラー,補助,強選別条件,キャリア=6〜10戦,キャリア,range,10,8,0.8,9,30,0.3,24,143,0.168,0.375,1.788
マイラー,補助,選別条件,斤量=56kg,斤量,range,10,8,0.8,19,30,0.633,97,143,0.678,0.196,0.934
マイラー,補助,選別条件,斤量=56kg以下,斤量,range,10,8,0.8,19,30,0.633,99,143,0.692,0.192,0.915
マイラー,補助,選別条件,キャリア=11〜20戦,キャリア,range,10,8,0.8,16,30,0.533,63,143,0.441,0.254,1.211
マイラー,補助,選別条件,前走頭数=14〜16頭,前走頭数,range,10,8,0.8,14,30,0.467,84,143,0.587,0.167,0.794
マイラー,補助,選別条件,間隔=中8週以内,間隔,range,10,8,0.8,12,30,0.4,83,143,0.58,0.145,0.689
マイラー,補助,選別条件,産地=安平町,産地,exact,10,8,0.8,9,30,0.3,39,143,0.273,0.231,1.1
マイルチ,S,強選別条件,前走着差=0.5秒以内,前走着差タイム,range,10,10,1.0,29,30,0.967,109,172,0.634,0.266,1.525
マイルチ,S,強選別条件,前走人気=1〜5人気,前走人気,range,10,10,1.0,29,30,0.967,110,172,0.64,0.264,1.512
マイルチ,S,強選別条件,前走着順=1〜5着,前走着順,range,10,10,1.0,28,30,0.933,107,172,0.622,0.262,1.5
マイルチ,S,強選別条件,前走人気=1〜3人気,前走人気,range,10,10,1.0,23,30,0.767,79,172,0.459,0.291,1.669
マイルチ,S,強選別条件,前走着順=1〜3着,前走着順,range,10,10,1.0,22,30,0.733,75,172,0.436,0.293,1.682
マイルチ,S,強選別条件,キャリア=11〜20戦,キャリア,range,10,10,1.0,21,30,0.7,72,172,0.419,0.292,1.672
マイルチ,S,選別条件,前走着順=一桁着順,前走着順,range,10,10,1.0,30,30,1.0,135,172,0.785,0.222,1.274
マイルチ,S,選別条件,前走着差=0.9秒以内,前走着差タイム,range,10,10,1.0,30,30,1.0,139,172,0.808,0.216,1.237
マイルチ,S,選別条件,年齢=3〜5歳,年齢,range,10,10,1.0,28,30,0.933,138,172,0.802,0.203,1.163
マイルチ,S,選別条件,年齢=5歳以下,年齢,range,10,10,1.0,28,30,0.933,138,172,0.802,0.203,1.163
マイルチ,S,選別条件,年齢=4〜6歳,年齢,range,10,10,1.0,24,30,0.8,121,172,0.703,0.198,1.137
マイルチ,S,選別条件,所属=(栗),所属,exact,10,10,1.0,22,30,0.733,128,172,0.744,0.172,0.985
マイルチ,S,選別条件,前4角=前半位置(相対50%以内),前4角,derived,10,10,1.0,19,30,0.633,98,172,0.57,0.194,1.112
マイルチ,S,選別条件,前3角=前半位置(相対50%以内),前3角,derived,10,10,1.0,19,30,0.633,99,172,0.576,0.192,1.1
マイルチ,S,選別条件,前クラス名=G2,前クラス名,exact,10,10,1.0,16,30,0.533,87,172,0.506,0.184,1.054
マイルチ,S,選別条件,間隔=中4週以内,間隔,range,10,10,1.0,16,30,0.533,100,172,0.581,0.16,0.917
マイルチ,S,選別条件,馬体重増減=増,馬体重増減,range,10,10,1.0,15,30,0.5,78,172,0.453,0.192,1.103
マイルチ,S,基礎条件,年齢=6歳以下,年齢,range,10,10,1.0,30,30,1.0,157,172,0.913,0.191,1.096
マイルチ,S,基礎条件,距離差=±400m以内,距離ローテ,derived,10,10,1.0,30,30,1.0,169,172,0.983,0.178,1.018
マイルチ,S,基礎条件,前走Ｒ=11,前走Ｒ,exact,10,10,1.0,30,30,1.0,170,172,0.988,0.176,1.012
マイルチ,S,基礎条件,前走と同じ芝ダ,芝ダローテ,derived,10,10,1.0,30,30,1.0,171,172,0.994,0.175,1.006
マイルチ,S,基礎条件,前芝・ダ=芝,前芝・ダ,exact,10,10,1.0,30,30,1.0,171,172,0.994,0.175,1.006
マイルチ,S,基礎条件,間隔=中8週以内,間隔,range,10,10,1.0,26,30,0.867,146,172,0.849,0.178,1.021
マイルチ,S,基礎条件,性別=牡,性別,exact,10,10,1.0,26,30,0.867,146,172,0.849,0.178,1.021
マイルチ,S,基礎条件,距離ローテ=同距離または短縮,距離ローテ,derived,10,10,1.0,24,30,0.8,130,172,0.756,0.185,1.058
マイルチ,S,基礎条件,距離差=±200m以内,距離ローテ,derived,10,10,1.0,23,30,0.767,146,172,0.849,0.158,0.903
マイルチ,B,強選別条件,前走着差=0.3秒以内,前走着差タイム,range,10,9,0.9,21,30,0.7,82,172,0.477,0.256,1.468
マイルチ,B,強選別条件,前3角=2〜3番手,前3角,derived,10,9,0.9,10,30,0.333,34,172,0.198,0.294,1.686
マイルチ,B,選別条件,距離ローテ=同距離または延長,距離ローテ,derived,10,9,0.9,17,30,0.567,117,172,0.68,0.145,0.833
マイルチ,B,選別条件,替=*,替,exact,10,9,0.9,16,30,0.533,86,172,0.5,0.186,1.067
マイルチ,B,選別条件,枠位置=中50%,馬番相対,derived,10,9,0.9,14,30,0.467,84,172,0.488,0.167,0.956
マイルチ,B,選別条件,毛色=鹿毛,毛色,exact,10,9,0.9,14,30,0.467,92,172,0.535,0.152,0.872
マイルチ,B,選別条件,前走上り3F=34秒台,前走上り3F,range,10,9,0.9,13,30,0.433,59,172,0.343,0.22,1.263
マイルチ,B,選別条件,馬番=1〜6番,馬番,range,10,9,0.9,13,30,0.433,60,172,0.349,0.217,1.242
マイルチ,B,選別条件,距離ローテ=同距離,距離ローテ,derived,10,9,0.9,11,30,0.367,75,172,0.436,0.147,0.841
マイルチ,B,選別条件,前距離=1600,前距離,exact,10,9,0.9,11,30,0.367,75,172,0.436,0.147,0.841
マイルチ,B,基礎条件,前走馬場状態=良,前走馬場状態,exact,10,9,0.9,25,30,0.833,139,172,0.808,0.18,1.031
マイルチ,補助,強選別条件,産地=安平町,産地,exact,10,8,0.8,18,30,0.6,60,172,0.349,0.3,1.72
マイルチ,補助,強選別条件,距離ローテ=距離短縮,距離ローテ,derived,10,8,0.8,13,30,0.433,55,172,0.32,0.236,1.355
マイルチ,補助,強選別条件,前4角=2〜3番手,前4角,derived,10,8,0.8,10,30,0.333,33,172,0.192,0.303,1.737
マイルチ,補助,選別条件,斤量=57kg,斤量,range,10,8,0.8,18,30,0.6,104,172,0.605,0.173,0.992
マイルチ,補助,選別条件,前走頭数=14〜16頭,前走頭数,range,10,8,0.8,14,30,0.467,68,172,0.395,0.206,1.18
マイルチ,補助,選別条件,前走上り3F=33秒台以下,前走上り3F,range,10,8,0.8,14,30,0.467,73,172,0.424,0.192,1.1
マイルチ,補助,選別条件,前走馬体重増減=増,前走馬体重増減,range,10,8,0.8,13,30,0.433,67,172,0.39,0.194,1.112
マイルチ,補助,選別条件,馬番=9番外,馬番,range,10,8,0.8,12,30,0.4,92,172,0.535,0.13,0.748
マイルチ,補助,選別条件,前3角=後半位置(相対50%超),前3角,derived,10,8,0.8,11,30,0.367,73,172,0.424,0.151,0.864
マイルチ,補助,選別条件,前4角=後半位置(相対50%超),前4角,derived,10,8,0.8,11,30,0.367,74,172,0.43,0.149,0.852
マイルチ,補助,選別条件,間隔=中5〜8週,間隔,range,10,8,0.8,10,30,0.333,46,172,0.267,0.217,1.246
マイルチ,補助,選別条件,種牡馬=ディープインパクト,種牡馬,exact,10,8,0.8,9,30,0.3,42,172,0.244,0.214,1.229
マーチSH,S,強選別条件,前走着差=0.9秒以内,前走着差タイム,range,10,10,1.0,25,31,0.806,96,158,0.608,0.26,1.327
マーチSH,S,強選別条件,前走着差=0.5秒以内,前走着差タイム,range,10,10,1.0,21,31,0.677,69,158,0.437,0.304,1.551
マーチSH,S,強選別条件,前走着順=1〜3着,前走着順,range,10,10,1.0,18,31,0.581,65,158,0.411,0.277,1.411
マーチSH,S,強選別条件,前走着差=0.3秒以内,前走着差タイム,range,10,10,1.0,17,31,0.548,57,158,0.361,0.298,1.52
マーチSH,S,選別条件,前走着順=一桁着順,前走着順,range,10,10,1.0,28,31,0.903,123,158,0.778,0.228,1.16
マーチSH,S,選別条件,前走上り3F=36秒以上,前走上り3F,range,10,10,1.0,25,31,0.806,118,158,0.747,0.212,1.08
マーチSH,S,選別条件,年齢=4〜6歳,年齢,range,10,10,1.0,24,31,0.774,113,158,0.715,0.212,1.083
マーチSH,S,選別条件,年齢=6歳以下,年齢,range,10,10,1.0,24,31,0.774,113,158,0.715,0.212,1.083
マーチSH,S,選別条件,前3角=前半位置(相対50%以内),前3角,derived,10,10,1.0,23,31,0.742,98,158,0.62,0.235,1.196
マーチSH,S,選別条件,前4角=前半位置(相対50%以内),前4角,derived,10,10,1.0,23,31,0.742,103,158,0.652,0.223,1.138
マーチSH,S,選別条件,前走着順=1〜5着,前走着順,range,10,10,1.0,22,31,0.71,87,158,0.551,0.253,1.289
マーチSH,S,選別条件,前走馬場状態=良,前走馬場状態,exact,10,10,1.0,22,31,0.71,96,158,0.608,0.229,1.168
マーチSH,S,選別条件,距離ローテ=同距離または延長,距離ローテ,derived,10,10,1.0,21,31,0.677,98,158,0.62,0.214,1.092
マーチSH,S,選別条件,替=*,替,exact,10,10,1.0,20,31,0.645,108,158,0.684,0.185,0.944
マーチSH,S,選別条件,距離ローテ=同距離,距離ローテ,derived,10,10,1.0,18,31,0.581,79,158,0.5,0.228,1.161
マーチSH,S,選別条件,前距離=1800,前距離,exact,10,10,1.0,18,31,0.581,79,158,0.5,0.228,1.161
マーチSH,S,基礎条件,前走と同じ芝ダ,芝ダローテ,derived,10,10,1.0,31,31,1.0,150,158,0.949,0.207,1.053
マーチSH,S,基礎条件,前芝・ダ=ダ,前芝・ダ,exact,10,10,1.0,31,31,1.0,150,158,0.949,0.207,1.053
マーチSH,S,基礎条件,距離差=±400m以内,距離ローテ,derived,10,10,1.0,31,31,1.0,154,158,0.975,0.201,1.026
マーチSH,S,基礎条件,性別=牡,性別,exact,10,10,1.0,30,31,0.968,149,158,0.943,0.201,1.026
マーチSH,S,基礎条件,距離差=±200m以内,距離ローテ,derived,10,10,1.0,29,31,0.935,140,158,0.886,0.207,1.056
マーチSH,S,基礎条件,距離ローテ=同距離または短縮,距離ローテ,derived,10,10,1.0,28,31,0.903,139,158,0.88,0.201,1.027
マーチSH,A,選別条件,所属=(美),所属,exact,10,10,1.0,14,31,0.452,69,158,0.437,0.203,1.034
マーチSH,B,強選別条件,前走人気=1〜5人気,前走人気,range,10,9,0.9,21,31,0.677,81,158,0.513,0.259,1.321
マーチSH,B,強選別条件,キャリア=11〜20戦,キャリア,range,10,9,0.9,15,31,0.484,52,158,0.329,0.288,1.47
マーチSH,B,強選別条件,前走斤量=57,前走斤量,exact,10,9,0.9,13,31,0.419,49,158,0.31,0.265,1.352
マーチSH,B,選別条件,前走頭数=14〜16頭,前走頭数,range,10,9,0.9,24,31,0.774,106,158,0.671,0.226,1.154
マーチSH,B,選別条件,間隔=中8週以内,間隔,range,10,9,0.9,18,31,0.581,103,158,0.652,0.175,0.891
マーチSH,B,選別条件,馬番=9番外,馬番,range,10,9,0.9,17,31,0.548,78,158,0.494,0.218,1.111
マーチSH,B,選別条件,所属=(栗),所属,exact,10,9,0.9,16,31,0.516,87,158,0.551,0.184,0.937
マーチSH,B,選別条件,前クラス名=オープン,前クラス名,exact,10,9,0.9,15,31,0.484,67,158,0.424,0.224,1.141
マーチSH,B,選別条件,馬体重増減=減,馬体重増減,range,10,9,0.9,15,31,0.484,73,158,0.462,0.205,1.047
マーチSH,B,選別条件,前走斤量=56,前走斤量,exact,10,9,0.9,13,31,0.419,62,158,0.392,0.21,1.069
マーチSH,B,選別条件,毛色=鹿毛,毛色,exact,10,9,0.9,13,31,0.419,65,158,0.411,0.2,1.019
マーチSH,B,選別条件,年齢=6歳,年齢,exact,10,9,0.9,12,31,0.387,52,158,0.329,0.231,1.176
マーチSH,補助,強選別条件,前走人気=1〜3人気,前走人気,range,10,8,0.8,15,31,0.484,56,158,0.354,0.268,1.365
マーチSH,補助,選別条件,前走Ｒ=11,前走Ｒ,exact,10,8,0.8,19,31,0.613,100,158,0.633,0.19,0.968
マーチSH,補助,選別条件,枠位置=中50%,馬番相対,derived,10,8,0.8,15,31,0.484,79,158,0.5,0.19,0.968
マーチSH,補助,選別条件,斤量=56kg以下,斤量,range,10,8,0.8,15,31,0.484,85,158,0.538,0.176,0.899
マーチSH,補助,選別条件,前走馬体重増減=増,前走馬体重増減,range,10,8,0.8,14,31,0.452,61,158,0.386,0.23,1.17
マーチSH,補助,選別条件,年齢=3〜5歳,年齢,range,10,8,0.8,12,31,0.387,61,158,0.386,0.197,1.003
マーチSH,補助,選別条件,年齢=5歳以下,年齢,range,10,8,0.8,12,31,0.387,61,158,0.386,0.197,1.003
マーチSH,補助,選別条件,前走馬体重増減=減,前走馬体重増減,range,10,8,0.8,11,31,0.355,53,158,0.335,0.208,1.058
マーチSH,補助,選別条件,馬番=1〜6番,馬番,range,10,8,0.8,11,31,0.355,60,158,0.38,0.183,0.934
マーチSH,補助,選別条件,間隔=中4週以内,間隔,range,10,8,0.8,11,31,0.355,69,158,0.437,0.159,0.813
マーチSH,補助,選別条件,距離ローテ=距離短縮,距離ローテ,derived,10,8,0.8,10,31,0.323,60,158,0.38,0.167,0.849
マーメイH,S,選別条件,所属=(栗),所属,exact,10,10,1.0,23,30,0.767,111,150,0.74,0.207,1.036
マーメイH,S,選別条件,前走着差=0.5秒以内,前走着差タイム,range,10,10,1.0,22,30,0.733,86,150,0.573,0.256,1.279
マーメイH,S,選別条件,前走着順=1〜5着,前走着順,range,10,10,1.0,21,30,0.7,85,150,0.567,0.247,1.235
マーメイH,S,選別条件,前3角=前半位置(相対50%以内),前3角,derived,10,10,1.0,19,30,0.633,85,150,0.567,0.224,1.118
マーメイH,S,選別条件,替=*,替,exact,10,10,1.0,19,30,0.633,111,150,0.74,0.171,0.856
マーメイH,S,選別条件,間隔=中8週以内,間隔,range,10,10,1.0,19,30,0.633,112,150,0.747,0.17,0.848
マーメイH,S,選別条件,前走人気=1〜5人気,前走人気,range,10,10,1.0,18,30,0.6,74,150,0.493,0.243,1.216
マーメイH,S,選別条件,前4角=前半位置(相対50%以内),前4角,derived,10,10,1.0,18,30,0.6,81,150,0.54,0.222,1.111
マーメイH,S,選別条件,馬番=1〜6番,馬番,range,10,10,1.0,15,30,0.5,60,150,0.4,0.25,1.25
マーメイH,S,基礎条件,距離差=±400m以内,距離ローテ,derived,10,10,1.0,30,30,1.0,147,150,0.98,0.204,1.02
マーメイH,S,基礎条件,前走と同じ芝ダ,芝ダローテ,derived,10,10,1.0,30,30,1.0,147,150,0.98,0.204,1.02
マーメイH,S,基礎条件,前芝・ダ=芝,前芝・ダ,exact,10,10,1.0,30,30,1.0,147,150,0.98,0.204,1.02
マーメイH,S,基礎条件,斤量=56kg以下,斤量,range,10,10,1.0,30,30,1.0,149,150,0.993,0.201,1.007
マーメイH,S,基礎条件,性別=牝,性別,exact,10,10,1.0,30,30,1.0,150,150,1.0,0.2,1.0
マーメイH,S,基礎条件,年齢=4〜6歳,年齢,range,10,10,1.0,29,30,0.967,145,150,0.967,0.2,1.0
マーメイH,S,基礎条件,年齢=6歳以下,年齢,range,10,10,1.0,29,30,0.967,146,150,0.973,0.199,0.993
マーメイH,S,基礎条件,前走着順=一桁着順,前走着順,range,10,10,1.0,27,30,0.9,120,150,0.8,0.225,1.125
マーメイH,S,基礎条件,前走着差=0.9秒以内,前走着差タイム,range,10,10,1.0,27,30,0.9,122,150,0.813,0.221,1.107
マーメイH,S,基礎条件,年齢=3〜5歳,年齢,range,10,10,1.0,26,30,0.867,126,150,0.84,0.206,1.032
マーメイH,S,基礎条件,年齢=5歳以下,年齢,range,10,10,1.0,26,30,0.867,126,150,0.84,0.206,1.032
マーメイH,S,基礎条件,距離差=±200m以内,距離ローテ,derived,10,10,1.0,25,30,0.833,120,150,0.8,0.208,1.042
マーメイH,S,基礎条件,距離ローテ=同距離または延長,距離ローテ,derived,10,10,1.0,25,30,0.833,133,150,0.887,0.188,0.94
マーメイH,S,基礎条件,前走馬場状態=良,前走馬場状態,exact,10,10,1.0,24,30,0.8,125,150,0.833,0.192,0.96
マーメイH,B,強選別条件,馬番=1〜4番,馬番,range,10,9,0.9,11,30,0.367,40,150,0.267,0.275,1.375
マーメイH,B,選別条件,前走着差=0.3秒以内,前走着差タイム,range,10,9,0.9,16,30,0.533,63,150,0.42,0.254,1.27
マーメイH,B,選別条件,年齢=5歳,年齢,exact,10,9,0.9,15,30,0.5,73,150,0.487,0.205,1.027
マーメイH,B,選別条件,前走馬体重増減=増,前走馬体重増減,range,10,9,0.9,13,30,0.433,58,150,0.387,0.224,1.121
マーメイH,B,選別条件,馬番=9番外,馬番,range,10,9,0.9,12,30,0.4,70,150,0.467,0.171,0.857
マーメイH,補助,選別条件,キャリア=11〜20戦,キャリア,range,10,8,0.8,18,30,0.6,83,150,0.553,0.217,1.084
マーメイH,補助,選別条件,距離ローテ=距離延長,距離ローテ,derived,10,8,0.8,18,30,0.6,97,150,0.647,0.186,0.928
マーメイH,補助,選別条件,前距離=1800,前距離,exact,10,8,0.8,15,30,0.5,78,150,0.52,0.192,0.962
マーメイH,補助,選別条件,前走斤量=55,前走斤量,exact,10,8,0.8,14,30,0.467,64,150,0.427,0.219,1.094
マーメイH,補助,選別条件,前走Ｒ=11,前走Ｒ,exact,10,8,0.8,14,30,0.467,85,150,0.567,0.165,0.824
マーメイH,補助,選別条件,前走着順=1〜3着,前走着順,range,10,8,0.8,13,30,0.433,56,150,0.373,0.232,1.161
マーメイH,補助,選別条件,前走人気=1〜3人気,前走人気,range,10,8,0.8,12,30,0.4,53,150,0.353,0.226,1.132
マーメイH,補助,選別条件,馬体重増減=増,馬体重増減,range,10,8,0.8,12,30,0.4,54,150,0.36,0.222,1.111
マーメイH,補助,選別条件,前4角=後半位置(相対50%超),前4角,derived,10,8,0.8,12,30,0.4,69,150,0.46,0.174,0.87
マーメイH,補助,選別条件,前3角=後半位置(相対50%超),前3角,derived,10,8,0.8,11,30,0.367,65,150,0.433,0.169,0.846
マーメイH,補助,選別条件,枠位置=中50%,馬番相対,derived,10,8,0.8,11,30,0.367,75,150,0.5,0.147,0.733
マーメイH,補助,選別条件,枠位置=外25%,馬番相対,derived,10,8,0.8,10,30,0.333,39,150,0.26,0.256,1.282
マーメイH,補助,選別条件,馬体重増減=減,馬体重増減,range,10,8,0.8,10,30,0.333,57,150,0.38,0.175,0.877
マーメイH,補助,選別条件,枠位置=内25%,馬番相対,derived,10,8,0.8,9,30,0.3,36,150,0.24,0.25,1.25
マーメイH,補助,選別条件,毛色=黒鹿,毛色,exact,10,8,0.8,9,30,0.3,36,150,0.24,0.25,1.25
マーメイH,補助,選別条件,前3角=後方(相対65%超),前3角,derived,10,8,0.8,9,30,0.3,51,150,0.34,0.176,0.882
マーメイH,補助,選別条件,前4角=後方(相対65%超),前4角,derived,10,8,0.8,9,30,0.3,53,150,0.353,0.17,0.849
ユニコー,S,選別条件,前走着差=0.5秒以内,前走着差タイム,range,10,10,1.0,24,30,0.8,116,157,0.739,0.207,1.083
ユニコー,S,選別条件,前走斤量=56,前走斤量,exact,10,10,1.0,22,30,0.733,103,157,0.656,0.214,1.118
ユニコー,S,選別条件,前走着順=1〜3着,前走着順,range,10,10,1.0,22,30,0.733,106,157,0.675,0.208,1.086
ユニコー,S,選別条件,前走人気=1〜5人気,前走人気,range,10,10,1.0,21,30,0.7,94,157,0.599,0.223,1.169
ユニコー,S,選別条件,前4角=前半位置(相対50%以内),前4角,derived,10,10,1.0,21,30,0.7,102,157,0.65,0.206,1.077
ユニコー,S,選別条件,前走着差=0.3秒以内,前走着差タイム,range,10,10,1.0,21,30,0.7,105,157,0.669,0.2,1.047
ユニコー,S,選別条件,前3角=前半位置(相対50%以内),前3角,derived,10,10,1.0,20,30,0.667,95,157,0.605,0.211,1.102
ユニコー,S,選別条件,間隔=中5〜8週,間隔,range,10,10,1.0,20,30,0.667,101,157,0.643,0.198,1.036
ユニコー,S,選別条件,距離ローテ=同距離または延長,距離ローテ,derived,10,10,1.0,19,30,0.633,114,157,0.726,0.167,0.872
ユニコー,S,選別条件,前走人気=1〜3人気,前走人気,range,10,10,1.0,17,30,0.567,75,157,0.478,0.227,1.186
ユニコー,S,選別条件,前走上り3F=36秒以上,前走上り3F,range,10,10,1.0,16,30,0.533,109,157,0.694,0.147,0.768
ユニコー,S,基礎条件,前走着順=一桁着順,前走着順,range,10,10,1.0,30,30,1.0,143,157,0.911,0.21,1.098
ユニコー,S,基礎条件,年齢=3歳,年齢,exact,10,10,1.0,30,30,1.0,157,157,1.0,0.191,1.0
ユニコー,S,基礎条件,年齢=3〜5歳,年齢,range,10,10,1.0,30,30,1.0,157,157,1.0,0.191,1.0
ユニコー,S,基礎条件,年齢=5歳以下,年齢,range,10,10,1.0,30,30,1.0,157,157,1.0,0.191,1.0
ユニコー,S,基礎条件,年齢=6歳以下,年齢,range,10,10,1.0,30,30,1.0,157,157,1.0,0.191,1.0
ユニコー,S,基礎条件,距離差=±400m以内,距離ローテ,derived,10,10,1.0,30,30,1.0,157,157,1.0,0.191,1.0
ユニコー,S,基礎条件,性別=牡,性別,exact,10,10,1.0,29,30,0.967,144,157,0.917,0.201,1.054
ユニコー,S,基礎条件,前走と同じ芝ダ,芝ダローテ,derived,10,10,1.0,29,30,0.967,145,157,0.924,0.2,1.047
ユニコー,S,基礎条件,前芝・ダ=ダ,前芝・ダ,exact,10,10,1.0,29,30,0.967,145,157,0.924,0.2,1.047
ユニコー,S,基礎条件,前走着順=1〜5着,前走着順,range,10,10,1.0,27,30,0.9,126,157,0.803,0.214,1.121
ユニコー,S,基礎条件,前走着差=0.9秒以内,前走着差タイム,range,10,10,1.0,25,30,0.833,127,157,0.809,0.197,1.03
ユニコー,S,基礎条件,距離差=±200m以内,距離ローテ,derived,10,10,1.0,25,30,0.833,141,157,0.898,0.177,0.928
ユニコー,S,基礎条件,前走馬場状態=良,前走馬場状態,exact,10,10,1.0,23,30,0.767,118,157,0.752,0.195,1.02
ユニコー,S,基礎条件,間隔=中8週以内,間隔,range,10,10,1.0,22,30,0.733,134,157,0.854,0.164,0.859
ユニコー,A,選別条件,馬番=9番外,馬番,range,10,10,1.0,14,30,0.467,77,157,0.49,0.182,0.952
ユニコー,A,選別条件,枠位置=中50%,馬番相対,derived,10,10,1.0,14,30,0.467,80,157,0.51,0.175,0.916
ユニコー,B,選別条件,距離ローテ=同距離または短縮,距離ローテ,derived,10,9,0.9,25,30,0.833,105,157,0.669,0.238,1.246
ユニコー,B,選別条件,前走着差=勝ち/同タイム,前走着差タイム,range,10,9,0.9,16,30,0.533,88,157,0.561,0.182,0.952
ユニコー,B,選別条件,替=*,替,exact,10,9,0.9,16,30,0.533,94,157,0.599,0.17,0.891
ユニコー,B,選別条件,前走着順=1着,前走着順,range,10,9,0.9,15,30,0.5,81,157,0.516,0.185,0.969
ユニコー,B,選別条件,前走頭数=14〜16頭,前走頭数,range,10,9,0.9,14,30,0.467,73,157,0.465,0.192,1.004
ユニコー,B,選別条件,馬番=1〜6番,馬番,range,10,9,0.9,12,30,0.4,60,157,0.382,0.2,1.047
ユニコー,B,基礎条件,斤量=56kg,斤量,range,10,9,0.9,26,30,0.867,128,157,0.815,0.203,1.063
ユニコー,B,基礎条件,斤量=56kg以下,斤量,range,10,9,0.9,26,30,0.867,140,157,0.892,0.186,0.972
ユニコー,補助,選別条件,馬番=5〜8番,馬番,range,10,9,0.9,9,30,0.3,40,157,0.255,0.225,1.177
ユニコー,補助,選別条件,前クラス名=オープン,前クラス名,exact,10,8,0.8,16,30,0.533,65,157,0.414,0.246,1.288
ユニコー,補助,選別条件,所属=(美),所属,exact,10,8,0.8,16,30,0.533,67,157,0.427,0.239,1.25
ユニコー,補助,選別条件,前距離=1600,前距離,exact,10,8,0.8,15,30,0.5,62,157,0.395,0.242,1.266
ユニコー,補助,選別条件,所属=(栗),所属,exact,10,8,0.8,14,30,0.467,89,157,0.567,0.157,0.823
ユニコー,補助,選別条件,馬体重増減=減,馬体重増減,range,10,8,0.8,13,30,0.433,61,157,0.389,0.213,1.115
ユニコー,補助,選別条件,枠位置=外25%,馬番相対,derived,10,8,0.8,9,30,0.3,40,157,0.255,0.225,1.177
ラジオNIH,S,強選別条件,間隔=中5〜8週,間隔,range,10,10,1.0,20,30,0.667,64,142,0.451,0.312,1.479
ラジオNIH,S,強選別条件,馬番=1〜6番,馬番,range,10,10,1.0,17,30,0.567,60,142,0.423,0.283,1.341
ラジオNIH,S,選別条件,間隔=中8週以内,間隔,range,10,10,1.0,23,30,0.767,86,142,0.606,0.267,1.266
ラジオNIH,S,選別条件,前4角=前半位置(相対50%以内),前4角,derived,10,10,1.0,23,30,0.767,103,142,0.725,0.223,1.057
ラジオNIH,S,選別条件,前走着順=一桁着順,前走着順,range,10,10,1.0,22,30,0.733,105,142,0.739,0.21,0.992
ラジオNIH,S,選別条件,前走着差=0.9秒以内,前走着差タイム,range,10,10,1.0,22,30,0.733,105,142,0.739,0.21,0.992
ラジオNIH,S,選別条件,前走人気=1〜5人気,前走人気,range,10,10,1.0,20,30,0.667,81,142,0.57,0.247,1.169
ラジオNIH,S,選別条件,前走着差=0.5秒以内,前走着差タイム,range,10,10,1.0,20,30,0.667,90,142,0.634,0.222,1.052
ラジオNIH,S,選別条件,前3角=前半位置(相対50%以内),前3角,derived,10,10,1.0,20,30,0.667,97,142,0.683,0.206,0.976
ラジオNIH,S,選別条件,毛色=鹿毛,毛色,exact,10,10,1.0,19,30,0.633,76,142,0.535,0.25,1.183
ラジオNIH,S,選別条件,前走着順=1〜5着,前走着順,range,10,10,1.0,19,30,0.633,88,142,0.62,0.216,1.022
ラジオNIH,S,選別条件,キャリア=6〜10戦,キャリア,range,10,10,1.0,17,30,0.567,77,142,0.542,0.221,1.045
ラジオNIH,S,基礎条件,前走と同じ芝ダ,芝ダローテ,derived,10,10,1.0,30,30,1.0,138,142,0.972,0.217,1.029
ラジオNIH,S,基礎条件,前芝・ダ=芝,前芝・ダ,exact,10,10,1.0,30,30,1.0,138,142,0.972,0.217,1.029
ラジオNIH,S,基礎条件,年齢=3歳,年齢,exact,10,10,1.0,30,30,1.0,142,142,1.0,0.211,1.0
ラジオNIH,S,基礎条件,年齢=3〜5歳,年齢,range,10,10,1.0,30,30,1.0,142,142,1.0,0.211,1.0
ラジオNIH,S,基礎条件,年齢=5歳以下,年齢,range,10,10,1.0,30,30,1.0,142,142,1.0,0.211,1.0
ラジオNIH,S,基礎条件,年齢=6歳以下,年齢,range,10,10,1.0,30,30,1.0,142,142,1.0,0.211,1.0
ラジオNIH,S,基礎条件,性別=牡,性別,exact,10,10,1.0,29,30,0.967,122,142,0.859,0.238,1.125
ラジオNIH,S,基礎条件,斤量=56kg以下,斤量,range,10,10,1.0,29,30,0.967,135,142,0.951,0.215,1.017
ラジオNIH,S,基礎条件,前走馬場状態=良,前走馬場状態,exact,10,10,1.0,28,30,0.933,119,142,0.838,0.235,1.114
ラジオNIH,S,基礎条件,距離差=±400m以内,距離ローテ,derived,10,10,1.0,27,30,0.9,129,142,0.908,0.209,0.991
ラジオNIH,S,基礎条件,距離差=±200m以内,距離ローテ,derived,10,10,1.0,26,30,0.867,116,142,0.817,0.224,1.061
ラジオNIH,S,基礎条件,距離ローテ=同距離または短縮,距離ローテ,derived,10,10,1.0,25,30,0.833,107,142,0.754,0.234,1.106
ラジオNIH,B,強選別条件,距離ローテ=距離短縮,距離ローテ,derived,10,9,0.9,18,30,0.6,62,142,0.437,0.29,1.374
ラジオNIH,B,強選別条件,馬番=1〜4番,馬番,range,10,9,0.9,12,30,0.4,40,142,0.282,0.3,1.42
ラジオNIH,B,強選別条件,枠位置=内25%,馬番相対,derived,10,9,0.9,11,30,0.367,35,142,0.246,0.314,1.488
ラジオNIH,B,選別条件,前走斤量=56,前走斤量,exact,10,9,0.9,18,30,0.6,70,142,0.493,0.257,1.217
ラジオNIH,B,選別条件,前走着順=1〜3着,前走着順,range,10,9,0.9,18,30,0.6,73,142,0.514,0.247,1.167
ラジオNIH,B,選別条件,所属=(美),所属,exact,10,9,0.9,17,30,0.567,82,142,0.577,0.207,0.981
ラジオNIH,B,選別条件,前走着差=0.3秒以内,前走着差タイム,range,10,9,0.9,17,30,0.567,83,142,0.585,0.205,0.969
ラジオNIH,B,選別条件,替=*,替,exact,10,9,0.9,16,30,0.533,81,142,0.57,0.198,0.935
ラジオNIH,B,選別条件,前走人気=1〜3人気,前走人気,range,10,9,0.9,13,30,0.433,53,142,0.373,0.245,1.161
ラジオNIH,B,選別条件,キャリア=5戦以内,キャリア,range,10,9,0.9,13,30,0.433,63,142,0.444,0.206,0.977
ラジオNIH,B,選別条件,馬体重増減=減,馬体重増減,range,10,9,0.9,11,30,0.367,46,142,0.324,0.239,1.132
ラジオNIH,補助,強選別条件,前距離=2000,前距離,exact,10,8,0.8,14,30,0.467,42,142,0.296,0.333,1.578
ラジオNIH,補助,強選別条件,前3角=1番手,前3角,derived,10,8,0.8,10,30,0.333,26,142,0.183,0.385,1.821
ラジオNIH,補助,強選別条件,前走上り3F=33秒台以下,前走上り3F,range,10,8,0.8,10,30,0.333,35,142,0.246,0.286,1.352
ラジオNIH,補助,選別条件,前走馬体重増減=減,前走馬体重増減,range,10,8,0.8,15,30,0.5,63,142,0.444,0.238,1.127
ラジオNIH,補助,選別条件,前走着順=1着,前走着順,range,10,8,0.8,14,30,0.467,58,142,0.408,0.241,1.143
ラジオNIH,補助,選別条件,前走着差=勝ち/同タイム,前走着差タイム,range,10,8,0.8,14,30,0.467,62,142,0.437,0.226,1.069
ラジオNIH,補助,選別条件,所属=(栗),所属,exact,10,8,0.8,13,30,0.433,60,142,0.423,0.217,1.026
ラジオNIH,補助,選別条件,枠位置=中50%,馬番相対,derived,10,8,0.8,12,30,0.4,70,142,0.493,0.171,0.811
ラジオNIH,補助,選別条件,距離ローテ=同距離または延長,距離ローテ,derived,10,8,0.8,12,30,0.4,80,142,0.563,0.15,0.71
ラジオNIH,補助,選別条件,斤量=53kg以下,斤量,range,10,8,0.8,10,30,0.333,57,142,0.401,0.175,0.83
ラジオNIH,補助,選別条件,斤量=54kg,斤量,range,10,8,0.8,9,30,0.3,40,142,0.282,0.225,1.065
レパード,S,選別条件,前走人気=1〜5人気,前走人気,range,10,10,1.0,23,30,0.767,97,148,0.655,0.237,1.17
レパード,S,選別条件,前走着順=1〜5着,前走着順,range,10,10,1.0,23,30,0.767,105,148,0.709,0.219,1.081
レパード,S,選別条件,前3角=前半位置(相対50%以内),前3角,derived,10,10,1.0,23,30,0.767,106,148,0.716,0.217,1.07
レパード,S,選別条件,前4角=前半位置(相対50%以内),前4角,derived,10,10,1.0,23,30,0.767,106,148,0.716,0.217,1.07
レパード,S,選別条件,キャリア=6〜10戦,キャリア,range,10,10,1.0,22,30,0.733,98,148,0.662,0.224,1.107
レパード,S,選別条件,前走頭数=14〜16頭,前走頭数,range,10,10,1.0,22,30,0.733,106,148,0.716,0.208,1.024
レパード,S,選別条件,距離ローテ=同距離または短縮,距離ローテ,derived,10,10,1.0,21,30,0.7,86,148,0.581,0.244,1.205
レパード,S,選別条件,前走着差=0.9秒以内,前走着差タイム,range,10,10,1.0,21,30,0.7,103,148,0.696,0.204,1.006
レパード,S,選別条件,間隔=中8週以内,間隔,range,10,10,1.0,20,30,0.667,109,148,0.736,0.183,0.905
レパード,S,選別条件,距離ローテ=同距離または延長,距離ローテ,derived,10,10,1.0,17,30,0.567,99,148,0.669,0.172,0.847
レパード,S,選別条件,替=*,替,exact,10,10,1.0,16,30,0.533,81,148,0.547,0.198,0.974
レパード,S,基礎条件,年齢=3歳,年齢,exact,10,10,1.0,30,30,1.0,148,148,1.0,0.203,1.0
レパード,S,基礎条件,年齢=3〜5歳,年齢,range,10,10,1.0,30,30,1.0,148,148,1.0,0.203,1.0
レパード,S,基礎条件,年齢=5歳以下,年齢,range,10,10,1.0,30,30,1.0,148,148,1.0,0.203,1.0
レパード,S,基礎条件,年齢=6歳以下,年齢,range,10,10,1.0,30,30,1.0,148,148,1.0,0.203,1.0
レパード,S,基礎条件,距離差=±200m以内,距離ローテ,derived,10,10,1.0,29,30,0.967,129,148,0.872,0.225,1.109
レパード,S,基礎条件,距離差=±400m以内,距離ローテ,derived,10,10,1.0,29,30,0.967,142,148,0.959,0.204,1.008
レパード,S,基礎条件,前走と同じ芝ダ,芝ダローテ,derived,10,10,1.0,29,30,0.967,143,148,0.966,0.203,1.0
レパード,S,基礎条件,前芝・ダ=ダ,前芝・ダ,exact,10,10,1.0,29,30,0.967,143,148,0.966,0.203,1.0
レパード,S,基礎条件,前走着順=一桁着順,前走着順,range,10,10,1.0,28,30,0.933,128,148,0.865,0.219,1.079
レパード,S,基礎条件,性別=牡,性別,exact,10,10,1.0,26,30,0.867,134,148,0.905,0.194,0.957
レパード,B,強選別条件,前走斤量=56,前走斤量,exact,10,9,0.9,15,30,0.5,56,148,0.378,0.268,1.321
レパード,B,強選別条件,前3角=4〜6番手,前3角,derived,10,9,0.9,12,30,0.4,35,148,0.236,0.343,1.691
レパード,B,選別条件,所属=(栗),所属,exact,10,9,0.9,18,30,0.6,87,148,0.588,0.207,1.021
レパード,B,選別条件,前走着差=0.5秒以内,前走着差タイム,range,10,9,0.9,17,30,0.567,84,148,0.568,0.202,0.998
レパード,B,選別条件,前走着順=1〜3着,前走着順,range,10,9,0.9,17,30,0.567,85,148,0.574,0.2,0.987
レパード,B,選別条件,枠位置=中50%,馬番相対,derived,10,9,0.9,16,30,0.533,78,148,0.527,0.205,1.012
レパード,B,選別条件,前走馬場状態=良,前走馬場状態,exact,10,9,0.9,16,30,0.533,79,148,0.534,0.203,0.999
レパード,B,選別条件,馬体重増減=増,馬体重増減,range,10,9,0.9,15,30,0.5,64,148,0.432,0.234,1.156
レパード,B,選別条件,馬番=1〜6番,馬番,range,10,9,0.9,14,30,0.467,60,148,0.405,0.233,1.151
レパード,B,選別条件,前走Ｒ=11,前走Ｒ,exact,10,9,0.9,13,30,0.433,50,148,0.338,0.26,1.283
レパード,B,選別条件,前4角=2〜3番手,前4角,derived,10,9,0.9,12,30,0.4,46,148,0.311,0.261,1.287
レパード,B,基礎条件,斤量=56kg以下,斤量,range,10,9,0.9,27,30,0.9,133,148,0.899,0.203,1.002
レパード,B,基礎条件,斤量=56kg,斤量,range,10,9,0.9,23,30,0.767,119,148,0.804,0.193,0.954
レパード,補助,強選別条件,距離ローテ=距離短縮,距離ローテ,derived,10,8,0.8,13,30,0.433,49,148,0.331,0.265,1.309
レパード,補助,強選別条件,取引市場(最終)=セレクトセール,取引市場(最終),exact,10,8,0.8,9,30,0.3,26,148,0.176,0.346,1.708
レパード,補助,選別条件,前走人気=1〜3人気,前走人気,range,10,8,0.8,17,30,0.567,73,148,0.493,0.233,1.149
レパード,補助,選別条件,前走上り3F=36秒以上,前走上り3F,range,10,8,0.8,17,30,0.567,110,148,0.743,0.155,0.762
レパード,補助,選別条件,馬番=9番外,馬番,range,10,8,0.8,15,30,0.5,68,148,0.459,0.221,1.088
レパード,補助,選別条件,前走馬体重増減=減,前走馬体重増減,range,10,8,0.8,14,30,0.467,57,148,0.385,0.246,1.212
レパード,補助,選別条件,所属=(美),所属,exact,10,8,0.8,12,30,0.4,60,148,0.405,0.2,0.987
レパード,補助,選別条件,間隔=中5〜8週,間隔,range,10,8,0.8,10,30,0.333,61,148,0.412,0.164,0.809
ローズS,S,強選別条件,前走着順=1〜5着,前走着順,range,10,10,1.0,25,30,0.833,100,161,0.621,0.25,1.342
ローズS,S,強選別条件,産地=安平町,産地,exact,10,10,1.0,15,30,0.5,51,161,0.317,0.294,1.578
ローズS,S,選別条件,距離ローテ=同距離または短縮,距離ローテ,derived,10,10,1.0,25,30,0.833,116,161,0.72,0.216,1.157
ローズS,S,選別条件,前走人気=1〜5人気,前走人気,range,10,10,1.0,24,30,0.8,109,161,0.677,0.22,1.182
ローズS,S,選別条件,前走着差=0.5秒以内,前走着差タイム,range,10,10,1.0,23,30,0.767,101,161,0.627,0.228,1.222
ローズS,S,選別条件,枠位置=中50%,馬番相対,derived,10,10,1.0,18,30,0.6,80,161,0.497,0.225,1.208
ローズS,S,選別条件,距離ローテ=距離短縮,距離ローテ,derived,10,10,1.0,16,30,0.533,70,161,0.435,0.229,1.227
ローズS,S,選別条件,キャリア=6〜10戦,キャリア,range,10,10,1.0,16,30,0.533,99,161,0.615,0.162,0.867
ローズS,S,基礎条件,前走と同じ芝ダ,芝ダローテ,derived,10,10,1.0,30,30,1.0,156,161,0.969,0.192,1.032
ローズS,S,基礎条件,前芝・ダ=芝,前芝・ダ,exact,10,10,1.0,30,30,1.0,156,161,0.969,0.192,1.032
ローズS,S,基礎条件,年齢=3歳,年齢,exact,10,10,1.0,30,30,1.0,161,161,1.0,0.186,1.0
ローズS,S,基礎条件,年齢=3〜5歳,年齢,range,10,10,1.0,30,30,1.0,161,161,1.0,0.186,1.0
ローズS,S,基礎条件,年齢=5歳以下,年齢,range,10,10,1.0,30,30,1.0,161,161,1.0,0.186,1.0
ローズS,S,基礎条件,年齢=6歳以下,年齢,range,10,10,1.0,30,30,1.0,161,161,1.0,0.186,1.0
ローズS,S,基礎条件,斤量=54kg,斤量,range,10,10,1.0,30,30,1.0,161,161,1.0,0.186,1.0
ローズS,S,基礎条件,斤量=56kg以下,斤量,range,10,10,1.0,30,30,1.0,161,161,1.0,0.186,1.0
ローズS,S,基礎条件,性別=牝,性別,exact,10,10,1.0,30,30,1.0,161,161,1.0,0.186,1.0
ローズS,S,基礎条件,前走着順=一桁着順,前走着順,range,10,10,1.0,27,30,0.9,129,161,0.801,0.209,1.123
ローズS,S,基礎条件,前走馬場状態=良,前走馬場状態,exact,10,10,1.0,27,30,0.9,143,161,0.888,0.189,1.013
ローズS,S,基礎条件,所属=(栗),所属,exact,10,10,1.0,26,30,0.867,142,161,0.882,0.183,0.983
ローズS,S,基礎条件,前走着差=0.9秒以内,前走着差タイム,range,10,10,1.0,25,30,0.833,123,161,0.764,0.203,1.091
ローズS,A,選別条件,間隔=中13週以上,間隔,range,10,10,1.0,14,30,0.467,71,161,0.441,0.197,1.058
ローズS,B,強選別条件,キャリア=5戦以内,キャリア,range,10,9,0.9,14,30,0.467,53,161,0.329,0.264,1.418
ローズS,B,強選別条件,前走開催=2東A,前走開催,exact,10,9,0.9,11,30,0.367,45,161,0.28,0.244,1.312
ローズS,B,強選別条件,前走レース名=優駿牝馬G1,前走レース名,exact,10,9,0.9,11,30,0.367,45,161,0.28,0.244,1.312
ローズS,B,強選別条件,馬番=5〜8番,馬番,range,10,9,0.9,10,30,0.333,40,161,0.248,0.25,1.342
ローズS,B,選別条件,前走人気=1〜3人気,前走人気,range,10,9,0.9,21,30,0.7,87,161,0.54,0.241,1.295
ローズS,B,選別条件,前走着差=0.3秒以内,前走着差タイム,range,10,9,0.9,21,30,0.7,88,161,0.547,0.239,1.281
ローズS,B,選別条件,前4角=前半位置(相対50%以内),前4角,derived,10,9,0.9,19,30,0.633,103,161,0.64,0.184,0.99
ローズS,B,選別条件,前3角=前半位置(相対50%以内),前3角,derived,10,9,0.9,18,30,0.6,96,161,0.596,0.188,1.006
ローズS,B,選別条件,前走着順=1〜3着,前走着順,range,10,9,0.9,17,30,0.567,81,161,0.503,0.21,1.126
ローズS,B,選別条件,距離差=±200m以内,距離ローテ,derived,10,9,0.9,17,30,0.567,102,161,0.634,0.167,0.894
ローズS,B,選別条件,前走着差=勝ち/同タイム,前走着差タイム,range,10,9,0.9,15,30,0.5,66,161,0.41,0.227,1.22
ローズS,B,選別条件,毛色=鹿毛,毛色,exact,10,9,0.9,15,30,0.5,74,161,0.46,0.203,1.088
ローズS,B,選別条件,前走着順=1着,前走着順,range,10,9,0.9,14,30,0.467,63,161,0.391,0.222,1.193
ローズS,B,選別条件,前走頭数=18,前走頭数,exact,10,9,0.9,14,30,0.467,66,161,0.41,0.212,1.138
ローズS,B,選別条件,前走頭数=17頭以上,前走頭数,range,10,9,0.9,14,30,0.467,69,161,0.429,0.203,1.089
ローズS,B,選別条件,前走上り3F=34秒台,前走上り3F,range,10,9,0.9,14,30,0.467,69,161,0.429,0.203,1.089
ローズS,B,選別条件,馬番=9番外,馬番,range,10,9,0.9,14,30,0.467,81,161,0.503,0.173,0.928
ローズS,B,選別条件,距離ローテ=同距離または延長,距離ローテ,derived,10,9,0.9,14,30,0.467,91,161,0.565,0.154,0.826
ローズS,B,選別条件,替=*,替,exact,10,9,0.9,13,30,0.433,73,161,0.453,0.178,0.956
ローズS,B,選別条件,前走Ｒ=11,前走Ｒ,exact,10,9,0.9,12,30,0.4,67,161,0.416,0.179,0.961
ローズS,B,選別条件,前距離=2400,前距離,exact,10,9,0.9,11,30,0.367,46,161,0.286,0.239,1.283
ローズS,B,選別条件,前クラス名=G1,前クラス名,exact,10,9,0.9,11,30,0.367,54,161,0.335,0.204,1.093
ローズS,B,選別条件,前走斤量=55,前走斤量,exact,10,9,0.9,11,30,0.367,56,161,0.348,0.196,1.054
ローズS,B,基礎条件,距離差=±400m以内,距離ローテ,derived,10,9,0.9,22,30,0.733,123,161,0.764,0.179,0.96
ローズS,補助,強選別条件,毛色=黒鹿,毛色,exact,10,8,0.8,11,30,0.367,43,161,0.267,0.256,1.373
ローズS,補助,選別条件,間隔=中8週以内,間隔,range,10,8,0.8,14,30,0.467,77,161,0.478,0.182,0.976
ローズS,補助,選別条件,前走馬体重増減=減,前走馬体重増減,range,10,8,0.8,13,30,0.433,54,161,0.335,0.241,1.292
ローズS,補助,選別条件,前走斤量=52,前走斤量,exact,10,8,0.8,13,30,0.433,62,161,0.385,0.21,1.125
ローズS,補助,選別条件,前走人気=1人気,前走人気,range,10,8,0.8,12,30,0.4,51,161,0.317,0.235,1.263
ローズS,補助,選別条件,前3角=後半位置(相対50%超),前3角,derived,10,8,0.8,12,30,0.4,64,161,0.398,0.188,1.006
ローズS,補助,選別条件,前4角=後半位置(相対50%超),前4角,derived,10,8,0.8,11,30,0.367,57,161,0.354,0.193,1.036
ローズS,補助,選別条件,馬番=1〜6番,馬番,range,10,8,0.8,11,30,0.367,60,161,0.373,0.183,0.984
ヴィクト,S,強選別条件,前走人気=1〜3人気,前走人気,range,10,10,1.0,17,30,0.567,70,174,0.402,0.243,1.409
ヴィクト,S,選別条件,前走着差=0.5秒以内,前走着差タイム,range,10,10,1.0,24,30,0.8,125,174,0.718,0.192,1.114
ヴィクト,S,選別条件,前走着順=1〜5着,前走着順,range,10,10,1.0,21,30,0.7,101,174,0.58,0.208,1.206
ヴィクト,S,選別条件,前走人気=1〜5人気,前走人気,range,10,10,1.0,21,30,0.7,106,174,0.609,0.198,1.149
ヴィクト,S,選別条件,距離ローテ=同距離または延長,距離ローテ,derived,10,10,1.0,21,30,0.7,117,174,0.672,0.179,1.041
ヴィクト,S,選別条件,前走馬場状態=良,前走馬場状態,exact,10,10,1.0,21,30,0.7,126,174,0.724,0.167,0.967
ヴィクト,S,選別条件,前走着差=0.3秒以内,前走着差タイム,range,10,10,1.0,20,30,0.667,102,174,0.586,0.196,1.137
ヴィクト,S,選別条件,前3角=前半位置(相対50%以内),前3角,derived,10,10,1.0,20,30,0.667,106,174,0.609,0.189,1.094
ヴィクト,S,選別条件,間隔=中5〜8週,間隔,range,10,10,1.0,19,30,0.633,108,174,0.621,0.176,1.02
ヴィクト,S,選別条件,前4角=前半位置(相対50%以内),前4角,derived,10,10,1.0,18,30,0.6,107,174,0.615,0.168,0.976
ヴィクト,S,選別条件,所属=(栗),所属,exact,10,10,1.0,18,30,0.6,115,174,0.661,0.157,0.908
ヴィクト,S,選別条件,距離ローテ=同距離,距離ローテ,derived,10,10,1.0,17,30,0.567,86,174,0.494,0.198,1.147
ヴィクト,S,選別条件,前距離=1600,前距離,exact,10,10,1.0,17,30,0.567,86,174,0.494,0.198,1.147
ヴィクト,S,選別条件,枠位置=中50%,馬番相対,derived,10,10,1.0,17,30,0.567,87,174,0.5,0.195,1.133
ヴィクト,S,選別条件,前走着順=1〜3着,前走着順,range,10,10,1.0,16,30,0.533,83,174,0.477,0.193,1.118
ヴィクト,S,基礎条件,斤量=56kg以下,斤量,range,10,10,1.0,30,30,1.0,174,174,1.0,0.172,1.0
ヴィクト,S,基礎条件,性別=牝,性別,exact,10,10,1.0,30,30,1.0,174,174,1.0,0.172,1.0
ヴィクト,S,基礎条件,前走Ｒ=11,前走Ｒ,exact,10,10,1.0,29,30,0.967,162,174,0.931,0.179,1.038
ヴィクト,S,基礎条件,年齢=4〜6歳,年齢,range,10,10,1.0,29,30,0.967,170,174,0.977,0.171,0.989
ヴィクト,S,基礎条件,年齢=6歳以下,年齢,range,10,10,1.0,29,30,0.967,170,174,0.977,0.171,0.989
ヴィクト,S,基礎条件,距離差=±400m以内,距離ローテ,derived,10,10,1.0,29,30,0.967,171,174,0.983,0.17,0.984
ヴィクト,S,基礎条件,前走と同じ芝ダ,芝ダローテ,derived,10,10,1.0,29,30,0.967,173,174,0.994,0.168,0.972
ヴィクト,S,基礎条件,前芝・ダ=芝,前芝・ダ,exact,10,10,1.0,29,30,0.967,173,174,0.994,0.168,0.972
ヴィクト,S,基礎条件,前走着順=一桁着順,前走着順,range,10,10,1.0,27,30,0.9,141,174,0.81,0.191,1.111
ヴィクト,S,基礎条件,距離ローテ=同距離または短縮,距離ローテ,derived,10,10,1.0,26,30,0.867,143,174,0.822,0.182,1.055
ヴィクト,S,基礎条件,前走着差=0.9秒以内,前走着差タイム,range,10,10,1.0,26,30,0.867,145,174,0.833,0.179,1.04
ヴィクト,S,基礎条件,年齢=3〜5歳,年齢,range,10,10,1.0,24,30,0.8,141,174,0.81,0.17,0.987
ヴィクト,S,基礎条件,年齢=5歳以下,年齢,range,10,10,1.0,24,30,0.8,141,174,0.81,0.17,0.987
ヴィクト,S,基礎条件,距離差=±200m以内,距離ローテ,derived,10,10,1.0,22,30,0.733,138,174,0.793,0.159,0.925
ヴィクト,S,基礎条件,間隔=中8週以内,間隔,range,10,10,1.0,21,30,0.7,135,174,0.776,0.156,0.902
ヴィクト,A,選別条件,前4角=後半位置(相対50%超),前4角,derived,10,10,1.0,11,30,0.367,62,174,0.356,0.177,1.029
ヴィクト,B,選別条件,馬番=9番外,馬番,range,10,9,0.9,13,30,0.433,94,174,0.54,0.138,0.802
ヴィクト,補助,強選別条件,産地=安平町,産地,exact,10,8,0.8,14,30,0.467,58,174,0.333,0.241,1.4
ヴィクト,補助,強選別条件,馬番=1〜6番,馬番,range,10,8,0.8,14,30,0.467,60,174,0.345,0.233,1.353
ヴィクト,補助,強選別条件,前走人気=1人気,前走人気,range,10,8,0.8,10,30,0.333,30,174,0.172,0.333,1.933
ヴィクト,補助,選別条件,キャリア=11〜20戦,キャリア,range,10,8,0.8,15,30,0.5,97,174,0.557,0.155,0.897
ヴィクト,補助,選別条件,前走頭数=14〜16頭,前走頭数,range,10,8,0.8,14,30,0.467,82,174,0.471,0.171,0.99
ヴィクト,補助,選別条件,年齢=4歳,年齢,exact,10,8,0.8,12,30,0.4,73,174,0.42,0.164,0.953
ヴィクト,補助,選別条件,前走頭数=16,前走頭数,exact,10,8,0.8,11,30,0.367,62,174,0.356,0.177,1.029
ヴィクト,補助,選別条件,前走着差=勝ち/同タイム,前走着差タイム,range,10,8,0.8,10,30,0.333,57,174,0.328,0.175,1.018
ヴィクト,補助,選別条件,距離ローテ=距離短縮,距離ローテ,derived,10,8,0.8,9,30,0.3,57,174,0.328,0.158,0.916
ヴィクト,補助,選別条件,前3角=後半位置(相対50%超),前3角,derived,10,8,0.8,9,30,0.3,63,174,0.362,0.143,0.829
ヴィクト,補助,選別条件,前走馬体重増減=増,前走馬体重増減,range,10,8,0.8,8,30,0.267,52,174,0.299,0.154,0.892
ヴィクト,補助,基礎条件,斤量=55kg,斤量,range,10,8,0.8,24,30,0.8,143,174,0.822,0.168,0.973
七夕賞H,S,強選別条件,前走人気=1〜5人気,前走人気,range,10,10,1.0,19,30,0.633,55,151,0.364,0.345,1.739
七夕賞H,S,強選別条件,前走着順=1〜5着,前走着順,range,10,10,1.0,18,30,0.6,57,151,0.377,0.316,1.589
七夕賞H,S,強選別条件,前走着差=0.5秒以内,前走着差タイム,range,10,10,1.0,18,30,0.6,62,151,0.411,0.29,1.461
七夕賞H,S,選別条件,年齢=4〜6歳,年齢,range,10,10,1.0,28,30,0.933,113,151,0.748,0.248,1.247
七夕賞H,S,選別条件,年齢=6歳以下,年齢,range,10,10,1.0,28,30,0.933,113,151,0.748,0.248,1.247
七夕賞H,S,選別条件,前走着順=一桁着順,前走着順,range,10,10,1.0,24,30,0.8,99,151,0.656,0.242,1.22
七夕賞H,S,選別条件,距離ローテ=同距離または短縮,距離ローテ,derived,10,10,1.0,23,30,0.767,105,151,0.695,0.219,1.103
七夕賞H,S,選別条件,前走着差=0.9秒以内,前走着差タイム,range,10,10,1.0,22,30,0.733,91,151,0.603,0.242,1.217
七夕賞H,S,選別条件,前4角=前半位置(相対50%以内),前4角,derived,10,10,1.0,20,30,0.667,95,151,0.629,0.211,1.06
七夕賞H,S,選別条件,距離差=±200m以内,距離ローテ,derived,10,10,1.0,20,30,0.667,108,151,0.715,0.185,0.932
七夕賞H,S,選別条件,所属=(美),所属,exact,10,10,1.0,17,30,0.567,81,151,0.536,0.21,1.056
七夕賞H,S,選別条件,距離ローテ=同距離,距離ローテ,derived,10,10,1.0,15,30,0.5,72,151,0.477,0.208,1.049
七夕賞H,S,選別条件,前距離=2000,前距離,exact,10,10,1.0,15,30,0.5,72,151,0.477,0.208,1.049
七夕賞H,S,基礎条件,前走と同じ芝ダ,芝ダローテ,derived,10,10,1.0,28,30,0.933,148,151,0.98,0.189,0.952
七夕賞H,S,基礎条件,前芝・ダ=芝,前芝・ダ,exact,10,10,1.0,28,30,0.933,148,151,0.98,0.189,0.952
七夕賞H,S,基礎条件,距離差=±400m以内,距離ローテ,derived,10,10,1.0,26,30,0.867,126,151,0.834,0.206,1.039
七夕賞H,S,基礎条件,性別=牡,性別,exact,10,10,1.0,26,30,0.867,128,151,0.848,0.203,1.022
七夕賞H,S,基礎条件,前走Ｒ=11,前走Ｒ,exact,10,10,1.0,25,30,0.833,123,151,0.815,0.203,1.023
七夕賞H,S,基礎条件,前走馬場状態=良,前走馬場状態,exact,10,10,1.0,24,30,0.8,120,151,0.795,0.2,1.007
七夕賞H,S,基礎条件,距離ローテ=同距離または延長,距離ローテ,derived,10,10,1.0,22,30,0.733,118,151,0.781,0.186,0.938
七夕賞H,B,選別条件,枠位置=中50%,馬番相対,derived,10,9,0.9,18,30,0.6,76,151,0.503,0.237,1.192
七夕賞H,B,選別条件,前3角=前半位置(相対50%以内),前3角,derived,10,9,0.9,17,30,0.567,90,151,0.596,0.189,0.951
七夕賞H,B,選別条件,馬体重増減=減,馬体重増減,range,10,9,0.9,16,30,0.533,67,151,0.444,0.239,1.202
七夕賞H,B,選別条件,毛色=鹿毛,毛色,exact,10,9,0.9,16,30,0.533,82,151,0.543,0.195,0.982
七夕賞H,B,選別条件,替=*,替,exact,10,9,0.9,16,30,0.533,97,151,0.642,0.165,0.83
七夕賞H,B,選別条件,斤量=56kg以下,斤量,range,10,9,0.9,16,30,0.533,99,151,0.656,0.162,0.813
七夕賞H,B,選別条件,前走頭数=14〜16頭,前走頭数,range,10,9,0.9,14,30,0.467,74,151,0.49,0.189,0.952
七夕賞H,B,選別条件,前3角=後半位置(相対50%超),前3角,derived,10,9,0.9,13,30,0.433,60,151,0.397,0.217,1.091
七夕賞H,B,選別条件,所属=(栗),所属,exact,10,9,0.9,13,30,0.433,70,151,0.464,0.186,0.935
七夕賞H,B,選別条件,前走斤量=56,前走斤量,exact,10,9,0.9,11,30,0.367,53,151,0.351,0.208,1.045
七夕賞H,補助,強選別条件,年齢=3〜5歳,年齢,range,10,8,0.8,18,30,0.6,67,151,0.444,0.269,1.352
七夕賞H,補助,強選別条件,年齢=5歳以下,年齢,range,10,8,0.8,18,30,0.6,67,151,0.444,0.269,1.352
七夕賞H,補助,強選別条件,間隔=中9〜12週,間隔,range,10,8,0.8,13,30,0.433,43,151,0.285,0.302,1.522
七夕賞H,補助,強選別条件,キャリア=11〜20戦,キャリア,range,10,8,0.8,13,30,0.433,49,151,0.325,0.265,1.335
七夕賞H,補助,強選別条件,前走着順=1〜3着,前走着順,range,10,8,0.8,12,30,0.4,38,151,0.252,0.316,1.589
七夕賞H,補助,強選別条件,斤量=57kg,斤量,range,10,8,0.8,10,30,0.333,34,151,0.225,0.294,1.48
七夕賞H,補助,選別条件,前走馬体重増減=減,前走馬体重増減,range,10,8,0.8,16,30,0.533,63,151,0.417,0.254,1.278
七夕賞H,補助,選別条件,馬番=9番外,馬番,range,10,8,0.8,14,30,0.467,71,151,0.47,0.197,0.992
七夕賞H,補助,選別条件,前クラス名=G3,前クラス名,exact,10,8,0.8,13,30,0.433,77,151,0.51,0.169,0.85
七夕賞H,補助,選別条件,キャリア=21戦以上,キャリア,range,10,8,0.8,13,30,0.433,89,151,0.589,0.146,0.735
七夕賞H,補助,選別条件,前走着差=0.3秒以内,前走着差タイム,range,10,8,0.8,12,30,0.4,49,151,0.325,0.245,1.233
七夕賞H,補助,選別条件,前走頭数=11〜13頭,前走頭数,range,10,8,0.8,9,30,0.3,38,151,0.252,0.237,1.192
七夕賞H,補助,選別条件,産地=安平町,産地,exact,10,8,0.8,8,30,0.267,34,151,0.225,0.235,1.184
中京記念H,S,強選別条件,年齢=3〜5歳,年齢,range,10,10,1.0,27,30,0.9,91,156,0.583,0.297,1.543
中京記念H,S,強選別条件,年齢=5歳以下,年齢,range,10,10,1.0,27,30,0.9,91,156,0.583,0.297,1.543
中京記念H,S,強選別条件,前3角=後半位置(相対50%超),前3角,derived,10,10,1.0,18,30,0.6,65,156,0.417,0.277,1.44
中京記念H,S,強選別条件,前走着順=1〜5着,前走着順,range,10,10,1.0,18,30,0.6,69,156,0.442,0.261,1.357
中京記念H,S,強選別条件,前4角=後半位置(相対50%超),前4角,derived,10,10,1.0,17,30,0.567,66,156,0.423,0.258,1.339
中京記念H,S,強選別条件,前走上り3F=33秒台以下,前走上り3F,range,10,10,1.0,15,30,0.5,48,156,0.308,0.312,1.625
中京記念H,S,選別条件,年齢=6歳以下,年齢,range,10,10,1.0,30,30,1.0,128,156,0.821,0.234,1.219
中京記念H,S,選別条件,年齢=4〜6歳,年齢,range,10,10,1.0,28,30,0.933,121,156,0.776,0.231,1.203
中京記念H,S,選別条件,前走着差=0.9秒以内,前走着差タイム,range,10,10,1.0,23,30,0.767,109,156,0.699,0.211,1.097
中京記念H,S,選別条件,前走着順=一桁着順,前走着順,range,10,10,1.0,22,30,0.733,100,156,0.641,0.22,1.144
中京記念H,S,選別条件,前距離=1600,前距離,exact,10,10,1.0,18,30,0.6,83,156,0.532,0.217,1.128
中京記念H,S,選別条件,毛色=鹿毛,毛色,exact,10,10,1.0,18,30,0.6,86,156,0.551,0.209,1.088
中京記念H,S,選別条件,枠位置=中50%,馬番相対,derived,10,10,1.0,16,30,0.533,78,156,0.5,0.205,1.067
中京記念H,S,基礎条件,距離差=±200m以内,距離ローテ,derived,10,10,1.0,30,30,1.0,146,156,0.936,0.205,1.068
中京記念H,S,基礎条件,距離差=±400m以内,距離ローテ,derived,10,10,1.0,30,30,1.0,154,156,0.987,0.195,1.013
中京記念H,S,基礎条件,前走と同じ芝ダ,芝ダローテ,derived,10,10,1.0,29,30,0.967,151,156,0.968,0.192,0.999
中京記念H,S,基礎条件,前芝・ダ=芝,前芝・ダ,exact,10,10,1.0,29,30,0.967,151,156,0.968,0.192,0.999
中京記念H,S,基礎条件,前走Ｒ=11,前走Ｒ,exact,10,10,1.0,28,30,0.933,140,156,0.897,0.2,1.04
中京記念H,S,基礎条件,距離ローテ=同距離または延長,距離ローテ,derived,10,10,1.0,27,30,0.9,128,156,0.821,0.211,1.097
中京記念H,S,基礎条件,性別=牡,性別,exact,10,10,1.0,24,30,0.8,122,156,0.782,0.197,1.023
中京記念H,S,基礎条件,所属=(栗),所属,exact,10,10,1.0,24,30,0.8,133,156,0.853,0.18,0.938
中京記念H,A,選別条件,前4角=前半位置(相対50%以内),前4角,derived,10,10,1.0,13,30,0.433,89,156,0.571,0.146,0.76
中京記念H,B,強選別条件,年齢=5歳,年齢,exact,10,9,0.9,19,30,0.633,58,156,0.372,0.328,1.703
中京記念H,B,強選別条件,前走着差=0.5秒以内,前走着差タイム,range,10,9,0.9,18,30,0.6,67,156,0.429,0.269,1.397
中京記念H,B,強選別条件,前走人気=1〜5人気,前走人気,range,10,9,0.9,17,30,0.567,58,156,0.372,0.293,1.524
中京記念H,B,強選別条件,前走着差=0.3秒以内,前走着差タイム,range,10,9,0.9,16,30,0.533,52,156,0.333,0.308,1.6
中京記念H,B,選別条件,斤量=56kg以下,斤量,range,10,9,0.9,22,30,0.733,113,156,0.724,0.195,1.012
中京記念H,B,選別条件,距離ローテ=同距離または短縮,距離ローテ,derived,10,9,0.9,17,30,0.567,100,156,0.641,0.17,0.884
中京記念H,B,選別条件,前3角=前半位置(相対50%以内),前3角,derived,10,9,0.9,12,30,0.4,90,156,0.577,0.133,0.693
中京記念H,B,選別条件,馬体重増減=増,馬体重増減,range,10,9,0.9,10,30,0.333,40,156,0.256,0.25,1.3
中京記念H,B,基礎条件,前走馬場状態=良,前走馬場状態,exact,10,9,0.9,23,30,0.767,123,156,0.788,0.187,0.972
中京記念H,補助,強選別条件,キャリア=11〜20戦,キャリア,range,10,8,0.8,16,30,0.533,60,156,0.385,0.267,1.387
中京記念H,補助,強選別条件,産地=安平町,産地,exact,10,8,0.8,12,30,0.4,38,156,0.244,0.316,1.642
中京記念H,補助,選別条件,間隔=中8週以内,間隔,range,10,8,0.8,17,30,0.567,94,156,0.603,0.181,0.94
中京記念H,補助,選別条件,馬番=9番外,馬番,range,10,8,0.8,15,30,0.5,76,156,0.487,0.197,1.026
中京記念H,補助,選別条件,距離ローテ=同距離,距離ローテ,derived,10,8,0.8,14,30,0.467,72,156,0.462,0.194,1.011
中京記念H,補助,選別条件,馬体重増減=減,馬体重増減,range,10,8,0.8,13,30,0.433,76,156,0.487,0.171,0.889
中京記念H,補助,選別条件,前走頭数=14〜16頭,前走頭数,range,10,8,0.8,12,30,0.4,71,156,0.455,0.169,0.879
中京記念H,補助,選別条件,替=*,替,exact,10,8,0.8,12,30,0.4,98,156,0.628,0.122,0.637
中京記念H,補助,選別条件,前3角=後方(相対65%超),前3角,derived,10,8,0.8,11,30,0.367,50,156,0.321,0.22,1.144
中山グラJ,S,強選別条件,前走着順=1〜5着,前走着順,range,10,10,1.0,28,30,0.933,71,111,0.64,0.394,1.459
中山グラJ,S,強選別条件,前4角=前半位置(相対50%以内),前4角,derived,10,10,1.0,28,30,0.933,72,111,0.649,0.389,1.439
中山グラJ,S,強選別条件,前3角=前半位置(相対50%以内),前3角,derived,10,10,1.0,25,30,0.833,69,111,0.622,0.362,1.341
中山グラJ,S,強選別条件,前走着差=0.9秒以内,前走着差タイム,range,10,10,1.0,24,30,0.8,51,111,0.459,0.471,1.741
中山グラJ,S,強選別条件,前走人気=1〜5人気,前走人気,range,10,10,1.0,24,30,0.8,65,111,0.586,0.369,1.366
中山グラJ,S,強選別条件,前走着順=1〜3着,前走着順,range,10,10,1.0,22,30,0.733,51,111,0.459,0.431,1.596
中山グラJ,S,強選別条件,前走着差=0.5秒以内,前走着差タイム,range,10,10,1.0,21,30,0.7,42,111,0.378,0.5,1.85
中山グラJ,S,強選別条件,前走人気=1〜3人気,前走人気,range,10,10,1.0,20,30,0.667,46,111,0.414,0.435,1.609
中山グラJ,S,強選別条件,距離差=±400m以内,距離ローテ,derived,10,10,1.0,19,30,0.633,42,111,0.378,0.452,1.674
中山グラJ,S,強選別条件,間隔=中5〜8週,間隔,range,10,10,1.0,19,30,0.633,50,111,0.45,0.38,1.406
中山グラJ,S,強選別条件,前走レース名=阪神スプJG2,前走レース名,exact,10,10,1.0,16,30,0.533,36,111,0.324,0.444,1.644
中山グラJ,S,強選別条件,前クラス名=JG2,前クラス名,exact,10,10,1.0,16,30,0.533,36,111,0.324,0.444,1.644
中山グラJ,S,強選別条件,前距離=3900,前距離,exact,10,10,1.0,16,30,0.533,36,111,0.324,0.444,1.644
中山グラJ,S,選別条件,所属=(栗),所属,exact,10,10,1.0,21,30,0.7,64,111,0.577,0.328,1.214
中山グラJ,S,選別条件,年齢=7歳以上,年齢,range,10,10,1.0,20,30,0.667,59,111,0.532,0.339,1.254
中山グラJ,S,選別条件,毛色=鹿毛,毛色,exact,10,10,1.0,17,30,0.567,49,111,0.441,0.347,1.284
中山グラJ,S,基礎条件,斤量=58kg以上,斤量,range,10,10,1.0,30,30,1.0,111,111,1.0,0.27,1.0
中山グラJ,S,基礎条件,距離ローテ=距離延長,距離ローテ,derived,10,10,1.0,30,30,1.0,111,111,1.0,0.27,1.0
中山グラJ,S,基礎条件,距離ローテ=同距離または延長,距離ローテ,derived,10,10,1.0,30,30,1.0,111,111,1.0,0.27,1.0
中山グラJ,S,基礎条件,前走着順=一桁着順,前走着順,range,10,10,1.0,29,30,0.967,100,111,0.901,0.29,1.073
中山グラJ,S,基礎条件,前走と同じ芝ダ,芝ダローテ,derived,10,10,1.0,29,30,0.967,103,111,0.928,0.282,1.042
中山グラJ,S,基礎条件,前芝・ダ=芝,前芝・ダ,exact,10,10,1.0,29,30,0.967,103,111,0.928,0.282,1.042
中山グラJ,S,基礎条件,前走上り3F=33秒台以下,前走上り3F,range,10,10,1.0,29,30,0.967,107,111,0.964,0.271,1.003
中山グラJ,S,基礎条件,性別=牡,性別,exact,10,10,1.0,28,30,0.933,92,111,0.829,0.304,1.126
中山グラJ,S,基礎条件,キャリア=21戦以上,キャリア,range,10,10,1.0,27,30,0.9,95,111,0.856,0.284,1.052
中山グラJ,S,基礎条件,間隔=中8週以内,間隔,range,10,10,1.0,27,30,0.9,102,111,0.919,0.265,0.979
中山グラJ,S,基礎条件,前走Ｒ=8,前走Ｒ,exact,10,10,1.0,25,30,0.833,86,111,0.775,0.291,1.076
中山グラJ,A,選別条件,馬番=5〜8番,馬番,range,10,10,1.0,12,30,0.4,40,111,0.36,0.3,1.11
中山グラJ,B,強選別条件,前走着差=0.3秒以内,前走着差タイム,range,10,9,0.9,18,30,0.6,34,111,0.306,0.529,1.959
中山グラJ,B,強選別条件,前3角=2〜3番手,前3角,derived,10,9,0.9,15,30,0.5,32,111,0.288,0.469,1.734
中山グラJ,B,選別条件,前走馬場状態=良,前走馬場状態,exact,10,9,0.9,19,30,0.633,73,111,0.658,0.26,0.963
中山グラJ,B,選別条件,馬番=1〜6番,馬番,range,10,9,0.9,18,30,0.6,60,111,0.541,0.3,1.11
中山グラJ,B,選別条件,枠位置=中50%,馬番相対,derived,10,9,0.9,16,30,0.533,56,111,0.505,0.286,1.057
中山グラJ,B,選別条件,馬体重増減=減,馬体重増減,range,10,9,0.9,13,30,0.433,53,111,0.477,0.245,0.908
中山グラJ,補助,強選別条件,年齢=7歳,年齢,exact,10,9,0.9,9,30,0.3,23,111,0.207,0.391,1.448
中山グラJ,補助,強選別条件,前4角=2〜3番手,前4角,derived,10,8,0.8,15,30,0.5,28,111,0.252,0.536,1.982
中山グラJ,補助,強選別条件,前走着差=勝ち/同タイム,前走着差タイム,range,10,8,0.8,12,30,0.4,25,111,0.225,0.48,1.776
中山グラJ,補助,強選別条件,前走人気=1人気,前走人気,range,10,8,0.8,11,30,0.367,20,111,0.18,0.55,2.035
中山グラJ,補助,強選別条件,前走斤量=62,前走斤量,exact,10,8,0.8,10,30,0.333,16,111,0.144,0.625,2.312
中山グラJ,補助,選別条件,前走馬体重増減=増,前走馬体重増減,range,10,8,0.8,11,30,0.367,32,111,0.288,0.344,1.272
中山グラJ,補助,選別条件,前走馬体重増減=減,前走馬体重増減,range,10,8,0.8,10,30,0.333,42,111,0.378,0.238,0.881
中山グラJ,補助,選別条件,所属=(美),所属,exact,10,8,0.8,9,30,0.3,47,111,0.423,0.191,0.709
中山大障J,S,強選別条件,前走着順=1〜5着,前走着順,range,10,10,1.0,27,30,0.9,88,135,0.652,0.307,1.381
中山大障J,S,強選別条件,前走着順=1〜3着,前走着順,range,10,10,1.0,25,30,0.833,62,135,0.459,0.403,1.815
中山大障J,S,強選別条件,前走着差=0.9秒以内,前走着差タイム,range,10,10,1.0,24,30,0.8,61,135,0.452,0.393,1.77
中山大障J,S,強選別条件,前走着差=0.5秒以内,前走着差タイム,range,10,10,1.0,22,30,0.733,51,135,0.378,0.431,1.941
中山大障J,S,強選別条件,前走着差=0.3秒以内,前走着差タイム,range,10,10,1.0,21,30,0.7,48,135,0.356,0.438,1.969
中山大障J,S,強選別条件,前走人気=1〜3人気,前走人気,range,10,10,1.0,19,30,0.633,54,135,0.4,0.352,1.583
中山大障J,S,選別条件,前走人気=1〜5人気,前走人気,range,10,10,1.0,23,30,0.767,82,135,0.607,0.28,1.262
中山大障J,S,選別条件,前4角=前半位置(相対50%以内),前4角,derived,10,10,1.0,23,30,0.767,89,135,0.659,0.258,1.163
中山大障J,S,選別条件,前3角=前半位置(相対50%以内),前3角,derived,10,10,1.0,22,30,0.733,89,135,0.659,0.247,1.112
中山大障J,S,選別条件,前走斤量=60,前走斤量,exact,10,10,1.0,18,30,0.6,91,135,0.674,0.198,0.89
中山大障J,S,選別条件,前走Ｒ=8,前走Ｒ,exact,10,10,1.0,18,30,0.6,94,135,0.696,0.191,0.862
中山大障J,S,選別条件,毛色=鹿毛,毛色,exact,10,10,1.0,16,30,0.533,65,135,0.481,0.246,1.108
中山大障J,S,選別条件,枠位置=中50%,馬番相対,derived,10,10,1.0,16,30,0.533,68,135,0.504,0.235,1.059
中山大障J,S,基礎条件,斤量=58kg以上,斤量,range,10,10,1.0,30,30,1.0,135,135,1.0,0.222,1.0
中山大障J,S,基礎条件,前走上り3F=33秒台以下,前走上り3F,range,10,10,1.0,29,30,0.967,129,135,0.956,0.225,1.012
中山大障J,S,基礎条件,距離ローテ=距離延長,距離ローテ,derived,10,10,1.0,29,30,0.967,132,135,0.978,0.22,0.989
中山大障J,S,基礎条件,距離ローテ=同距離または延長,距離ローテ,derived,10,10,1.0,29,30,0.967,132,135,0.978,0.22,0.989
中山大障J,S,基礎条件,性別=牡,性別,exact,10,10,1.0,28,30,0.933,110,135,0.815,0.255,1.145
中山大障J,S,基礎条件,前走と同じ芝ダ,芝ダローテ,derived,10,10,1.0,28,30,0.933,127,135,0.941,0.22,0.992
中山大障J,S,基礎条件,前芝・ダ=芝,前芝・ダ,exact,10,10,1.0,28,30,0.933,127,135,0.941,0.22,0.992
中山大障J,S,基礎条件,前走着順=一桁着順,前走着順,range,10,10,1.0,27,30,0.9,118,135,0.874,0.229,1.03
中山大障J,S,基礎条件,キャリア=21戦以上,キャリア,range,10,10,1.0,25,30,0.833,121,135,0.896,0.207,0.93
中山大障J,B,強選別条件,前走着差=勝ち/同タイム,前走着差タイム,range,10,9,0.9,16,30,0.533,32,135,0.237,0.5,2.25
中山大障J,B,強選別条件,前走着順=1着,前走着順,range,10,9,0.9,15,30,0.5,31,135,0.23,0.484,2.177
中山大障J,B,強選別条件,前距離=3110,前距離,exact,10,9,0.9,15,30,0.5,41,135,0.304,0.366,1.646
中山大障J,B,強選別条件,前4角=2〜3番手,前4角,derived,10,9,0.9,14,30,0.467,36,135,0.267,0.389,1.75
中山大障J,B,強選別条件,前3角=2〜3番手,前3角,derived,10,9,0.9,13,30,0.433,33,135,0.244,0.394,1.773
中山大障J,B,強選別条件,前走レース名=東京ハイJG2,前走レース名,exact,10,9,0.9,12,30,0.4,21,135,0.156,0.571,2.571
中山大障J,B,強選別条件,前クラス名=JG2,前クラス名,exact,10,9,0.9,12,30,0.4,21,135,0.156,0.571,2.571
中山大障J,B,強選別条件,間隔=中9〜12週,間隔,range,10,9,0.9,12,30,0.4,23,135,0.17,0.522,2.348
中山大障J,B,選別条件,所属=(栗),所属,exact,10,9,0.9,21,30,0.7,77,135,0.57,0.273,1.227
中山大障J,B,選別条件,年齢=4〜6歳,年齢,range,10,9,0.9,20,30,0.667,76,135,0.563,0.263,1.184
中山大障J,B,選別条件,年齢=6歳以下,年齢,range,10,9,0.9,20,30,0.667,77,135,0.57,0.26,1.169
中山大障J,B,選別条件,前走馬体重増減=増,前走馬体重増減,range,10,9,0.9,17,30,0.567,61,135,0.452,0.279,1.254
中山大障J,B,選別条件,間隔=中8週以内,間隔,range,10,9,0.9,13,30,0.433,98,135,0.726,0.133,0.597
中山大障J,B,選別条件,馬体重増減=増,馬体重増減,range,10,9,0.9,12,30,0.4,47,135,0.348,0.255,1.149
中山大障J,補助,強選別条件,前走馬場状態=稍,前走馬場状態,exact,10,8,0.8,10,30,0.333,33,135,0.244,0.303,1.364
中山大障J,補助,強選別条件,産地=新冠町,産地,exact,10,8,0.8,9,30,0.3,26,135,0.193,0.346,1.558
中山大障J,補助,選別条件,前走馬場状態=良,前走馬場状態,exact,10,8,0.8,17,30,0.567,95,135,0.704,0.179,0.805
中山大障J,補助,選別条件,馬番=1〜6番,馬番,range,10,8,0.8,13,30,0.433,60,135,0.444,0.217,0.975
中山大障J,補助,選別条件,馬番=9番外,馬番,range,10,8,0.8,12,30,0.4,55,135,0.407,0.218,0.982
中山大障J,補助,選別条件,年齢=6歳,年齢,exact,10,8,0.8,10,30,0.333,35,135,0.259,0.286,1.286
中山大障J,補助,選別条件,前クラス名=オープン,前クラス名,exact,10,8,0.8,9,30,0.3,73,135,0.541,0.123,0.555
中山牝馬H,S,強選別条件,前走着差=0.5秒以内,前走着差タイム,range,10,10,1.0,21,30,0.7,78,153,0.51,0.269,1.373
中山牝馬H,S,選別条件,前走着順=一桁着順,前走着順,range,10,10,1.0,23,30,0.767,102,153,0.667,0.225,1.15
中山牝馬H,S,選別条件,年齢=3〜5歳,年齢,range,10,10,1.0,22,30,0.733,95,153,0.621,0.232,1.181
中山牝馬H,S,選別条件,年齢=5歳以下,年齢,range,10,10,1.0,22,30,0.733,95,153,0.621,0.232,1.181
中山牝馬H,S,選別条件,距離ローテ=同距離または短縮,距離ローテ,derived,10,10,1.0,22,30,0.733,100,153,0.654,0.22,1.122
中山牝馬H,S,選別条件,前4角=前半位置(相対50%以内),前4角,derived,10,10,1.0,21,30,0.7,89,153,0.582,0.236,1.203
中山牝馬H,S,選別条件,前3角=前半位置(相対50%以内),前3角,derived,10,10,1.0,19,30,0.633,84,153,0.549,0.226,1.154
中山牝馬H,S,選別条件,前クラス名=G3,前クラス名,exact,10,10,1.0,19,30,0.633,92,153,0.601,0.207,1.053
中山牝馬H,S,選別条件,間隔=中8週以内,間隔,range,10,10,1.0,18,30,0.6,95,153,0.621,0.189,0.966
中山牝馬H,S,選別条件,前走馬体重増減=増,前走馬体重増減,range,10,10,1.0,17,30,0.567,70,153,0.458,0.243,1.239
中山牝馬H,S,選別条件,馬番=9番外,馬番,range,10,10,1.0,15,30,0.5,73,153,0.477,0.205,1.048
中山牝馬H,S,基礎条件,前走と同じ芝ダ,芝ダローテ,derived,10,10,1.0,30,30,1.0,150,153,0.98,0.2,1.02
中山牝馬H,S,基礎条件,前芝・ダ=芝,前芝・ダ,exact,10,10,1.0,30,30,1.0,150,153,0.98,0.2,1.02
中山牝馬H,S,基礎条件,斤量=56kg以下,斤量,range,10,10,1.0,30,30,1.0,151,153,0.987,0.199,1.013
中山牝馬H,S,基礎条件,性別=牝,性別,exact,10,10,1.0,30,30,1.0,153,153,1.0,0.196,1.0
中山牝馬H,S,基礎条件,距離差=±400m以内,距離ローテ,derived,10,10,1.0,28,30,0.933,148,153,0.967,0.189,0.965
中山牝馬H,S,基礎条件,距離差=±200m以内,距離ローテ,derived,10,10,1.0,27,30,0.9,125,153,0.817,0.216,1.102
中山牝馬H,S,基礎条件,年齢=4〜6歳,年齢,range,10,10,1.0,27,30,0.9,141,153,0.922,0.191,0.977
中山牝馬H,S,基礎条件,年齢=6歳以下,年齢,range,10,10,1.0,27,30,0.9,141,153,0.922,0.191,0.977
中山牝馬H,S,基礎条件,前走着差=0.9秒以内,前走着差タイム,range,10,10,1.0,26,30,0.867,116,153,0.758,0.224,1.143
中山牝馬H,S,基礎条件,前走Ｒ=11,前走Ｒ,exact,10,10,1.0,26,30,0.867,140,153,0.915,0.186,0.947
中山牝馬H,S,基礎条件,前走馬場状態=良,前走馬場状態,exact,10,10,1.0,22,30,0.733,115,153,0.752,0.191,0.976
中山牝馬H,B,強選別条件,前走着順=1〜5着,前走着順,range,10,9,0.9,19,30,0.633,67,153,0.438,0.284,1.446
中山牝馬H,B,強選別条件,前走人気=1〜5人気,前走人気,range,10,9,0.9,15,30,0.5,51,153,0.333,0.294,1.5
中山牝馬H,B,強選別条件,前走着差=0.3秒以内,前走着差タイム,range,10,9,0.9,15,30,0.5,51,153,0.333,0.294,1.5
中山牝馬H,B,強選別条件,前走着順=1〜3着,前走着順,range,10,9,0.9,13,30,0.433,43,153,0.281,0.302,1.542
中山牝馬H,B,強選別条件,枠位置=外25%,馬番相対,derived,10,9,0.9,11,30,0.367,40,153,0.261,0.275,1.403
中山牝馬H,B,選別条件,毛色=鹿毛,毛色,exact,10,9,0.9,17,30,0.567,69,153,0.451,0.246,1.257
中山牝馬H,B,選別条件,距離ローテ=距離短縮,距離ローテ,derived,10,9,0.9,17,30,0.567,83,153,0.542,0.205,1.045
中山牝馬H,B,選別条件,キャリア=11〜20戦,キャリア,range,10,9,0.9,16,30,0.533,64,153,0.418,0.25,1.275
中山牝馬H,B,選別条件,所属=(美),所属,exact,10,9,0.9,16,30,0.533,81,153,0.529,0.198,1.007
中山牝馬H,B,選別条件,替=*,替,exact,10,9,0.9,16,30,0.533,88,153,0.575,0.182,0.927
中山牝馬H,B,選別条件,前距離=2000,前距離,exact,10,9,0.9,15,30,0.5,63,153,0.412,0.238,1.214
中山牝馬H,B,選別条件,前走頭数=14〜16頭,前走頭数,range,10,9,0.9,15,30,0.5,87,153,0.569,0.172,0.879
中山牝馬H,B,選別条件,所属=(栗),所属,exact,10,9,0.9,14,30,0.467,72,153,0.471,0.194,0.992
中山牝馬H,B,選別条件,斤量=53kg以下,斤量,range,10,9,0.9,14,30,0.467,85,153,0.556,0.165,0.84
中山牝馬H,B,選別条件,間隔=中5〜8週,間隔,range,10,9,0.9,13,30,0.433,64,153,0.418,0.203,1.036
中山牝馬H,B,選別条件,距離ローテ=同距離または延長,距離ローテ,derived,10,9,0.9,13,30,0.433,70,153,0.458,0.186,0.947
中山牝馬H,B,選別条件,馬番=1〜6番,馬番,range,10,9,0.9,10,30,0.333,60,153,0.392,0.167,0.85
中山牝馬H,補助,強選別条件,前走斤量=53,前走斤量,exact,10,8,0.8,10,30,0.333,35,153,0.229,0.286,1.457
中山牝馬H,補助,選別条件,枠位置=中50%,馬番相対,derived,10,8,0.8,14,30,0.467,77,153,0.503,0.182,0.927
中山牝馬H,補助,選別条件,前3角=後半位置(相対50%超),前3角,derived,10,8,0.8,11,30,0.367,68,153,0.444,0.162,0.825
中山牝馬H,補助,選別条件,産地=安平町,産地,exact,10,8,0.8,10,30,0.333,47,153,0.307,0.213,1.085
中山牝馬H,補助,選別条件,前走人気=6〜9人気,前走人気,range,10,8,0.8,10,30,0.333,50,153,0.327,0.2,1.02
中山牝馬H,補助,選別条件,間隔=中9〜12週,間隔,range,10,8,0.8,9,30,0.3,37,153,0.242,0.243,1.241
中山牝馬H,補助,選別条件,前走レース名=愛知杯HG3,前走レース名,exact,10,8,0.8,9,30,0.3,44,153,0.288,0.205,1.043
中山牝馬H,補助,選別条件,前走頭数=16,前走頭数,exact,10,8,0.8,9,30,0.3,54,153,0.353,0.167,0.85
中山記念,S,強選別条件,前4角=前半位置(相対50%以内),前4角,derived,10,10,1.0,24,30,0.8,74,123,0.602,0.324,1.33
中山記念,S,強選別条件,前走着順=1〜5着,前走着順,range,10,10,1.0,21,30,0.7,54,123,0.439,0.389,1.594
中山記念,S,強選別条件,前走着差=0.5秒以内,前走着差タイム,range,10,10,1.0,21,30,0.7,54,123,0.439,0.389,1.594
中山記念,S,強選別条件,前走人気=1〜5人気,前走人気,range,10,10,1.0,20,30,0.667,47,123,0.382,0.426,1.745
中山記念,S,選別条件,年齢=4〜6歳,年齢,range,10,10,1.0,27,30,0.9,90,123,0.732,0.3,1.23
中山記念,S,選別条件,年齢=6歳以下,年齢,range,10,10,1.0,27,30,0.9,90,123,0.732,0.3,1.23
中山記念,S,選別条件,前走着順=一桁着順,前走着順,range,10,10,1.0,25,30,0.833,79,123,0.642,0.316,1.297
中山記念,S,選別条件,前走着差=0.9秒以内,前走着差タイム,range,10,10,1.0,24,30,0.8,76,123,0.618,0.316,1.295
中山記念,S,選別条件,距離差=±200m以内,距離ローテ,derived,10,10,1.0,23,30,0.767,83,123,0.675,0.277,1.136
中山記念,S,選別条件,所属=(美),所属,exact,10,10,1.0,19,30,0.633,80,123,0.65,0.237,0.974
中山記念,S,選別条件,距離ローテ=同距離または短縮,距離ローテ,derived,10,10,1.0,19,30,0.633,85,123,0.691,0.224,0.916
中山記念,S,基礎条件,前走と同じ芝ダ,芝ダローテ,derived,10,10,1.0,28,30,0.933,120,123,0.976,0.233,0.957
中山記念,S,基礎条件,前芝・ダ=芝,前芝・ダ,exact,10,10,1.0,28,30,0.933,120,123,0.976,0.233,0.957
中山記念,S,基礎条件,距離差=±400m以内,距離ローテ,derived,10,10,1.0,26,30,0.867,105,123,0.854,0.248,1.015
中山記念,S,基礎条件,前走馬場状態=良,前走馬場状態,exact,10,10,1.0,26,30,0.867,105,123,0.854,0.248,1.015
中山記念,S,基礎条件,前走Ｒ=11,前走Ｒ,exact,10,10,1.0,26,30,0.867,106,123,0.862,0.245,1.006
中山記念,S,基礎条件,性別=牡,性別,exact,10,10,1.0,24,30,0.8,105,123,0.854,0.229,0.937
中山記念,A,強選別条件,産地=安平町,産地,exact,10,10,1.0,14,30,0.467,38,123,0.309,0.368,1.511
中山記念,A,選別条件,替=*,替,exact,10,10,1.0,14,30,0.467,66,123,0.537,0.212,0.87
中山記念,A,選別条件,馬番=1〜6番,馬番,range,10,10,1.0,13,30,0.433,60,123,0.488,0.217,0.888
中山記念,B,強選別条件,年齢=3〜5歳,年齢,range,10,9,0.9,22,30,0.733,63,123,0.512,0.349,1.432
中山記念,B,強選別条件,年齢=5歳以下,年齢,range,10,9,0.9,22,30,0.733,63,123,0.512,0.349,1.432
中山記念,B,強選別条件,前走着差=0.3秒以内,前走着差タイム,range,10,9,0.9,18,30,0.6,41,123,0.333,0.439,1.8
中山記念,B,強選別条件,前走着順=1〜3着,前走着順,range,10,9,0.9,17,30,0.567,39,123,0.317,0.436,1.787
中山記念,B,強選別条件,前クラス名=G1,前クラス名,exact,10,9,0.9,15,30,0.5,47,123,0.382,0.319,1.309
中山記念,B,選別条件,前3角=前半位置(相対50%以内),前3角,derived,10,9,0.9,22,30,0.733,73,123,0.593,0.301,1.236
中山記念,B,選別条件,斤量=56kg以下,斤量,range,10,9,0.9,20,30,0.667,80,123,0.65,0.25,1.025
中山記念,B,選別条件,距離ローテ=距離短縮,距離ローテ,derived,10,9,0.9,17,30,0.567,79,123,0.642,0.215,0.882
中山記念,B,選別条件,枠位置=中50%,馬番相対,derived,10,9,0.9,16,30,0.533,63,123,0.512,0.254,1.041
中山記念,B,選別条件,キャリア=11〜20戦,キャリア,range,10,9,0.9,13,30,0.433,50,123,0.407,0.26,1.066
中山記念,B,選別条件,馬体重増減=増,馬体重増減,range,10,9,0.9,13,30,0.433,52,123,0.423,0.25,1.025
中山記念,補助,強選別条件,前走人気=1〜3人気,前走人気,range,10,8,0.8,15,30,0.5,31,123,0.252,0.484,1.984
中山記念,補助,強選別条件,前走頭数=17頭以上,前走頭数,range,10,8,0.8,15,30,0.5,43,123,0.35,0.349,1.43
中山記念,補助,強選別条件,キャリア=6〜10戦,キャリア,range,10,8,0.8,13,30,0.433,26,123,0.211,0.5,2.05
中山記念,補助,強選別条件,前走馬体重増減=減,前走馬体重増減,range,10,8,0.8,13,30,0.433,39,123,0.317,0.333,1.367
中山記念,補助,選別条件,距離ローテ=同距離または延長,距離ローテ,derived,10,8,0.8,13,30,0.433,44,123,0.358,0.295,1.211
中山記念,補助,選別条件,間隔=中8週以内,間隔,range,10,8,0.8,13,30,0.433,58,123,0.472,0.224,0.919
中山記念,補助,選別条件,距離ローテ=距離延長,距離ローテ,derived,10,8,0.8,11,30,0.367,38,123,0.309,0.289,1.187
中山記念,補助,選別条件,所属=(栗),所属,exact,10,8,0.8,11,30,0.367,42,123,0.341,0.262,1.074
中山記念,補助,選別条件,前距離=1600,前距離,exact,10,8,0.8,10,30,0.333,33,123,0.268,0.303,1.242
中山記念,補助,選別条件,馬番=1〜4番,馬番,range,10,8,0.8,10,30,0.333,40,123,0.325,0.25,1.025
中山記念,補助,選別条件,馬番=5〜8番,馬番,range,10,8,0.8,10,30,0.333,40,123,0.325,0.25,1.025
中山金杯H,S,強選別条件,前走着差=0.9秒以内,前走着差タイム,range,10,10,1.0,27,30,0.9,108,162,0.667,0.25,1.35
中山金杯H,S,強選別条件,年齢=4〜6歳,年齢,range,10,10,1.0,26,30,0.867,105,162,0.648,0.248,1.337
中山金杯H,S,強選別条件,年齢=6歳以下,年齢,range,10,10,1.0,26,30,0.867,105,162,0.648,0.248,1.337
中山金杯H,S,強選別条件,前走着順=一桁着順,前走着順,range,10,10,1.0,26,30,0.867,105,162,0.648,0.248,1.337
中山金杯H,S,強選別条件,前走着順=1〜5着,前走着順,range,10,10,1.0,23,30,0.767,61,162,0.377,0.377,2.036
中山金杯H,S,強選別条件,前走着差=0.5秒以内,前走着差タイム,range,10,10,1.0,23,30,0.767,73,162,0.451,0.315,1.701
中山金杯H,S,強選別条件,前4角=前半位置(相対50%以内),前4角,derived,10,10,1.0,22,30,0.733,90,162,0.556,0.244,1.32
中山金杯H,S,強選別条件,前3角=前半位置(相対50%以内),前3角,derived,10,10,1.0,21,30,0.7,85,162,0.525,0.247,1.334
中山金杯H,S,強選別条件,前走着順=1〜3着,前走着順,range,10,10,1.0,18,30,0.6,46,162,0.284,0.391,2.113
中山金杯H,S,強選別条件,前走着差=0.3秒以内,前走着差タイム,range,10,10,1.0,17,30,0.567,49,162,0.302,0.347,1.873
中山金杯H,S,強選別条件,前走人気=1〜5人気,前走人気,range,10,10,1.0,17,30,0.567,59,162,0.364,0.288,1.556
中山金杯H,S,強選別条件,馬番=1〜6番,馬番,range,10,10,1.0,17,30,0.567,60,162,0.37,0.283,1.53
中山金杯H,S,選別条件,距離ローテ=同距離または短縮,距離ローテ,derived,10,10,1.0,23,30,0.767,115,162,0.71,0.2,1.08
中山金杯H,S,選別条件,距離ローテ=同距離,距離ローテ,derived,10,10,1.0,19,30,0.633,83,162,0.512,0.229,1.236
中山金杯H,S,選別条件,前距離=2000,前距離,exact,10,10,1.0,19,30,0.633,83,162,0.512,0.229,1.236
中山金杯H,S,基礎条件,前走と同じ芝ダ,芝ダローテ,derived,10,10,1.0,30,30,1.0,157,162,0.969,0.191,1.032
中山金杯H,S,基礎条件,前芝・ダ=芝,前芝・ダ,exact,10,10,1.0,30,30,1.0,157,162,0.969,0.191,1.032
中山金杯H,S,基礎条件,距離差=±400m以内,距離ローテ,derived,10,10,1.0,28,30,0.933,146,162,0.901,0.192,1.036
中山金杯H,S,基礎条件,前走Ｒ=11,前走Ｒ,exact,10,10,1.0,28,30,0.933,148,162,0.914,0.189,1.022
中山金杯H,S,基礎条件,距離ローテ=同距離または延長,距離ローテ,derived,10,10,1.0,26,30,0.867,130,162,0.802,0.2,1.08
中山金杯H,S,基礎条件,性別=牡,性別,exact,10,10,1.0,26,30,0.867,134,162,0.827,0.194,1.048
中山金杯H,S,基礎条件,前走馬場状態=良,前走馬場状態,exact,10,10,1.0,26,30,0.867,141,162,0.87,0.184,0.996
中山金杯H,S,基礎条件,間隔=中8週以内,間隔,range,10,10,1.0,25,30,0.833,124,162,0.765,0.202,1.089
中山金杯H,S,基礎条件,距離差=±200m以内,距離ローテ,derived,10,10,1.0,25,30,0.833,129,162,0.796,0.194,1.047
中山金杯H,B,強選別条件,年齢=3〜5歳,年齢,range,10,9,0.9,17,30,0.567,61,162,0.377,0.279,1.505
中山金杯H,B,強選別条件,年齢=5歳以下,年齢,range,10,9,0.9,17,30,0.567,61,162,0.377,0.279,1.505
中山金杯H,B,強選別条件,前3角=4〜6番手,前3角,derived,10,9,0.9,14,30,0.467,31,162,0.191,0.452,2.439
中山金杯H,B,強選別条件,枠位置=内25%,馬番相対,derived,10,9,0.9,13,30,0.433,38,162,0.235,0.342,1.847
中山金杯H,B,強選別条件,馬番=1〜4番,馬番,range,10,9,0.9,13,30,0.433,40,162,0.247,0.325,1.755
中山金杯H,B,強選別条件,前走人気=1〜3人気,前走人気,range,10,9,0.9,12,30,0.4,33,162,0.204,0.364,1.964
中山金杯H,B,選別条件,所属=(美),所属,exact,10,9,0.9,17,30,0.567,96,162,0.593,0.177,0.956
中山金杯H,B,選別条件,馬体重増減=増,馬体重増減,range,10,9,0.9,15,30,0.5,80,162,0.494,0.188,1.012
中山金杯H,B,選別条件,前走馬体重増減=増,前走馬体重増減,range,10,9,0.9,13,30,0.433,65,162,0.401,0.2,1.08
中山金杯H,B,選別条件,枠位置=中50%,馬番相対,derived,10,9,0.9,13,30,0.433,77,162,0.475,0.169,0.912
中山金杯H,B,選別条件,替=*,替,exact,10,9,0.9,13,30,0.433,93,162,0.574,0.14,0.755
中山金杯H,B,選別条件,前走斤量=56,前走斤量,exact,10,9,0.9,12,30,0.4,63,162,0.389,0.19,1.029
中山金杯H,B,基礎条件,斤量=56kg以下,斤量,range,10,9,0.9,21,30,0.7,123,162,0.759,0.171,0.922
中山金杯H,補助,強選別条件,前4角=4〜6番手,前4角,derived,10,8,0.8,15,30,0.5,38,162,0.235,0.395,2.132
中山金杯H,補助,強選別条件,キャリア=11〜20戦,キャリア,range,10,8,0.8,15,30,0.5,55,162,0.34,0.273,1.473
中山金杯H,補助,強選別条件,前走上り3F=34秒台,前走上り3F,range,10,8,0.8,15,30,0.5,59,162,0.364,0.254,1.373
中山金杯H,補助,強選別条件,前走着差=勝ち/同タイム,前走着差タイム,range,10,8,0.8,11,30,0.367,30,162,0.185,0.367,1.98
中山金杯H,補助,選別条件,間隔=中5〜8週,間隔,range,10,8,0.8,13,30,0.433,55,162,0.34,0.236,1.276
中山金杯H,補助,選別条件,斤量=56kg,斤量,range,10,8,0.8,10,30,0.333,51,162,0.315,0.196,1.059
中山金杯H,補助,選別条件,前走斤量=57,前走斤量,exact,10,8,0.8,8,30,0.267,37,162,0.228,0.216,1.168
中日新聞H,S,強選別条件,前走人気=1〜5人気,前走人気,range,9,9,1.0,18,27,0.667,65,155,0.419,0.277,1.59
中日新聞H,S,選別条件,所属=(栗),所属,exact,9,9,1.0,21,27,0.778,110,155,0.71,0.191,1.096
中日新聞H,S,選別条件,距離ローテ=同距離または延長,距離ローテ,derived,9,9,1.0,20,27,0.741,113,155,0.729,0.177,1.016
中日新聞H,S,選別条件,間隔=中8週以内,間隔,range,9,9,1.0,19,27,0.704,114,155,0.735,0.167,0.957
中日新聞H,S,選別条件,枠位置=中50%,馬番相対,derived,9,9,1.0,16,27,0.593,77,155,0.497,0.208,1.193
中日新聞H,S,選別条件,馬番=9番外,馬番,range,9,9,1.0,16,27,0.593,83,155,0.535,0.193,1.107
中日新聞H,S,基礎条件,前走Ｒ=11,前走Ｒ,exact,9,9,1.0,27,27,1.0,144,155,0.929,0.188,1.076
中日新聞H,S,基礎条件,前走と同じ芝ダ,芝ダローテ,derived,9,9,1.0,27,27,1.0,153,155,0.987,0.176,1.013
中日新聞H,S,基礎条件,前芝・ダ=芝,前芝・ダ,exact,9,9,1.0,27,27,1.0,153,155,0.987,0.176,1.013
中日新聞H,S,基礎条件,距離差=±400m以内,距離ローテ,derived,9,9,1.0,25,27,0.926,134,155,0.865,0.187,1.071
中日新聞H,S,基礎条件,距離差=±200m以内,距離ローテ,derived,9,9,1.0,23,27,0.852,120,155,0.774,0.192,1.1
中日新聞H,S,基礎条件,年齢=6歳以下,年齢,range,9,9,1.0,23,27,0.852,129,155,0.832,0.178,1.024
中日新聞H,S,基礎条件,斤量=56kg以下,斤量,range,9,9,1.0,20,27,0.741,117,155,0.755,0.171,0.981
中日新聞H,S,基礎条件,性別=牡,性別,exact,9,9,1.0,20,27,0.741,125,155,0.806,0.16,0.919
中日新聞H,S,基礎条件,年齢=4〜6歳,年齢,range,9,9,1.0,19,27,0.704,118,155,0.761,0.161,0.924
中日新聞H,S,基礎条件,前走馬場状態=良,前走馬場状態,exact,9,9,1.0,18,27,0.667,123,155,0.794,0.146,0.84
中日新聞H,補助,強選別条件,前3角=前半位置(相対50%以内),前3角,derived,9,8,0.889,18,27,0.667,79,155,0.51,0.228,1.308
中日新聞H,補助,強選別条件,前走馬体重増減=減,前走馬体重増減,range,9,8,0.889,13,27,0.481,51,155,0.329,0.255,1.463
中日新聞H,補助,選別条件,前走着差=0.9秒以内,前走着差タイム,range,9,8,0.889,19,27,0.704,96,155,0.619,0.198,1.136
中日新聞H,補助,選別条件,年齢=3〜5歳,年齢,range,9,8,0.889,19,27,0.704,98,155,0.632,0.194,1.113
中日新聞H,補助,選別条件,年齢=5歳以下,年齢,range,9,8,0.889,19,27,0.704,98,155,0.632,0.194,1.113
中日新聞H,補助,選別条件,前4角=前半位置(相対50%以内),前4角,derived,9,8,0.889,15,27,0.556,80,155,0.516,0.188,1.076
中日新聞H,補助,選別条件,間隔=中5〜8週,間隔,range,9,8,0.889,13,27,0.481,58,155,0.374,0.224,1.287
中日新聞H,補助,選別条件,キャリア=11〜20戦,キャリア,range,9,8,0.889,13,27,0.481,59,155,0.381,0.22,1.265
中日新聞H,補助,選別条件,距離ローテ=同距離,距離ローテ,derived,9,8,0.889,13,27,0.481,78,155,0.503,0.167,0.957
中日新聞H,補助,選別条件,前距離=2000,前距離,exact,9,8,0.889,13,27,0.481,78,155,0.503,0.167,0.957
中日新聞H,補助,選別条件,前走上り3F=34秒台,前走上り3F,range,9,8,0.889,12,27,0.444,54,155,0.348,0.222,1.276
中日新聞H,補助,選別条件,前4角=後半位置(相対50%超),前4角,derived,9,8,0.889,12,27,0.444,74,155,0.477,0.162,0.931
中日新聞H,補助,基礎条件,距離ローテ=同距離または短縮,距離ローテ,derived,9,8,0.889,20,27,0.741,120,155,0.774,0.167,0.957
京成杯,S,強選別条件,前走着差=0.5秒以内,前走着差タイム,range,10,10,1.0,28,30,0.933,96,138,0.696,0.292,1.342
京成杯,S,強選別条件,前走着差=0.3秒以内,前走着差タイム,range,10,10,1.0,26,30,0.867,85,138,0.616,0.306,1.407
京成杯,S,強選別条件,前走人気=1〜3人気,前走人気,range,10,10,1.0,19,30,0.633,67,138,0.486,0.284,1.304
京成杯,S,強選別条件,馬体重増減=増,馬体重増減,range,10,10,1.0,17,30,0.567,55,138,0.399,0.309,1.422
京成杯,S,選別条件,前走着順=1〜5着,前走着順,range,10,10,1.0,27,30,0.9,106,138,0.768,0.255,1.172
京成杯,S,選別条件,前走着順=1〜3着,前走着順,range,10,10,1.0,23,30,0.767,83,138,0.601,0.277,1.275
京成杯,S,選別条件,距離ローテ=同距離,距離ローテ,derived,10,10,1.0,23,30,0.767,83,138,0.601,0.277,1.275
京成杯,S,選別条件,距離ローテ=同距離または短縮,距離ローテ,derived,10,10,1.0,23,30,0.767,83,138,0.601,0.277,1.275
京成杯,S,選別条件,前距離=2000,前距離,exact,10,10,1.0,23,30,0.767,83,138,0.601,0.277,1.275
京成杯,S,選別条件,前走人気=1〜5人気,前走人気,range,10,10,1.0,22,30,0.733,86,138,0.623,0.256,1.177
京成杯,S,選別条件,前4角=前半位置(相対50%以内),前4角,derived,10,10,1.0,21,30,0.7,97,138,0.703,0.216,0.996
京成杯,S,選別条件,所属=(美),所属,exact,10,10,1.0,19,30,0.633,91,138,0.659,0.209,0.96
京成杯,S,選別条件,前3角=前半位置(相対50%以内),前3角,derived,10,10,1.0,19,30,0.633,96,138,0.696,0.198,0.91
京成杯,S,選別条件,前走着順=1着,前走着順,range,10,10,1.0,17,30,0.567,64,138,0.464,0.266,1.222
京成杯,S,選別条件,前走着差=勝ち/同タイム,前走着差タイム,range,10,10,1.0,17,30,0.567,66,138,0.478,0.258,1.185
京成杯,S,選別条件,枠位置=中50%,馬番相対,derived,10,10,1.0,16,30,0.533,70,138,0.507,0.229,1.051
京成杯,S,基礎条件,前走と同じ芝ダ,芝ダローテ,derived,10,10,1.0,30,30,1.0,132,138,0.957,0.227,1.045
京成杯,S,基礎条件,前芝・ダ=芝,前芝・ダ,exact,10,10,1.0,30,30,1.0,132,138,0.957,0.227,1.045
京成杯,S,基礎条件,距離差=±400m以内,距離ローテ,derived,10,10,1.0,30,30,1.0,137,138,0.993,0.219,1.007
京成杯,S,基礎条件,年齢=3歳,年齢,exact,10,10,1.0,30,30,1.0,138,138,1.0,0.217,1.0
京成杯,S,基礎条件,年齢=3〜5歳,年齢,range,10,10,1.0,30,30,1.0,138,138,1.0,0.217,1.0
京成杯,S,基礎条件,年齢=5歳以下,年齢,range,10,10,1.0,30,30,1.0,138,138,1.0,0.217,1.0
京成杯,S,基礎条件,年齢=6歳以下,年齢,range,10,10,1.0,30,30,1.0,138,138,1.0,0.217,1.0
京成杯,S,基礎条件,距離ローテ=同距離または延長,距離ローテ,derived,10,10,1.0,30,30,1.0,138,138,1.0,0.217,1.0
京成杯,S,基礎条件,距離差=±200m以内,距離ローテ,derived,10,10,1.0,29,30,0.967,120,138,0.87,0.242,1.112
京成杯,S,基礎条件,前走着順=一桁着順,前走着順,range,10,10,1.0,29,30,0.967,125,138,0.906,0.232,1.067
京成杯,S,基礎条件,キャリア=5戦以内,キャリア,range,10,10,1.0,29,30,0.967,126,138,0.913,0.23,1.059
京成杯,S,基礎条件,前走馬場状態=良,前走馬場状態,exact,10,10,1.0,29,30,0.967,126,138,0.913,0.23,1.059
京成杯,S,基礎条件,性別=牡,性別,exact,10,10,1.0,29,30,0.967,131,138,0.949,0.221,1.018
京成杯,S,基礎条件,前走着差=0.9秒以内,前走着差タイム,range,10,10,1.0,28,30,0.933,120,138,0.87,0.233,1.073
京成杯,S,基礎条件,間隔=中8週以内,間隔,range,10,10,1.0,22,30,0.733,105,138,0.761,0.21,0.964
京成杯,B,選別条件,前走斤量=55,前走斤量,exact,10,9,0.9,23,30,0.767,99,138,0.717,0.232,1.069
京成杯,B,選別条件,馬番=1〜6番,馬番,range,10,9,0.9,16,30,0.533,60,138,0.435,0.267,1.227
京成杯,B,選別条件,馬番=5〜8番,馬番,range,10,9,0.9,11,30,0.367,40,138,0.29,0.275,1.265
京成杯,B,選別条件,所属=(栗),所属,exact,10,9,0.9,11,30,0.367,46,138,0.333,0.239,1.1
京成杯,B,選別条件,前3角=2〜3番手,前3角,derived,10,9,0.9,10,30,0.333,47,138,0.341,0.213,0.979
京成杯,B,基礎条件,斤量=56kg以下,斤量,range,10,9,0.9,27,30,0.9,122,138,0.884,0.221,1.018
京成杯,B,基礎条件,斤量=56kg,斤量,range,10,9,0.9,26,30,0.867,115,138,0.833,0.226,1.04
京成杯,補助,強選別条件,産地=安平町,産地,exact,10,8,0.8,14,30,0.467,39,138,0.283,0.359,1.651
京成杯,補助,強選別条件,前走上り3F=34秒台,前走上り3F,range,10,8,0.8,13,30,0.433,42,138,0.304,0.31,1.424
京成杯,補助,強選別条件,前走頭数=11〜13頭,前走頭数,range,10,8,0.8,12,30,0.4,40,138,0.29,0.3,1.38
京成杯,補助,選別条件,替=*,替,exact,10,8,0.8,15,30,0.5,77,138,0.558,0.195,0.896
京成杯,補助,選別条件,前4角=2〜3番手,前4角,derived,10,8,0.8,8,30,0.267,44,138,0.319,0.182,0.836
京王杯2,S,強選別条件,前走人気=1〜3人気,前走人気,range,10,10,1.0,24,30,0.8,78,134,0.582,0.308,1.374
京王杯2,S,強選別条件,前走上り3F=35秒台,前走上り3F,range,10,10,1.0,15,30,0.5,46,134,0.343,0.326,1.457
京王杯2,S,選別条件,前走人気=1〜5人気,前走人気,range,10,10,1.0,27,30,0.9,104,134,0.776,0.26,1.16
京王杯2,S,選別条件,性別=牡,性別,exact,10,10,1.0,25,30,0.833,98,134,0.731,0.255,1.139
京王杯2,S,選別条件,斤量=55kg,斤量,range,10,10,1.0,24,30,0.8,88,134,0.657,0.273,1.218
京王杯2,S,選別条件,前4角=前半位置(相対50%以内),前4角,derived,10,10,1.0,24,30,0.8,94,134,0.701,0.255,1.14
京王杯2,S,選別条件,前3角=前半位置(相対50%以内),前3角,derived,10,10,1.0,23,30,0.767,89,134,0.664,0.258,1.154
京王杯2,S,選別条件,前走着順=1着,前走着順,range,10,10,1.0,22,30,0.733,82,134,0.612,0.268,1.198
京王杯2,S,選別条件,前走着差=勝ち/同タイム,前走着差タイム,range,10,10,1.0,22,30,0.733,84,134,0.627,0.262,1.17
京王杯2,S,選別条件,距離ローテ=同距離または短縮,距離ローテ,derived,10,10,1.0,16,30,0.533,78,134,0.582,0.205,0.916
京王杯2,S,基礎条件,前走と同じ芝ダ,芝ダローテ,derived,10,10,1.0,30,30,1.0,125,134,0.933,0.24,1.072
京王杯2,S,基礎条件,前芝・ダ=芝,前芝・ダ,exact,10,10,1.0,30,30,1.0,125,134,0.933,0.24,1.072
京王杯2,S,基礎条件,キャリア=5戦以内,キャリア,range,10,10,1.0,30,30,1.0,129,134,0.963,0.233,1.039
京王杯2,S,基礎条件,距離差=±200m以内,距離ローテ,derived,10,10,1.0,30,30,1.0,133,134,0.993,0.226,1.008
京王杯2,S,基礎条件,年齢=2歳,年齢,exact,10,10,1.0,30,30,1.0,134,134,1.0,0.224,1.0
京王杯2,S,基礎条件,年齢=5歳以下,年齢,range,10,10,1.0,30,30,1.0,134,134,1.0,0.224,1.0
京王杯2,S,基礎条件,年齢=6歳以下,年齢,range,10,10,1.0,30,30,1.0,134,134,1.0,0.224,1.0
京王杯2,S,基礎条件,斤量=56kg以下,斤量,range,10,10,1.0,30,30,1.0,134,134,1.0,0.224,1.0
京王杯2,S,基礎条件,距離差=±400m以内,距離ローテ,derived,10,10,1.0,30,30,1.0,134,134,1.0,0.224,1.0
京王杯2,S,基礎条件,前走着順=一桁着順,前走着順,range,10,10,1.0,29,30,0.967,128,134,0.955,0.227,1.012
京王杯2,S,基礎条件,前走着差=0.9秒以内,前走着差タイム,range,10,10,1.0,28,30,0.933,120,134,0.896,0.233,1.042
京王杯2,S,基礎条件,前走着順=1〜5着,前走着順,range,10,10,1.0,27,30,0.9,117,134,0.873,0.231,1.031
京王杯2,S,基礎条件,前走着差=0.3秒以内,前走着差タイム,range,10,10,1.0,26,30,0.867,105,134,0.784,0.248,1.106
京王杯2,S,基礎条件,前走着順=1〜3着,前走着順,range,10,10,1.0,26,30,0.867,107,134,0.799,0.243,1.085
京王杯2,S,基礎条件,前走着差=0.5秒以内,前走着差タイム,range,10,10,1.0,26,30,0.867,112,134,0.836,0.232,1.037
京王杯2,S,基礎条件,前走馬場状態=良,前走馬場状態,exact,10,10,1.0,23,30,0.767,104,134,0.776,0.221,0.988
京王杯2,B,強選別条件,所属=(栗),所属,exact,10,9,0.9,17,30,0.567,50,134,0.373,0.34,1.519
京王杯2,B,強選別条件,前走人気=1人気,前走人気,range,10,9,0.9,14,30,0.467,35,134,0.261,0.4,1.787
京王杯2,B,選別条件,前走斤量=54,前走斤量,exact,10,9,0.9,21,30,0.7,78,134,0.582,0.269,1.203
京王杯2,B,選別条件,毛色=鹿毛,毛色,exact,10,9,0.9,17,30,0.567,73,134,0.545,0.233,1.04
京王杯2,B,選別条件,枠位置=中50%,馬番相対,derived,10,9,0.9,14,30,0.467,67,134,0.5,0.209,0.933
京王杯2,B,選別条件,前走上り3F=34秒台,前走上り3F,range,10,9,0.9,13,30,0.433,48,134,0.358,0.271,1.21
京王杯2,B,選別条件,所属=(美),所属,exact,10,9,0.9,13,30,0.433,82,134,0.612,0.159,0.708
京王杯2,B,選別条件,馬体重増減=増,馬体重増減,range,10,9,0.9,11,30,0.367,51,134,0.381,0.216,0.963
京王杯2,B,基礎条件,距離ローテ=同距離または延長,距離ローテ,derived,10,9,0.9,23,30,0.767,104,134,0.776,0.221,0.988
京王杯2,補助,選別条件,距離ローテ=距離延長,距離ローテ,derived,10,8,0.8,14,30,0.467,56,134,0.418,0.25,1.117
京王杯2,補助,選別条件,前距離=1200,前距離,exact,10,8,0.8,14,30,0.467,56,134,0.418,0.25,1.117
京王杯2,補助,選別条件,馬番=1〜6番,馬番,range,10,8,0.8,14,30,0.467,60,134,0.448,0.233,1.042
京王杯2,補助,選別条件,間隔=中8週以内,間隔,range,10,8,0.8,14,30,0.467,82,134,0.612,0.171,0.763
京王杯2,補助,選別条件,前走馬体重増減=増,前走馬体重増減,range,10,8,0.8,13,30,0.433,49,134,0.366,0.265,1.185
京王杯2,補助,選別条件,替=*,替,exact,10,8,0.8,12,30,0.4,56,134,0.418,0.214,0.957
京王杯2,補助,選別条件,馬番=5〜8番,馬番,range,10,8,0.8,11,30,0.367,40,134,0.299,0.275,1.228
京王杯ス,S,強選別条件,前走着差=0.5秒以内,前走着差タイム,range,10,10,1.0,21,30,0.7,82,156,0.526,0.256,1.332
京王杯ス,S,強選別条件,馬番=9番外,馬番,range,10,10,1.0,20,30,0.667,76,156,0.487,0.263,1.368
京王杯ス,S,強選別条件,前走人気=1〜5人気,前走人気,range,10,10,1.0,16,30,0.533,62,156,0.397,0.258,1.342
京王杯ス,S,選別条件,前走着差=0.9秒以内,前走着差タイム,range,10,10,1.0,24,30,0.8,116,156,0.744,0.207,1.076
京王杯ス,S,選別条件,前走着順=一桁着順,前走着順,range,10,10,1.0,23,30,0.767,110,156,0.705,0.209,1.087
京王杯ス,S,選別条件,年齢=3〜5歳,年齢,range,10,10,1.0,22,30,0.733,96,156,0.615,0.229,1.192
京王杯ス,S,選別条件,年齢=5歳以下,年齢,range,10,10,1.0,22,30,0.733,96,156,0.615,0.229,1.192
京王杯ス,S,選別条件,間隔=中8週以内,間隔,range,10,10,1.0,22,30,0.733,112,156,0.718,0.196,1.021
京王杯ス,S,選別条件,間隔=中5〜8週,間隔,range,10,10,1.0,19,30,0.633,89,156,0.571,0.213,1.11
京王杯ス,S,選別条件,キャリア=11〜20戦,キャリア,range,10,10,1.0,18,30,0.6,80,156,0.513,0.225,1.17
京王杯ス,S,選別条件,毛色=鹿毛,毛色,exact,10,10,1.0,18,30,0.6,81,156,0.519,0.222,1.156
京王杯ス,S,基礎条件,前走と同じ芝ダ,芝ダローテ,derived,10,10,1.0,30,30,1.0,149,156,0.955,0.201,1.047
京王杯ス,S,基礎条件,前芝・ダ=芝,前芝・ダ,exact,10,10,1.0,30,30,1.0,149,156,0.955,0.201,1.047
京王杯ス,S,基礎条件,距離差=±400m以内,距離ローテ,derived,10,10,1.0,30,30,1.0,156,156,1.0,0.192,1.0
京王杯ス,S,基礎条件,前走Ｒ=11,前走Ｒ,exact,10,10,1.0,29,30,0.967,133,156,0.853,0.218,1.134
京王杯ス,S,基礎条件,距離差=±200m以内,距離ローテ,derived,10,10,1.0,29,30,0.967,153,156,0.981,0.19,0.986
京王杯ス,S,基礎条件,年齢=4〜6歳,年齢,range,10,10,1.0,27,30,0.9,132,156,0.846,0.205,1.064
京王杯ス,S,基礎条件,年齢=6歳以下,年齢,range,10,10,1.0,27,30,0.9,132,156,0.846,0.205,1.064
京王杯ス,S,基礎条件,性別=牡,性別,exact,10,10,1.0,25,30,0.833,125,156,0.801,0.2,1.04
京王杯ス,A,選別条件,前4角=後半位置(相対50%超),前4角,derived,10,10,1.0,13,30,0.433,76,156,0.487,0.171,0.889
京王杯ス,B,強選別条件,前走着差=0.3秒以内,前走着差タイム,range,10,9,0.9,17,30,0.567,52,156,0.333,0.327,1.7
京王杯ス,B,強選別条件,前走頭数=17頭以上,前走頭数,range,10,9,0.9,16,30,0.533,53,156,0.34,0.302,1.57
京王杯ス,B,強選別条件,前走人気=1〜3人気,前走人気,range,10,9,0.9,12,30,0.4,38,156,0.244,0.316,1.642
京王杯ス,B,強選別条件,前走上り3F=33秒台以下,前走上り3F,range,10,9,0.9,11,30,0.367,42,156,0.269,0.262,1.362
京王杯ス,B,選別条件,前3角=前半位置(相対50%以内),前3角,derived,10,9,0.9,19,30,0.633,77,156,0.494,0.247,1.283
京王杯ス,B,選別条件,距離ローテ=同距離または短縮,距離ローテ,derived,10,9,0.9,18,30,0.6,99,156,0.635,0.182,0.945
京王杯ス,B,選別条件,前4角=前半位置(相対50%以内),前4角,derived,10,9,0.9,17,30,0.567,76,156,0.487,0.224,1.163
京王杯ス,B,選別条件,枠位置=中50%,馬番相対,derived,10,9,0.9,17,30,0.567,77,156,0.494,0.221,1.148
京王杯ス,B,選別条件,距離ローテ=同距離または延長,距離ローテ,derived,10,9,0.9,16,30,0.533,87,156,0.558,0.184,0.956
京王杯ス,B,選別条件,所属=(美),所属,exact,10,9,0.9,15,30,0.5,65,156,0.417,0.231,1.2
京王杯ス,B,選別条件,所属=(栗),所属,exact,10,9,0.9,15,30,0.5,91,156,0.583,0.165,0.857
京王杯ス,B,選別条件,距離ローテ=距離短縮,距離ローテ,derived,10,9,0.9,14,30,0.467,69,156,0.442,0.203,1.055
京王杯ス,B,選別条件,馬体重増減=減,馬体重増減,range,10,9,0.9,13,30,0.433,77,156,0.494,0.169,0.878
京王杯ス,B,選別条件,前走頭数=14〜16頭,前走頭数,range,10,9,0.9,13,30,0.433,83,156,0.532,0.157,0.814
京王杯ス,B,選別条件,年齢=5歳,年齢,exact,10,9,0.9,12,30,0.4,58,156,0.372,0.207,1.076
京王杯ス,B,選別条件,前走上り3F=34秒台,前走上り3F,range,10,9,0.9,12,30,0.4,67,156,0.429,0.179,0.931
京王杯ス,B,選別条件,馬体重増減=増,馬体重増減,range,10,9,0.9,10,30,0.333,42,156,0.269,0.238,1.238
京王杯ス,補助,強選別条件,前走着順=1〜5着,前走着順,range,10,8,0.8,16,30,0.533,63,156,0.404,0.254,1.321
京王杯ス,補助,強選別条件,前走頭数=18,前走頭数,exact,10,8,0.8,14,30,0.467,45,156,0.288,0.311,1.618
京王杯ス,補助,強選別条件,前走レース名=高松宮記G1,前走レース名,exact,10,8,0.8,12,30,0.4,30,156,0.192,0.4,2.08
京王杯ス,補助,強選別条件,前クラス名=G1,前クラス名,exact,10,8,0.8,12,30,0.4,35,156,0.224,0.343,1.783
京王杯ス,補助,強選別条件,前走着順=1〜3着,前走着順,range,10,8,0.8,12,30,0.4,43,156,0.276,0.279,1.451
京王杯ス,補助,強選別条件,産地=安平町,産地,exact,10,8,0.8,11,30,0.367,39,156,0.25,0.282,1.467
京王杯ス,補助,強選別条件,年齢=4歳,年齢,exact,10,8,0.8,10,30,0.333,38,156,0.244,0.263,1.368
京王杯ス,補助,選別条件,斤量=56kg以下,斤量,range,10,8,0.8,20,30,0.667,112,156,0.718,0.179,0.929
京王杯ス,補助,選別条件,斤量=56kg,斤量,range,10,8,0.8,17,30,0.567,87,156,0.558,0.195,1.016
京王杯ス,補助,選別条件,前走馬体重増減=減,前走馬体重増減,range,10,8,0.8,13,30,0.433,65,156,0.417,0.2,1.04
京王杯ス,補助,選別条件,前距離=1600,前距離,exact,10,8,0.8,13,30,0.433,67,156,0.429,0.194,1.009
京王杯ス,補助,選別条件,前走馬場状態=良,前走馬場状態,exact,10,8,0.8,13,30,0.433,104,156,0.667,0.125,0.65
京王杯ス,補助,選別条件,前距離=1200,前距離,exact,10,8,0.8,12,30,0.4,56,156,0.359,0.214,1.114
京王杯ス,補助,選別条件,距離ローテ=距離延長,距離ローテ,derived,10,8,0.8,12,30,0.4,57,156,0.365,0.211,1.095
京王杯ス,補助,選別条件,前走頭数=16,前走頭数,exact,10,8,0.8,11,30,0.367,70,156,0.449,0.157,0.817
京王杯ス,補助,選別条件,前3角=後半位置(相対50%超),前3角,derived,10,8,0.8,11,30,0.367,74,156,0.474,0.149,0.773
京王杯ス,補助,選別条件,枠位置=外25%,馬番相対,derived,10,8,0.8,10,30,0.333,43,156,0.276,0.233,1.209
京都2歳,S,強選別条件,前走人気=1人気,前走人気,range,10,10,1.0,16,30,0.533,36,106,0.34,0.444,1.57
京都2歳,S,選別条件,前走着順=1〜3着,前走着順,range,10,10,1.0,29,30,0.967,88,106,0.83,0.33,1.164
京都2歳,S,選別条件,前走着差=0.3秒以内,前走着差タイム,range,10,10,1.0,28,30,0.933,83,106,0.783,0.337,1.192
京都2歳,S,選別条件,前走着差=0.5秒以内,前走着差タイム,range,10,10,1.0,28,30,0.933,85,106,0.802,0.329,1.164
京都2歳,S,選別条件,前走着差=勝ち/同タイム,前走着差タイム,range,10,10,1.0,23,30,0.767,71,106,0.67,0.324,1.145
京都2歳,S,選別条件,前走人気=1〜3人気,前走人気,range,10,10,1.0,22,30,0.733,61,106,0.575,0.361,1.274
京都2歳,S,選別条件,前4角=前半位置(相対50%以内),前4角,derived,10,10,1.0,21,30,0.7,79,106,0.745,0.266,0.939
京都2歳,S,選別条件,馬番=1〜6番,馬番,range,10,10,1.0,19,30,0.633,60,106,0.566,0.317,1.119
京都2歳,S,選別条件,枠位置=中50%,馬番相対,derived,10,10,1.0,17,30,0.567,52,106,0.491,0.327,1.155
京都2歳,S,選別条件,距離ローテ=距離延長,距離ローテ,derived,10,10,1.0,17,30,0.567,58,106,0.547,0.293,1.036
京都2歳,S,選別条件,前距離=1800,前距離,exact,10,10,1.0,16,30,0.533,46,106,0.434,0.348,1.229
京都2歳,S,基礎条件,キャリア=5戦以内,キャリア,range,10,10,1.0,30,30,1.0,101,106,0.953,0.297,1.05
京都2歳,S,基礎条件,前走と同じ芝ダ,芝ダローテ,derived,10,10,1.0,30,30,1.0,103,106,0.972,0.291,1.029
京都2歳,S,基礎条件,前芝・ダ=芝,前芝・ダ,exact,10,10,1.0,30,30,1.0,103,106,0.972,0.291,1.029
京都2歳,S,基礎条件,距離差=±400m以内,距離ローテ,derived,10,10,1.0,30,30,1.0,105,106,0.991,0.286,1.01
京都2歳,S,基礎条件,年齢=2歳,年齢,exact,10,10,1.0,30,30,1.0,106,106,1.0,0.283,1.0
京都2歳,S,基礎条件,年齢=5歳以下,年齢,range,10,10,1.0,30,30,1.0,106,106,1.0,0.283,1.0
京都2歳,S,基礎条件,年齢=6歳以下,年齢,range,10,10,1.0,30,30,1.0,106,106,1.0,0.283,1.0
京都2歳,S,基礎条件,斤量=56kg以下,斤量,range,10,10,1.0,30,30,1.0,106,106,1.0,0.283,1.0
京都2歳,S,基礎条件,距離ローテ=同距離または延長,距離ローテ,derived,10,10,1.0,30,30,1.0,106,106,1.0,0.283,1.0
京都2歳,S,基礎条件,前走着差=0.9秒以内,前走着差タイム,range,10,10,1.0,29,30,0.967,91,106,0.858,0.319,1.126
京都2歳,S,基礎条件,前走着順=1〜5着,前走着順,range,10,10,1.0,29,30,0.967,93,106,0.877,0.312,1.102
京都2歳,S,基礎条件,距離差=±200m以内,距離ローテ,derived,10,10,1.0,29,30,0.967,94,106,0.887,0.309,1.09
京都2歳,S,基礎条件,性別=牡,性別,exact,10,10,1.0,29,30,0.967,98,106,0.925,0.296,1.046
京都2歳,S,基礎条件,前走着順=一桁着順,前走着順,range,10,10,1.0,29,30,0.967,103,106,0.972,0.282,0.995
京都2歳,S,基礎条件,所属=(栗),所属,exact,10,10,1.0,28,30,0.933,91,106,0.858,0.308,1.087
京都2歳,S,基礎条件,前走人気=1〜5人気,前走人気,range,10,10,1.0,26,30,0.867,84,106,0.792,0.31,1.094
京都2歳,S,基礎条件,前走馬場状態=良,前走馬場状態,exact,10,10,1.0,23,30,0.767,81,106,0.764,0.284,1.003
京都2歳,S,基礎条件,間隔=中8週以内,間隔,range,10,10,1.0,23,30,0.767,85,106,0.802,0.271,0.956
京都2歳,B,強選別条件,産地=安平町,産地,exact,10,9,0.9,16,30,0.533,30,106,0.283,0.533,1.884
京都2歳,B,強選別条件,取引市場(最終)=セレクトセール,取引市場(最終),exact,10,9,0.9,11,30,0.367,25,106,0.236,0.44,1.555
京都2歳,B,強選別条件,間隔=中5〜8週,間隔,range,10,9,0.9,11,30,0.367,29,106,0.274,0.379,1.34
京都2歳,B,選別条件,前走着順=1着,前走着順,range,10,9,0.9,22,30,0.733,69,106,0.651,0.319,1.127
京都2歳,B,選別条件,前走斤量=55,前走斤量,exact,10,9,0.9,20,30,0.667,70,106,0.66,0.286,1.01
京都2歳,B,選別条件,前走頭数=10頭以下,前走頭数,range,10,9,0.9,16,30,0.533,60,106,0.566,0.267,0.942
京都2歳,B,選別条件,前3角=後半位置(相対50%超),前3角,derived,10,9,0.9,12,30,0.4,34,106,0.321,0.353,1.247
京都2歳,B,選別条件,毛色=鹿毛,毛色,exact,10,9,0.9,11,30,0.367,53,106,0.5,0.208,0.733
京都2歳,B,基礎条件,斤量=55kg,斤量,range,10,9,0.9,26,30,0.867,86,106,0.811,0.302,1.068
京都2歳,補助,選別条件,前3角=前半位置(相対50%以内),前3角,derived,10,8,0.8,17,30,0.567,71,106,0.67,0.239,0.846
京都2歳,補助,選別条件,馬番=1〜4番,馬番,range,10,8,0.8,12,30,0.4,40,106,0.377,0.3,1.06
京都2歳,補助,選別条件,馬番=5〜8番,馬番,range,10,8,0.8,12,30,0.4,40,106,0.377,0.3,1.06
京都2歳,補助,選別条件,馬体重増減=増,馬体重増減,range,10,8,0.8,12,30,0.4,43,106,0.406,0.279,0.986
京都2歳,補助,選別条件,間隔=中4週以内,間隔,range,10,8,0.8,12,30,0.4,56,106,0.528,0.214,0.757
京都2歳,補助,選別条件,前4角=4〜6番手,前4角,derived,10,8,0.8,10,30,0.333,30,106,0.283,0.333,1.178
京都2歳,補助,選別条件,馬体重増減=減,馬体重増減,range,10,8,0.8,10,30,0.333,33,106,0.311,0.303,1.071
京都ジャJ,S,強選別条件,前走着順=1〜5着,前走着順,range,10,10,1.0,25,30,0.833,69,108,0.639,0.362,1.304
京都ジャJ,S,強選別条件,前走人気=1〜5人気,前走人気,range,10,10,1.0,22,30,0.733,57,108,0.528,0.386,1.389
京都ジャJ,S,強選別条件,前走着差=0.9秒以内,前走着差タイム,range,10,10,1.0,19,30,0.633,47,108,0.435,0.404,1.455
京都ジャJ,S,強選別条件,前走着差=0.5秒以内,前走着差タイム,range,10,10,1.0,15,30,0.5,32,108,0.296,0.469,1.688
京都ジャJ,S,選別条件,前4角=前半位置(相対50%以内),前4角,derived,10,10,1.0,25,30,0.833,77,108,0.713,0.325,1.169
京都ジャJ,S,選別条件,所属=(栗),所属,exact,10,10,1.0,25,30,0.833,79,108,0.731,0.316,1.139
京都ジャJ,S,選別条件,前3角=前半位置(相対50%以内),前3角,derived,10,10,1.0,24,30,0.8,77,108,0.713,0.312,1.122
京都ジャJ,S,選別条件,性別=牡,性別,exact,10,10,1.0,22,30,0.733,79,108,0.731,0.278,1.003
京都ジャJ,S,選別条件,間隔=中8週以内,間隔,range,10,10,1.0,20,30,0.667,72,108,0.667,0.278,1.0
京都ジャJ,S,選別条件,距離差=±200m以内,距離ローテ,derived,10,10,1.0,20,30,0.667,72,108,0.667,0.278,1.0
京都ジャJ,S,選別条件,前走斤量=60,前走斤量,exact,10,10,1.0,18,30,0.6,71,108,0.657,0.254,0.913
京都ジャJ,S,基礎条件,斤量=58kg以上,斤量,range,10,10,1.0,30,30,1.0,108,108,1.0,0.278,1.0
京都ジャJ,S,基礎条件,前走上り3F=33秒台以下,前走上り3F,range,10,10,1.0,29,30,0.967,103,108,0.954,0.282,1.014
京都ジャJ,S,基礎条件,前走着順=一桁着順,前走着順,range,10,10,1.0,28,30,0.933,96,108,0.889,0.292,1.05
京都ジャJ,S,基礎条件,前走と同じ芝ダ,芝ダローテ,derived,10,10,1.0,28,30,0.933,97,108,0.898,0.289,1.039
京都ジャJ,S,基礎条件,前芝・ダ=芝,前芝・ダ,exact,10,10,1.0,28,30,0.933,97,108,0.898,0.289,1.039
京都ジャJ,S,基礎条件,キャリア=21戦以上,キャリア,range,10,10,1.0,26,30,0.867,88,108,0.815,0.295,1.064
京都ジャJ,S,基礎条件,距離差=±400m以内,距離ローテ,derived,10,10,1.0,24,30,0.8,94,108,0.87,0.255,0.919
京都ジャJ,A,強選別条件,前走着差=0.3秒以内,前走着差タイム,range,10,10,1.0,14,30,0.467,30,108,0.278,0.467,1.68
京都ジャJ,A,強選別条件,前走人気=1〜3人気,前走人気,range,10,10,1.0,14,30,0.467,36,108,0.333,0.389,1.4
京都ジャJ,A,選別条件,枠位置=中50%,馬番相対,derived,10,10,1.0,14,30,0.467,53,108,0.491,0.264,0.951
京都ジャJ,B,強選別条件,前走着順=1〜3着,前走着順,range,10,9,0.9,22,30,0.733,47,108,0.435,0.468,1.685
京都ジャJ,B,強選別条件,馬体重増減=増,馬体重増減,range,10,9,0.9,15,30,0.5,37,108,0.343,0.405,1.459
京都ジャJ,B,強選別条件,前4角=2〜3番手,前4角,derived,10,9,0.9,13,30,0.433,34,108,0.315,0.382,1.376
京都ジャJ,B,選別条件,前走馬場状態=良,前走馬場状態,exact,10,9,0.9,20,30,0.667,68,108,0.63,0.294,1.059
京都ジャJ,B,選別条件,馬番=1〜6番,馬番,range,10,9,0.9,18,30,0.6,60,108,0.556,0.3,1.08
京都ジャJ,B,選別条件,年齢=7歳以上,年齢,range,10,9,0.9,16,30,0.533,46,108,0.426,0.348,1.252
京都ジャJ,B,選別条件,距離ローテ=同距離または短縮,距離ローテ,derived,10,9,0.9,16,30,0.533,65,108,0.602,0.246,0.886
京都ジャJ,B,選別条件,前走頭数=11〜13頭,前走頭数,range,10,9,0.9,14,30,0.467,44,108,0.407,0.318,1.145
京都ジャJ,B,選別条件,前走Ｒ=8,前走Ｒ,exact,10,9,0.9,14,30,0.467,46,108,0.426,0.304,1.096
京都ジャJ,B,選別条件,年齢=4〜6歳,年齢,range,10,9,0.9,14,30,0.467,61,108,0.565,0.23,0.826
京都ジャJ,B,選別条件,年齢=6歳以下,年齢,range,10,9,0.9,14,30,0.467,62,108,0.574,0.226,0.813
京都ジャJ,B,選別条件,馬番=1〜4番,馬番,range,10,9,0.9,12,30,0.4,40,108,0.37,0.3,1.08
京都ジャJ,補助,強選別条件,前走馬体重増減=増,前走馬体重増減,range,10,8,0.8,13,30,0.433,33,108,0.306,0.394,1.418
京都ジャJ,補助,選別条件,距離ローテ=同距離または延長,距離ローテ,derived,10,8,0.8,16,30,0.533,49,108,0.454,0.327,1.176
京都ジャJ,補助,選別条件,毛色=鹿毛,毛色,exact,10,8,0.8,15,30,0.5,48,108,0.444,0.312,1.125
京都ジャJ,補助,選別条件,距離ローテ=距離延長,距離ローテ,derived,10,8,0.8,14,30,0.467,43,108,0.398,0.326,1.172
京都ジャJ,補助,選別条件,距離ローテ=距離短縮,距離ローテ,derived,10,8,0.8,14,30,0.467,59,108,0.546,0.237,0.854
京都ジャJ,補助,選別条件,間隔=中5〜8週,間隔,range,10,8,0.8,12,30,0.4,38,108,0.352,0.316,1.137
京都ジャJ,補助,選別条件,前走着差=1.0秒以上,前走着差タイム,range,10,8,0.8,10,30,0.333,56,108,0.519,0.179,0.643
京都ジャJ,補助,選別条件,前3角=2〜3番手,前3角,derived,10,8,0.8,9,30,0.3,27,108,0.25,0.333,1.2
京都ハイJ,S,強選別条件,前3角=前半位置(相対50%以内),前3角,derived,10,10,1.0,26,30,0.867,64,107,0.598,0.406,1.449
京都ハイJ,S,強選別条件,前4角=前半位置(相対50%以内),前4角,derived,10,10,1.0,24,30,0.8,64,107,0.598,0.375,1.338
京都ハイJ,S,強選別条件,前走着順=1〜5着,前走着順,range,10,10,1.0,22,30,0.733,51,107,0.477,0.431,1.539
京都ハイJ,S,強選別条件,前走人気=1〜5人気,前走人気,range,10,10,1.0,22,30,0.733,52,107,0.486,0.423,1.509
京都ハイJ,S,選別条件,所属=(栗),所属,exact,10,10,1.0,23,30,0.767,77,107,0.72,0.299,1.065
京都ハイJ,S,選別条件,間隔=中8週以内,間隔,range,10,10,1.0,23,30,0.767,80,107,0.748,0.287,1.025
京都ハイJ,S,選別条件,前走斤量=60,前走斤量,exact,10,10,1.0,18,30,0.6,58,107,0.542,0.31,1.107
京都ハイJ,S,選別条件,前クラス名=オープン,前クラス名,exact,10,10,1.0,18,30,0.6,74,107,0.692,0.243,0.868
京都ハイJ,S,選別条件,前走着差=1.0秒以上,前走着差タイム,range,10,10,1.0,16,30,0.533,69,107,0.645,0.232,0.827
京都ハイJ,S,選別条件,間隔=中5〜8週,間隔,range,10,10,1.0,15,30,0.5,46,107,0.43,0.326,1.163
京都ハイJ,S,選別条件,年齢=7歳以上,年齢,range,10,10,1.0,15,30,0.5,51,107,0.477,0.294,1.049
京都ハイJ,S,選別条件,枠位置=中50%,馬番相対,derived,10,10,1.0,15,30,0.5,54,107,0.505,0.278,0.991
京都ハイJ,S,基礎条件,斤量=58kg以上,斤量,range,10,10,1.0,30,30,1.0,107,107,1.0,0.28,1.0
京都ハイJ,S,基礎条件,前走着順=一桁着順,前走着順,range,10,10,1.0,28,30,0.933,87,107,0.813,0.322,1.148
京都ハイJ,S,基礎条件,前走上り3F=33秒台以下,前走上り3F,range,10,10,1.0,28,30,0.933,96,107,0.897,0.292,1.04
京都ハイJ,S,基礎条件,前走と同じ芝ダ,芝ダローテ,derived,10,10,1.0,27,30,0.9,94,107,0.879,0.287,1.024
京都ハイJ,S,基礎条件,前芝・ダ=芝,前芝・ダ,exact,10,10,1.0,27,30,0.9,94,107,0.879,0.287,1.024
京都ハイJ,S,基礎条件,距離ローテ=同距離または延長,距離ローテ,derived,10,10,1.0,25,30,0.833,92,107,0.86,0.272,0.969
京都ハイJ,S,基礎条件,性別=牡,性別,exact,10,10,1.0,24,30,0.8,85,107,0.794,0.282,1.007
京都ハイJ,S,基礎条件,距離ローテ=距離延長,距離ローテ,derived,10,10,1.0,24,30,0.8,91,107,0.85,0.264,0.941
京都ハイJ,S,基礎条件,キャリア=21戦以上,キャリア,range,10,10,1.0,23,30,0.767,85,107,0.794,0.271,0.965
京都ハイJ,S,基礎条件,前走馬場状態=良,前走馬場状態,exact,10,10,1.0,22,30,0.733,86,107,0.804,0.256,0.912
京都ハイJ,B,強選別条件,前走着順=1〜3着,前走着順,range,10,9,0.9,17,30,0.567,34,107,0.318,0.5,1.783
京都ハイJ,B,強選別条件,毛色=鹿毛,毛色,exact,10,9,0.9,15,30,0.5,33,107,0.308,0.455,1.621
京都ハイJ,B,強選別条件,前走着差=0.9秒以内,前走着差タイム,range,10,9,0.9,14,30,0.467,33,107,0.308,0.424,1.513
京都ハイJ,B,強選別条件,前走人気=1〜3人気,前走人気,range,10,9,0.9,13,30,0.433,27,107,0.252,0.481,1.717
京都ハイJ,B,強選別条件,前走着差=0.5秒以内,前走着差タイム,range,10,9,0.9,11,30,0.367,25,107,0.234,0.44,1.569
京都ハイJ,B,強選別条件,前走着差=0.3秒以内,前走着差タイム,range,10,9,0.9,10,30,0.333,22,107,0.206,0.455,1.621
京都ハイJ,B,選別条件,馬番=1〜6番,馬番,range,10,9,0.9,17,30,0.567,60,107,0.561,0.283,1.011
京都ハイJ,B,選別条件,年齢=4〜6歳,年齢,range,10,9,0.9,15,30,0.5,56,107,0.523,0.268,0.955
京都ハイJ,B,選別条件,年齢=6歳以下,年齢,range,10,9,0.9,15,30,0.5,56,107,0.523,0.268,0.955
京都ハイJ,B,選別条件,馬体重増減=減,馬体重増減,range,10,9,0.9,14,30,0.467,52,107,0.486,0.269,0.96
京都ハイJ,B,選別条件,前走馬体重増減=増,前走馬体重増減,range,10,9,0.9,12,30,0.4,37,107,0.346,0.324,1.157
京都ハイJ,補助,強選別条件,前4角=2〜3番手,前4角,derived,10,8,0.8,11,30,0.367,21,107,0.196,0.524,1.868
京都ハイJ,補助,選別条件,馬番=1〜4番,馬番,range,10,8,0.8,13,30,0.433,40,107,0.374,0.325,1.159
京都ハイJ,補助,選別条件,前走Ｒ=8,前走Ｒ,exact,10,8,0.8,11,30,0.367,36,107,0.336,0.306,1.09
京都ハイJ,補助,選別条件,馬番=5〜8番,馬番,range,10,8,0.8,9,30,0.3,40,107,0.374,0.225,0.803
京都大賞,S,強選別条件,間隔=中13週以上,間隔,range,10,10,1.0,24,30,0.8,78,134,0.582,0.308,1.374
京都大賞,S,強選別条件,前4角=前半位置(相対50%以内),前4角,derived,10,10,1.0,22,30,0.733,70,134,0.522,0.314,1.404
京都大賞,S,強選別条件,前3角=前半位置(相対50%以内),前3角,derived,10,10,1.0,21,30,0.7,70,134,0.522,0.3,1.34
京都大賞,S,強選別条件,前走人気=1〜5人気,前走人気,range,10,10,1.0,19,30,0.633,59,134,0.44,0.322,1.438
京都大賞,S,強選別条件,距離差=±200m以内,距離ローテ,derived,10,10,1.0,19,30,0.633,63,134,0.47,0.302,1.347
京都大賞,S,強選別条件,キャリア=11〜20戦,キャリア,range,10,10,1.0,16,30,0.533,46,134,0.343,0.348,1.554
京都大賞,S,選別条件,前走着順=一桁着順,前走着順,range,10,10,1.0,26,30,0.867,94,134,0.701,0.277,1.235
京都大賞,S,選別条件,年齢=4〜6歳,年齢,range,10,10,1.0,24,30,0.8,97,134,0.724,0.247,1.105
京都大賞,S,選別条件,年齢=6歳以下,年齢,range,10,10,1.0,24,30,0.8,98,134,0.731,0.245,1.094
京都大賞,S,選別条件,距離ローテ=同距離または延長,距離ローテ,derived,10,10,1.0,23,30,0.767,90,134,0.672,0.256,1.141
京都大賞,S,選別条件,距離ローテ=距離延長,距離ローテ,derived,10,10,1.0,21,30,0.7,85,134,0.634,0.247,1.104
京都大賞,S,選別条件,年齢=3〜5歳,年齢,range,10,10,1.0,18,30,0.6,64,134,0.478,0.281,1.256
京都大賞,S,選別条件,年齢=5歳以下,年齢,range,10,10,1.0,18,30,0.6,64,134,0.478,0.281,1.256
京都大賞,S,選別条件,前走着順=1〜5着,前走着順,range,10,10,1.0,17,30,0.567,60,134,0.448,0.283,1.266
京都大賞,S,基礎条件,前走と同じ芝ダ,芝ダローテ,derived,10,10,1.0,30,30,1.0,132,134,0.985,0.227,1.015
京都大賞,S,基礎条件,前芝・ダ=芝,前芝・ダ,exact,10,10,1.0,30,30,1.0,132,134,0.985,0.227,1.015
京都大賞,S,基礎条件,所属=(栗),所属,exact,10,10,1.0,27,30,0.9,116,134,0.866,0.233,1.04
京都大賞,S,基礎条件,前走Ｒ=11,前走Ｒ,exact,10,10,1.0,27,30,0.9,116,134,0.866,0.233,1.04
京都大賞,S,基礎条件,距離差=±400m以内,距離ローテ,derived,10,10,1.0,26,30,0.867,106,134,0.791,0.245,1.096
京都大賞,S,基礎条件,性別=牡,性別,exact,10,10,1.0,25,30,0.833,103,134,0.769,0.243,1.084
京都大賞,B,強選別条件,前クラス名=G1,前クラス名,exact,10,9,0.9,18,30,0.6,44,134,0.328,0.409,1.827
京都大賞,B,強選別条件,前走着差=0.3秒以内,前走着差タイム,range,10,9,0.9,14,30,0.467,47,134,0.351,0.298,1.33
京都大賞,B,選別条件,前走着差=0.9秒以内,前走着差タイム,range,10,9,0.9,21,30,0.7,76,134,0.567,0.276,1.234
京都大賞,B,選別条件,前走着差=0.5秒以内,前走着差タイム,range,10,9,0.9,16,30,0.533,56,134,0.418,0.286,1.276
京都大賞,B,選別条件,枠位置=中50%,馬番相対,derived,10,9,0.9,15,30,0.5,67,134,0.5,0.224,1.0
京都大賞,B,選別条件,馬番=1〜6番,馬番,range,10,9,0.9,14,30,0.467,60,134,0.448,0.233,1.042
京都大賞,B,選別条件,キャリア=21戦以上,キャリア,range,10,9,0.9,13,30,0.433,81,134,0.604,0.16,0.717
京都大賞,B,基礎条件,前走馬場状態=良,前走馬場状態,exact,10,9,0.9,21,30,0.7,108,134,0.806,0.194,0.869
京都大賞,補助,強選別条件,前走斤量=58,前走斤量,exact,10,8,0.8,17,30,0.567,43,134,0.321,0.395,1.766
京都大賞,補助,強選別条件,馬体重増減=増,馬体重増減,range,10,8,0.8,17,30,0.567,56,134,0.418,0.304,1.356
京都大賞,補助,強選別条件,前走頭数=17頭以上,前走頭数,range,10,8,0.8,14,30,0.467,39,134,0.291,0.359,1.603
京都大賞,補助,強選別条件,前走人気=1〜3人気,前走人気,range,10,8,0.8,12,30,0.4,32,134,0.239,0.375,1.675
京都大賞,補助,強選別条件,前走着順=1〜3着,前走着順,range,10,8,0.8,12,30,0.4,41,134,0.306,0.293,1.307
京都大賞,補助,強選別条件,前走着差=勝ち/同タイム,前走着差タイム,range,10,8,0.8,11,30,0.367,25,134,0.187,0.44,1.965
京都大賞,補助,強選別条件,年齢=4歳,年齢,exact,10,8,0.8,9,30,0.3,26,134,0.194,0.346,1.546
京都大賞,補助,選別条件,産地=安平町,産地,exact,10,8,0.8,14,30,0.467,51,134,0.381,0.275,1.226
京都大賞,補助,選別条件,馬番=1〜4番,馬番,range,10,8,0.8,11,30,0.367,40,134,0.299,0.275,1.228
京都大賞,補助,選別条件,前3角=後半位置(相対50%超),前3角,derived,10,8,0.8,9,30,0.3,62,134,0.463,0.145,0.648
京都大賞,補助,選別条件,毛色=栗毛,毛色,exact,10,8,0.8,8,30,0.267,30,134,0.224,0.267,1.191
京都大賞,補助,選別条件,前4角=後半位置(相対50%超),前4角,derived,10,8,0.8,8,30,0.267,61,134,0.455,0.131,0.586
京都新聞,S,強選別条件,前走頭数=10頭以下,前走頭数,range,10,10,1.0,17,30,0.567,54,136,0.397,0.315,1.427
京都新聞,S,選別条件,前走人気=1〜5人気,前走人気,range,10,10,1.0,26,30,0.867,96,136,0.706,0.271,1.228
京都新聞,S,選別条件,前走着差=0.5秒以内,前走着差タイム,range,10,10,1.0,23,30,0.767,96,136,0.706,0.24,1.086
京都新聞,S,選別条件,前走馬場状態=良,前走馬場状態,exact,10,10,1.0,21,30,0.7,94,136,0.691,0.223,1.013
京都新聞,S,選別条件,前走人気=1〜3人気,前走人気,range,10,10,1.0,20,30,0.667,77,136,0.566,0.26,1.177
京都新聞,S,選別条件,前走着差=0.3秒以内,前走着差タイム,range,10,10,1.0,18,30,0.6,85,136,0.625,0.212,0.96
京都新聞,S,基礎条件,前走と同じ芝ダ,芝ダローテ,derived,10,10,1.0,30,30,1.0,128,136,0.941,0.234,1.062
京都新聞,S,基礎条件,前芝・ダ=芝,前芝・ダ,exact,10,10,1.0,30,30,1.0,128,136,0.941,0.234,1.062
京都新聞,S,基礎条件,所属=(栗),所属,exact,10,10,1.0,30,30,1.0,130,136,0.956,0.231,1.046
京都新聞,S,基礎条件,年齢=3歳,年齢,exact,10,10,1.0,30,30,1.0,136,136,1.0,0.221,1.0
京都新聞,S,基礎条件,年齢=3〜5歳,年齢,range,10,10,1.0,30,30,1.0,136,136,1.0,0.221,1.0
京都新聞,S,基礎条件,年齢=5歳以下,年齢,range,10,10,1.0,30,30,1.0,136,136,1.0,0.221,1.0
京都新聞,S,基礎条件,年齢=6歳以下,年齢,range,10,10,1.0,30,30,1.0,136,136,1.0,0.221,1.0
京都新聞,S,基礎条件,性別=牡,性別,exact,10,10,1.0,30,30,1.0,136,136,1.0,0.221,1.0
京都新聞,S,基礎条件,距離差=±400m以内,距離ローテ,derived,10,10,1.0,29,30,0.967,129,136,0.949,0.225,1.019
京都新聞,S,基礎条件,前走着順=一桁着順,前走着順,range,10,10,1.0,28,30,0.933,125,136,0.919,0.224,1.015
京都新聞,S,基礎条件,前走着差=0.9秒以内,前走着差タイム,range,10,10,1.0,27,30,0.9,113,136,0.831,0.239,1.083
京都新聞,S,基礎条件,距離ローテ=同距離または延長,距離ローテ,derived,10,10,1.0,25,30,0.833,120,136,0.882,0.208,0.944
京都新聞,S,基礎条件,前走着順=1〜5着,前走着順,range,10,10,1.0,24,30,0.8,107,136,0.787,0.224,1.017
京都新聞,S,基礎条件,間隔=中8週以内,間隔,range,10,10,1.0,23,30,0.767,108,136,0.794,0.213,0.965
京都新聞,S,基礎条件,距離ローテ=距離延長,距離ローテ,derived,10,10,1.0,21,30,0.7,103,136,0.757,0.204,0.924
京都新聞,B,強選別条件,産地=安平町,産地,exact,10,9,0.9,14,30,0.467,42,136,0.309,0.333,1.511
京都新聞,B,強選別条件,取引市場(最終)=セレクトセール,取引市場(最終),exact,10,9,0.9,13,30,0.433,39,136,0.287,0.333,1.511
京都新聞,B,強選別条件,前走Ｒ=9,前走Ｒ,exact,10,9,0.9,13,30,0.433,40,136,0.294,0.325,1.473
京都新聞,B,強選別条件,枠位置=外25%,馬番相対,derived,10,9,0.9,11,30,0.367,37,136,0.272,0.297,1.348
京都新聞,B,選別条件,キャリア=5戦以内,キャリア,range,10,9,0.9,21,30,0.7,90,136,0.662,0.233,1.058
京都新聞,B,選別条件,距離差=±200m以内,距離ローテ,derived,10,9,0.9,19,30,0.633,91,136,0.669,0.209,0.947
京都新聞,B,選別条件,前3角=前半位置(相対50%以内),前3角,derived,10,9,0.9,17,30,0.567,70,136,0.515,0.243,1.101
京都新聞,B,選別条件,間隔=中5〜8週,間隔,range,10,9,0.9,16,30,0.533,56,136,0.412,0.286,1.295
京都新聞,B,選別条件,馬体重増減=減,馬体重増減,range,10,9,0.9,16,30,0.533,67,136,0.493,0.239,1.083
京都新聞,B,選別条件,替=*,替,exact,10,9,0.9,16,30,0.533,78,136,0.574,0.205,0.93
京都新聞,B,選別条件,前走着順=1〜3着,前走着順,range,10,9,0.9,16,30,0.533,80,136,0.588,0.2,0.907
京都新聞,B,選別条件,前走上り3F=34秒台,前走上り3F,range,10,9,0.9,13,30,0.433,55,136,0.404,0.236,1.072
京都新聞,B,選別条件,馬番=9番外,馬番,range,10,9,0.9,13,30,0.433,56,136,0.412,0.232,1.052
京都新聞,B,選別条件,前走馬体重増減=減,前走馬体重増減,range,10,9,0.9,13,30,0.433,56,136,0.412,0.232,1.052
京都新聞,B,選別条件,馬番=1〜6番,馬番,range,10,9,0.9,13,30,0.433,60,136,0.441,0.217,0.982
京都新聞,B,選別条件,前走着順=1着,前走着順,range,10,9,0.9,11,30,0.367,60,136,0.441,0.183,0.831
京都新聞,B,選別条件,前走着差=勝ち/同タイム,前走着差タイム,range,10,9,0.9,11,30,0.367,63,136,0.463,0.175,0.792
京都新聞,B,基礎条件,斤量=56kg,斤量,range,10,9,0.9,27,30,0.9,121,136,0.89,0.223,1.012
京都新聞,B,基礎条件,斤量=56kg以下,斤量,range,10,9,0.9,27,30,0.9,121,136,0.89,0.223,1.012
京都新聞,B,基礎条件,前走斤量=56,前走斤量,exact,10,9,0.9,25,30,0.833,105,136,0.772,0.238,1.079
京都新聞,補助,強選別条件,前走Ｒ=11,前走Ｒ,exact,10,8,0.8,13,30,0.433,44,136,0.324,0.295,1.339
京都新聞,補助,強選別条件,前4角=4〜6番手,前4角,derived,10,8,0.8,11,30,0.367,33,136,0.243,0.333,1.511
京都新聞,補助,選別条件,前4角=前半位置(相対50%以内),前4角,derived,10,8,0.8,17,30,0.567,76,136,0.559,0.224,1.014
京都新聞,補助,選別条件,毛色=鹿毛,毛色,exact,10,8,0.8,16,30,0.533,66,136,0.485,0.242,1.099
京都新聞,補助,選別条件,前4角=後半位置(相対50%超),前4角,derived,10,8,0.8,13,30,0.433,59,136,0.434,0.22,0.999
京都新聞,補助,選別条件,前3角=後半位置(相対50%超),前3角,derived,10,8,0.8,13,30,0.433,65,136,0.478,0.2,0.907
京都新聞,補助,選別条件,枠位置=中50%,馬番相対,derived,10,8,0.8,11,30,0.367,68,136,0.5,0.162,0.733
京都牝馬,S,強選別条件,距離ローテ=同距離または短縮,距離ローテ,derived,10,10,1.0,27,30,0.9,117,171,0.684,0.231,1.315
京都牝馬,S,強選別条件,前走着差=0.5秒以内,前走着差タイム,range,10,10,1.0,23,30,0.767,90,171,0.526,0.256,1.457
京都牝馬,S,強選別条件,馬番=9番外,馬番,range,10,10,1.0,22,30,0.733,91,171,0.532,0.242,1.378
京都牝馬,S,強選別条件,前距離=1600,前距離,exact,10,10,1.0,15,30,0.5,64,171,0.374,0.234,1.336
京都牝馬,S,選別条件,前走着差=0.9秒以内,前走着差タイム,range,10,10,1.0,28,30,0.933,128,171,0.749,0.219,1.247
京都牝馬,S,選別条件,前走着順=一桁着順,前走着順,range,10,10,1.0,25,30,0.833,116,171,0.678,0.216,1.228
京都牝馬,S,選別条件,前4角=前半位置(相対50%以内),前4角,derived,10,10,1.0,21,30,0.7,105,171,0.614,0.2,1.14
京都牝馬,S,選別条件,前3角=前半位置(相対50%以内),前3角,derived,10,10,1.0,20,30,0.667,103,171,0.602,0.194,1.107
京都牝馬,S,選別条件,キャリア=11〜20戦,キャリア,range,10,10,1.0,18,30,0.6,80,171,0.468,0.225,1.283
京都牝馬,S,選別条件,距離ローテ=距離短縮,距離ローテ,derived,10,10,1.0,17,30,0.567,75,171,0.439,0.227,1.292
京都牝馬,S,選別条件,前走頭数=14〜16頭,前走頭数,range,10,10,1.0,15,30,0.5,90,171,0.526,0.167,0.95
京都牝馬,S,基礎条件,斤量=56kg以下,斤量,range,10,10,1.0,30,30,1.0,165,171,0.965,0.182,1.036
京都牝馬,S,基礎条件,前走と同じ芝ダ,芝ダローテ,derived,10,10,1.0,30,30,1.0,167,171,0.977,0.18,1.024
京都牝馬,S,基礎条件,前芝・ダ=芝,前芝・ダ,exact,10,10,1.0,30,30,1.0,167,171,0.977,0.18,1.024
京都牝馬,S,基礎条件,性別=牝,性別,exact,10,10,1.0,30,30,1.0,171,171,1.0,0.175,1.0
京都牝馬,S,基礎条件,年齢=4〜6歳,年齢,range,10,10,1.0,29,30,0.967,161,171,0.942,0.18,1.027
京都牝馬,S,基礎条件,年齢=6歳以下,年齢,range,10,10,1.0,29,30,0.967,161,171,0.942,0.18,1.027
京都牝馬,S,基礎条件,距離差=±400m以内,距離ローテ,derived,10,10,1.0,29,30,0.967,161,171,0.942,0.18,1.027
京都牝馬,S,基礎条件,距離差=±200m以内,距離ローテ,derived,10,10,1.0,27,30,0.9,154,171,0.901,0.175,0.999
京都牝馬,S,基礎条件,前走馬場状態=良,前走馬場状態,exact,10,10,1.0,26,30,0.867,140,171,0.819,0.186,1.059
京都牝馬,S,基礎条件,前走Ｒ=11,前走Ｒ,exact,10,10,1.0,25,30,0.833,140,171,0.819,0.179,1.018
京都牝馬,B,強選別条件,前走着差=0.3秒以内,前走着差タイム,range,10,9,0.9,19,30,0.633,68,171,0.398,0.279,1.593
京都牝馬,B,強選別条件,前走着順=1〜5着,前走着順,range,10,9,0.9,19,30,0.633,74,171,0.433,0.257,1.464
京都牝馬,B,強選別条件,前走人気=1〜5人気,前走人気,range,10,9,0.9,19,30,0.633,76,171,0.444,0.25,1.425
京都牝馬,B,強選別条件,年齢=5歳,年齢,exact,10,9,0.9,14,30,0.467,58,171,0.339,0.241,1.376
京都牝馬,B,強選別条件,枠位置=外25%,馬番相対,derived,10,9,0.9,11,30,0.367,47,171,0.275,0.234,1.334
京都牝馬,B,選別条件,年齢=3〜5歳,年齢,range,10,9,0.9,22,30,0.733,109,171,0.637,0.202,1.15
京都牝馬,B,選別条件,年齢=5歳以下,年齢,range,10,9,0.9,22,30,0.733,109,171,0.637,0.202,1.15
京都牝馬,B,選別条件,所属=(栗),所属,exact,10,9,0.9,20,30,0.667,128,171,0.749,0.156,0.891
京都牝馬,B,選別条件,毛色=鹿毛,毛色,exact,10,9,0.9,18,30,0.6,85,171,0.497,0.212,1.207
京都牝馬,B,選別条件,枠位置=中50%,馬番相対,derived,10,9,0.9,16,30,0.533,85,171,0.497,0.188,1.073
京都牝馬,B,選別条件,替=*,替,exact,10,9,0.9,15,30,0.5,109,171,0.637,0.138,0.784
京都牝馬,B,選別条件,馬体重増減=増,馬体重増減,range,10,9,0.9,14,30,0.467,74,171,0.433,0.189,1.078
京都牝馬,B,選別条件,距離ローテ=同距離または延長,距離ローテ,derived,10,9,0.9,13,30,0.433,96,171,0.561,0.135,0.772
京都牝馬,B,選別条件,前走頭数=16,前走頭数,exact,10,9,0.9,12,30,0.4,70,171,0.409,0.171,0.977
京都牝馬,B,選別条件,間隔=中8週以内,間隔,range,10,9,0.9,12,30,0.4,76,171,0.444,0.158,0.9
京都牝馬,補助,強選別条件,前走人気=1〜3人気,前走人気,range,10,8,0.8,12,30,0.4,51,171,0.298,0.235,1.341
京都牝馬,補助,強選別条件,距離ローテ=同距離,距離ローテ,derived,10,8,0.8,10,30,0.333,42,171,0.246,0.238,1.357
京都牝馬,補助,強選別条件,所属=(美),所属,exact,10,8,0.8,10,30,0.333,43,171,0.251,0.233,1.326
京都牝馬,補助,選別条件,前走上り3F=34秒台,前走上り3F,range,10,8,0.8,16,30,0.533,77,171,0.45,0.208,1.184
京都牝馬,補助,選別条件,斤量=54kg,斤量,range,10,8,0.8,14,30,0.467,91,171,0.532,0.154,0.877
京都牝馬,補助,選別条件,前走馬体重増減=増,前走馬体重増減,range,10,8,0.8,12,30,0.4,66,171,0.386,0.182,1.036
京都牝馬,補助,選別条件,間隔=中9〜12週,間隔,range,10,8,0.8,11,30,0.367,60,171,0.351,0.183,1.045
京都記念,S,強選別条件,前走着順=1〜5着,前走着順,range,10,10,1.0,19,30,0.633,50,117,0.427,0.38,1.482
京都記念,S,強選別条件,前クラス名=G1,前クラス名,exact,10,10,1.0,17,30,0.567,38,117,0.325,0.447,1.745
京都記念,S,強選別条件,前走着差=0.5秒以内,前走着差タイム,range,10,10,1.0,17,30,0.567,51,117,0.436,0.333,1.3
京都記念,S,選別条件,年齢=4〜6歳,年齢,range,10,10,1.0,25,30,0.833,83,117,0.709,0.301,1.175
京都記念,S,選別条件,年齢=6歳以下,年齢,range,10,10,1.0,25,30,0.833,83,117,0.709,0.301,1.175
京都記念,S,選別条件,前走着差=0.9秒以内,前走着差タイム,range,10,10,1.0,24,30,0.8,80,117,0.684,0.3,1.17
京都記念,S,選別条件,前走着順=一桁着順,前走着順,range,10,10,1.0,23,30,0.767,79,117,0.675,0.291,1.135
京都記念,S,選別条件,距離ローテ=同距離または短縮,距離ローテ,derived,10,10,1.0,23,30,0.767,81,117,0.692,0.284,1.107
京都記念,S,選別条件,距離差=±200m以内,距離ローテ,derived,10,10,1.0,21,30,0.7,85,117,0.726,0.247,0.964
京都記念,S,選別条件,距離ローテ=距離短縮,距離ローテ,derived,10,10,1.0,16,30,0.533,53,117,0.453,0.302,1.177
京都記念,S,選別条件,枠位置=中50%,馬番相対,derived,10,10,1.0,16,30,0.533,59,117,0.504,0.271,1.058
京都記念,S,選別条件,替=*,替,exact,10,10,1.0,16,30,0.533,75,117,0.641,0.213,0.832
京都記念,S,選別条件,馬体重増減=増,馬体重増減,range,10,10,1.0,15,30,0.5,64,117,0.547,0.234,0.914
京都記念,S,基礎条件,前走と同じ芝ダ,芝ダローテ,derived,10,10,1.0,29,30,0.967,115,117,0.983,0.252,0.983
京都記念,S,基礎条件,前芝・ダ=芝,前芝・ダ,exact,10,10,1.0,29,30,0.967,115,117,0.983,0.252,0.983
京都記念,S,基礎条件,所属=(栗),所属,exact,10,10,1.0,26,30,0.867,91,117,0.778,0.286,1.114
京都記念,S,基礎条件,距離差=±400m以内,距離ローテ,derived,10,10,1.0,26,30,0.867,104,117,0.889,0.25,0.975
京都記念,S,基礎条件,性別=牡,性別,exact,10,10,1.0,23,30,0.767,90,117,0.769,0.256,0.997
京都記念,S,基礎条件,前走馬場状態=良,前走馬場状態,exact,10,10,1.0,19,30,0.633,92,117,0.786,0.207,0.805
京都記念,B,強選別条件,年齢=3〜5歳,年齢,range,10,9,0.9,22,30,0.733,59,117,0.504,0.373,1.454
京都記念,B,強選別条件,年齢=5歳以下,年齢,range,10,9,0.9,22,30,0.733,59,117,0.504,0.373,1.454
京都記念,B,強選別条件,種牡馬=ディープインパクト,種牡馬,exact,10,9,0.9,10,30,0.333,24,117,0.205,0.417,1.625
京都記念,B,選別条件,馬番=1〜6番,馬番,range,10,9,0.9,19,30,0.633,60,117,0.513,0.317,1.235
京都記念,B,選別条件,前3角=前半位置(相対50%以内),前3角,derived,10,9,0.9,19,30,0.633,62,117,0.53,0.306,1.195
京都記念,B,選別条件,斤量=56kg以下,斤量,range,10,9,0.9,18,30,0.6,87,117,0.744,0.207,0.807
京都記念,B,選別条件,前走頭数=14〜16頭,前走頭数,range,10,9,0.9,13,30,0.433,50,117,0.427,0.26,1.014
京都記念,B,選別条件,馬番=1〜4番,馬番,range,10,9,0.9,12,30,0.4,40,117,0.342,0.3,1.17
京都記念,B,選別条件,馬番=5〜8番,馬番,range,10,9,0.9,11,30,0.367,40,117,0.342,0.275,1.073
京都記念,B,基礎条件,前走Ｒ=11,前走Ｒ,exact,10,9,0.9,24,30,0.8,98,117,0.838,0.245,0.955
京都記念,補助,強選別条件,キャリア=6〜10戦,キャリア,range,10,8,0.8,14,30,0.467,29,117,0.248,0.483,1.883
京都記念,補助,強選別条件,年齢=4歳,年齢,exact,10,8,0.8,14,30,0.467,33,117,0.282,0.424,1.655
京都記念,補助,強選別条件,前走着差=0.3秒以内,前走着差タイム,range,10,8,0.8,14,30,0.467,40,117,0.342,0.35,1.365
京都記念,補助,強選別条件,前走着順=1〜3着,前走着順,range,10,8,0.8,10,30,0.333,28,117,0.239,0.357,1.393
京都記念,補助,選別条件,前4角=前半位置(相対50%以内),前4角,derived,10,8,0.8,17,30,0.567,55,117,0.47,0.309,1.205
京都記念,補助,選別条件,毛色=鹿毛,毛色,exact,10,8,0.8,15,30,0.5,47,117,0.402,0.319,1.245
京都記念,補助,選別条件,前走人気=1〜5人気,前走人気,range,10,8,0.8,14,30,0.467,44,117,0.376,0.318,1.241
京都記念,補助,選別条件,距離ローテ=同距離または延長,距離ローテ,derived,10,8,0.8,14,30,0.467,64,117,0.547,0.219,0.853
京都記念,補助,選別条件,間隔=中8週以内,間隔,range,10,8,0.8,14,30,0.467,67,117,0.573,0.209,0.815
京都記念,補助,選別条件,産地=安平町,産地,exact,10,8,0.8,13,30,0.433,45,117,0.385,0.289,1.127
京都金杯H,S,強選別条件,前走着順=一桁着順,前走着順,range,10,10,1.0,25,30,0.833,104,167,0.623,0.24,1.338
京都金杯H,S,強選別条件,前走上り3F=34秒台,前走上り3F,range,10,10,1.0,17,30,0.567,63,167,0.377,0.27,1.502
京都金杯H,S,選別条件,年齢=4〜6歳,年齢,range,10,10,1.0,27,30,0.9,124,167,0.743,0.218,1.212
京都金杯H,S,選別条件,年齢=6歳以下,年齢,range,10,10,1.0,27,30,0.9,124,167,0.743,0.218,1.212
京都金杯H,S,選別条件,前走着差=0.9秒以内,前走着差タイム,range,10,10,1.0,26,30,0.867,115,167,0.689,0.226,1.259
京都金杯H,S,選別条件,斤量=56kg以下,斤量,range,10,10,1.0,19,30,0.633,111,167,0.665,0.171,0.953
京都金杯H,S,選別条件,キャリア=11〜20戦,キャリア,range,10,10,1.0,15,30,0.5,66,167,0.395,0.227,1.265
京都金杯H,S,選別条件,馬体重増減=増,馬体重増減,range,10,10,1.0,15,30,0.5,87,167,0.521,0.172,0.96
京都金杯H,S,基礎条件,距離差=±400m以内,距離ローテ,derived,10,10,1.0,29,30,0.967,165,167,0.988,0.176,0.978
京都金杯H,S,基礎条件,前走と同じ芝ダ,芝ダローテ,derived,10,10,1.0,29,30,0.967,165,167,0.988,0.176,0.978
京都金杯H,S,基礎条件,前芝・ダ=芝,前芝・ダ,exact,10,10,1.0,29,30,0.967,165,167,0.988,0.176,0.978
京都金杯H,S,基礎条件,距離差=±200m以内,距離ローテ,derived,10,10,1.0,26,30,0.867,143,167,0.856,0.182,1.012
京都金杯H,S,基礎条件,前走Ｒ=11,前走Ｒ,exact,10,10,1.0,26,30,0.867,153,167,0.916,0.17,0.946
京都金杯H,S,基礎条件,間隔=中8週以内,間隔,range,10,10,1.0,25,30,0.833,129,167,0.772,0.194,1.079
京都金杯H,S,基礎条件,距離ローテ=同距離または短縮,距離ローテ,derived,10,10,1.0,25,30,0.833,134,167,0.802,0.187,1.039
京都金杯H,S,基礎条件,性別=牡,性別,exact,10,10,1.0,25,30,0.833,142,167,0.85,0.176,0.98
京都金杯H,S,基礎条件,所属=(栗),所属,exact,10,10,1.0,24,30,0.8,133,167,0.796,0.18,1.005
京都金杯H,S,基礎条件,前走馬場状態=良,前走馬場状態,exact,10,10,1.0,24,30,0.8,146,167,0.874,0.164,0.915
京都金杯H,S,基礎条件,距離ローテ=同距離または延長,距離ローテ,derived,10,10,1.0,23,30,0.767,128,167,0.766,0.18,1.0
京都金杯H,B,強選別条件,前走着差=0.5秒以内,前走着差タイム,range,10,9,0.9,20,30,0.667,76,167,0.455,0.263,1.465
京都金杯H,B,強選別条件,前走人気=1〜5人気,前走人気,range,10,9,0.9,18,30,0.6,63,167,0.377,0.286,1.59
京都金杯H,B,選別条件,替=*,替,exact,10,9,0.9,20,30,0.667,100,167,0.599,0.2,1.113
京都金杯H,B,選別条件,距離ローテ=同距離,距離ローテ,derived,10,9,0.9,18,30,0.6,95,167,0.569,0.189,1.055
京都金杯H,B,選別条件,前距離=1600,前距離,exact,10,9,0.9,18,30,0.6,95,167,0.569,0.189,1.055
京都金杯H,B,選別条件,年齢=3〜5歳,年齢,range,10,9,0.9,17,30,0.567,76,167,0.455,0.224,1.245
京都金杯H,B,選別条件,年齢=5歳以下,年齢,range,10,9,0.9,17,30,0.567,76,167,0.455,0.224,1.245
京都金杯H,B,選別条件,前3角=前半位置(相対50%以内),前3角,derived,10,9,0.9,17,30,0.567,87,167,0.521,0.195,1.088
京都金杯H,B,選別条件,前4角=前半位置(相対50%以内),前4角,derived,10,9,0.9,17,30,0.567,92,167,0.551,0.185,1.029
京都金杯H,B,選別条件,前走頭数=17頭以上,前走頭数,range,10,9,0.9,11,30,0.367,68,167,0.407,0.162,0.9
京都金杯H,補助,強選別条件,前走着順=1〜5着,前走着順,range,10,8,0.8,16,30,0.533,65,167,0.389,0.246,1.37
京都金杯H,補助,強選別条件,前走着差=0.3秒以内,前走着差タイム,range,10,8,0.8,13,30,0.433,52,167,0.311,0.25,1.392
京都金杯H,補助,強選別条件,前走人気=1〜3人気,前走人気,range,10,8,0.8,10,30,0.333,36,167,0.216,0.278,1.546
京都金杯H,補助,選別条件,枠位置=中50%,馬番相対,derived,10,8,0.8,16,30,0.533,82,167,0.491,0.195,1.086
京都金杯H,補助,選別条件,前4角=後半位置(相対50%超),前4角,derived,10,8,0.8,13,30,0.433,74,167,0.443,0.176,0.978
京都金杯H,補助,選別条件,前3角=後半位置(相対50%超),前3角,derived,10,8,0.8,13,30,0.433,79,167,0.473,0.165,0.916
京都金杯H,補助,選別条件,前走馬体重増減=増,前走馬体重増減,range,10,8,0.8,12,30,0.4,67,167,0.401,0.179,0.997
京都金杯H,補助,選別条件,年齢=6歳,年齢,exact,10,8,0.8,10,30,0.333,48,167,0.287,0.208,1.16
京都金杯H,補助,選別条件,前走馬体重増減=減,前走馬体重増減,range,10,8,0.8,10,30,0.333,51,167,0.305,0.196,1.092
京都金杯H,補助,選別条件,毛色=鹿毛,毛色,exact,10,8,0.8,10,30,0.333,83,167,0.497,0.12,0.671
京都金杯H,補助,選別条件,キャリア=21戦以上,キャリア,range,10,8,0.8,9,30,0.3,71,167,0.425,0.127,0.706
京阪杯,S,選別条件,性別=牡,性別,exact,10,10,1.0,24,31,0.774,101,169,0.598,0.238,1.295
京阪杯,S,選別条件,年齢=4〜6歳,年齢,range,10,10,1.0,24,31,0.774,125,169,0.74,0.192,1.047
京阪杯,S,選別条件,年齢=3〜5歳,年齢,range,10,10,1.0,23,31,0.742,107,169,0.633,0.215,1.172
京阪杯,S,選別条件,年齢=5歳以下,年齢,range,10,10,1.0,23,31,0.742,107,169,0.633,0.215,1.172
京阪杯,S,選別条件,距離ローテ=同距離,距離ローテ,derived,10,10,1.0,23,31,0.742,118,169,0.698,0.195,1.063
京阪杯,S,選別条件,前距離=1200,前距離,exact,10,10,1.0,23,31,0.742,118,169,0.698,0.195,1.063
京阪杯,S,選別条件,間隔=中8週以内,間隔,range,10,10,1.0,23,31,0.742,124,169,0.734,0.185,1.011
京阪杯,S,選別条件,替=*,替,exact,10,10,1.0,22,31,0.71,98,169,0.58,0.224,1.224
京阪杯,S,選別条件,前4角=前半位置(相対50%以内),前4角,derived,10,10,1.0,21,31,0.677,108,169,0.639,0.194,1.06
京阪杯,S,選別条件,枠位置=中50%,馬番相対,derived,10,10,1.0,18,31,0.581,85,169,0.503,0.212,1.154
京阪杯,S,選別条件,前3角=前半位置(相対50%以内),前3角,derived,10,10,1.0,18,31,0.581,98,169,0.58,0.184,1.001
京阪杯,S,選別条件,前走頭数=14〜16頭,前走頭数,range,10,10,1.0,17,31,0.548,80,169,0.473,0.212,1.158
京阪杯,S,選別条件,斤量=56kg,斤量,range,10,10,1.0,16,31,0.516,73,169,0.432,0.219,1.195
京阪杯,S,基礎条件,距離差=±200m以内,距離ローテ,derived,10,10,1.0,31,31,1.0,165,169,0.976,0.188,1.024
京阪杯,S,基礎条件,距離差=±400m以内,距離ローテ,derived,10,10,1.0,31,31,1.0,168,169,0.994,0.185,1.006
京阪杯,S,基礎条件,距離ローテ=同距離または短縮,距離ローテ,derived,10,10,1.0,30,31,0.968,159,169,0.941,0.189,1.029
京阪杯,S,基礎条件,前走と同じ芝ダ,芝ダローテ,derived,10,10,1.0,30,31,0.968,164,169,0.97,0.183,0.997
京阪杯,S,基礎条件,前芝・ダ=芝,前芝・ダ,exact,10,10,1.0,30,31,0.968,164,169,0.97,0.183,0.997
京阪杯,S,基礎条件,年齢=6歳以下,年齢,range,10,10,1.0,28,31,0.903,144,169,0.852,0.194,1.06
京阪杯,S,基礎条件,所属=(栗),所属,exact,10,10,1.0,27,31,0.871,142,169,0.84,0.19,1.037
京阪杯,S,基礎条件,前走Ｒ=11,前走Ｒ,exact,10,10,1.0,25,31,0.806,148,169,0.876,0.169,0.921
京阪杯,S,基礎条件,距離ローテ=同距離または延長,距離ローテ,derived,10,10,1.0,24,31,0.774,128,169,0.757,0.188,1.022
京阪杯,S,基礎条件,斤量=56kg以下,斤量,range,10,10,1.0,24,31,0.774,134,169,0.793,0.179,0.976
京阪杯,A,選別条件,前走頭数=16,前走頭数,exact,10,10,1.0,14,31,0.452,60,169,0.355,0.233,1.272
京阪杯,B,強選別条件,前走着順=1〜5着,前走着順,range,10,9,0.9,19,31,0.613,67,169,0.396,0.284,1.546
京阪杯,B,強選別条件,前走馬体重増減=減,前走馬体重増減,range,10,9,0.9,15,31,0.484,58,169,0.343,0.259,1.41
京阪杯,B,強選別条件,馬番=5〜8番,馬番,range,10,9,0.9,12,31,0.387,40,169,0.237,0.3,1.635
京阪杯,B,選別条件,前走着順=一桁着順,前走着順,range,10,9,0.9,24,31,0.774,113,169,0.669,0.212,1.158
京阪杯,B,選別条件,前走着差=0.5秒以内,前走着差タイム,range,10,9,0.9,21,31,0.677,96,169,0.568,0.219,1.193
京阪杯,B,選別条件,前走馬場状態=良,前走馬場状態,exact,10,9,0.9,21,31,0.677,126,169,0.746,0.167,0.909
京阪杯,B,選別条件,キャリア=21戦以上,キャリア,range,10,9,0.9,14,31,0.452,93,169,0.55,0.151,0.821
京阪杯,B,選別条件,前3角=後半位置(相対50%超),前3角,derived,10,9,0.9,12,31,0.387,61,169,0.361,0.197,1.072
京阪杯,B,基礎条件,前走着差=0.9秒以内,前走着差タイム,range,10,9,0.9,26,31,0.839,130,169,0.769,0.2,1.09
京阪杯,補助,強選別条件,前走着差=0.3秒以内,前走着差タイム,range,10,8,0.8,17,31,0.548,71,169,0.42,0.239,1.305
京阪杯,補助,強選別条件,前走着順=1〜3着,前走着順,range,10,8,0.8,13,31,0.419,48,169,0.284,0.271,1.476
京阪杯,補助,強選別条件,毛色=栗毛,毛色,exact,10,8,0.8,11,31,0.355,40,169,0.237,0.275,1.499
京阪杯,補助,強選別条件,馬体重増減=±0,馬体重増減,range,10,8,0.8,10,31,0.323,32,169,0.189,0.312,1.704
京阪杯,補助,強選別条件,産地=浦河町,産地,exact,10,8,0.8,9,31,0.29,27,169,0.16,0.333,1.817
京阪杯,補助,選別条件,馬番=1〜6番,馬番,range,10,8,0.8,14,31,0.452,60,169,0.355,0.233,1.272
京阪杯,補助,選別条件,前走上り3F=33秒台以下,前走上り3F,range,10,8,0.8,12,31,0.387,55,169,0.325,0.218,1.189
京阪杯,補助,選別条件,間隔=中5〜8週,間隔,range,10,8,0.8,12,31,0.387,63,169,0.373,0.19,1.038
京阪杯,補助,選別条件,キャリア=11〜20戦,キャリア,range,10,8,0.8,11,31,0.355,58,169,0.343,0.19,1.034
京阪杯,補助,選別条件,馬番=9番外,馬番,range,10,8,0.8,11,31,0.355,89,169,0.527,0.124,0.674
京阪杯,補助,選別条件,前3角=後方(相対65%超),前3角,derived,10,8,0.8,10,31,0.323,44,169,0.26,0.227,1.239
京阪杯,補助,選別条件,前走頭数=17頭以上,前走頭数,range,10,8,0.8,10,31,0.323,73,169,0.432,0.137,0.747
京阪杯,補助,選別条件,毛色=鹿毛,毛色,exact,10,8,0.8,10,31,0.323,81,169,0.479,0.123,0.673
優駿牝馬,S,強選別条件,前走人気=1〜5人気,前走人気,range,10,10,1.0,25,30,0.833,101,180,0.561,0.248,1.485
優駿牝馬,S,強選別条件,キャリア=5戦以内,キャリア,range,10,10,1.0,25,30,0.833,108,180,0.6,0.231,1.389
優駿牝馬,S,強選別条件,前走人気=1〜3人気,前走人気,range,10,10,1.0,22,30,0.733,75,180,0.417,0.293,1.76
優駿牝馬,S,強選別条件,前走着順=1〜3着,前走着順,range,10,10,1.0,22,30,0.733,94,180,0.522,0.234,1.404
優駿牝馬,S,強選別条件,前走開催=2阪6,前走開催,exact,10,10,1.0,22,30,0.733,95,180,0.528,0.232,1.389
優駿牝馬,S,強選別条件,前走着差=0.3秒以内,前走着差タイム,range,10,10,1.0,21,30,0.7,96,180,0.533,0.219,1.312
優駿牝馬,S,強選別条件,前走レース名=桜花賞G1,前走レース名,exact,10,10,1.0,19,30,0.633,83,180,0.461,0.229,1.373
優駿牝馬,S,強選別条件,前クラス名=G1,前クラス名,exact,10,10,1.0,19,30,0.633,83,180,0.461,0.229,1.373
優駿牝馬,S,強選別条件,前走着差=勝ち/同タイム,前走着差タイム,range,10,10,1.0,15,30,0.5,68,180,0.378,0.221,1.324
優駿牝馬,S,選別条件,前走着順=1〜5着,前走着順,range,10,10,1.0,25,30,0.833,120,180,0.667,0.208,1.25
優駿牝馬,S,選別条件,前走着差=0.5秒以内,前走着差タイム,range,10,10,1.0,24,30,0.8,112,180,0.622,0.214,1.286
優駿牝馬,S,選別条件,前走頭数=17頭以上,前走頭数,range,10,10,1.0,24,30,0.8,117,180,0.65,0.205,1.231
優駿牝馬,S,選別条件,間隔=中5〜8週,間隔,range,10,10,1.0,22,30,0.733,103,180,0.572,0.214,1.282
優駿牝馬,S,選別条件,前走頭数=18,前走頭数,exact,10,10,1.0,22,30,0.733,106,180,0.589,0.208,1.245
優駿牝馬,S,選別条件,前距離=1600,前距離,exact,10,10,1.0,19,30,0.633,88,180,0.489,0.216,1.295
優駿牝馬,S,選別条件,前走斤量=55,前走斤量,exact,10,10,1.0,19,30,0.633,95,180,0.528,0.2,1.2
優駿牝馬,S,選別条件,所属=(栗),所属,exact,10,10,1.0,18,30,0.6,104,180,0.578,0.173,1.038
優駿牝馬,S,選別条件,馬番=9番外,馬番,range,10,10,1.0,16,30,0.533,100,180,0.556,0.16,0.96
優駿牝馬,S,基礎条件,年齢=3歳,年齢,exact,10,10,1.0,30,30,1.0,180,180,1.0,0.167,1.0
優駿牝馬,S,基礎条件,年齢=3〜5歳,年齢,range,10,10,1.0,30,30,1.0,180,180,1.0,0.167,1.0
優駿牝馬,S,基礎条件,年齢=5歳以下,年齢,range,10,10,1.0,30,30,1.0,180,180,1.0,0.167,1.0
優駿牝馬,S,基礎条件,年齢=6歳以下,年齢,range,10,10,1.0,30,30,1.0,180,180,1.0,0.167,1.0
優駿牝馬,S,基礎条件,斤量=55kg,斤量,range,10,10,1.0,30,30,1.0,180,180,1.0,0.167,1.0
優駿牝馬,S,基礎条件,斤量=56kg以下,斤量,range,10,10,1.0,30,30,1.0,180,180,1.0,0.167,1.0
優駿牝馬,S,基礎条件,距離ローテ=距離延長,距離ローテ,derived,10,10,1.0,30,30,1.0,180,180,1.0,0.167,1.0
優駿牝馬,S,基礎条件,距離ローテ=同距離または延長,距離ローテ,derived,10,10,1.0,30,30,1.0,180,180,1.0,0.167,1.0
優駿牝馬,S,基礎条件,前走と同じ芝ダ,芝ダローテ,derived,10,10,1.0,30,30,1.0,180,180,1.0,0.167,1.0
優駿牝馬,S,基礎条件,性別=牝,性別,exact,10,10,1.0,30,30,1.0,180,180,1.0,0.167,1.0
優駿牝馬,S,基礎条件,前芝・ダ=芝,前芝・ダ,exact,10,10,1.0,30,30,1.0,180,180,1.0,0.167,1.0
優駿牝馬,S,基礎条件,間隔=中8週以内,間隔,range,10,10,1.0,29,30,0.967,165,180,0.917,0.176,1.055
優駿牝馬,S,基礎条件,前走着差=0.9秒以内,前走着差タイム,range,10,10,1.0,26,30,0.867,146,180,0.811,0.178,1.068
優駿牝馬,S,基礎条件,前走着順=一桁着順,前走着順,range,10,10,1.0,26,30,0.867,150,180,0.833,0.173,1.04
優駿牝馬,S,基礎条件,前走Ｒ=11,前走Ｒ,exact,10,10,1.0,26,30,0.867,150,180,0.833,0.173,1.04
優駿牝馬,S,基礎条件,前走馬場状態=良,前走馬場状態,exact,10,10,1.0,26,30,0.867,155,180,0.861,0.168,1.006
優駿牝馬,A,強選別条件,前走着順=1着,前走着順,range,10,10,1.0,14,30,0.467,56,180,0.311,0.25,1.5
優駿牝馬,B,強選別条件,産地=安平町,産地,exact,10,9,0.9,19,30,0.633,66,180,0.367,0.288,1.727
優駿牝馬,B,強選別条件,前走上り3F=33秒台以下,前走上り3F,range,10,9,0.9,14,30,0.467,62,180,0.344,0.226,1.355
優駿牝馬,B,選別条件,前走馬体重増減=減,前走馬体重増減,range,10,9,0.9,18,30,0.6,85,180,0.472,0.212,1.271
優駿牝馬,B,選別条件,前4角=前半位置(相対50%以内),前4角,derived,10,9,0.9,18,30,0.6,115,180,0.639,0.157,0.939
優駿牝馬,B,選別条件,前3角=前半位置(相対50%以内),前3角,derived,10,9,0.9,17,30,0.567,106,180,0.589,0.16,0.962
優駿牝馬,B,選別条件,枠位置=中50%,馬番相対,derived,10,9,0.9,15,30,0.5,90,180,0.5,0.167,1.0
優駿牝馬,B,選別条件,前4角=後半位置(相対50%超),前4角,derived,10,9,0.9,12,30,0.4,65,180,0.361,0.185,1.108
優駿牝馬,B,選別条件,所属=(美),所属,exact,10,9,0.9,12,30,0.4,76,180,0.422,0.158,0.947
優駿牝馬,補助,選別条件,前3角=後半位置(相対50%超),前3角,derived,10,8,0.8,13,30,0.433,74,180,0.411,0.176,1.054
優駿牝馬,補助,選別条件,前3角=後方(相対65%超),前3角,derived,10,8,0.8,11,30,0.367,56,180,0.311,0.196,1.179
優駿牝馬,補助,選別条件,前4角=後方(相対65%超),前4角,derived,10,8,0.8,10,30,0.333,51,180,0.283,0.196,1.176
共同通信,S,強選別条件,前走着差=0.3秒以内,前走着差タイム,range,10,10,1.0,24,30,0.8,65,106,0.613,0.369,1.305
共同通信,S,強選別条件,前走人気=1〜3人気,前走人気,range,10,10,1.0,22,30,0.733,59,106,0.557,0.373,1.318
共同通信,S,強選別条件,産地=安平町,産地,exact,10,10,1.0,19,30,0.633,42,106,0.396,0.452,1.598
共同通信,S,選別条件,前走人気=1〜5人気,前走人気,range,10,10,1.0,28,30,0.933,81,106,0.764,0.346,1.221
共同通信,S,選別条件,前走着順=1〜5着,前走着順,range,10,10,1.0,26,30,0.867,76,106,0.717,0.342,1.209
共同通信,S,選別条件,前走着差=0.5秒以内,前走着差タイム,range,10,10,1.0,26,30,0.867,76,106,0.717,0.342,1.209
共同通信,S,選別条件,距離ローテ=同距離または短縮,距離ローテ,derived,10,10,1.0,23,30,0.767,73,106,0.689,0.315,1.113
共同通信,S,選別条件,前走着順=1〜3着,前走着順,range,10,10,1.0,22,30,0.733,60,106,0.566,0.367,1.296
共同通信,S,選別条件,枠位置=中50%,馬番相対,derived,10,10,1.0,16,30,0.533,54,106,0.509,0.296,1.047
共同通信,S,選別条件,替=*,替,exact,10,10,1.0,16,30,0.533,58,106,0.547,0.276,0.975
共同通信,S,基礎条件,距離差=±200m以内,距離ローテ,derived,10,10,1.0,30,30,1.0,101,106,0.953,0.297,1.05
共同通信,S,基礎条件,前走と同じ芝ダ,芝ダローテ,derived,10,10,1.0,30,30,1.0,102,106,0.962,0.294,1.039
共同通信,S,基礎条件,前芝・ダ=芝,前芝・ダ,exact,10,10,1.0,30,30,1.0,102,106,0.962,0.294,1.039
共同通信,S,基礎条件,性別=牡,性別,exact,10,10,1.0,30,30,1.0,103,106,0.972,0.291,1.029
共同通信,S,基礎条件,距離差=±400m以内,距離ローテ,derived,10,10,1.0,30,30,1.0,104,106,0.981,0.288,1.019
共同通信,S,基礎条件,年齢=3歳,年齢,exact,10,10,1.0,30,30,1.0,106,106,1.0,0.283,1.0
共同通信,S,基礎条件,年齢=3〜5歳,年齢,range,10,10,1.0,30,30,1.0,106,106,1.0,0.283,1.0
共同通信,S,基礎条件,年齢=5歳以下,年齢,range,10,10,1.0,30,30,1.0,106,106,1.0,0.283,1.0
共同通信,S,基礎条件,年齢=6歳以下,年齢,range,10,10,1.0,30,30,1.0,106,106,1.0,0.283,1.0
共同通信,S,基礎条件,キャリア=5戦以内,キャリア,range,10,10,1.0,29,30,0.967,93,106,0.877,0.312,1.102
共同通信,S,基礎条件,前走着順=一桁着順,前走着順,range,10,10,1.0,27,30,0.9,94,106,0.887,0.287,1.015
共同通信,S,基礎条件,前走着差=0.9秒以内,前走着差タイム,range,10,10,1.0,26,30,0.867,88,106,0.83,0.295,1.044
共同通信,S,基礎条件,前走馬場状態=良,前走馬場状態,exact,10,10,1.0,24,30,0.8,93,106,0.877,0.258,0.912
共同通信,A,選別条件,馬番=5〜8番,馬番,range,10,10,1.0,14,30,0.467,39,106,0.368,0.359,1.268
共同通信,B,強選別条件,前走斤量=55,前走斤量,exact,10,9,0.9,20,30,0.667,53,106,0.5,0.377,1.333
共同通信,B,強選別条件,前走着差=勝ち/同タイム,前走着差タイム,range,10,9,0.9,18,30,0.6,48,106,0.453,0.375,1.325
共同通信,B,強選別条件,前走人気=1人気,前走人気,range,10,9,0.9,14,30,0.467,29,106,0.274,0.483,1.706
共同通信,B,強選別条件,馬体重増減=増,馬体重増減,range,10,9,0.9,14,30,0.467,37,106,0.349,0.378,1.337
共同通信,B,選別条件,前4角=前半位置(相対50%以内),前4角,derived,10,9,0.9,20,30,0.667,62,106,0.585,0.323,1.14
共同通信,B,選別条件,毛色=鹿毛,毛色,exact,10,9,0.9,16,30,0.533,51,106,0.481,0.314,1.108
共同通信,B,選別条件,前3角=前半位置(相対50%以内),前3角,derived,10,9,0.9,16,30,0.533,54,106,0.509,0.296,1.047
共同通信,B,選別条件,距離ローテ=同距離または延長,距離ローテ,derived,10,9,0.9,16,30,0.533,56,106,0.528,0.286,1.01
共同通信,B,選別条件,間隔=中8週以内,間隔,range,10,9,0.9,16,30,0.533,64,106,0.604,0.25,0.883
共同通信,B,選別条件,所属=(美),所属,exact,10,9,0.9,15,30,0.5,62,106,0.585,0.242,0.855
共同通信,B,選別条件,前3角=後半位置(相対50%超),前3角,derived,10,9,0.9,13,30,0.433,51,106,0.481,0.255,0.901
共同通信,B,基礎条件,斤量=56kg,斤量,range,10,9,0.9,24,30,0.8,83,106,0.783,0.289,1.022
共同通信,B,基礎条件,斤量=56kg以下,斤量,range,10,9,0.9,24,30,0.8,87,106,0.821,0.276,0.975
共同通信,補助,強選別条件,前走着順=1着,前走着順,range,10,8,0.8,16,30,0.533,43,106,0.406,0.372,1.315
共同通信,補助,強選別条件,所属=(栗),所属,exact,10,8,0.8,15,30,0.5,40,106,0.377,0.375,1.325
共同通信,補助,強選別条件,前4角=4〜6番手,前4角,derived,10,8,0.8,12,30,0.4,29,106,0.274,0.414,1.462
共同通信,補助,選別条件,馬番=1〜6番,馬番,range,10,8,0.8,16,30,0.533,60,106,0.566,0.267,0.942
共同通信,補助,選別条件,前距離=2000,前距離,exact,10,8,0.8,14,30,0.467,48,106,0.453,0.292,1.031
共同通信,補助,選別条件,前走Ｒ=11,前走Ｒ,exact,10,8,0.8,14,30,0.467,49,106,0.462,0.286,1.01
共同通信,補助,選別条件,距離ローテ=距離短縮,距離ローテ,derived,10,8,0.8,14,30,0.467,50,106,0.472,0.28,0.989
函館2歳,S,選別条件,前走と同じ芝ダ,芝ダローテ,derived,10,10,1.0,27,30,0.9,115,148,0.777,0.235,1.158
函館2歳,S,選別条件,前芝・ダ=芝,前芝・ダ,exact,10,10,1.0,27,30,0.9,115,148,0.777,0.235,1.158
函館2歳,S,選別条件,前クラス名=新馬,前クラス名,exact,10,10,1.0,25,30,0.833,106,148,0.716,0.236,1.164
函館2歳,S,選別条件,前走人気=1〜3人気,前走人気,range,10,10,1.0,24,30,0.8,110,148,0.743,0.218,1.076
函館2歳,S,選別条件,前走レース名=新馬,前走レース名,exact,10,10,1.0,22,30,0.733,96,148,0.649,0.229,1.131
函館2歳,S,選別条件,前走Ｒ=5,前走Ｒ,exact,10,10,1.0,20,30,0.667,82,148,0.554,0.244,1.203
函館2歳,S,選別条件,距離ローテ=同距離,距離ローテ,derived,10,10,1.0,20,30,0.667,107,148,0.723,0.187,0.922
函館2歳,S,選別条件,前距離=1200,前距離,exact,10,10,1.0,20,30,0.667,107,148,0.723,0.187,0.922
函館2歳,S,選別条件,前走馬場状態=良,前走馬場状態,exact,10,10,1.0,19,30,0.633,99,148,0.669,0.192,0.947
函館2歳,S,選別条件,前走上り3F=35秒台,前走上り3F,range,10,10,1.0,16,30,0.533,61,148,0.412,0.262,1.294
函館2歳,S,基礎条件,前走人気=1〜5人気,前走人気,range,10,10,1.0,30,30,1.0,134,148,0.905,0.224,1.104
函館2歳,S,基礎条件,前4角=前半位置(相対50%以内),前4角,derived,10,10,1.0,30,30,1.0,139,148,0.939,0.216,1.065
函館2歳,S,基礎条件,前走着順=1〜5着,前走着順,range,10,10,1.0,30,30,1.0,145,148,0.98,0.207,1.021
函館2歳,S,基礎条件,年齢=2歳,年齢,exact,10,10,1.0,30,30,1.0,148,148,1.0,0.203,1.0
函館2歳,S,基礎条件,年齢=5歳以下,年齢,range,10,10,1.0,30,30,1.0,148,148,1.0,0.203,1.0
函館2歳,S,基礎条件,年齢=6歳以下,年齢,range,10,10,1.0,30,30,1.0,148,148,1.0,0.203,1.0
函館2歳,S,基礎条件,斤量=56kg以下,斤量,range,10,10,1.0,30,30,1.0,148,148,1.0,0.203,1.0
函館2歳,S,基礎条件,間隔=中8週以内,間隔,range,10,10,1.0,30,30,1.0,148,148,1.0,0.203,1.0
函館2歳,S,基礎条件,キャリア=5戦以内,キャリア,range,10,10,1.0,30,30,1.0,148,148,1.0,0.203,1.0
函館2歳,S,基礎条件,前走着順=一桁着順,前走着順,range,10,10,1.0,30,30,1.0,148,148,1.0,0.203,1.0
函館2歳,S,基礎条件,前3角=前半位置(相対50%以内),前3角,derived,10,10,1.0,29,30,0.967,133,148,0.899,0.218,1.076
函館2歳,S,基礎条件,前走着順=1着,前走着順,range,10,10,1.0,29,30,0.967,139,148,0.939,0.209,1.029
函館2歳,S,基礎条件,前走着差=勝ち/同タイム,前走着差タイム,range,10,10,1.0,29,30,0.967,140,148,0.946,0.207,1.022
函館2歳,S,基礎条件,前走着差=0.3秒以内,前走着差タイム,range,10,10,1.0,29,30,0.967,143,148,0.966,0.203,1.0
函館2歳,S,基礎条件,前走着差=0.5秒以内,前走着差タイム,range,10,10,1.0,29,30,0.967,143,148,0.966,0.203,1.0
函館2歳,S,基礎条件,前走着順=1〜3着,前走着順,range,10,10,1.0,29,30,0.967,144,148,0.973,0.201,0.994
函館2歳,S,基礎条件,前走着差=0.9秒以内,前走着差タイム,range,10,10,1.0,29,30,0.967,145,148,0.98,0.2,0.987
函館2歳,S,基礎条件,距離差=±400m以内,距離ローテ,derived,10,10,1.0,29,30,0.967,146,148,0.986,0.199,0.98
函館2歳,S,基礎条件,距離差=±200m以内,距離ローテ,derived,10,10,1.0,28,30,0.933,145,148,0.98,0.193,0.953
函館2歳,S,基礎条件,距離ローテ=同距離または延長,距離ローテ,derived,10,10,1.0,26,30,0.867,139,148,0.939,0.187,0.923
函館2歳,S,基礎条件,距離ローテ=同距離または短縮,距離ローテ,derived,10,10,1.0,24,30,0.8,116,148,0.784,0.207,1.021
函館2歳,S,基礎条件,間隔=中4週以内,間隔,range,10,10,1.0,23,30,0.767,121,148,0.818,0.19,0.938
函館2歳,B,強選別条件,前4角=2〜3番手,前4角,derived,10,9,0.9,18,30,0.6,68,148,0.459,0.265,1.306
函館2歳,B,強選別条件,所属=(栗),所属,exact,10,9,0.9,18,30,0.6,68,148,0.459,0.265,1.306
函館2歳,B,強選別条件,前走人気=1人気,前走人気,range,10,9,0.9,17,30,0.567,55,148,0.372,0.309,1.525
函館2歳,B,選別条件,前走頭数=10頭以下,前走頭数,range,10,9,0.9,17,30,0.567,86,148,0.581,0.198,0.975
函館2歳,B,選別条件,性別=牡,性別,exact,10,9,0.9,16,30,0.533,65,148,0.439,0.246,1.214
函館2歳,B,選別条件,前3角=2〜3番手,前3角,derived,10,9,0.9,15,30,0.5,58,148,0.392,0.259,1.276
函館2歳,B,選別条件,馬番=1〜6番,馬番,range,10,9,0.9,15,30,0.5,60,148,0.405,0.25,1.233
函館2歳,B,選別条件,馬体重増減=増,馬体重増減,range,10,9,0.9,13,30,0.433,53,148,0.358,0.245,1.21
函館2歳,補助,強選別条件,毛色=栗毛,毛色,exact,10,8,0.8,11,30,0.367,34,148,0.23,0.324,1.596
函館2歳,補助,選別条件,前走斤量=54,前走斤量,exact,10,8,0.8,21,30,0.7,109,148,0.736,0.193,0.95
函館2歳,補助,選別条件,枠位置=中50%,馬番相対,derived,10,8,0.8,18,30,0.6,75,148,0.507,0.24,1.184
函館2歳,補助,選別条件,性別=牝,性別,exact,10,8,0.8,14,30,0.467,83,148,0.561,0.169,0.832
函館2歳,補助,選別条件,所属=(美),所属,exact,10,8,0.8,12,30,0.4,67,148,0.453,0.179,0.884
函館2歳,補助,選別条件,馬体重増減=減,馬体重増減,range,10,8,0.8,11,30,0.367,53,148,0.358,0.208,1.024
函館2歳,補助,選別条件,馬番=9番外,馬番,range,10,8,0.8,11,30,0.367,68,148,0.459,0.162,0.798
函館2歳,補助,選別条件,毛色=鹿毛,毛色,exact,10,8,0.8,11,30,0.367,69,148,0.466,0.159,0.786
函館2歳,補助,選別条件,前走馬場状態=稍,前走馬場状態,exact,10,8,0.8,10,30,0.333,38,148,0.257,0.263,1.298
函館2歳,補助,基礎条件,斤量=54kg,斤量,range,10,8,0.8,24,30,0.8,119,148,0.804,0.202,0.995
函館スプ,S,選別条件,前走着差=0.9秒以内,前走着差タイム,range,10,10,1.0,25,30,0.833,103,154,0.669,0.243,1.246
函館スプ,S,選別条件,前4角=前半位置(相対50%以内),前4角,derived,10,10,1.0,25,30,0.833,104,154,0.675,0.24,1.234
函館スプ,S,選別条件,年齢=3〜5歳,年齢,range,10,10,1.0,23,30,0.767,96,154,0.623,0.24,1.23
函館スプ,S,選別条件,年齢=5歳以下,年齢,range,10,10,1.0,23,30,0.767,96,154,0.623,0.24,1.23
函館スプ,S,選別条件,前3角=前半位置(相対50%以内),前3角,derived,10,10,1.0,21,30,0.7,92,154,0.597,0.228,1.172
函館スプ,S,選別条件,性別=牡,性別,exact,10,10,1.0,20,30,0.667,88,154,0.571,0.227,1.167
函館スプ,S,選別条件,所属=(栗),所属,exact,10,10,1.0,20,30,0.667,100,154,0.649,0.2,1.027
函館スプ,S,選別条件,年齢=4〜6歳,年齢,range,10,10,1.0,20,30,0.667,107,154,0.695,0.187,0.96
函館スプ,S,選別条件,替=*,替,exact,10,10,1.0,16,30,0.533,87,154,0.565,0.184,0.944
函館スプ,S,基礎条件,距離差=±400m以内,距離ローテ,derived,10,10,1.0,30,30,1.0,154,154,1.0,0.195,1.0
函館スプ,S,基礎条件,前走と同じ芝ダ,芝ダローテ,derived,10,10,1.0,29,30,0.967,140,154,0.909,0.207,1.063
函館スプ,S,基礎条件,前芝・ダ=芝,前芝・ダ,exact,10,10,1.0,29,30,0.967,140,154,0.909,0.207,1.063
函館スプ,S,基礎条件,距離ローテ=同距離または短縮,距離ローテ,derived,10,10,1.0,28,30,0.933,141,154,0.916,0.199,1.019
函館スプ,S,基礎条件,年齢=6歳以下,年齢,range,10,10,1.0,26,30,0.867,125,154,0.812,0.208,1.068
函館スプ,S,基礎条件,前走Ｒ=11,前走Ｒ,exact,10,10,1.0,23,30,0.767,124,154,0.805,0.185,0.952
函館スプ,B,強選別条件,前走人気=1〜5人気,前走人気,range,10,9,0.9,18,30,0.6,57,154,0.37,0.316,1.621
函館スプ,B,強選別条件,前走着順=1〜5着,前走着順,range,10,9,0.9,18,30,0.6,62,154,0.403,0.29,1.49
函館スプ,B,強選別条件,前走着差=0.5秒以内,前走着差タイム,range,10,9,0.9,18,30,0.6,68,154,0.442,0.265,1.359
函館スプ,B,強選別条件,前走着差=0.3秒以内,前走着差タイム,range,10,9,0.9,16,30,0.533,52,154,0.338,0.308,1.579
函館スプ,B,強選別条件,前走着順=1〜3着,前走着順,range,10,9,0.9,14,30,0.467,43,154,0.279,0.326,1.671
函館スプ,B,選別条件,前走着順=一桁着順,前走着順,range,10,9,0.9,22,30,0.733,87,154,0.565,0.253,1.298
函館スプ,B,選別条件,斤量=56kg以下,斤量,range,10,9,0.9,22,30,0.733,110,154,0.714,0.2,1.027
函館スプ,B,選別条件,前走馬場状態=良,前走馬場状態,exact,10,9,0.9,19,30,0.633,109,154,0.708,0.174,0.895
函館スプ,B,選別条件,距離ローテ=同距離または延長,距離ローテ,derived,10,9,0.9,17,30,0.567,102,154,0.662,0.167,0.856
函館スプ,B,選別条件,馬番=9番外,馬番,range,10,9,0.9,16,30,0.533,74,154,0.481,0.216,1.11
函館スプ,B,選別条件,間隔=中8週以内,間隔,range,10,9,0.9,16,30,0.533,75,154,0.487,0.213,1.095
函館スプ,B,選別条件,毛色=鹿毛,毛色,exact,10,9,0.9,16,30,0.533,83,154,0.539,0.193,0.99
函館スプ,B,選別条件,距離ローテ=同距離,距離ローテ,derived,10,9,0.9,15,30,0.5,89,154,0.578,0.169,0.865
函館スプ,B,選別条件,前距離=1200,前距離,exact,10,9,0.9,15,30,0.5,89,154,0.578,0.169,0.865
函館スプ,B,選別条件,前走馬体重増減=減,前走馬体重増減,range,10,9,0.9,14,30,0.467,60,154,0.39,0.233,1.198
函館スプ,B,選別条件,前走頭数=17頭以上,前走頭数,range,10,9,0.9,14,30,0.467,64,154,0.416,0.219,1.123
函館スプ,B,選別条件,距離ローテ=距離短縮,距離ローテ,derived,10,9,0.9,13,30,0.433,52,154,0.338,0.25,1.283
函館スプ,B,選別条件,キャリア=21戦以上,キャリア,range,10,9,0.9,11,30,0.367,69,154,0.448,0.159,0.818
函館スプ,B,基礎条件,距離差=±200m以内,距離ローテ,derived,10,9,0.9,24,30,0.8,134,154,0.87,0.179,0.919
函館スプ,補助,強選別条件,前4角=4〜6番手,前4角,derived,10,8,0.8,13,30,0.433,40,154,0.26,0.325,1.668
函館スプ,補助,強選別条件,前走斤量=57,前走斤量,exact,10,8,0.8,12,30,0.4,45,154,0.292,0.267,1.369
函館スプ,補助,強選別条件,前走着差=勝ち/同タイム,前走着差タイム,range,10,8,0.8,11,30,0.367,35,154,0.227,0.314,1.613
函館スプ,補助,強選別条件,前走上り3F=34秒台,前走上り3F,range,10,8,0.8,11,30,0.367,42,154,0.273,0.262,1.344
函館スプ,補助,強選別条件,前走人気=1〜3人気,前走人気,range,10,8,0.8,9,30,0.3,32,154,0.208,0.281,1.444
函館スプ,補助,選別条件,前走頭数=18,前走頭数,exact,10,8,0.8,13,30,0.433,60,154,0.39,0.217,1.112
函館スプ,補助,選別条件,枠位置=中50%,馬番相対,derived,10,8,0.8,13,30,0.433,76,154,0.494,0.171,0.878
函館スプ,補助,選別条件,間隔=中5〜8週,間隔,range,10,8,0.8,11,30,0.367,51,154,0.331,0.216,1.107
函館スプ,補助,選別条件,前クラス名=G1,前クラス名,exact,10,8,0.8,10,30,0.333,43,154,0.279,0.233,1.194
函館記念H,S,選別条件,前走着順=一桁着順,前走着順,range,10,10,1.0,22,30,0.733,108,159,0.679,0.204,1.08
函館記念H,S,選別条件,前走馬場状態=良,前走馬場状態,exact,10,10,1.0,22,30,0.733,114,159,0.717,0.193,1.023
函館記念H,S,選別条件,所属=(栗),所属,exact,10,10,1.0,19,30,0.633,84,159,0.528,0.226,1.199
函館記念H,S,選別条件,前4角=前半位置(相対50%以内),前4角,derived,10,10,1.0,19,30,0.633,88,159,0.553,0.216,1.144
函館記念H,S,選別条件,前走着差=0.9秒以内,前走着差タイム,range,10,10,1.0,19,30,0.633,104,159,0.654,0.183,0.968
函館記念H,S,選別条件,枠位置=中50%,馬番相対,derived,10,10,1.0,17,30,0.567,80,159,0.503,0.212,1.126
函館記念H,S,選別条件,前3角=前半位置(相対50%以内),前3角,derived,10,10,1.0,15,30,0.5,85,159,0.535,0.176,0.935
函館記念H,S,基礎条件,前走と同じ芝ダ,芝ダローテ,derived,10,10,1.0,30,30,1.0,155,159,0.975,0.194,1.026
函館記念H,S,基礎条件,前芝・ダ=芝,前芝・ダ,exact,10,10,1.0,30,30,1.0,155,159,0.975,0.194,1.026
函館記念H,S,基礎条件,年齢=6歳以下,年齢,range,10,10,1.0,26,30,0.867,122,159,0.767,0.213,1.13
函館記念H,S,基礎条件,性別=牡,性別,exact,10,10,1.0,26,30,0.867,136,159,0.855,0.191,1.013
函館記念H,S,基礎条件,年齢=4〜6歳,年齢,range,10,10,1.0,25,30,0.833,120,159,0.755,0.208,1.104
函館記念H,S,基礎条件,前走Ｒ=11,前走Ｒ,exact,10,10,1.0,25,30,0.833,141,159,0.887,0.177,0.94
函館記念H,S,基礎条件,斤量=56kg以下,斤量,range,10,10,1.0,24,30,0.8,121,159,0.761,0.198,1.051
函館記念H,S,基礎条件,距離差=±400m以内,距離ローテ,derived,10,10,1.0,23,30,0.767,135,159,0.849,0.17,0.903
函館記念H,S,基礎条件,距離差=±200m以内,距離ローテ,derived,10,10,1.0,22,30,0.733,126,159,0.792,0.175,0.925
函館記念H,S,基礎条件,距離ローテ=同距離または延長,距離ローテ,derived,10,10,1.0,22,30,0.733,131,159,0.824,0.168,0.89
函館記念H,B,強選別条件,馬体重増減=減,馬体重増減,range,10,9,0.9,18,30,0.6,66,159,0.415,0.273,1.445
函館記念H,B,強選別条件,前走頭数=14〜16頭,前走頭数,range,10,9,0.9,17,30,0.567,69,159,0.434,0.246,1.306
函館記念H,B,強選別条件,間隔=中5〜8週,間隔,range,10,9,0.9,11,30,0.367,39,159,0.245,0.282,1.495
函館記念H,B,選別条件,キャリア=21戦以上,キャリア,range,10,9,0.9,19,30,0.633,99,159,0.623,0.192,1.017
函館記念H,B,選別条件,間隔=中8週以内,間隔,range,10,9,0.9,18,30,0.6,101,159,0.635,0.178,0.945
函館記念H,B,選別条件,距離ローテ=同距離または短縮,距離ローテ,derived,10,9,0.9,17,30,0.567,76,159,0.478,0.224,1.186
函館記念H,B,選別条件,前3角=後半位置(相対50%超),前3角,derived,10,9,0.9,15,30,0.5,74,159,0.465,0.203,1.074
函館記念H,B,選別条件,前走斤量=56,前走斤量,exact,10,9,0.9,14,30,0.467,61,159,0.384,0.23,1.216
函館記念H,B,選別条件,替=*,替,exact,10,9,0.9,14,30,0.467,83,159,0.522,0.169,0.894
函館記念H,B,選別条件,前走着順=1〜5着,前走着順,range,10,9,0.9,13,30,0.433,66,159,0.415,0.197,1.044
函館記念H,B,選別条件,前走着差=0.5秒以内,前走着差タイム,range,10,9,0.9,13,30,0.433,74,159,0.465,0.176,0.931
函館記念H,B,選別条件,前走馬体重増減=増,前走馬体重増減,range,10,9,0.9,11,30,0.367,51,159,0.321,0.216,1.143
函館記念H,B,選別条件,所属=(美),所属,exact,10,9,0.9,11,30,0.367,75,159,0.472,0.147,0.777
函館記念H,B,選別条件,前走頭数=16,前走頭数,exact,10,9,0.9,10,30,0.333,55,159,0.346,0.182,0.964
函館記念H,B,選別条件,前走着差=0.3秒以内,前走着差タイム,range,10,9,0.9,10,30,0.333,56,159,0.352,0.179,0.946
函館記念H,補助,強選別条件,馬番=5〜8番,馬番,range,10,8,0.8,11,30,0.367,40,159,0.252,0.275,1.458
函館記念H,補助,強選別条件,産地=新ひだか町,産地,exact,10,8,0.8,9,30,0.3,22,159,0.138,0.409,2.168
函館記念H,補助,選別条件,年齢=3〜5歳,年齢,range,10,8,0.8,15,30,0.5,73,159,0.459,0.205,1.089
函館記念H,補助,選別条件,年齢=5歳以下,年齢,range,10,8,0.8,15,30,0.5,73,159,0.459,0.205,1.089
函館記念H,補助,選別条件,馬番=1〜6番,馬番,range,10,8,0.8,14,30,0.467,60,159,0.377,0.233,1.237
函館記念H,補助,選別条件,前走着差=1.0秒以上,前走着差タイム,range,10,8,0.8,11,30,0.367,55,159,0.346,0.2,1.06
函館記念H,補助,選別条件,前走馬体重増減=減,前走馬体重増減,range,10,8,0.8,11,30,0.367,60,159,0.377,0.183,0.972
函館記念H,補助,選別条件,馬番=9番外,馬番,range,10,8,0.8,11,30,0.367,79,159,0.497,0.139,0.738
函館記念H,補助,選別条件,距離ローテ=同距離,距離ローテ,derived,10,8,0.8,9,30,0.3,48,159,0.302,0.188,0.994
函館記念H,補助,選別条件,前距離=2000,前距離,exact,10,8,0.8,9,30,0.3,48,159,0.302,0.188,0.994
北九州記H,S,強選別条件,前走着順=一桁着順,前走着順,range,10,10,1.0,28,30,0.933,122,174,0.701,0.23,1.331
北九州記H,S,強選別条件,前走着順=1〜5着,前走着順,range,10,10,1.0,24,30,0.8,87,174,0.5,0.276,1.6
北九州記H,S,強選別条件,前走着差=0.5秒以内,前走着差タイム,range,10,10,1.0,24,30,0.8,103,174,0.592,0.233,1.351
北九州記H,S,強選別条件,前走着順=1〜3着,前走着順,range,10,10,1.0,21,30,0.7,66,174,0.379,0.318,1.845
北九州記H,S,強選別条件,前走着差=0.3秒以内,前走着差タイム,range,10,10,1.0,21,30,0.7,77,174,0.443,0.273,1.582
北九州記H,S,強選別条件,馬体重増減=増,馬体重増減,range,10,10,1.0,19,30,0.633,72,174,0.414,0.264,1.531
北九州記H,S,強選別条件,性別=牝,性別,exact,10,10,1.0,18,30,0.6,74,174,0.425,0.243,1.411
北九州記H,S,強選別条件,前走人気=1〜5人気,前走人気,range,10,10,1.0,18,30,0.6,76,174,0.437,0.237,1.374
北九州記H,S,強選別条件,前走着差=勝ち/同タイム,前走着差タイム,range,10,10,1.0,15,30,0.5,42,174,0.241,0.357,2.071
北九州記H,S,強選別条件,前走人気=1〜3人気,前走人気,range,10,10,1.0,15,30,0.5,52,174,0.299,0.288,1.673
北九州記H,S,選別条件,年齢=6歳以下,年齢,range,10,10,1.0,29,30,0.967,143,174,0.822,0.203,1.176
北九州記H,S,選別条件,前走着差=0.9秒以内,前走着差タイム,range,10,10,1.0,29,30,0.967,146,174,0.839,0.199,1.152
北九州記H,S,選別条件,年齢=4〜6歳,年齢,range,10,10,1.0,24,30,0.8,121,174,0.695,0.198,1.15
北九州記H,S,選別条件,年齢=3〜5歳,年齢,range,10,10,1.0,22,30,0.733,99,174,0.569,0.222,1.289
北九州記H,S,選別条件,年齢=5歳以下,年齢,range,10,10,1.0,22,30,0.733,99,174,0.569,0.222,1.289
北九州記H,S,選別条件,前4角=前半位置(相対50%以内),前4角,derived,10,10,1.0,22,30,0.733,110,174,0.632,0.2,1.16
北九州記H,S,選別条件,間隔=中8週以内,間隔,range,10,10,1.0,22,30,0.733,118,174,0.678,0.186,1.081
北九州記H,S,選別条件,距離ローテ=同距離,距離ローテ,derived,10,10,1.0,22,30,0.733,118,174,0.678,0.186,1.081
北九州記H,S,選別条件,前距離=1200,前距離,exact,10,10,1.0,22,30,0.733,118,174,0.678,0.186,1.081
北九州記H,S,選別条件,馬番=9番外,馬番,range,10,10,1.0,18,30,0.6,94,174,0.54,0.191,1.111
北九州記H,S,選別条件,前クラス名=G3,前クラス名,exact,10,10,1.0,17,30,0.567,83,174,0.477,0.205,1.188
北九州記H,S,基礎条件,距離差=±200m以内,距離ローテ,derived,10,10,1.0,30,30,1.0,170,174,0.977,0.176,1.024
北九州記H,S,基礎条件,前走と同じ芝ダ,芝ダローテ,derived,10,10,1.0,30,30,1.0,171,174,0.983,0.175,1.018
北九州記H,S,基礎条件,前芝・ダ=芝,前芝・ダ,exact,10,10,1.0,30,30,1.0,171,174,0.983,0.175,1.018
北九州記H,S,基礎条件,距離差=±400m以内,距離ローテ,derived,10,10,1.0,30,30,1.0,173,174,0.994,0.173,1.006
北九州記H,S,基礎条件,距離ローテ=同距離または延長,距離ローテ,derived,10,10,1.0,29,30,0.967,151,174,0.868,0.192,1.114
北九州記H,S,基礎条件,所属=(栗),所属,exact,10,10,1.0,29,30,0.967,166,174,0.954,0.175,1.013
北九州記H,S,基礎条件,前走Ｒ=11,前走Ｒ,exact,10,10,1.0,27,30,0.9,155,174,0.891,0.174,1.01
北九州記H,S,基礎条件,斤量=56kg以下,斤量,range,10,10,1.0,24,30,0.8,157,174,0.902,0.153,0.887
北九州記H,S,基礎条件,距離ローテ=同距離または短縮,距離ローテ,derived,10,10,1.0,23,30,0.767,141,174,0.81,0.163,0.946
北九州記H,B,強選別条件,前走上り3F=33秒台以下,前走上り3F,range,10,9,0.9,19,30,0.633,83,174,0.477,0.229,1.328
北九州記H,B,強選別条件,キャリア=11〜20戦,キャリア,range,10,9,0.9,15,30,0.5,56,174,0.322,0.268,1.554
北九州記H,B,強選別条件,前走着順=1着,前走着順,range,10,9,0.9,13,30,0.433,36,174,0.207,0.361,2.094
北九州記H,B,選別条件,枠位置=中50%,馬番相対,derived,10,9,0.9,19,30,0.633,86,174,0.494,0.221,1.281
北九州記H,B,選別条件,前3角=前半位置(相対50%以内),前3角,derived,10,9,0.9,16,30,0.533,85,174,0.489,0.188,1.092
北九州記H,B,選別条件,替=*,替,exact,10,9,0.9,16,30,0.533,102,174,0.586,0.157,0.91
北九州記H,B,選別条件,間隔=中5〜8週,間隔,range,10,9,0.9,14,30,0.467,83,174,0.477,0.169,0.978
北九州記H,B,選別条件,性別=牡,性別,exact,10,9,0.9,12,30,0.4,98,174,0.563,0.122,0.71
北九州記H,B,基礎条件,前走馬場状態=良,前走馬場状態,exact,10,9,0.9,23,30,0.767,145,174,0.833,0.159,0.92
北九州記H,補助,選別条件,前走馬体重増減=増,前走馬体重増減,range,10,9,0.9,9,30,0.3,55,174,0.316,0.164,0.949
北九州記H,補助,選別条件,前走馬体重増減=減,前走馬体重増減,range,10,9,0.9,9,30,0.3,60,174,0.345,0.15,0.87
北九州記H,補助,選別条件,前走頭数=17頭以上,前走頭数,range,10,8,0.8,11,30,0.367,66,174,0.379,0.167,0.967
北九州記H,補助,選別条件,毛色=鹿毛,毛色,exact,10,8,0.8,11,30,0.367,68,174,0.391,0.162,0.938
北九州記H,補助,選別条件,馬番=1〜6番,馬番,range,10,8,0.8,10,30,0.333,60,174,0.345,0.167,0.967
大阪杯,S,強選別条件,年齢=3〜5歳,年齢,range,8,8,1.0,23,24,0.958,83,117,0.709,0.277,1.351
大阪杯,S,強選別条件,年齢=5歳以下,年齢,range,8,8,1.0,23,24,0.958,83,117,0.709,0.277,1.351
大阪杯,S,強選別条件,前走人気=1〜3人気,前走人気,range,8,8,1.0,20,24,0.833,65,117,0.556,0.308,1.5
大阪杯,S,選別条件,前走人気=1〜5人気,前走人気,range,8,8,1.0,22,24,0.917,83,117,0.709,0.265,1.292
大阪杯,S,選別条件,所属=(栗),所属,exact,8,8,1.0,20,24,0.833,84,117,0.718,0.238,1.161
大阪杯,S,選別条件,距離ローテ=同距離または短縮,距離ローテ,derived,8,8,1.0,19,24,0.792,83,117,0.709,0.229,1.116
大阪杯,S,選別条件,前走着順=1〜5着,前走着順,range,8,8,1.0,18,24,0.75,83,117,0.709,0.217,1.057
大阪杯,S,選別条件,前走馬場状態=良,前走馬場状態,exact,8,8,1.0,18,24,0.75,83,117,0.709,0.217,1.057
大阪杯,S,選別条件,前走着差=0.5秒以内,前走着差タイム,range,8,8,1.0,16,24,0.667,72,117,0.615,0.222,1.083
大阪杯,S,選別条件,前クラス名=G2,前クラス名,exact,8,8,1.0,16,24,0.667,76,117,0.65,0.211,1.026
大阪杯,S,選別条件,間隔=中8週以内,間隔,range,8,8,1.0,16,24,0.667,80,117,0.684,0.2,0.975
大阪杯,S,選別条件,前走着差=0.3秒以内,前走着差タイム,range,8,8,1.0,15,24,0.625,64,117,0.547,0.234,1.143
大阪杯,S,選別条件,距離ローテ=同距離または延長,距離ローテ,derived,8,8,1.0,15,24,0.625,71,117,0.607,0.211,1.03
大阪杯,S,基礎条件,年齢=4〜6歳,年齢,range,8,8,1.0,24,24,1.0,102,117,0.872,0.235,1.147
大阪杯,S,基礎条件,年齢=6歳以下,年齢,range,8,8,1.0,24,24,1.0,102,117,0.872,0.235,1.147
大阪杯,S,基礎条件,前走と同じ芝ダ,芝ダローテ,derived,8,8,1.0,24,24,1.0,117,117,1.0,0.205,1.0
大阪杯,S,基礎条件,前芝・ダ=芝,前芝・ダ,exact,8,8,1.0,24,24,1.0,117,117,1.0,0.205,1.0
大阪杯,S,基礎条件,前走着順=一桁着順,前走着順,range,8,8,1.0,23,24,0.958,103,117,0.88,0.223,1.089
大阪杯,S,基礎条件,前走着差=0.9秒以内,前走着差タイム,range,8,8,1.0,22,24,0.917,101,117,0.863,0.218,1.062
大阪杯,S,基礎条件,距離差=±400m以内,距離ローテ,derived,8,8,1.0,22,24,0.917,107,117,0.915,0.206,1.002
大阪杯,S,基礎条件,距離差=±200m以内,距離ローテ,derived,8,8,1.0,20,24,0.833,98,117,0.838,0.204,0.995
大阪杯,S,基礎条件,前走Ｒ=11,前走Ｒ,exact,8,8,1.0,20,24,0.833,108,117,0.923,0.185,0.903
大阪杯,S,基礎条件,性別=牡,性別,exact,8,8,1.0,18,24,0.75,97,117,0.829,0.186,0.905
大阪杯,A,選別条件,枠位置=中50%,馬番相対,derived,8,8,1.0,14,24,0.583,58,117,0.496,0.241,1.177
大阪杯,A,選別条件,産地=安平町,産地,exact,8,8,1.0,14,24,0.583,62,117,0.53,0.226,1.101
大阪杯,A,選別条件,前走着順=1〜3着,前走着順,range,8,8,1.0,14,24,0.583,64,117,0.547,0.219,1.066
大阪杯,A,選別条件,前走馬体重増減=増,前走馬体重増減,range,8,8,1.0,11,24,0.458,49,117,0.419,0.224,1.094
天皇賞春,S,強選別条件,前走着順=1〜5着,前走着順,range,10,10,1.0,27,30,0.9,113,166,0.681,0.239,1.322
天皇賞春,S,強選別条件,前4角=前半位置(相対50%以内),前4角,derived,10,10,1.0,27,30,0.9,113,166,0.681,0.239,1.322
天皇賞春,S,強選別条件,前走人気=1〜5人気,前走人気,range,10,10,1.0,26,30,0.867,101,166,0.608,0.257,1.424
天皇賞春,S,強選別条件,前走着差=0.5秒以内,前走着差タイム,range,10,10,1.0,24,30,0.8,89,166,0.536,0.27,1.492
天皇賞春,S,強選別条件,前走着順=1〜3着,前走着順,range,10,10,1.0,23,30,0.767,83,166,0.5,0.277,1.533
天皇賞春,S,強選別条件,前走着差=0.3秒以内,前走着差タイム,range,10,10,1.0,22,30,0.733,71,166,0.428,0.31,1.715
天皇賞春,S,強選別条件,前走人気=1〜3人気,前走人気,range,10,10,1.0,21,30,0.7,72,166,0.434,0.292,1.614
天皇賞春,S,強選別条件,前走着差=勝ち/同タイム,前走着差タイム,range,10,10,1.0,17,30,0.567,38,166,0.229,0.447,2.475
天皇賞春,S,強選別条件,前走着順=1着,前走着順,range,10,10,1.0,15,30,0.5,34,166,0.205,0.441,2.441
天皇賞春,S,選別条件,前走着差=0.9秒以内,前走着差タイム,range,10,10,1.0,26,30,0.867,116,166,0.699,0.224,1.24
天皇賞春,S,選別条件,前クラス名=G2,前クラス名,exact,10,10,1.0,24,30,0.8,122,166,0.735,0.197,1.089
天皇賞春,S,選別条件,所属=(栗),所属,exact,10,10,1.0,23,30,0.767,122,166,0.735,0.189,1.043
天皇賞春,S,選別条件,前3角=前半位置(相対50%以内),前3角,derived,10,10,1.0,21,30,0.7,99,166,0.596,0.212,1.174
天皇賞春,S,選別条件,年齢=3〜5歳,年齢,range,10,10,1.0,19,30,0.633,91,166,0.548,0.209,1.155
天皇賞春,S,選別条件,年齢=5歳以下,年齢,range,10,10,1.0,19,30,0.633,91,166,0.548,0.209,1.155
天皇賞春,S,基礎条件,前走と同じ芝ダ,芝ダローテ,derived,10,10,1.0,30,30,1.0,166,166,1.0,0.181,1.0
天皇賞春,S,基礎条件,前芝・ダ=芝,前芝・ダ,exact,10,10,1.0,30,30,1.0,166,166,1.0,0.181,1.0
天皇賞春,S,基礎条件,前走着順=一桁着順,前走着順,range,10,10,1.0,29,30,0.967,149,166,0.898,0.195,1.077
天皇賞春,S,基礎条件,斤量=58kg以上,斤量,range,10,10,1.0,29,30,0.967,152,166,0.916,0.191,1.056
天皇賞春,S,基礎条件,前走Ｒ=11,前走Ｒ,exact,10,10,1.0,29,30,0.967,155,166,0.934,0.187,1.035
天皇賞春,S,基礎条件,距離ローテ=距離延長,距離ローテ,derived,10,10,1.0,28,30,0.933,147,166,0.886,0.19,1.054
天皇賞春,S,基礎条件,距離ローテ=同距離または延長,距離ローテ,derived,10,10,1.0,28,30,0.933,148,166,0.892,0.189,1.047
天皇賞春,S,基礎条件,性別=牡,性別,exact,10,10,1.0,27,30,0.9,139,166,0.837,0.194,1.075
天皇賞春,S,基礎条件,年齢=4〜6歳,年齢,range,10,10,1.0,25,30,0.833,128,166,0.771,0.195,1.081
天皇賞春,S,基礎条件,年齢=6歳以下,年齢,range,10,10,1.0,25,30,0.833,128,166,0.771,0.195,1.081
天皇賞春,B,強選別条件,前走人気=1人気,前走人気,range,10,9,0.9,13,30,0.433,32,166,0.193,0.406,2.248
天皇賞春,B,強選別条件,前4角=4〜6番手,前4角,derived,10,9,0.9,13,30,0.433,44,166,0.265,0.295,1.635
天皇賞春,B,選別条件,前走馬場状態=良,前走馬場状態,exact,10,9,0.9,25,30,0.833,120,166,0.723,0.208,1.153
天皇賞春,B,選別条件,間隔=中5〜8週,間隔,range,10,9,0.9,20,30,0.667,114,166,0.687,0.175,0.971
天皇賞春,B,選別条件,前走頭数=14〜16頭,前走頭数,range,10,9,0.9,16,30,0.533,78,166,0.47,0.205,1.135
天皇賞春,B,選別条件,枠位置=中50%,馬番相対,derived,10,9,0.9,14,30,0.467,80,166,0.482,0.175,0.968
天皇賞春,B,選別条件,馬番=9番外,馬番,range,10,9,0.9,11,30,0.367,86,166,0.518,0.128,0.708
天皇賞春,B,基礎条件,間隔=中8週以内,間隔,range,10,9,0.9,23,30,0.767,129,166,0.777,0.178,0.987
天皇賞春,補助,強選別条件,前距離=3000,前距離,exact,10,8,0.8,16,30,0.533,67,166,0.404,0.239,1.321
天皇賞春,補助,強選別条件,前走斤量=57,前走斤量,exact,10,8,0.8,14,30,0.467,48,166,0.289,0.292,1.614
天皇賞春,補助,強選別条件,前走上り3F=34秒台,前走上り3F,range,10,8,0.8,12,30,0.4,41,166,0.247,0.293,1.62
天皇賞春,補助,強選別条件,馬番=5〜8番,馬番,range,10,8,0.8,11,30,0.367,40,166,0.241,0.275,1.522
天皇賞春,補助,強選別条件,キャリア=6〜10戦,キャリア,range,10,8,0.8,9,30,0.3,25,166,0.151,0.36,1.992
天皇賞春,補助,選別条件,距離差=±200m以内,距離ローテ,derived,10,8,0.8,18,30,0.6,86,166,0.518,0.209,1.158
天皇賞春,補助,選別条件,距離差=±400m以内,距離ローテ,derived,10,8,0.8,18,30,0.6,86,166,0.518,0.209,1.158
天皇賞春,補助,選別条件,前走レース名=阪神大賞G2,前走レース名,exact,10,8,0.8,15,30,0.5,65,166,0.392,0.231,1.277
天皇賞春,補助,選別条件,産地=安平町,産地,exact,10,8,0.8,14,30,0.467,63,166,0.38,0.222,1.23
天皇賞春,補助,選別条件,毛色=鹿毛,毛色,exact,10,8,0.8,14,30,0.467,74,166,0.446,0.189,1.047
天皇賞春,補助,選別条件,馬体重増減=減,馬体重増減,range,10,8,0.8,12,30,0.4,73,166,0.44,0.164,0.91
天皇賞春,補助,選別条件,前4角=2〜3番手,前4角,derived,10,8,0.8,11,30,0.367,47,166,0.283,0.234,1.295
天皇賞春,補助,選別条件,キャリア=11〜20戦,キャリア,range,10,8,0.8,11,30,0.367,67,166,0.404,0.164,0.908
天皇賞秋,S,強選別条件,年齢=3〜5歳,年齢,range,10,10,1.0,30,30,1.0,105,152,0.691,0.286,1.448
天皇賞秋,S,強選別条件,年齢=5歳以下,年齢,range,10,10,1.0,30,30,1.0,105,152,0.691,0.286,1.448
天皇賞秋,S,強選別条件,前走人気=1〜5人気,前走人気,range,10,10,1.0,26,30,0.867,94,152,0.618,0.277,1.401
天皇賞秋,S,強選別条件,前走人気=1〜3人気,前走人気,range,10,10,1.0,25,30,0.833,69,152,0.454,0.362,1.836
天皇賞秋,S,強選別条件,前走着順=1〜5着,前走着順,range,10,10,1.0,25,30,0.833,96,152,0.632,0.26,1.319
天皇賞秋,S,強選別条件,前走着順=1〜3着,前走着順,range,10,10,1.0,22,30,0.733,68,152,0.447,0.324,1.639
天皇賞秋,S,強選別条件,産地=安平町,産地,exact,10,10,1.0,20,30,0.667,68,152,0.447,0.294,1.49
天皇賞秋,S,強選別条件,前走着差=0.3秒以内,前走着差タイム,range,10,10,1.0,20,30,0.667,75,152,0.493,0.267,1.351
天皇賞秋,S,強選別条件,所属=(美),所属,exact,10,10,1.0,15,30,0.5,54,152,0.355,0.278,1.407
天皇賞秋,S,選別条件,年齢=6歳以下,年齢,range,10,10,1.0,30,30,1.0,131,152,0.862,0.229,1.16
天皇賞秋,S,選別条件,前走着差=0.5秒以内,前走着差タイム,range,10,10,1.0,23,30,0.767,97,152,0.638,0.237,1.201
天皇賞秋,S,選別条件,毛色=鹿毛,毛色,exact,10,10,1.0,17,30,0.567,69,152,0.454,0.246,1.248
天皇賞秋,S,選別条件,前3角=後半位置(相対50%超),前3角,derived,10,10,1.0,16,30,0.533,68,152,0.447,0.235,1.192
天皇賞秋,S,選別条件,所属=(栗),所属,exact,10,10,1.0,15,30,0.5,98,152,0.645,0.153,0.776
天皇賞秋,S,基礎条件,前走Ｒ=11,前走Ｒ,exact,10,10,1.0,30,30,1.0,146,152,0.961,0.205,1.041
天皇賞秋,S,基礎条件,前走と同じ芝ダ,芝ダローテ,derived,10,10,1.0,30,30,1.0,152,152,1.0,0.197,1.0
天皇賞秋,S,基礎条件,前芝・ダ=芝,前芝・ダ,exact,10,10,1.0,30,30,1.0,152,152,1.0,0.197,1.0
天皇賞秋,S,基礎条件,距離差=±400m以内,距離ローテ,derived,10,10,1.0,29,30,0.967,147,152,0.967,0.197,1.0
天皇賞秋,S,基礎条件,前走着順=一桁着順,前走着順,range,10,10,1.0,28,30,0.933,131,152,0.862,0.214,1.083
天皇賞秋,S,基礎条件,前走着差=0.9秒以内,前走着差タイム,range,10,10,1.0,26,30,0.867,119,152,0.783,0.218,1.107
天皇賞秋,S,基礎条件,年齢=4〜6歳,年齢,range,10,10,1.0,26,30,0.867,120,152,0.789,0.217,1.098
天皇賞秋,S,基礎条件,性別=牡,性別,exact,10,10,1.0,24,30,0.8,133,152,0.875,0.18,0.914
天皇賞秋,S,基礎条件,距離差=±200m以内,距離ローテ,derived,10,10,1.0,20,30,0.667,119,152,0.783,0.168,0.852
天皇賞秋,S,基礎条件,斤量=58kg以上,斤量,range,10,10,1.0,20,30,0.667,126,152,0.829,0.159,0.804
天皇賞秋,A,強選別条件,前走人気=1人気,前走人気,range,10,10,1.0,13,30,0.433,27,152,0.178,0.481,2.44
天皇賞秋,A,選別条件,前4角=前半位置(相対50%以内),前4角,derived,10,10,1.0,14,30,0.467,78,152,0.513,0.179,0.909
天皇賞秋,A,選別条件,前3角=前半位置(相対50%以内),前3角,derived,10,10,1.0,14,30,0.467,79,152,0.52,0.177,0.898
天皇賞秋,B,強選別条件,前走着差=勝ち/同タイム,前走着差タイム,range,10,9,0.9,14,30,0.467,42,152,0.276,0.333,1.689
天皇賞秋,B,強選別条件,年齢=5歳,年齢,exact,10,9,0.9,13,30,0.433,49,152,0.322,0.265,1.344
天皇賞秋,B,選別条件,距離ローテ=同距離または短縮,距離ローテ,derived,10,9,0.9,19,30,0.633,96,152,0.632,0.198,1.003
天皇賞秋,B,選別条件,枠位置=中50%,馬番相対,derived,10,9,0.9,17,30,0.567,77,152,0.507,0.221,1.119
天皇賞秋,B,選別条件,キャリア=11〜20戦,キャリア,range,10,9,0.9,16,30,0.533,69,152,0.454,0.232,1.175
天皇賞秋,B,選別条件,前4角=後半位置(相対50%超),前4角,derived,10,9,0.9,16,30,0.533,69,152,0.454,0.232,1.175
天皇賞秋,B,選別条件,距離ローテ=同距離または延長,距離ローテ,derived,10,9,0.9,16,30,0.533,90,152,0.592,0.178,0.901
天皇賞秋,B,選別条件,前走馬体重増減=増,前走馬体重増減,range,10,9,0.9,13,30,0.433,58,152,0.382,0.224,1.136
天皇賞秋,B,基礎条件,前走馬場状態=良,前走馬場状態,exact,10,9,0.9,20,30,0.667,118,152,0.776,0.169,0.859
天皇賞秋,補助,強選別条件,前クラス名=G1,前クラス名,exact,10,8,0.8,17,30,0.567,41,152,0.27,0.415,2.101
天皇賞秋,補助,強選別条件,間隔=中13週以上,間隔,range,10,8,0.8,17,30,0.567,46,152,0.303,0.37,1.872
天皇賞秋,補助,強選別条件,年齢=4歳,年齢,exact,10,8,0.8,13,30,0.433,45,152,0.296,0.289,1.464
天皇賞秋,補助,強選別条件,馬番=5〜8番,馬番,range,10,8,0.8,12,30,0.4,40,152,0.263,0.3,1.52
天皇賞秋,補助,強選別条件,前走上り3F=36秒以上,前走上り3F,range,10,8,0.8,9,30,0.3,32,152,0.211,0.281,1.425
天皇賞秋,補助,選別条件,前3角=後方(相対65%超),前3角,derived,10,9,0.9,9,30,0.3,46,152,0.303,0.196,0.991
天皇賞秋,補助,選別条件,距離ローテ=距離短縮,距離ローテ,derived,10,8,0.8,14,30,0.467,62,152,0.408,0.226,1.144
天皇賞秋,補助,選別条件,馬体重増減=増,馬体重増減,range,10,8,0.8,12,30,0.4,48,152,0.316,0.25,1.267
天皇賞秋,補助,選別条件,種牡馬=ディープインパクト,種牡馬,exact,10,8,0.8,12,30,0.4,55,152,0.362,0.218,1.105
天皇賞秋,補助,選別条件,馬番=1〜6番,馬番,range,10,8,0.8,12,30,0.4,60,152,0.395,0.2,1.013
天皇賞秋,補助,選別条件,馬番=9番外,馬番,range,10,8,0.8,11,30,0.367,72,152,0.474,0.153,0.774
天皇賞秋,補助,選別条件,前走頭数=14〜16頭,前走頭数,range,10,8,0.8,10,30,0.333,47,152,0.309,0.213,1.078
安田記念,S,強選別条件,前走人気=1〜5人気,前走人気,range,10,10,1.0,23,30,0.767,92,161,0.571,0.25,1.342
安田記念,S,強選別条件,前走人気=1〜3人気,前走人気,range,10,10,1.0,20,30,0.667,63,161,0.391,0.317,1.704
安田記念,S,選別条件,前走着差=0.5秒以内,前走着差タイム,range,10,10,1.0,24,30,0.8,114,161,0.708,0.211,1.13
安田記念,S,選別条件,前走着順=1〜5着,前走着順,range,10,10,1.0,24,30,0.8,116,161,0.72,0.207,1.11
安田記念,S,選別条件,前走馬場状態=良,前走馬場状態,exact,10,10,1.0,23,30,0.767,116,161,0.72,0.198,1.064
安田記念,S,選別条件,前走着差=0.3秒以内,前走着差タイム,range,10,10,1.0,20,30,0.667,96,161,0.596,0.208,1.118
安田記念,S,選別条件,間隔=中8週以内,間隔,range,10,10,1.0,20,30,0.667,97,161,0.602,0.206,1.107
安田記念,S,選別条件,馬番=9番外,馬番,range,10,10,1.0,16,30,0.533,81,161,0.503,0.198,1.06
安田記念,S,選別条件,前3角=前半位置(相対50%以内),前3角,derived,10,10,1.0,16,30,0.533,83,161,0.516,0.193,1.035
安田記念,S,選別条件,前4角=前半位置(相対50%以内),前4角,derived,10,10,1.0,15,30,0.5,84,161,0.522,0.179,0.958
安田記念,S,基礎条件,前走と同じ芝ダ,芝ダローテ,derived,10,10,1.0,30,30,1.0,156,161,0.969,0.192,1.032
安田記念,S,基礎条件,前芝・ダ=芝,前芝・ダ,exact,10,10,1.0,30,30,1.0,156,161,0.969,0.192,1.032
安田記念,S,基礎条件,距離差=±400m以内,距離ローテ,derived,10,10,1.0,30,30,1.0,159,161,0.988,0.189,1.013
安田記念,S,基礎条件,年齢=6歳以下,年齢,range,10,10,1.0,28,30,0.933,135,161,0.839,0.207,1.113
安田記念,S,基礎条件,年齢=4〜6歳,年齢,range,10,10,1.0,27,30,0.9,131,161,0.814,0.206,1.106
安田記念,S,基礎条件,前走着順=一桁着順,前走着順,range,10,10,1.0,27,30,0.9,142,161,0.882,0.19,1.02
安田記念,S,基礎条件,前走着差=0.9秒以内,前走着差タイム,range,10,10,1.0,26,30,0.867,131,161,0.814,0.198,1.065
安田記念,S,基礎条件,距離差=±200m以内,距離ローテ,derived,10,10,1.0,25,30,0.833,126,161,0.783,0.198,1.065
安田記念,S,基礎条件,距離ローテ=同距離または短縮,距離ローテ,derived,10,10,1.0,24,30,0.8,122,161,0.758,0.197,1.056
安田記念,S,基礎条件,前走Ｒ=11,前走Ｒ,exact,10,10,1.0,24,30,0.8,138,161,0.857,0.174,0.933
安田記念,S,基礎条件,距離ローテ=同距離または延長,距離ローテ,derived,10,10,1.0,23,30,0.767,125,161,0.776,0.184,0.987
安田記念,S,基礎条件,性別=牡,性別,exact,10,10,1.0,20,30,0.667,132,161,0.82,0.152,0.813
安田記念,S,基礎条件,斤量=58kg以上,斤量,range,10,10,1.0,20,30,0.667,136,161,0.845,0.147,0.789
安田記念,B,強選別条件,所属=(美),所属,exact,10,9,0.9,18,30,0.6,60,161,0.373,0.3,1.61
安田記念,B,強選別条件,前走着順=1着,前走着順,range,10,9,0.9,13,30,0.433,40,161,0.248,0.325,1.744
安田記念,B,選別条件,年齢=3〜5歳,年齢,range,10,9,0.9,21,30,0.7,93,161,0.578,0.226,1.212
安田記念,B,選別条件,年齢=5歳以下,年齢,range,10,9,0.9,21,30,0.7,93,161,0.578,0.226,1.212
安田記念,B,選別条件,前走着順=1〜3着,前走着順,range,10,9,0.9,18,30,0.6,88,161,0.547,0.205,1.098
安田記念,B,選別条件,距離ローテ=同距離,距離ローテ,derived,10,9,0.9,17,30,0.567,86,161,0.534,0.198,1.061
安田記念,B,選別条件,前距離=1600,前距離,exact,10,9,0.9,17,30,0.567,86,161,0.534,0.198,1.061
安田記念,B,選別条件,前走上り3F=33秒台以下,前走上り3F,range,10,9,0.9,15,30,0.5,68,161,0.422,0.221,1.184
安田記念,B,選別条件,毛色=鹿毛,毛色,exact,10,9,0.9,15,30,0.5,73,161,0.453,0.205,1.103
安田記念,B,選別条件,枠位置=中50%,馬番相対,derived,10,9,0.9,15,30,0.5,80,161,0.497,0.188,1.006
安田記念,B,選別条件,間隔=中4週以内,間隔,range,10,9,0.9,12,30,0.4,50,161,0.311,0.24,1.288
安田記念,B,選別条件,馬番=1〜6番,馬番,range,10,9,0.9,12,30,0.4,60,161,0.373,0.2,1.073
安田記念,補助,強選別条件,前クラス名=G1,前クラス名,exact,10,8,0.8,17,30,0.567,70,161,0.435,0.243,1.303
安田記念,補助,強選別条件,前走着差=勝ち/同タイム,前走着差タイム,range,10,8,0.8,16,30,0.533,52,161,0.323,0.308,1.651
安田記念,補助,強選別条件,枠位置=外25%,馬番相対,derived,10,8,0.8,11,30,0.367,44,161,0.273,0.25,1.342
安田記念,補助,強選別条件,前走人気=1人気,前走人気,range,10,8,0.8,10,30,0.333,26,161,0.161,0.385,2.064
安田記念,補助,選別条件,産地=安平町,産地,exact,10,8,0.8,15,30,0.5,62,161,0.385,0.242,1.298
安田記念,補助,選別条件,キャリア=11〜20戦,キャリア,range,10,8,0.8,14,30,0.467,82,161,0.509,0.171,0.916
安田記念,補助,選別条件,馬体重増減=減,馬体重増減,range,10,8,0.8,13,30,0.433,60,161,0.373,0.217,1.163
安田記念,補助,選別条件,所属=(栗),所属,exact,10,8,0.8,11,30,0.367,95,161,0.59,0.116,0.621
安田記念,補助,選別条件,前4角=後半位置(相対50%超),前4角,derived,10,8,0.8,10,30,0.333,57,161,0.354,0.175,0.942
宝塚記念,S,強選別条件,年齢=3〜5歳,年齢,range,10,10,1.0,26,30,0.867,97,151,0.642,0.268,1.349
宝塚記念,S,強選別条件,年齢=5歳以下,年齢,range,10,10,1.0,26,30,0.867,97,151,0.642,0.268,1.349
宝塚記念,S,選別条件,年齢=4〜6歳,年齢,range,10,10,1.0,29,30,0.967,122,151,0.808,0.238,1.196
宝塚記念,S,選別条件,年齢=6歳以下,年齢,range,10,10,1.0,29,30,0.967,123,151,0.815,0.236,1.187
宝塚記念,S,選別条件,前走着差=0.9秒以内,前走着差タイム,range,10,10,1.0,25,30,0.833,109,151,0.722,0.229,1.154
宝塚記念,S,選別条件,前クラス名=G1,前クラス名,exact,10,10,1.0,24,30,0.8,101,151,0.669,0.238,1.196
宝塚記念,S,選別条件,前走Ｒ=11,前走Ｒ,exact,10,10,1.0,22,30,0.733,105,151,0.695,0.21,1.055
宝塚記念,S,選別条件,前4角=前半位置(相対50%以内),前4角,derived,10,10,1.0,20,30,0.667,80,151,0.53,0.25,1.258
宝塚記念,S,選別条件,前走着差=0.5秒以内,前走着差タイム,range,10,10,1.0,20,30,0.667,81,151,0.536,0.247,1.243
宝塚記念,S,選別条件,前3角=前半位置(相対50%以内),前3角,derived,10,10,1.0,19,30,0.633,77,151,0.51,0.247,1.242
宝塚記念,S,選別条件,間隔=中8週以内,間隔,range,10,10,1.0,18,30,0.6,94,151,0.623,0.191,0.964
宝塚記念,S,選別条件,距離差=±400m以内,距離ローテ,derived,10,10,1.0,17,30,0.567,102,151,0.675,0.167,0.839
宝塚記念,S,選別条件,距離ローテ=距離短縮,距離ローテ,derived,10,10,1.0,15,30,0.5,75,151,0.497,0.2,1.007
宝塚記念,S,選別条件,距離ローテ=同距離または短縮,距離ローテ,derived,10,10,1.0,15,30,0.5,76,151,0.503,0.197,0.993
宝塚記念,S,基礎条件,前走と同じ芝ダ,芝ダローテ,derived,10,10,1.0,30,30,1.0,148,151,0.98,0.203,1.02
宝塚記念,S,基礎条件,前芝・ダ=芝,前芝・ダ,exact,10,10,1.0,30,30,1.0,148,151,0.98,0.203,1.02
宝塚記念,S,基礎条件,前走着順=一桁着順,前走着順,range,10,10,1.0,29,30,0.967,132,151,0.874,0.22,1.106
宝塚記念,S,基礎条件,前走馬場状態=良,前走馬場状態,exact,10,10,1.0,26,30,0.867,131,151,0.868,0.198,0.999
宝塚記念,S,基礎条件,所属=(栗),所属,exact,10,10,1.0,20,30,0.667,116,151,0.768,0.172,0.868
宝塚記念,S,基礎条件,斤量=58kg以上,斤量,range,10,10,1.0,20,30,0.667,125,151,0.828,0.16,0.805
宝塚記念,S,基礎条件,性別=牡,性別,exact,10,10,1.0,19,30,0.633,116,151,0.768,0.164,0.824
宝塚記念,B,強選別条件,前走人気=1〜5人気,前走人気,range,10,9,0.9,19,30,0.633,67,151,0.444,0.284,1.427
宝塚記念,B,強選別条件,前走着順=1〜3着,前走着順,range,10,9,0.9,18,30,0.6,59,151,0.391,0.305,1.536
宝塚記念,B,強選別条件,前走着差=0.3秒以内,前走着差タイム,range,10,9,0.9,16,30,0.533,58,151,0.384,0.276,1.389
宝塚記念,B,強選別条件,年齢=5歳,年齢,exact,10,9,0.9,15,30,0.5,58,151,0.384,0.259,1.302
宝塚記念,B,選別条件,前走着順=1〜5着,前走着順,range,10,9,0.9,20,30,0.667,87,151,0.576,0.23,1.157
宝塚記念,B,選別条件,産地=安平町,産地,exact,10,9,0.9,16,30,0.533,71,151,0.47,0.225,1.134
宝塚記念,B,選別条件,キャリア=11〜20戦,キャリア,range,10,9,0.9,16,30,0.533,74,151,0.49,0.216,1.088
宝塚記念,B,選別条件,距離ローテ=距離延長,距離ローテ,derived,10,9,0.9,15,30,0.5,75,151,0.497,0.2,1.007
宝塚記念,B,選別条件,距離ローテ=同距離または延長,距離ローテ,derived,10,9,0.9,15,30,0.5,76,151,0.503,0.197,0.993
宝塚記念,B,選別条件,馬番=9番外,馬番,range,10,9,0.9,14,30,0.467,71,151,0.47,0.197,0.992
宝塚記念,B,選別条件,毛色=鹿毛,毛色,exact,10,9,0.9,14,30,0.467,71,151,0.47,0.197,0.992
宝塚記念,B,選別条件,間隔=中5〜8週,間隔,range,10,9,0.9,13,30,0.433,51,151,0.338,0.255,1.283
宝塚記念,B,選別条件,馬番=1〜6番,馬番,range,10,9,0.9,13,30,0.433,60,151,0.397,0.217,1.091
宝塚記念,補助,強選別条件,前走着差=勝ち/同タイム,前走着差タイム,range,10,8,0.8,11,30,0.367,33,151,0.219,0.333,1.678
宝塚記念,補助,強選別条件,前走人気=1〜3人気,前走人気,range,10,8,0.8,11,30,0.367,42,151,0.278,0.262,1.318
宝塚記念,補助,強選別条件,斤量=56kg,斤量,range,10,8,0.8,10,30,0.333,25,151,0.166,0.4,2.013
宝塚記念,補助,強選別条件,性別=牝,性別,exact,10,8,0.8,10,30,0.333,25,151,0.166,0.4,2.013
宝塚記念,補助,強選別条件,斤量=56kg以下,斤量,range,10,8,0.8,10,30,0.333,26,151,0.172,0.385,1.936
宝塚記念,補助,選別条件,枠位置=中50%,馬番相対,derived,10,8,0.8,12,30,0.4,74,151,0.49,0.162,0.816
宝塚記念,補助,選別条件,前走上り3F=34秒台,前走上り3F,range,10,8,0.8,9,30,0.3,39,151,0.258,0.231,1.162
宝塚記念,補助,選別条件,前走レース名=天皇賞春G1,前走レース名,exact,10,8,0.8,9,30,0.3,39,151,0.258,0.231,1.162
宝塚記念,補助,選別条件,前距離=3200,前距離,exact,10,8,0.8,9,30,0.3,40,151,0.265,0.225,1.133
宝塚記念,補助,選別条件,前走上り3F=35秒台,前走上り3F,range,10,8,0.8,8,30,0.267,41,151,0.272,0.195,0.982
富士S,S,強選別条件,年齢=3〜5歳,年齢,range,10,10,1.0,29,30,0.967,111,151,0.735,0.261,1.315
富士S,S,強選別条件,年齢=5歳以下,年齢,range,10,10,1.0,29,30,0.967,111,151,0.735,0.261,1.315
富士S,S,強選別条件,前走人気=1〜5人気,前走人気,range,10,10,1.0,21,30,0.7,80,151,0.53,0.263,1.321
富士S,S,強選別条件,前走着順=1〜5着,前走着順,range,10,10,1.0,19,30,0.633,71,151,0.47,0.268,1.347
富士S,S,選別条件,前走着差=0.9秒以内,前走着差タイム,range,10,10,1.0,25,30,0.833,113,151,0.748,0.221,1.114
富士S,S,選別条件,年齢=4〜6歳,年齢,range,10,10,1.0,23,30,0.767,104,151,0.689,0.221,1.113
富士S,S,選別条件,前走着順=一桁着順,前走着順,range,10,10,1.0,22,30,0.733,105,151,0.695,0.21,1.055
富士S,S,選別条件,前4角=前半位置(相対50%以内),前4角,derived,10,10,1.0,18,30,0.6,88,151,0.583,0.205,1.03
富士S,S,選別条件,キャリア=11〜20戦,キャリア,range,10,10,1.0,16,30,0.533,62,151,0.411,0.258,1.299
富士S,S,選別条件,枠位置=中50%,馬番相対,derived,10,10,1.0,16,30,0.533,76,151,0.503,0.211,1.06
富士S,S,基礎条件,年齢=6歳以下,年齢,range,10,10,1.0,30,30,1.0,139,151,0.921,0.216,1.086
富士S,S,基礎条件,距離ローテ=同距離または短縮,距離ローテ,derived,10,10,1.0,30,30,1.0,139,151,0.921,0.216,1.086
富士S,S,基礎条件,前走と同じ芝ダ,芝ダローテ,derived,10,10,1.0,30,30,1.0,149,151,0.987,0.201,1.013
富士S,S,基礎条件,前芝・ダ=芝,前芝・ダ,exact,10,10,1.0,30,30,1.0,149,151,0.987,0.201,1.013
富士S,S,基礎条件,前走Ｒ=11,前走Ｒ,exact,10,10,1.0,29,30,0.967,134,151,0.887,0.216,1.089
富士S,S,基礎条件,前走馬場状態=良,前走馬場状態,exact,10,10,1.0,27,30,0.9,123,151,0.815,0.22,1.105
富士S,S,基礎条件,距離差=±400m以内,距離ローテ,derived,10,10,1.0,27,30,0.9,140,151,0.927,0.193,0.971
富士S,S,基礎条件,性別=牡,性別,exact,10,10,1.0,24,30,0.8,133,151,0.881,0.18,0.908
富士S,S,基礎条件,距離差=±200m以内,距離ローテ,derived,10,10,1.0,23,30,0.767,115,151,0.762,0.2,1.007
富士S,B,強選別条件,前走頭数=18,前走頭数,exact,10,9,0.9,15,30,0.5,41,151,0.272,0.366,1.841
富士S,B,強選別条件,前走頭数=17頭以上,前走頭数,range,10,9,0.9,15,30,0.5,46,151,0.305,0.326,1.641
富士S,B,強選別条件,前走着順=1〜3着,前走着順,range,10,9,0.9,13,30,0.433,46,151,0.305,0.283,1.422
富士S,B,選別条件,前走着差=0.5秒以内,前走着差タイム,range,10,9,0.9,20,30,0.667,81,151,0.536,0.247,1.243
富士S,B,選別条件,距離ローテ=同距離,距離ローテ,derived,10,9,0.9,20,30,0.667,89,151,0.589,0.225,1.131
富士S,B,選別条件,前距離=1600,前距離,exact,10,9,0.9,20,30,0.667,89,151,0.589,0.225,1.131
富士S,B,選別条件,距離ローテ=同距離または延長,距離ローテ,derived,10,9,0.9,20,30,0.667,101,151,0.669,0.198,0.997
富士S,B,選別条件,馬番=9番外,馬番,range,10,9,0.9,17,30,0.567,71,151,0.47,0.239,1.205
富士S,B,選別条件,前3角=前半位置(相対50%以内),前3角,derived,10,9,0.9,17,30,0.567,86,151,0.57,0.198,0.995
富士S,B,選別条件,替=*,替,exact,10,9,0.9,15,30,0.5,85,151,0.563,0.176,0.888
富士S,B,選別条件,馬体重増減=増,馬体重増減,range,10,9,0.9,14,30,0.467,56,151,0.371,0.25,1.258
富士S,B,選別条件,産地=安平町,産地,exact,10,9,0.9,13,30,0.433,55,151,0.364,0.236,1.19
富士S,B,選別条件,前走上り3F=34秒台,前走上り3F,range,10,9,0.9,12,30,0.4,50,151,0.331,0.24,1.208
富士S,補助,強選別条件,前走着差=0.3秒以内,前走着差タイム,range,10,8,0.8,17,30,0.567,59,151,0.391,0.288,1.45
富士S,補助,強選別条件,前走人気=1〜3人気,前走人気,range,10,8,0.8,14,30,0.467,54,151,0.358,0.259,1.305
富士S,補助,強選別条件,前クラス名=G1,前クラス名,exact,10,8,0.8,13,30,0.433,35,151,0.232,0.371,1.87
富士S,補助,強選別条件,年齢=4歳,年齢,exact,10,8,0.8,12,30,0.4,31,151,0.205,0.387,1.948
富士S,補助,強選別条件,キャリア=6〜10戦,キャリア,range,10,8,0.8,11,30,0.367,39,151,0.258,0.282,1.42
富士S,補助,強選別条件,前走着差=勝ち/同タイム,前走着差タイム,range,10,8,0.8,8,30,0.267,28,151,0.185,0.286,1.438
富士S,補助,選別条件,斤量=56kg以下,斤量,range,10,8,0.8,18,30,0.6,112,151,0.742,0.161,0.809
富士S,補助,選別条件,間隔=中13週以上,間隔,range,10,8,0.8,16,30,0.533,70,151,0.464,0.229,1.15
富士S,補助,選別条件,所属=(栗),所属,exact,10,8,0.8,16,30,0.533,88,151,0.583,0.182,0.915
富士S,補助,選別条件,前3角=後半位置(相対50%超),前3角,derived,10,8,0.8,13,30,0.433,63,151,0.417,0.206,1.039
富士S,補助,選別条件,前走上り3F=33秒台以下,前走上り3F,range,10,8,0.8,12,30,0.4,51,151,0.338,0.235,1.184
富士S,補助,選別条件,前4角=後半位置(相対50%超),前4角,derived,10,8,0.8,12,30,0.4,61,151,0.404,0.197,0.99
富士S,補助,選別条件,枠位置=外25%,馬番相対,derived,10,8,0.8,10,30,0.333,40,151,0.265,0.25,1.258
富士S,補助,選別条件,年齢=5歳,年齢,exact,10,8,0.8,10,30,0.333,45,151,0.298,0.222,1.119
富士S,補助,選別条件,前走馬体重増減=増,前走馬体重増減,range,10,8,0.8,10,30,0.333,52,151,0.344,0.192,0.968
富士S,補助,選別条件,馬体重増減=減,馬体重増減,range,10,8,0.8,9,30,0.3,53,151,0.351,0.17,0.855
小倉2歳,S,強選別条件,前走人気=1人気,前走人気,range,10,10,1.0,19,30,0.633,51,136,0.375,0.373,1.689
小倉2歳,S,選別条件,前走着差=0.3秒以内,前走着差タイム,range,10,10,1.0,30,30,1.0,113,136,0.831,0.265,1.204
小倉2歳,S,選別条件,前走着差=0.5秒以内,前走着差タイム,range,10,10,1.0,30,30,1.0,118,136,0.868,0.254,1.153
小倉2歳,S,選別条件,前走着順=1着,前走着順,range,10,10,1.0,28,30,0.933,103,136,0.757,0.272,1.232
小倉2歳,S,選別条件,前走着差=勝ち/同タイム,前走着差タイム,range,10,10,1.0,28,30,0.933,103,136,0.757,0.272,1.232
小倉2歳,S,選別条件,前走人気=1〜3人気,前走人気,range,10,10,1.0,25,30,0.833,100,136,0.735,0.25,1.133
小倉2歳,S,基礎条件,前4角=前半位置(相対50%以内),前4角,derived,10,10,1.0,30,30,1.0,120,136,0.882,0.25,1.133
小倉2歳,S,基礎条件,前走着順=1〜5着,前走着順,range,10,10,1.0,30,30,1.0,127,136,0.934,0.236,1.071
小倉2歳,S,基礎条件,前走着差=0.9秒以内,前走着差タイム,range,10,10,1.0,30,30,1.0,128,136,0.941,0.234,1.062
小倉2歳,S,基礎条件,距離ローテ=同距離または短縮,距離ローテ,derived,10,10,1.0,30,30,1.0,129,136,0.949,0.233,1.054
小倉2歳,S,基礎条件,前走着順=一桁着順,前走着順,range,10,10,1.0,30,30,1.0,135,136,0.993,0.222,1.007
小倉2歳,S,基礎条件,年齢=2歳,年齢,exact,10,10,1.0,30,30,1.0,136,136,1.0,0.221,1.0
小倉2歳,S,基礎条件,年齢=5歳以下,年齢,range,10,10,1.0,30,30,1.0,136,136,1.0,0.221,1.0
小倉2歳,S,基礎条件,年齢=6歳以下,年齢,range,10,10,1.0,30,30,1.0,136,136,1.0,0.221,1.0
小倉2歳,S,基礎条件,斤量=56kg以下,斤量,range,10,10,1.0,30,30,1.0,136,136,1.0,0.221,1.0
小倉2歳,S,基礎条件,キャリア=5戦以内,キャリア,range,10,10,1.0,30,30,1.0,136,136,1.0,0.221,1.0
小倉2歳,S,基礎条件,距離差=±400m以内,距離ローテ,derived,10,10,1.0,30,30,1.0,136,136,1.0,0.221,1.0
小倉2歳,S,基礎条件,前走着順=1〜3着,前走着順,range,10,10,1.0,29,30,0.967,118,136,0.868,0.246,1.114
小倉2歳,S,基礎条件,距離ローテ=同距離,距離ローテ,derived,10,10,1.0,29,30,0.967,121,136,0.89,0.24,1.087
小倉2歳,S,基礎条件,前3角=前半位置(相対50%以内),前3角,derived,10,10,1.0,29,30,0.967,121,136,0.89,0.24,1.087
小倉2歳,S,基礎条件,前距離=1200,前距離,exact,10,10,1.0,29,30,0.967,121,136,0.89,0.24,1.087
小倉2歳,S,基礎条件,前走人気=1〜5人気,前走人気,range,10,10,1.0,29,30,0.967,126,136,0.926,0.23,1.043
小倉2歳,S,基礎条件,前走と同じ芝ダ,芝ダローテ,derived,10,10,1.0,29,30,0.967,126,136,0.926,0.23,1.043
小倉2歳,S,基礎条件,前芝・ダ=芝,前芝・ダ,exact,10,10,1.0,29,30,0.967,126,136,0.926,0.23,1.043
小倉2歳,S,基礎条件,距離ローテ=同距離または延長,距離ローテ,derived,10,10,1.0,29,30,0.967,128,136,0.941,0.227,1.027
小倉2歳,S,基礎条件,距離差=±200m以内,距離ローテ,derived,10,10,1.0,29,30,0.967,134,136,0.985,0.216,0.981
小倉2歳,S,基礎条件,所属=(栗),所属,exact,10,10,1.0,28,30,0.933,125,136,0.919,0.224,1.015
小倉2歳,S,基礎条件,間隔=中8週以内,間隔,range,10,10,1.0,26,30,0.867,124,136,0.912,0.21,0.951
小倉2歳,S,基礎条件,前走馬場状態=良,前走馬場状態,exact,10,10,1.0,23,30,0.767,112,136,0.824,0.205,0.931
小倉2歳,B,強選別条件,前走上り3F=35秒台,前走上り3F,range,10,9,0.9,18,30,0.6,59,136,0.434,0.305,1.383
小倉2歳,B,強選別条件,前クラス名=新馬,前クラス名,exact,10,9,0.9,17,30,0.567,58,136,0.426,0.293,1.329
小倉2歳,B,選別条件,替=*,替,exact,10,9,0.9,16,30,0.533,57,136,0.419,0.281,1.273
小倉2歳,B,選別条件,馬番=9番外,馬番,range,10,9,0.9,15,30,0.5,56,136,0.412,0.268,1.214
小倉2歳,B,選別条件,間隔=中4週以内,間隔,range,10,9,0.9,14,30,0.467,86,136,0.632,0.163,0.738
小倉2歳,B,基礎条件,斤量=54kg,斤量,range,10,9,0.9,27,30,0.9,126,136,0.926,0.214,0.971
小倉2歳,B,基礎条件,前走斤量=54,前走斤量,exact,10,9,0.9,24,30,0.8,107,136,0.787,0.224,1.017
小倉2歳,補助,強選別条件,前4角=2〜3番手,前4角,derived,10,8,0.8,18,30,0.6,54,136,0.397,0.333,1.511
小倉2歳,補助,強選別条件,前3角=2〜3番手,前3角,derived,10,8,0.8,17,30,0.567,53,136,0.39,0.321,1.454
小倉2歳,補助,強選別条件,前走レース名=新馬,前走レース名,exact,10,8,0.8,15,30,0.5,48,136,0.353,0.312,1.417
小倉2歳,補助,選別条件,性別=牡,性別,exact,10,8,0.8,17,30,0.567,69,136,0.507,0.246,1.117
小倉2歳,補助,選別条件,毛色=鹿毛,毛色,exact,10,8,0.8,14,30,0.467,61,136,0.449,0.23,1.04
小倉2歳,補助,選別条件,前走頭数=10頭以下,前走頭数,range,10,8,0.8,13,30,0.433,58,136,0.426,0.224,1.016
小倉2歳,補助,選別条件,枠位置=中50%,馬番相対,derived,10,8,0.8,12,30,0.4,68,136,0.5,0.176,0.8
小倉サマJ,S,選別条件,前3角=前半位置(相対50%以内),前3角,derived,9,9,1.0,23,27,0.852,75,101,0.743,0.307,1.147
小倉サマJ,S,選別条件,前4角=前半位置(相対50%以内),前4角,derived,9,9,1.0,23,27,0.852,75,101,0.743,0.307,1.147
小倉サマJ,S,選別条件,前走人気=1〜5人気,前走人気,range,9,9,1.0,19,27,0.704,64,101,0.634,0.297,1.111
小倉サマJ,S,選別条件,前走着順=1〜5着,前走着順,range,9,9,1.0,19,27,0.704,64,101,0.634,0.297,1.111
小倉サマJ,S,選別条件,距離差=±400m以内,距離ローテ,derived,9,9,1.0,16,27,0.593,60,101,0.594,0.267,0.998
小倉サマJ,S,選別条件,枠位置=中50%,馬番相対,derived,9,9,1.0,15,27,0.556,51,101,0.505,0.294,1.1
小倉サマJ,S,選別条件,馬番=1〜6番,馬番,range,9,9,1.0,15,27,0.556,54,101,0.535,0.278,1.039
小倉サマJ,S,選別条件,間隔=中8週以内,間隔,range,9,9,1.0,15,27,0.556,54,101,0.535,0.278,1.039
小倉サマJ,S,基礎条件,斤量=58kg以上,斤量,range,9,9,1.0,27,27,1.0,101,101,1.0,0.267,1.0
小倉サマJ,S,基礎条件,前走上り3F=33秒台以下,前走上り3F,range,9,9,1.0,26,27,0.963,97,101,0.96,0.268,1.003
小倉サマJ,S,基礎条件,所属=(栗),所属,exact,9,9,1.0,25,27,0.926,86,101,0.851,0.291,1.087
小倉サマJ,S,基礎条件,キャリア=21戦以上,キャリア,range,9,9,1.0,24,27,0.889,80,101,0.792,0.3,1.122
小倉サマJ,S,基礎条件,前走着順=一桁着順,前走着順,range,9,9,1.0,24,27,0.889,87,101,0.861,0.276,1.032
小倉サマJ,S,基礎条件,前走と同じ芝ダ,芝ダローテ,derived,9,9,1.0,22,27,0.815,82,101,0.812,0.268,1.004
小倉サマJ,S,基礎条件,前芝・ダ=芝,前芝・ダ,exact,9,9,1.0,22,27,0.815,82,101,0.812,0.268,1.004
小倉サマJ,S,基礎条件,距離ローテ=同距離または延長,距離ローテ,derived,9,9,1.0,19,27,0.704,82,101,0.812,0.232,0.867
小倉サマJ,S,基礎条件,距離ローテ=距離延長,距離ローテ,derived,9,9,1.0,18,27,0.667,79,101,0.782,0.228,0.852
小倉サマJ,A,選別条件,前走着順=1〜3着,前走着順,range,9,9,1.0,14,27,0.519,42,101,0.416,0.333,1.247
小倉サマJ,A,選別条件,前走着差=1.0秒以上,前走着差タイム,range,9,9,1.0,14,27,0.519,58,101,0.574,0.241,0.903
小倉サマJ,A,選別条件,前走頭数=11〜13頭,前走頭数,range,9,9,1.0,13,27,0.481,41,101,0.406,0.317,1.186
小倉サマJ,A,選別条件,前クラス名=オープン,前クラス名,exact,9,9,1.0,13,27,0.481,52,101,0.515,0.25,0.935
小倉サマJ,A,選別条件,前走レース名=障害・オープ,前走レース名,exact,9,9,1.0,12,27,0.444,46,101,0.455,0.261,0.976
小倉サマJ,補助,強選別条件,前走馬体重増減=減,前走馬体重増減,range,9,8,0.889,17,27,0.63,44,101,0.436,0.386,1.445
小倉サマJ,補助,選別条件,性別=牡,性別,exact,9,8,0.889,20,27,0.741,75,101,0.743,0.267,0.998
小倉サマJ,補助,選別条件,前走馬場状態=良,前走馬場状態,exact,9,8,0.889,17,27,0.63,73,101,0.723,0.233,0.871
小倉サマJ,補助,選別条件,年齢=4〜6歳,年齢,range,9,8,0.889,16,27,0.593,55,101,0.545,0.291,1.088
小倉サマJ,補助,選別条件,年齢=6歳以下,年齢,range,9,8,0.889,16,27,0.593,55,101,0.545,0.291,1.088
小倉サマJ,補助,選別条件,馬番=5〜8番,馬番,range,9,8,0.889,12,27,0.444,36,101,0.356,0.333,1.247
小倉サマJ,補助,選別条件,前走着差=0.3秒以内,前走着差タイム,range,9,8,0.889,12,27,0.444,36,101,0.356,0.333,1.247
小倉サマJ,補助,選別条件,前走着差=0.5秒以内,前走着差タイム,range,9,8,0.889,12,27,0.444,37,101,0.366,0.324,1.213
小倉サマJ,補助,選別条件,前走着差=0.9秒以内,前走着差タイム,range,9,8,0.889,12,27,0.444,41,101,0.406,0.293,1.095
小倉大賞H,S,強選別条件,キャリア=11〜20戦,キャリア,range,10,10,1.0,17,30,0.567,62,156,0.397,0.274,1.426
小倉大賞H,S,選別条件,距離ローテ=同距離または短縮,距離ローテ,derived,10,10,1.0,27,30,0.9,122,156,0.782,0.221,1.151
小倉大賞H,S,選別条件,距離ローテ=距離短縮,距離ローテ,derived,10,10,1.0,22,30,0.733,96,156,0.615,0.229,1.192
小倉大賞H,S,選別条件,前走着差=0.9秒以内,前走着差タイム,range,10,10,1.0,22,30,0.733,104,156,0.667,0.212,1.1
小倉大賞H,S,選別条件,前4角=前半位置(相対50%以内),前4角,derived,10,10,1.0,21,30,0.7,93,156,0.596,0.226,1.174
小倉大賞H,S,選別条件,前走着順=一桁着順,前走着順,range,10,10,1.0,21,30,0.7,100,156,0.641,0.21,1.092
小倉大賞H,S,選別条件,所属=(栗),所属,exact,10,10,1.0,21,30,0.7,113,156,0.724,0.186,0.966
小倉大賞H,S,選別条件,前3角=前半位置(相対50%以内),前3角,derived,10,10,1.0,20,30,0.667,92,156,0.59,0.217,1.13
小倉大賞H,S,選別条件,間隔=中8週以内,間隔,range,10,10,1.0,19,30,0.633,96,156,0.615,0.198,1.029
小倉大賞H,S,選別条件,年齢=4〜6歳,年齢,range,10,10,1.0,19,30,0.633,98,156,0.628,0.194,1.008
小倉大賞H,S,選別条件,年齢=6歳以下,年齢,range,10,10,1.0,19,30,0.633,98,156,0.628,0.194,1.008
小倉大賞H,S,選別条件,前走着差=0.5秒以内,前走着差タイム,range,10,10,1.0,18,30,0.6,79,156,0.506,0.228,1.185
小倉大賞H,S,選別条件,替=*,替,exact,10,10,1.0,17,30,0.567,91,156,0.583,0.187,0.971
小倉大賞H,S,基礎条件,前走と同じ芝ダ,芝ダローテ,derived,10,10,1.0,29,30,0.967,150,156,0.962,0.193,1.005
小倉大賞H,S,基礎条件,前芝・ダ=芝,前芝・ダ,exact,10,10,1.0,29,30,0.967,150,156,0.962,0.193,1.005
小倉大賞H,S,基礎条件,前走Ｒ=11,前走Ｒ,exact,10,10,1.0,27,30,0.9,142,156,0.91,0.19,0.989
小倉大賞H,S,基礎条件,前走馬場状態=良,前走馬場状態,exact,10,10,1.0,26,30,0.867,130,156,0.833,0.2,1.04
小倉大賞H,S,基礎条件,距離差=±400m以内,距離ローテ,derived,10,10,1.0,26,30,0.867,140,156,0.897,0.186,0.966
小倉大賞H,S,基礎条件,性別=牡,性別,exact,10,10,1.0,24,30,0.8,124,156,0.795,0.194,1.006
小倉大賞H,S,基礎条件,距離差=±200m以内,距離ローテ,derived,10,10,1.0,24,30,0.8,131,156,0.84,0.183,0.953
小倉大賞H,B,強選別条件,前走人気=6〜9人気,前走人気,range,10,9,0.9,12,30,0.4,43,156,0.276,0.279,1.451
小倉大賞H,B,選別条件,前走着順=1〜5着,前走着順,range,10,9,0.9,15,30,0.5,63,156,0.404,0.238,1.238
小倉大賞H,B,選別条件,年齢=3〜5歳,年齢,range,10,9,0.9,14,30,0.467,57,156,0.365,0.246,1.277
小倉大賞H,B,選別条件,年齢=5歳以下,年齢,range,10,9,0.9,14,30,0.467,57,156,0.365,0.246,1.277
小倉大賞H,B,選別条件,間隔=中5〜8週,間隔,range,10,9,0.9,14,30,0.467,73,156,0.468,0.192,0.997
小倉大賞H,B,選別条件,斤量=56kg以下,斤量,range,10,9,0.9,14,30,0.467,106,156,0.679,0.132,0.687
小倉大賞H,B,選別条件,前走着差=0.3秒以内,前走着差タイム,range,10,9,0.9,11,30,0.367,53,156,0.34,0.208,1.079
小倉大賞H,B,選別条件,年齢=7歳以上,年齢,range,10,9,0.9,11,30,0.367,58,156,0.372,0.19,0.986
小倉大賞H,B,選別条件,キャリア=21戦以上,キャリア,range,10,9,0.9,11,30,0.367,86,156,0.551,0.128,0.665
小倉大賞H,補助,選別条件,前距離=2000,前距離,exact,10,8,0.8,16,30,0.533,74,156,0.474,0.216,1.124
小倉大賞H,補助,選別条件,毛色=鹿毛,毛色,exact,10,8,0.8,16,30,0.533,76,156,0.487,0.211,1.095
小倉大賞H,補助,選別条件,前走馬体重増減=増,前走馬体重増減,range,10,8,0.8,15,30,0.5,70,156,0.449,0.214,1.114
小倉大賞H,補助,選別条件,馬番=9番外,馬番,range,10,8,0.8,15,30,0.5,76,156,0.487,0.197,1.026
小倉大賞H,補助,選別条件,前クラス名=G3,前クラス名,exact,10,8,0.8,14,30,0.467,82,156,0.526,0.171,0.888
小倉大賞H,補助,選別条件,前走人気=1〜5人気,前走人気,range,10,8,0.8,12,30,0.4,53,156,0.34,0.226,1.177
小倉大賞H,補助,選別条件,前走着順=1〜3着,前走着順,range,10,8,0.8,10,30,0.333,43,156,0.276,0.233,1.209
小倉大賞H,補助,選別条件,産地=安平町,産地,exact,10,8,0.8,10,30,0.333,49,156,0.314,0.204,1.061
小倉大賞H,補助,選別条件,前走上り3F=34秒台,前走上り3F,range,10,8,0.8,8,30,0.267,42,156,0.269,0.19,0.99
小倉記念H,S,選別条件,年齢=6歳以下,年齢,range,10,10,1.0,28,30,0.933,108,135,0.8,0.259,1.167
小倉記念H,S,選別条件,年齢=4〜6歳,年齢,range,10,10,1.0,27,30,0.9,105,135,0.778,0.257,1.157
小倉記念H,S,選別条件,替=*,替,exact,10,10,1.0,23,30,0.767,90,135,0.667,0.256,1.15
小倉記念H,S,選別条件,前走着差=0.9秒以内,前走着差タイム,range,10,10,1.0,23,30,0.767,92,135,0.681,0.25,1.125
小倉記念H,S,選別条件,前走着順=一桁着順,前走着順,range,10,10,1.0,23,30,0.767,94,135,0.696,0.245,1.101
小倉記念H,S,選別条件,年齢=3〜5歳,年齢,range,10,10,1.0,20,30,0.667,72,135,0.533,0.278,1.25
小倉記念H,S,選別条件,年齢=5歳以下,年齢,range,10,10,1.0,20,30,0.667,72,135,0.533,0.278,1.25
小倉記念H,S,選別条件,前クラス名=G3,前クラス名,exact,10,10,1.0,20,30,0.667,77,135,0.57,0.26,1.169
小倉記念H,S,基礎条件,前走と同じ芝ダ,芝ダローテ,derived,10,10,1.0,30,30,1.0,131,135,0.97,0.229,1.031
小倉記念H,S,基礎条件,前芝・ダ=芝,前芝・ダ,exact,10,10,1.0,30,30,1.0,131,135,0.97,0.229,1.031
小倉記念H,S,基礎条件,距離差=±200m以内,距離ローテ,derived,10,10,1.0,29,30,0.967,119,135,0.881,0.244,1.097
小倉記念H,S,基礎条件,距離差=±400m以内,距離ローテ,derived,10,10,1.0,29,30,0.967,129,135,0.956,0.225,1.012
小倉記念H,S,基礎条件,距離ローテ=同距離または延長,距離ローテ,derived,10,10,1.0,28,30,0.933,119,135,0.881,0.235,1.059
小倉記念H,S,基礎条件,前走Ｒ=11,前走Ｒ,exact,10,10,1.0,28,30,0.933,123,135,0.911,0.228,1.024
小倉記念H,S,基礎条件,所属=(栗),所属,exact,10,10,1.0,27,30,0.9,120,135,0.889,0.225,1.013
小倉記念H,S,基礎条件,前走馬場状態=良,前走馬場状態,exact,10,10,1.0,25,30,0.833,103,135,0.763,0.243,1.092
小倉記念H,S,基礎条件,斤量=56kg以下,斤量,range,10,10,1.0,22,30,0.733,109,135,0.807,0.202,0.908
小倉記念H,B,強選別条件,キャリア=11〜20戦,キャリア,range,10,9,0.9,16,30,0.533,46,135,0.341,0.348,1.565
小倉記念H,B,選別条件,距離ローテ=同距離または短縮,距離ローテ,derived,10,9,0.9,23,30,0.767,93,135,0.689,0.247,1.113
小倉記念H,B,選別条件,距離ローテ=同距離,距離ローテ,derived,10,9,0.9,21,30,0.7,77,135,0.57,0.273,1.227
小倉記念H,B,選別条件,前距離=2000,前距離,exact,10,9,0.9,21,30,0.7,77,135,0.57,0.273,1.227
小倉記念H,B,選別条件,性別=牡,性別,exact,10,9,0.9,19,30,0.633,99,135,0.733,0.192,0.864
小倉記念H,B,選別条件,前4角=後半位置(相対50%超),前4角,derived,10,9,0.9,17,30,0.567,70,135,0.519,0.243,1.093
小倉記念H,B,選別条件,間隔=中8週以内,間隔,range,10,9,0.9,17,30,0.567,88,135,0.652,0.193,0.869
小倉記念H,B,選別条件,毛色=鹿毛,毛色,exact,10,9,0.9,16,30,0.533,78,135,0.578,0.205,0.923
小倉記念H,B,選別条件,前走頭数=14〜16頭,前走頭数,range,10,9,0.9,15,30,0.5,74,135,0.548,0.203,0.912
小倉記念H,B,選別条件,前4角=後方(相対65%超),前4角,derived,10,9,0.9,14,30,0.467,56,135,0.415,0.25,1.125
小倉記念H,B,選別条件,枠位置=中50%,馬番相対,derived,10,9,0.9,13,30,0.433,66,135,0.489,0.197,0.886
小倉記念H,補助,強選別条件,前走馬体重増減=増,前走馬体重増減,range,10,8,0.8,15,30,0.5,45,135,0.333,0.333,1.5
小倉記念H,補助,強選別条件,多頭出し=*,多頭出し,exact,10,8,0.8,10,30,0.333,31,135,0.23,0.323,1.452
小倉記念H,補助,強選別条件,間隔=中9〜12週,間隔,range,10,8,0.8,9,30,0.3,30,135,0.222,0.3,1.35
小倉記念H,補助,選別条件,馬番=1〜6番,馬番,range,10,8,0.8,16,30,0.533,60,135,0.444,0.267,1.2
小倉記念H,補助,選別条件,前3角=後半位置(相対50%超),前3角,derived,10,8,0.8,16,30,0.533,72,135,0.533,0.222,1.0
小倉記念H,補助,選別条件,前走着順=1〜5着,前走着順,range,10,8,0.8,15,30,0.5,55,135,0.407,0.273,1.227
小倉記念H,補助,選別条件,前走人気=1〜5人気,前走人気,range,10,8,0.8,14,30,0.467,53,135,0.393,0.264,1.189
小倉記念H,補助,選別条件,前3角=前半位置(相対50%以内),前3角,derived,10,8,0.8,14,30,0.467,63,135,0.467,0.222,1.0
小倉記念H,補助,選別条件,前3角=後方(相対65%超),前3角,derived,10,8,0.8,13,30,0.433,56,135,0.415,0.232,1.045
小倉記念H,補助,選別条件,前4角=前半位置(相対50%以内),前4角,derived,10,8,0.8,13,30,0.433,65,135,0.481,0.2,0.9
小倉記念H,補助,選別条件,キャリア=21戦以上,キャリア,range,10,8,0.8,12,30,0.4,78,135,0.578,0.154,0.692
小倉記念H,補助,選別条件,馬体重増減=減,馬体重増減,range,10,8,0.8,11,30,0.367,50,135,0.37,0.22,0.99
小倉記念H,補助,選別条件,馬番=5〜8番,馬番,range,10,8,0.8,10,30,0.333,40,135,0.296,0.25,1.125
小倉記念H,補助,選別条件,年齢=5歳,年齢,exact,10,8,0.8,10,30,0.333,41,135,0.304,0.244,1.098
小倉記念H,補助,選別条件,前走頭数=16,前走頭数,exact,10,8,0.8,10,30,0.333,55,135,0.407,0.182,0.818
平安S,S,強選別条件,前走人気=1〜5人気,前走人気,range,10,10,1.0,23,30,0.767,91,157,0.58,0.253,1.323
平安S,S,強選別条件,前走着差=0.3秒以内,前走着差タイム,range,10,10,1.0,16,30,0.533,62,157,0.395,0.258,1.351
平安S,S,強選別条件,前走着順=1〜3着,前走着順,range,10,10,1.0,16,30,0.533,64,157,0.408,0.25,1.308
平安S,S,選別条件,所属=(栗),所属,exact,10,10,1.0,29,30,0.967,125,157,0.796,0.232,1.214
平安S,S,選別条件,前走馬場状態=良,前走馬場状態,exact,10,10,1.0,23,30,0.767,97,157,0.618,0.237,1.241
平安S,S,選別条件,前3角=前半位置(相対50%以内),前3角,derived,10,10,1.0,22,30,0.733,96,157,0.611,0.229,1.199
平安S,S,選別条件,前4角=前半位置(相対50%以内),前4角,derived,10,10,1.0,22,30,0.733,97,157,0.618,0.227,1.187
平安S,S,選別条件,前走着差=0.9秒以内,前走着差タイム,range,10,10,1.0,21,30,0.7,96,157,0.611,0.219,1.145
平安S,S,選別条件,前走着順=1〜5着,前走着順,range,10,10,1.0,20,30,0.667,82,157,0.522,0.244,1.276
平安S,S,選別条件,年齢=3〜5歳,年齢,range,10,10,1.0,20,30,0.667,83,157,0.529,0.241,1.261
平安S,S,選別条件,年齢=5歳以下,年齢,range,10,10,1.0,20,30,0.667,83,157,0.529,0.241,1.261
平安S,S,選別条件,前走着差=0.5秒以内,前走着差タイム,range,10,10,1.0,18,30,0.6,73,157,0.465,0.247,1.29
平安S,S,選別条件,枠位置=中50%,馬番相対,derived,10,10,1.0,17,30,0.567,79,157,0.503,0.215,1.126
平安S,S,基礎条件,前走と同じ芝ダ,芝ダローテ,derived,10,10,1.0,29,30,0.967,155,157,0.987,0.187,0.979
平安S,S,基礎条件,前芝・ダ=ダ,前芝・ダ,exact,10,10,1.0,29,30,0.967,155,157,0.987,0.187,0.979
平安S,S,基礎条件,性別=牡,性別,exact,10,10,1.0,28,30,0.933,145,157,0.924,0.193,1.011
平安S,S,基礎条件,距離差=±400m以内,距離ローテ,derived,10,10,1.0,26,30,0.867,146,157,0.93,0.178,0.932
平安S,S,基礎条件,年齢=4〜6歳,年齢,range,10,10,1.0,25,30,0.833,126,157,0.803,0.198,1.038
平安S,S,基礎条件,年齢=6歳以下,年齢,range,10,10,1.0,25,30,0.833,126,157,0.803,0.198,1.038
平安S,S,基礎条件,前走Ｒ=11,前走Ｒ,exact,10,10,1.0,24,30,0.8,122,157,0.777,0.197,1.03
平安S,S,基礎条件,前走頭数=14〜16頭,前走頭数,range,10,10,1.0,24,30,0.8,134,157,0.854,0.179,0.937
平安S,S,基礎条件,前走着順=一桁着順,前走着順,range,10,10,1.0,23,30,0.767,122,157,0.777,0.189,0.987
平安S,S,基礎条件,距離差=±200m以内,距離ローテ,derived,10,10,1.0,21,30,0.7,134,157,0.854,0.157,0.82
平安S,S,基礎条件,前走上り3F=36秒以上,前走上り3F,range,10,10,1.0,19,30,0.633,119,157,0.758,0.16,0.836
平安S,B,強選別条件,年齢=5歳,年齢,exact,10,9,0.9,13,30,0.433,48,157,0.306,0.271,1.417
平安S,B,選別条件,距離ローテ=距離延長,距離ローテ,derived,10,9,0.9,18,30,0.6,110,157,0.701,0.164,0.856
平安S,B,選別条件,前走頭数=16,前走頭数,exact,10,9,0.9,16,30,0.533,108,157,0.688,0.148,0.775
平安S,B,選別条件,馬番=1〜6番,馬番,range,10,9,0.9,14,30,0.467,60,157,0.382,0.233,1.221
平安S,B,選別条件,前走人気=1〜3人気,前走人気,range,10,9,0.9,14,30,0.467,60,157,0.382,0.233,1.221
平安S,B,基礎条件,距離ローテ=同距離または延長,距離ローテ,derived,10,9,0.9,18,30,0.6,118,157,0.752,0.153,0.798
平安S,補助,強選別条件,前走馬体重増減=増,前走馬体重増減,range,10,8,0.8,14,30,0.467,50,157,0.318,0.28,1.465
平安S,補助,強選別条件,斤量=58kg以上,斤量,range,10,8,0.8,11,30,0.367,22,157,0.14,0.5,2.617
平安S,補助,強選別条件,前走着順=1着,前走着順,range,10,8,0.8,10,30,0.333,38,157,0.242,0.263,1.377
平安S,補助,強選別条件,前走着差=勝ち/同タイム,前走着差タイム,range,10,8,0.8,10,30,0.333,40,157,0.255,0.25,1.308
平安S,補助,選別条件,間隔=中8週以内,間隔,range,10,8,0.8,16,30,0.533,111,157,0.707,0.144,0.754
平安S,補助,選別条件,馬番=9番外,馬番,range,10,8,0.8,14,30,0.467,77,157,0.49,0.182,0.952
平安S,補助,選別条件,前距離=1800,前距離,exact,10,8,0.8,13,30,0.433,94,157,0.599,0.138,0.724
平安S,補助,選別条件,替=*,替,exact,10,8,0.8,12,30,0.4,76,157,0.484,0.158,0.826
弥生賞,S,強選別条件,前走Ｒ=11,前走Ｒ,exact,10,10,1.0,22,30,0.733,46,108,0.426,0.478,1.722
弥生賞,S,強選別条件,前走人気=1〜3人気,前走人気,range,10,10,1.0,19,30,0.633,52,108,0.481,0.365,1.315
弥生賞,S,選別条件,前走着差=0.9秒以内,前走着差タイム,range,10,10,1.0,30,30,1.0,91,108,0.843,0.33,1.187
弥生賞,S,選別条件,前走着順=1〜5着,前走着順,range,10,10,1.0,27,30,0.9,84,108,0.778,0.321,1.157
弥生賞,S,選別条件,前走人気=1〜5人気,前走人気,range,10,10,1.0,25,30,0.833,78,108,0.722,0.321,1.154
弥生賞,S,選別条件,前4角=前半位置(相対50%以内),前4角,derived,10,10,1.0,23,30,0.767,75,108,0.694,0.307,1.104
弥生賞,S,選別条件,前走着差=0.3秒以内,前走着差タイム,range,10,10,1.0,21,30,0.7,68,108,0.63,0.309,1.112
弥生賞,S,選別条件,前走着順=1〜3着,前走着順,range,10,10,1.0,21,30,0.7,71,108,0.657,0.296,1.065
弥生賞,S,選別条件,枠位置=中50%,馬番相対,derived,10,10,1.0,15,30,0.5,56,108,0.519,0.268,0.964
弥生賞,S,選別条件,馬番=1〜6番,馬番,range,10,10,1.0,15,30,0.5,60,108,0.556,0.25,0.9
弥生賞,S,基礎条件,前走着順=一桁着順,前走着順,range,10,10,1.0,30,30,1.0,101,108,0.935,0.297,1.069
弥生賞,S,基礎条件,距離ローテ=同距離または延長,距離ローテ,derived,10,10,1.0,30,30,1.0,102,108,0.944,0.294,1.059
弥生賞,S,基礎条件,前走と同じ芝ダ,芝ダローテ,derived,10,10,1.0,30,30,1.0,102,108,0.944,0.294,1.059
弥生賞,S,基礎条件,前芝・ダ=芝,前芝・ダ,exact,10,10,1.0,30,30,1.0,102,108,0.944,0.294,1.059
弥生賞,S,基礎条件,距離差=±400m以内,距離ローテ,derived,10,10,1.0,30,30,1.0,106,108,0.981,0.283,1.019
弥生賞,S,基礎条件,性別=牡,性別,exact,10,10,1.0,30,30,1.0,107,108,0.991,0.28,1.009
弥生賞,S,基礎条件,年齢=3歳,年齢,exact,10,10,1.0,30,30,1.0,108,108,1.0,0.278,1.0
弥生賞,S,基礎条件,年齢=3〜5歳,年齢,range,10,10,1.0,30,30,1.0,108,108,1.0,0.278,1.0
弥生賞,S,基礎条件,年齢=5歳以下,年齢,range,10,10,1.0,30,30,1.0,108,108,1.0,0.278,1.0
弥生賞,S,基礎条件,年齢=6歳以下,年齢,range,10,10,1.0,30,30,1.0,108,108,1.0,0.278,1.0
弥生賞,S,基礎条件,キャリア=5戦以内,キャリア,range,10,10,1.0,28,30,0.933,93,108,0.861,0.301,1.084
弥生賞,S,基礎条件,前走着差=0.5秒以内,前走着差タイム,range,10,10,1.0,26,30,0.867,84,108,0.778,0.31,1.114
弥生賞,S,基礎条件,前走馬場状態=良,前走馬場状態,exact,10,10,1.0,26,30,0.867,89,108,0.824,0.292,1.052
弥生賞,S,基礎条件,距離差=±200m以内,距離ローテ,derived,10,10,1.0,22,30,0.733,83,108,0.769,0.265,0.954
弥生賞,B,強選別条件,間隔=中9〜12週,間隔,range,10,9,0.9,19,30,0.633,32,108,0.296,0.594,2.137
弥生賞,B,強選別条件,前走斤量=55,前走斤量,exact,10,9,0.9,19,30,0.633,38,108,0.352,0.5,1.8
弥生賞,B,強選別条件,所属=(栗),所属,exact,10,9,0.9,17,30,0.567,47,108,0.435,0.362,1.302
弥生賞,B,強選別条件,前クラス名=G1,前クラス名,exact,10,9,0.9,16,30,0.533,22,108,0.204,0.727,2.618
弥生賞,B,強選別条件,前走馬体重増減=増,前走馬体重増減,range,10,9,0.9,16,30,0.533,42,108,0.389,0.381,1.371
弥生賞,B,選別条件,毛色=鹿毛,毛色,exact,10,9,0.9,17,30,0.567,60,108,0.556,0.283,1.02
弥生賞,B,選別条件,距離ローテ=同距離,距離ローテ,derived,10,9,0.9,16,30,0.533,56,108,0.519,0.286,1.029
弥生賞,B,選別条件,前距離=2000,前距離,exact,10,9,0.9,16,30,0.533,56,108,0.519,0.286,1.029
弥生賞,B,選別条件,距離ローテ=同距離または短縮,距離ローテ,derived,10,9,0.9,16,30,0.533,61,108,0.565,0.262,0.944
弥生賞,B,選別条件,前走着差=勝ち/同タイム,前走着差タイム,range,10,9,0.9,15,30,0.5,51,108,0.472,0.294,1.059
弥生賞,B,選別条件,前3角=前半位置(相対50%以内),前3角,derived,10,9,0.9,15,30,0.5,64,108,0.593,0.234,0.844
弥生賞,B,選別条件,馬体重増減=減,馬体重増減,range,10,9,0.9,13,30,0.433,41,108,0.38,0.317,1.141
弥生賞,B,基礎条件,斤量=56kg,斤量,range,10,9,0.9,27,30,0.9,96,108,0.889,0.281,1.012
弥生賞,B,基礎条件,斤量=56kg以下,斤量,range,10,9,0.9,27,30,0.9,97,108,0.898,0.278,1.002
弥生賞,補助,強選別条件,産地=安平町,産地,exact,10,8,0.8,12,30,0.4,30,108,0.278,0.4,1.44
弥生賞,補助,選別条件,前3角=後半位置(相対50%超),前3角,derived,10,8,0.8,15,30,0.5,43,108,0.398,0.349,1.256
弥生賞,補助,選別条件,距離ローテ=距離延長,距離ローテ,derived,10,8,0.8,14,30,0.467,46,108,0.426,0.304,1.096
弥生賞,補助,選別条件,前走着順=1着,前走着順,range,10,8,0.8,13,30,0.433,49,108,0.454,0.265,0.955
弥生賞,補助,選別条件,馬体重増減=増,馬体重増減,range,10,8,0.8,10,30,0.333,37,108,0.343,0.27,0.973
愛知杯H,S,強選別条件,前走着順=1〜5着,前走着順,range,10,10,1.0,20,30,0.667,74,162,0.457,0.27,1.459
愛知杯H,S,選別条件,前走着差=0.9秒以内,前走着差タイム,range,10,10,1.0,27,30,0.9,125,162,0.772,0.216,1.166
愛知杯H,S,選別条件,前走着順=一桁着順,前走着順,range,10,10,1.0,26,30,0.867,116,162,0.716,0.224,1.21
愛知杯H,S,選別条件,前走Ｒ=11,前走Ｒ,exact,10,10,1.0,23,30,0.767,120,162,0.741,0.192,1.035
愛知杯H,S,選別条件,所属=(栗),所属,exact,10,10,1.0,22,30,0.733,111,162,0.685,0.198,1.07
愛知杯H,S,選別条件,距離ローテ=同距離または短縮,距離ローテ,derived,10,10,1.0,21,30,0.7,95,162,0.586,0.221,1.194
愛知杯H,S,基礎条件,性別=牝,性別,exact,10,10,1.0,30,30,1.0,162,162,1.0,0.185,1.0
愛知杯H,S,基礎条件,前走と同じ芝ダ,芝ダローテ,derived,10,10,1.0,29,30,0.967,156,162,0.963,0.186,1.004
愛知杯H,S,基礎条件,前芝・ダ=芝,前芝・ダ,exact,10,10,1.0,29,30,0.967,156,162,0.963,0.186,1.004
愛知杯H,S,基礎条件,距離差=±400m以内,距離ローテ,derived,10,10,1.0,29,30,0.967,160,162,0.988,0.181,0.979
愛知杯H,S,基礎条件,斤量=56kg以下,斤量,range,10,10,1.0,29,30,0.967,161,162,0.994,0.18,0.973
愛知杯H,S,基礎条件,年齢=4〜6歳,年齢,range,10,10,1.0,28,30,0.933,147,162,0.907,0.19,1.029
愛知杯H,S,基礎条件,年齢=6歳以下,年齢,range,10,10,1.0,28,30,0.933,150,162,0.926,0.187,1.008
愛知杯H,S,基礎条件,前走馬場状態=良,前走馬場状態,exact,10,10,1.0,27,30,0.9,135,162,0.833,0.2,1.08
愛知杯H,S,基礎条件,距離差=±200m以内,距離ローテ,derived,10,10,1.0,23,30,0.767,128,162,0.79,0.18,0.97
愛知杯H,B,強選別条件,前走着差=0.3秒以内,前走着差タイム,range,10,9,0.9,17,30,0.567,63,162,0.389,0.27,1.457
愛知杯H,B,強選別条件,前走人気=1〜5人気,前走人気,range,10,9,0.9,16,30,0.533,64,162,0.395,0.25,1.35
愛知杯H,B,強選別条件,馬番=1〜6番,馬番,range,10,9,0.9,15,30,0.5,60,162,0.37,0.25,1.35
愛知杯H,B,強選別条件,前走着順=1〜3着,前走着順,range,10,9,0.9,14,30,0.467,50,162,0.309,0.28,1.512
愛知杯H,B,選別条件,年齢=3〜5歳,年齢,range,10,9,0.9,22,30,0.733,102,162,0.63,0.216,1.165
愛知杯H,B,選別条件,年齢=5歳以下,年齢,range,10,9,0.9,22,30,0.733,102,162,0.63,0.216,1.165
愛知杯H,B,選別条件,前走着差=0.5秒以内,前走着差タイム,range,10,9,0.9,19,30,0.633,81,162,0.5,0.235,1.267
愛知杯H,B,選別条件,前4角=前半位置(相対50%以内),前4角,derived,10,9,0.9,18,30,0.6,97,162,0.599,0.186,1.002
愛知杯H,B,選別条件,間隔=中8週以内,間隔,range,10,9,0.9,17,30,0.567,92,162,0.568,0.185,0.998
愛知杯H,B,選別条件,前3角=前半位置(相対50%以内),前3角,derived,10,9,0.9,17,30,0.567,96,162,0.593,0.177,0.956
愛知杯H,B,選別条件,替=*,替,exact,10,9,0.9,15,30,0.5,108,162,0.667,0.139,0.75
愛知杯H,B,選別条件,馬番=9番外,馬番,range,10,9,0.9,11,30,0.367,82,162,0.506,0.134,0.724
愛知杯H,B,基礎条件,距離ローテ=同距離または延長,距離ローテ,derived,10,9,0.9,19,30,0.633,125,162,0.772,0.152,0.821
愛知杯H,補助,強選別条件,前走上り3F=35秒台,前走上り3F,range,10,8,0.8,13,30,0.433,49,162,0.302,0.265,1.433
愛知杯H,補助,強選別条件,馬番=1〜4番,馬番,range,10,8,0.8,12,30,0.4,40,162,0.247,0.3,1.62
愛知杯H,補助,強選別条件,枠位置=内25%,馬番相対,derived,10,8,0.8,11,30,0.367,36,162,0.222,0.306,1.65
愛知杯H,補助,強選別条件,前走人気=1〜3人気,前走人気,range,10,8,0.8,11,30,0.367,40,162,0.247,0.275,1.485
愛知杯H,補助,強選別条件,前走斤量=56,前走斤量,exact,10,8,0.8,10,30,0.333,34,162,0.21,0.294,1.588
愛知杯H,補助,強選別条件,前走斤量=55,前走斤量,exact,10,8,0.8,10,30,0.333,40,162,0.247,0.25,1.35
愛知杯H,補助,選別条件,キャリア=11〜20戦,キャリア,range,10,8,0.8,14,30,0.467,75,162,0.463,0.187,1.008
愛知杯H,補助,選別条件,年齢=5歳,年齢,exact,10,8,0.8,13,30,0.433,62,162,0.383,0.21,1.132
愛知杯H,補助,選別条件,前3角=後半位置(相対50%超),前3角,derived,10,8,0.8,13,30,0.433,66,162,0.407,0.197,1.064
愛知杯H,補助,選別条件,斤量=53kg以下,斤量,range,10,8,0.8,13,30,0.433,97,162,0.599,0.134,0.724
愛知杯H,補助,選別条件,馬体重増減=増,馬体重増減,range,10,8,0.8,12,30,0.4,61,162,0.377,0.197,1.062
愛知杯H,補助,選別条件,前3角=4〜6番手,前3角,derived,10,8,0.8,9,30,0.3,45,162,0.278,0.2,1.08
愛知杯H,補助,選別条件,産地=安平町,産地,exact,10,8,0.8,9,30,0.3,57,162,0.352,0.158,0.853
愛知杯H,補助,選別条件,距離ローテ=距離延長,距離ローテ,derived,10,8,0.8,9,30,0.3,67,162,0.414,0.134,0.725
新潟2歳,S,強選別条件,距離ローテ=同距離または短縮,距離ローテ,derived,10,10,1.0,23,30,0.767,75,139,0.54,0.307,1.421
新潟2歳,S,強選別条件,馬体重増減=増,馬体重増減,range,10,10,1.0,21,30,0.7,68,139,0.489,0.309,1.431
新潟2歳,S,選別条件,前走人気=1〜3人気,前走人気,range,10,10,1.0,22,30,0.733,90,139,0.647,0.244,1.133
新潟2歳,S,選別条件,前4角=前半位置(相対50%以内),前4角,derived,10,10,1.0,22,30,0.733,103,139,0.741,0.214,0.99
新潟2歳,S,選別条件,前クラス名=新馬,前クラス名,exact,10,10,1.0,21,30,0.7,82,139,0.59,0.256,1.187
新潟2歳,S,選別条件,前3角=前半位置(相対50%以内),前3角,derived,10,10,1.0,21,30,0.7,100,139,0.719,0.21,0.973
新潟2歳,S,選別条件,性別=牡,性別,exact,10,10,1.0,20,30,0.667,83,139,0.597,0.241,1.116
新潟2歳,S,選別条件,所属=(美),所属,exact,10,10,1.0,19,30,0.633,81,139,0.583,0.235,1.087
新潟2歳,S,選別条件,前走レース名=新馬,前走レース名,exact,10,10,1.0,18,30,0.6,70,139,0.504,0.257,1.191
新潟2歳,S,選別条件,前走Ｒ=5,前走Ｒ,exact,10,10,1.0,16,30,0.533,60,139,0.432,0.267,1.236
新潟2歳,S,選別条件,枠位置=中50%,馬番相対,derived,10,10,1.0,15,30,0.5,72,139,0.518,0.208,0.965
新潟2歳,S,基礎条件,前走と同じ芝ダ,芝ダローテ,derived,10,10,1.0,30,30,1.0,134,139,0.964,0.224,1.037
新潟2歳,S,基礎条件,前芝・ダ=芝,前芝・ダ,exact,10,10,1.0,30,30,1.0,134,139,0.964,0.224,1.037
新潟2歳,S,基礎条件,前走着順=1〜5着,前走着順,range,10,10,1.0,30,30,1.0,135,139,0.971,0.222,1.03
新潟2歳,S,基礎条件,前走着差=0.9秒以内,前走着差タイム,range,10,10,1.0,30,30,1.0,135,139,0.971,0.222,1.03
新潟2歳,S,基礎条件,距離差=±400m以内,距離ローテ,derived,10,10,1.0,30,30,1.0,137,139,0.986,0.219,1.015
新潟2歳,S,基礎条件,前走着順=一桁着順,前走着順,range,10,10,1.0,30,30,1.0,138,139,0.993,0.217,1.007
新潟2歳,S,基礎条件,年齢=2歳,年齢,exact,10,10,1.0,30,30,1.0,139,139,1.0,0.216,1.0
新潟2歳,S,基礎条件,年齢=5歳以下,年齢,range,10,10,1.0,30,30,1.0,139,139,1.0,0.216,1.0
新潟2歳,S,基礎条件,年齢=6歳以下,年齢,range,10,10,1.0,30,30,1.0,139,139,1.0,0.216,1.0
新潟2歳,S,基礎条件,斤量=56kg以下,斤量,range,10,10,1.0,30,30,1.0,139,139,1.0,0.216,1.0
新潟2歳,S,基礎条件,キャリア=5戦以内,キャリア,range,10,10,1.0,30,30,1.0,139,139,1.0,0.216,1.0
新潟2歳,S,基礎条件,前走着順=1着,前走着順,range,10,10,1.0,29,30,0.967,123,139,0.885,0.236,1.092
新潟2歳,S,基礎条件,前走着差=勝ち/同タイム,前走着差タイム,range,10,10,1.0,29,30,0.967,124,139,0.892,0.234,1.084
新潟2歳,S,基礎条件,前走着差=0.3秒以内,前走着差タイム,range,10,10,1.0,29,30,0.967,129,139,0.928,0.225,1.042
新潟2歳,S,基礎条件,前走着順=1〜3着,前走着順,range,10,10,1.0,29,30,0.967,130,139,0.935,0.223,1.034
新潟2歳,S,基礎条件,前走着差=0.5秒以内,前走着差タイム,range,10,10,1.0,29,30,0.967,133,139,0.957,0.218,1.01
新潟2歳,S,基礎条件,前走人気=1〜5人気,前走人気,range,10,10,1.0,27,30,0.9,113,139,0.813,0.239,1.107
新潟2歳,S,基礎条件,距離差=±200m以内,距離ローテ,derived,10,10,1.0,27,30,0.9,119,139,0.856,0.227,1.051
新潟2歳,S,基礎条件,距離ローテ=同距離または延長,距離ローテ,derived,10,10,1.0,23,30,0.767,113,139,0.813,0.204,0.943
新潟2歳,S,基礎条件,間隔=中8週以内,間隔,range,10,10,1.0,19,30,0.633,105,139,0.755,0.181,0.838
新潟2歳,B,強選別条件,距離ローテ=同距離,距離ローテ,derived,10,9,0.9,16,30,0.533,49,139,0.353,0.327,1.513
新潟2歳,B,強選別条件,前距離=1600,前距離,exact,10,9,0.9,16,30,0.533,49,139,0.353,0.327,1.513
新潟2歳,B,強選別条件,馬番=5〜8番,馬番,range,10,9,0.9,13,30,0.433,40,139,0.288,0.325,1.506
新潟2歳,B,強選別条件,間隔=中9〜12週,間隔,range,10,9,0.9,11,30,0.367,34,139,0.245,0.324,1.499
新潟2歳,B,選別条件,前走馬場状態=良,前走馬場状態,exact,10,9,0.9,18,30,0.6,104,139,0.748,0.173,0.802
新潟2歳,B,選別条件,間隔=中5〜8週,間隔,range,10,9,0.9,12,30,0.4,55,139,0.396,0.218,1.011
新潟2歳,B,選別条件,馬番=1〜6番,馬番,range,10,9,0.9,11,30,0.367,60,139,0.432,0.183,0.849
新潟2歳,B,基礎条件,前走斤量=54,前走斤量,exact,10,9,0.9,27,30,0.9,115,139,0.827,0.235,1.088
新潟2歳,B,基礎条件,斤量=54kg,斤量,range,10,9,0.9,27,30,0.9,127,139,0.914,0.213,0.985
新潟2歳,補助,強選別条件,前走上り3F=33秒台以下,前走上り3F,range,10,8,0.8,13,30,0.433,27,139,0.194,0.481,2.231
新潟2歳,補助,強選別条件,前走頭数=11〜13頭,前走頭数,range,10,8,0.8,12,30,0.4,39,139,0.281,0.308,1.426
新潟2歳,補助,選別条件,替=*,替,exact,10,8,0.8,15,30,0.5,74,139,0.532,0.203,0.939
新潟2歳,補助,選別条件,馬番=9番外,馬番,range,10,8,0.8,11,30,0.367,59,139,0.424,0.186,0.864
新潟2歳,補助,選別条件,性別=牝,性別,exact,10,8,0.8,10,30,0.333,56,139,0.403,0.179,0.827
新潟2歳,補助,選別条件,前走上り3F=34秒台,前走上り3F,range,10,8,0.8,9,30,0.3,41,139,0.295,0.22,1.017
新潟2歳,補助,選別条件,前3角=2〜3番手,前3角,derived,10,8,0.8,8,30,0.267,44,139,0.317,0.182,0.842
新潟ジャJ,S,強選別条件,毛色=鹿毛,毛色,exact,10,10,1.0,17,30,0.567,55,129,0.426,0.309,1.329
新潟ジャJ,S,選別条件,前3角=前半位置(相対50%以内),前3角,derived,10,10,1.0,23,30,0.767,88,129,0.682,0.261,1.124
新潟ジャJ,S,選別条件,距離差=±200m以内,距離ローテ,derived,10,10,1.0,22,30,0.733,79,129,0.612,0.278,1.197
新潟ジャJ,S,選別条件,前4角=前半位置(相対50%以内),前4角,derived,10,10,1.0,22,30,0.733,92,129,0.713,0.239,1.028
新潟ジャJ,S,選別条件,前走斤量=60,前走斤量,exact,10,10,1.0,22,30,0.733,92,129,0.713,0.239,1.028
新潟ジャJ,S,選別条件,性別=牡,性別,exact,10,10,1.0,20,30,0.667,89,129,0.69,0.225,0.966
新潟ジャJ,S,選別条件,前走着順=1〜5着,前走着順,range,10,10,1.0,18,30,0.6,82,129,0.636,0.22,0.944
新潟ジャJ,S,選別条件,前走着順=1〜3着,前走着順,range,10,10,1.0,15,30,0.5,59,129,0.457,0.254,1.093
新潟ジャJ,S,基礎条件,斤量=58kg以上,斤量,range,10,10,1.0,30,30,1.0,129,129,1.0,0.233,1.0
新潟ジャJ,S,基礎条件,前走と同じ芝ダ,芝ダローテ,derived,10,10,1.0,29,30,0.967,119,129,0.922,0.244,1.048
新潟ジャJ,S,基礎条件,前芝・ダ=芝,前芝・ダ,exact,10,10,1.0,29,30,0.967,119,129,0.922,0.244,1.048
新潟ジャJ,S,基礎条件,前走上り3F=33秒台以下,前走上り3F,range,10,10,1.0,28,30,0.933,126,129,0.977,0.222,0.956
新潟ジャJ,S,基礎条件,距離差=±400m以内,距離ローテ,derived,10,10,1.0,27,30,0.9,107,129,0.829,0.252,1.085
新潟ジャJ,S,基礎条件,前走馬場状態=良,前走馬場状態,exact,10,10,1.0,25,30,0.833,103,129,0.798,0.243,1.044
新潟ジャJ,S,基礎条件,前走着順=一桁着順,前走着順,range,10,10,1.0,25,30,0.833,114,129,0.884,0.219,0.943
新潟ジャJ,S,基礎条件,キャリア=21戦以上,キャリア,range,10,10,1.0,24,30,0.8,111,129,0.86,0.216,0.93
新潟ジャJ,B,強選別条件,所属=(栗),所属,exact,10,9,0.9,20,30,0.667,59,129,0.457,0.339,1.458
新潟ジャJ,B,強選別条件,前走Ｒ=8,前走Ｒ,exact,10,9,0.9,16,30,0.533,43,129,0.333,0.372,1.6
新潟ジャJ,B,強選別条件,前クラス名=JG3,前クラス名,exact,10,9,0.9,15,30,0.5,32,129,0.248,0.469,2.016
新潟ジャJ,B,強選別条件,馬番=9番外,馬番,range,10,9,0.9,15,30,0.5,49,129,0.38,0.306,1.316
新潟ジャJ,B,強選別条件,枠位置=外25%,馬番相対,derived,10,9,0.9,12,30,0.4,37,129,0.287,0.324,1.395
新潟ジャJ,B,選別条件,前走人気=1〜5人気,前走人気,range,10,9,0.9,22,30,0.733,76,129,0.589,0.289,1.245
新潟ジャJ,B,選別条件,距離ローテ=距離延長,距離ローテ,derived,10,9,0.9,21,30,0.7,77,129,0.597,0.273,1.173
新潟ジャJ,B,選別条件,距離ローテ=同距離または延長,距離ローテ,derived,10,9,0.9,21,30,0.7,78,129,0.605,0.269,1.158
新潟ジャJ,B,選別条件,年齢=4〜6歳,年齢,range,10,9,0.9,16,30,0.533,68,129,0.527,0.235,1.012
新潟ジャJ,B,選別条件,年齢=6歳以下,年齢,range,10,9,0.9,16,30,0.533,68,129,0.527,0.235,1.012
新潟ジャJ,B,選別条件,前走着差=1.0秒以上,前走着差タイム,range,10,9,0.9,14,30,0.467,60,129,0.465,0.233,1.003
新潟ジャJ,B,選別条件,前走着差=0.9秒以内,前走着差タイム,range,10,9,0.9,14,30,0.467,66,129,0.512,0.212,0.912
新潟ジャJ,B,選別条件,前走馬体重増減=増,前走馬体重増減,range,10,9,0.9,13,30,0.433,49,129,0.38,0.265,1.141
新潟ジャJ,補助,強選別条件,前走人気=1〜3人気,前走人気,range,10,8,0.8,18,30,0.6,55,129,0.426,0.327,1.407
新潟ジャJ,補助,強選別条件,前距離=3110,前距離,exact,10,8,0.8,14,30,0.467,34,129,0.264,0.412,1.771
新潟ジャJ,補助,強選別条件,前走開催=3東7,前走開催,exact,10,8,0.8,13,30,0.433,28,129,0.217,0.464,1.996
新潟ジャJ,補助,強選別条件,前走レース名=東京ジャJG3,前走レース名,exact,10,8,0.8,13,30,0.433,28,129,0.217,0.464,1.996
新潟ジャJ,補助,強選別条件,馬体重増減=±0,馬体重増減,range,10,8,0.8,12,30,0.4,27,129,0.209,0.444,1.911
新潟ジャJ,補助,強選別条件,産地=安平町,産地,exact,10,8,0.8,11,30,0.367,22,129,0.171,0.5,2.15
新潟ジャJ,補助,選別条件,年齢=7歳以上,年齢,range,10,8,0.8,14,30,0.467,61,129,0.473,0.23,0.987
新潟ジャJ,補助,選別条件,前走着差=0.5秒以内,前走着差タイム,range,10,8,0.8,12,30,0.4,52,129,0.403,0.231,0.992
新潟ジャJ,補助,選別条件,枠位置=中50%,馬番相対,derived,10,8,0.8,12,30,0.4,64,129,0.496,0.188,0.806
新潟ジャJ,補助,選別条件,前走レース名=障害・オープ,前走レース名,exact,10,8,0.8,12,30,0.4,72,129,0.558,0.167,0.717
新潟ジャJ,補助,選別条件,前クラス名=オープン,前クラス名,exact,10,8,0.8,12,30,0.4,75,129,0.581,0.16,0.688
新潟ジャJ,補助,選別条件,前走着差=0.3秒以内,前走着差タイム,range,10,8,0.8,11,30,0.367,46,129,0.357,0.239,1.028
新潟大賞H,S,強選別条件,前走着順=1〜5着,前走着順,range,10,10,1.0,19,30,0.633,61,157,0.389,0.311,1.63
新潟大賞H,S,強選別条件,前走着順=1〜3着,前走着順,range,10,10,1.0,16,30,0.533,45,157,0.287,0.356,1.861
新潟大賞H,S,選別条件,年齢=4〜6歳,年齢,range,10,10,1.0,23,30,0.767,105,157,0.669,0.219,1.146
新潟大賞H,S,選別条件,年齢=6歳以下,年齢,range,10,10,1.0,23,30,0.767,105,157,0.669,0.219,1.146
新潟大賞H,S,選別条件,距離ローテ=同距離または短縮,距離ローテ,derived,10,10,1.0,23,30,0.767,109,157,0.694,0.211,1.104
新潟大賞H,S,選別条件,前走着順=一桁着順,前走着順,range,10,10,1.0,23,30,0.767,111,157,0.707,0.207,1.084
新潟大賞H,S,選別条件,前走着差=0.9秒以内,前走着差タイム,range,10,10,1.0,22,30,0.733,110,157,0.701,0.2,1.047
新潟大賞H,S,選別条件,替=*,替,exact,10,10,1.0,22,30,0.733,111,157,0.707,0.198,1.037
新潟大賞H,S,選別条件,前4角=前半位置(相対50%以内),前4角,derived,10,10,1.0,19,30,0.633,77,157,0.49,0.247,1.291
新潟大賞H,S,選別条件,前3角=前半位置(相対50%以内),前3角,derived,10,10,1.0,16,30,0.533,74,157,0.471,0.216,1.132
新潟大賞H,S,選別条件,前走頭数=14〜16頭,前走頭数,range,10,10,1.0,16,30,0.533,100,157,0.637,0.16,0.837
新潟大賞H,S,選別条件,距離ローテ=同距離,距離ローテ,derived,10,10,1.0,15,30,0.5,82,157,0.522,0.183,0.957
新潟大賞H,S,選別条件,前距離=2000,前距離,exact,10,10,1.0,15,30,0.5,82,157,0.522,0.183,0.957
新潟大賞H,S,基礎条件,性別=牡,性別,exact,10,10,1.0,30,30,1.0,140,157,0.892,0.214,1.121
新潟大賞H,S,基礎条件,前走と同じ芝ダ,芝ダローテ,derived,10,10,1.0,29,30,0.967,151,157,0.962,0.192,1.005
新潟大賞H,S,基礎条件,前芝・ダ=芝,前芝・ダ,exact,10,10,1.0,29,30,0.967,151,157,0.962,0.192,1.005
新潟大賞H,S,基礎条件,距離差=±400m以内,距離ローテ,derived,10,10,1.0,28,30,0.933,145,157,0.924,0.193,1.011
新潟大賞H,S,基礎条件,距離差=±200m以内,距離ローテ,derived,10,10,1.0,25,30,0.833,126,157,0.803,0.198,1.038
新潟大賞H,S,基礎条件,距離ローテ=同距離または延長,距離ローテ,derived,10,10,1.0,22,30,0.733,130,157,0.828,0.169,0.886
新潟大賞H,S,基礎条件,前走Ｒ=11,前走Ｒ,exact,10,10,1.0,22,30,0.733,133,157,0.847,0.165,0.866
新潟大賞H,S,基礎条件,前走馬場状態=良,前走馬場状態,exact,10,10,1.0,20,30,0.667,123,157,0.783,0.163,0.851
新潟大賞H,A,選別条件,毛色=鹿毛,毛色,exact,10,10,1.0,14,30,0.467,79,157,0.503,0.177,0.927
新潟大賞H,A,選別条件,キャリア=11〜20戦,キャリア,range,10,10,1.0,13,30,0.433,60,157,0.382,0.217,1.134
新潟大賞H,B,強選別条件,前走着差=0.3秒以内,前走着差タイム,range,10,9,0.9,15,30,0.5,51,157,0.325,0.294,1.539
新潟大賞H,B,選別条件,前走着差=0.5秒以内,前走着差タイム,range,10,9,0.9,16,30,0.533,65,157,0.414,0.246,1.288
新潟大賞H,B,選別条件,所属=(栗),所属,exact,10,9,0.9,16,30,0.533,94,157,0.599,0.17,0.891
新潟大賞H,B,選別条件,斤量=56kg以下,斤量,range,10,9,0.9,16,30,0.533,102,157,0.65,0.157,0.821
新潟大賞H,B,選別条件,馬番=9番外,馬番,range,10,9,0.9,15,30,0.5,77,157,0.49,0.195,1.019
新潟大賞H,B,選別条件,所属=(美),所属,exact,10,9,0.9,14,30,0.467,63,157,0.401,0.222,1.163
新潟大賞H,B,選別条件,前3角=後半位置(相対50%超),前3角,derived,10,9,0.9,14,30,0.467,80,157,0.51,0.175,0.916
新潟大賞H,B,選別条件,前走頭数=16,前走頭数,exact,10,9,0.9,11,30,0.367,66,157,0.42,0.167,0.872
新潟大賞H,補助,強選別条件,馬体重増減=減,馬体重増減,range,10,8,0.8,14,30,0.467,55,157,0.35,0.255,1.332
新潟大賞H,補助,強選別条件,前走人気=1〜5人気,前走人気,range,10,8,0.8,14,30,0.467,56,157,0.357,0.25,1.308
新潟大賞H,補助,強選別条件,前クラス名=G2,前クラス名,exact,10,8,0.8,11,30,0.367,41,157,0.261,0.268,1.404
新潟大賞H,補助,強選別条件,前走着差=勝ち/同タイム,前走着差タイム,range,10,8,0.8,10,30,0.333,30,157,0.191,0.333,1.744
新潟大賞H,補助,選別条件,馬番=1〜6番,馬番,range,10,8,0.8,14,30,0.467,60,157,0.382,0.233,1.221
新潟大賞H,補助,選別条件,産地=安平町,産地,exact,10,8,0.8,13,30,0.433,59,157,0.376,0.22,1.153
新潟大賞H,補助,選別条件,枠位置=中50%,馬番相対,derived,10,8,0.8,13,30,0.433,79,157,0.503,0.165,0.861
新潟大賞H,補助,選別条件,キャリア=21戦以上,キャリア,range,10,8,0.8,12,30,0.4,78,157,0.497,0.154,0.805
新潟大賞H,補助,選別条件,間隔=中8週以内,間隔,range,10,8,0.8,12,30,0.4,89,157,0.567,0.135,0.706
新潟大賞H,補助,選別条件,前走斤量=56,前走斤量,exact,10,8,0.8,11,30,0.367,56,157,0.357,0.196,1.028
新潟大賞H,補助,選別条件,前走上り3F=34秒台,前走上り3F,range,10,8,0.8,10,30,0.333,46,157,0.293,0.217,1.138
新潟大賞H,補助,選別条件,枠位置=内25%,馬番相対,derived,10,8,0.8,9,30,0.3,38,157,0.242,0.237,1.239
新潟大賞H,補助,選別条件,馬番=1〜4番,馬番,range,10,8,0.8,9,30,0.3,40,157,0.255,0.225,1.177
新潟記念H,S,強選別条件,年齢=3〜5歳,年齢,range,10,10,1.0,21,30,0.7,90,169,0.533,0.233,1.314
新潟記念H,S,強選別条件,年齢=5歳以下,年齢,range,10,10,1.0,21,30,0.7,90,169,0.533,0.233,1.314
新潟記念H,S,強選別条件,前4角=前半位置(相対50%以内),前4角,derived,10,10,1.0,19,30,0.633,79,169,0.467,0.241,1.355
新潟記念H,S,選別条件,距離ローテ=同距離または短縮,距離ローテ,derived,10,10,1.0,24,30,0.8,118,169,0.698,0.203,1.146
新潟記念H,S,選別条件,前走着順=一桁着順,前走着順,range,10,10,1.0,24,30,0.8,123,169,0.728,0.195,1.099
新潟記念H,S,選別条件,前走着差=0.9秒以内,前走着差タイム,range,10,10,1.0,23,30,0.767,114,169,0.675,0.202,1.137
新潟記念H,S,選別条件,年齢=4〜6歳,年齢,range,10,10,1.0,22,30,0.733,118,169,0.698,0.186,1.05
新潟記念H,S,選別条件,斤量=56kg以下,斤量,range,10,10,1.0,20,30,0.667,126,169,0.746,0.159,0.894
新潟記念H,S,選別条件,前走着差=0.5秒以内,前走着差タイム,range,10,10,1.0,17,30,0.567,81,169,0.479,0.21,1.182
新潟記念H,S,選別条件,前3角=前半位置(相対50%以内),前3角,derived,10,10,1.0,15,30,0.5,75,169,0.444,0.2,1.127
新潟記念H,S,選別条件,前3角=後半位置(相対50%超),前3角,derived,10,10,1.0,15,30,0.5,93,169,0.55,0.161,0.909
新潟記念H,S,基礎条件,前走と同じ芝ダ,芝ダローテ,derived,10,10,1.0,30,30,1.0,166,169,0.982,0.181,1.018
新潟記念H,S,基礎条件,前芝・ダ=芝,前芝・ダ,exact,10,10,1.0,30,30,1.0,166,169,0.982,0.181,1.018
新潟記念H,S,基礎条件,性別=牡,性別,exact,10,10,1.0,29,30,0.967,145,169,0.858,0.2,1.127
新潟記念H,S,基礎条件,距離差=±400m以内,距離ローテ,derived,10,10,1.0,27,30,0.9,151,169,0.893,0.179,1.007
新潟記念H,S,基礎条件,前走Ｒ=11,前走Ｒ,exact,10,10,1.0,27,30,0.9,151,169,0.893,0.179,1.007
新潟記念H,S,基礎条件,年齢=6歳以下,年齢,range,10,10,1.0,25,30,0.833,127,169,0.751,0.197,1.109
新潟記念H,S,基礎条件,距離ローテ=同距離または延長,距離ローテ,derived,10,10,1.0,24,30,0.8,140,169,0.828,0.171,0.966
新潟記念H,S,基礎条件,距離差=±200m以内,距離ローテ,derived,10,10,1.0,23,30,0.767,132,169,0.781,0.174,0.982
新潟記念H,B,強選別条件,前走馬体重増減=増,前走馬体重増減,range,10,9,0.9,16,30,0.533,59,169,0.349,0.271,1.528
新潟記念H,B,強選別条件,産地=安平町,産地,exact,10,9,0.9,16,30,0.533,59,169,0.349,0.271,1.528
新潟記念H,B,強選別条件,キャリア=11〜20戦,キャリア,range,10,9,0.9,16,30,0.533,61,169,0.361,0.262,1.478
新潟記念H,B,強選別条件,前走人気=1〜5人気,前走人気,range,10,9,0.9,16,30,0.533,67,169,0.396,0.239,1.345
新潟記念H,B,強選別条件,前走人気=1〜3人気,前走人気,range,10,9,0.9,13,30,0.433,41,169,0.243,0.317,1.786
新潟記念H,B,選別条件,距離ローテ=同距離,距離ローテ,derived,10,9,0.9,18,30,0.6,89,169,0.527,0.202,1.139
新潟記念H,B,選別条件,前距離=2000,前距離,exact,10,9,0.9,18,30,0.6,89,169,0.527,0.202,1.139
新潟記念H,B,選別条件,所属=(栗),所属,exact,10,9,0.9,18,30,0.6,90,169,0.533,0.2,1.127
新潟記念H,B,選別条件,前走着順=1〜5着,前走着順,range,10,9,0.9,17,30,0.567,84,169,0.497,0.202,1.14
新潟記念H,B,選別条件,前クラス名=G3,前クラス名,exact,10,9,0.9,17,30,0.567,94,169,0.556,0.181,1.019
新潟記念H,B,選別条件,替=*,替,exact,10,9,0.9,16,30,0.533,113,169,0.669,0.142,0.798
新潟記念H,B,選別条件,前走着差=0.3秒以内,前走着差タイム,range,10,9,0.9,15,30,0.5,67,169,0.396,0.224,1.261
新潟記念H,B,選別条件,枠位置=中50%,馬番相対,derived,10,9,0.9,14,30,0.467,83,169,0.491,0.169,0.95
新潟記念H,補助,選別条件,前走上り3F=35秒台,前走上り3F,range,10,9,0.9,9,30,0.3,47,169,0.278,0.191,1.079
新潟記念H,補助,選別条件,間隔=中8週以内,間隔,range,10,8,0.8,15,30,0.5,97,169,0.574,0.155,0.871
新潟記念H,補助,選別条件,毛色=鹿毛,毛色,exact,10,8,0.8,14,30,0.467,82,169,0.485,0.171,0.962
新潟記念H,補助,選別条件,所属=(美),所属,exact,10,8,0.8,12,30,0.4,79,169,0.467,0.152,0.856
新潟記念H,補助,選別条件,前4角=後半位置(相対50%超),前4角,derived,10,8,0.8,11,30,0.367,89,169,0.527,0.124,0.696
新潟記念H,補助,選別条件,キャリア=21戦以上,キャリア,range,10,8,0.8,10,30,0.333,90,169,0.533,0.111,0.626
新潟記念H,補助,基礎条件,前走馬場状態=良,前走馬場状態,exact,10,8,0.8,22,30,0.733,133,169,0.787,0.165,0.932
日経新春H,S,強選別条件,年齢=4〜6歳,年齢,range,10,10,1.0,30,30,1.0,102,146,0.699,0.294,1.431
日経新春H,S,強選別条件,年齢=6歳以下,年齢,range,10,10,1.0,30,30,1.0,102,146,0.699,0.294,1.431
日経新春H,S,強選別条件,前走着順=一桁着順,前走着順,range,10,10,1.0,26,30,0.867,94,146,0.644,0.277,1.346
日経新春H,S,強選別条件,前走人気=1〜5人気,前走人気,range,10,10,1.0,21,30,0.7,57,146,0.39,0.368,1.793
日経新春H,S,強選別条件,年齢=3〜5歳,年齢,range,10,10,1.0,20,30,0.667,60,146,0.411,0.333,1.622
日経新春H,S,強選別条件,年齢=5歳以下,年齢,range,10,10,1.0,20,30,0.667,60,146,0.411,0.333,1.622
日経新春H,S,選別条件,距離ローテ=同距離または短縮,距離ローテ,derived,10,10,1.0,20,30,0.667,80,146,0.548,0.25,1.217
日経新春H,S,選別条件,枠位置=中50%,馬番相対,derived,10,10,1.0,18,30,0.6,73,146,0.5,0.247,1.2
日経新春H,S,選別条件,距離差=±200m以内,距離ローテ,derived,10,10,1.0,17,30,0.567,77,146,0.527,0.221,1.074
日経新春H,S,選別条件,前走馬体重増減=増,前走馬体重増減,range,10,10,1.0,15,30,0.5,58,146,0.397,0.259,1.259
日経新春H,S,基礎条件,前走と同じ芝ダ,芝ダローテ,derived,10,10,1.0,30,30,1.0,143,146,0.979,0.21,1.021
日経新春H,S,基礎条件,前芝・ダ=芝,前芝・ダ,exact,10,10,1.0,30,30,1.0,143,146,0.979,0.21,1.021
日経新春H,S,基礎条件,性別=牡,性別,exact,10,10,1.0,28,30,0.933,126,146,0.863,0.222,1.081
日経新春H,S,基礎条件,前走馬場状態=良,前走馬場状態,exact,10,10,1.0,27,30,0.9,137,146,0.938,0.197,0.959
日経新春H,S,基礎条件,所属=(栗),所属,exact,10,10,1.0,25,30,0.833,116,146,0.795,0.216,1.049
日経新春H,S,基礎条件,距離差=±400m以内,距離ローテ,derived,10,10,1.0,24,30,0.8,113,146,0.774,0.212,1.034
日経新春H,S,基礎条件,斤量=56kg以下,斤量,range,10,10,1.0,24,30,0.8,118,146,0.808,0.203,0.99
日経新春H,S,基礎条件,前走Ｒ=11,前走Ｒ,exact,10,10,1.0,21,30,0.7,123,146,0.842,0.171,0.831
日経新春H,A,強選別条件,キャリア=11〜20戦,キャリア,range,10,10,1.0,14,30,0.467,48,146,0.329,0.292,1.419
日経新春H,B,強選別条件,前走着順=1〜5着,前走着順,range,10,9,0.9,19,30,0.633,50,146,0.342,0.38,1.849
日経新春H,B,強選別条件,前走着差=0.5秒以内,前走着差タイム,range,10,9,0.9,19,30,0.633,59,146,0.404,0.322,1.567
日経新春H,B,強選別条件,産地=安平町,産地,exact,10,9,0.9,14,30,0.467,40,146,0.274,0.35,1.703
日経新春H,B,強選別条件,前走上り3F=34秒台,前走上り3F,range,10,9,0.9,14,30,0.467,51,146,0.349,0.275,1.336
日経新春H,B,強選別条件,前走人気=1〜3人気,前走人気,range,10,9,0.9,13,30,0.433,37,146,0.253,0.351,1.71
日経新春H,B,強選別条件,馬番=5〜8番,馬番,range,10,9,0.9,12,30,0.4,40,146,0.274,0.3,1.46
日経新春H,B,選別条件,前走着差=0.9秒以内,前走着差タイム,range,10,9,0.9,23,30,0.767,87,146,0.596,0.264,1.287
日経新春H,B,選別条件,間隔=中8週以内,間隔,range,10,9,0.9,17,30,0.567,80,146,0.548,0.212,1.034
日経新春H,B,選別条件,前3角=後半位置(相対50%超),前3角,derived,10,9,0.9,17,30,0.567,80,146,0.548,0.212,1.034
日経新春H,B,選別条件,距離ローテ=同距離または延長,距離ローテ,derived,10,9,0.9,17,30,0.567,92,146,0.63,0.185,0.899
日経新春H,B,選別条件,替=*,替,exact,10,9,0.9,16,30,0.533,84,146,0.575,0.19,0.927
日経新春H,B,選別条件,馬番=1〜6番,馬番,range,10,9,0.9,15,30,0.5,60,146,0.411,0.25,1.217
日経新春H,B,選別条件,前4角=前半位置(相対50%以内),前4角,derived,10,9,0.9,15,30,0.5,65,146,0.445,0.231,1.123
日経新春H,B,選別条件,前4角=後半位置(相対50%超),前4角,derived,10,9,0.9,15,30,0.5,80,146,0.548,0.188,0.913
日経新春H,B,選別条件,毛色=鹿毛,毛色,exact,10,9,0.9,14,30,0.467,59,146,0.404,0.237,1.155
日経新春H,補助,強選別条件,前走着差=0.3秒以内,前走着差タイム,range,10,8,0.8,15,30,0.5,41,146,0.281,0.366,1.78
日経新春H,補助,強選別条件,前走斤量=57,前走斤量,exact,10,8,0.8,13,30,0.433,45,146,0.308,0.289,1.406
日経新春H,補助,強選別条件,年齢=4歳,年齢,exact,10,8,0.8,12,30,0.4,31,146,0.212,0.387,1.884
日経新春H,補助,強選別条件,キャリア=6〜10戦,キャリア,range,10,8,0.8,10,30,0.333,27,146,0.185,0.37,1.802
日経新春H,補助,強選別条件,前距離=2400,前距離,exact,10,8,0.8,8,30,0.267,25,146,0.171,0.32,1.557
日経新春H,補助,選別条件,前3角=後方(相対65%超),前3角,derived,10,8,0.8,12,30,0.4,56,146,0.384,0.214,1.043
日経新春H,補助,選別条件,前4角=後方(相対65%超),前4角,derived,10,8,0.8,11,30,0.367,55,146,0.377,0.2,0.973
日経新春H,補助,選別条件,間隔=中5〜8週,間隔,range,10,8,0.8,11,30,0.367,56,146,0.384,0.196,0.956
日経新春H,補助,選別条件,馬体重増減=増,馬体重増減,range,10,8,0.8,10,30,0.333,66,146,0.452,0.152,0.737
日経新春H,補助,選別条件,馬番=1〜4番,馬番,range,10,8,0.8,8,30,0.267,40,146,0.274,0.2,0.973
日経賞,S,強選別条件,距離差=±400m以内,距離ローテ,derived,10,10,1.0,25,30,0.833,82,130,0.631,0.305,1.321
日経賞,S,強選別条件,前4角=前半位置(相対50%以内),前4角,derived,10,10,1.0,24,30,0.8,75,130,0.577,0.32,1.387
日経賞,S,強選別条件,前走人気=1〜5人気,前走人気,range,10,10,1.0,23,30,0.767,57,130,0.438,0.404,1.749
日経賞,S,強選別条件,前3角=前半位置(相対50%以内),前3角,derived,10,10,1.0,23,30,0.767,75,130,0.577,0.307,1.329
日経賞,S,強選別条件,年齢=3〜5歳,年齢,range,10,10,1.0,18,30,0.6,55,130,0.423,0.327,1.418
日経賞,S,強選別条件,年齢=5歳以下,年齢,range,10,10,1.0,18,30,0.6,55,130,0.423,0.327,1.418
日経賞,S,強選別条件,距離差=±200m以内,距離ローテ,derived,10,10,1.0,17,30,0.567,41,130,0.315,0.415,1.797
日経賞,S,選別条件,前走着順=一桁着順,前走着順,range,10,10,1.0,27,30,0.9,99,130,0.762,0.273,1.182
日経賞,S,選別条件,前走着差=0.9秒以内,前走着差タイム,range,10,10,1.0,26,30,0.867,90,130,0.692,0.289,1.252
日経賞,S,選別条件,年齢=4〜6歳,年齢,range,10,10,1.0,23,30,0.767,92,130,0.708,0.25,1.083
日経賞,S,選別条件,年齢=6歳以下,年齢,range,10,10,1.0,23,30,0.767,92,130,0.708,0.25,1.083
日経賞,S,選別条件,枠位置=中50%,馬番相対,derived,10,10,1.0,18,30,0.6,66,130,0.508,0.273,1.182
日経賞,S,選別条件,所属=(栗),所属,exact,10,10,1.0,17,30,0.567,62,130,0.477,0.274,1.188
日経賞,S,基礎条件,前走と同じ芝ダ,芝ダローテ,derived,10,10,1.0,30,30,1.0,126,130,0.969,0.238,1.032
日経賞,S,基礎条件,前芝・ダ=芝,前芝・ダ,exact,10,10,1.0,30,30,1.0,126,130,0.969,0.238,1.032
日経賞,S,基礎条件,距離ローテ=同距離または延長,距離ローテ,derived,10,10,1.0,27,30,0.9,108,130,0.831,0.25,1.083
日経賞,S,基礎条件,性別=牡,性別,exact,10,10,1.0,26,30,0.867,113,130,0.869,0.23,0.997
日経賞,S,基礎条件,前走馬場状態=良,前走馬場状態,exact,10,10,1.0,23,30,0.767,104,130,0.8,0.221,0.958
日経賞,A,選別条件,所属=(美),所属,exact,10,10,1.0,13,30,0.433,67,130,0.515,0.194,0.841
日経賞,B,強選別条件,前走着順=1〜5着,前走着順,range,10,9,0.9,22,30,0.733,60,130,0.462,0.367,1.589
日経賞,B,強選別条件,前走着差=0.5秒以内,前走着差タイム,range,10,9,0.9,18,30,0.6,56,130,0.431,0.321,1.393
日経賞,B,強選別条件,前走人気=1〜3人気,前走人気,range,10,9,0.9,15,30,0.5,35,130,0.269,0.429,1.857
日経賞,B,強選別条件,前走斤量=57,前走斤量,exact,10,9,0.9,13,30,0.433,36,130,0.277,0.361,1.565
日経賞,B,強選別条件,前4角=4〜6番手,前4角,derived,10,9,0.9,11,30,0.367,30,130,0.231,0.367,1.589
日経賞,B,選別条件,前クラス名=G2,前クラス名,exact,10,9,0.9,15,30,0.5,62,130,0.477,0.242,1.048
日経賞,B,選別条件,替=*,替,exact,10,9,0.9,13,30,0.433,77,130,0.592,0.169,0.732
日経賞,B,選別条件,産地=安平町,産地,exact,10,9,0.9,10,30,0.333,39,130,0.3,0.256,1.111
日経賞,B,基礎条件,前走Ｒ=11,前走Ｒ,exact,10,9,0.9,23,30,0.767,105,130,0.808,0.219,0.949
日経賞,補助,強選別条件,馬体重増減=減,馬体重増減,range,10,8,0.8,16,30,0.533,51,130,0.392,0.314,1.359
日経賞,補助,強選別条件,前走着差=0.3秒以内,前走着差タイム,range,10,8,0.8,15,30,0.5,42,130,0.323,0.357,1.548
日経賞,補助,強選別条件,前走着順=1〜3着,前走着順,range,10,8,0.8,13,30,0.433,40,130,0.308,0.325,1.408
日経賞,補助,選別条件,斤量=56kg以下,斤量,range,10,8,0.8,18,30,0.6,94,130,0.723,0.191,0.83
日経賞,補助,選別条件,距離ローテ=距離延長,距離ローテ,derived,10,8,0.8,17,30,0.567,85,130,0.654,0.2,0.867
日経賞,補助,選別条件,馬番=1〜6番,馬番,range,10,8,0.8,16,30,0.533,60,130,0.462,0.267,1.156
日経賞,補助,選別条件,前走頭数=14〜16頭,前走頭数,range,10,8,0.8,16,30,0.533,63,130,0.485,0.254,1.101
日経賞,補助,選別条件,キャリア=11〜20戦,キャリア,range,10,8,0.8,14,30,0.467,48,130,0.369,0.292,1.264
日経賞,補助,選別条件,前走馬体重増減=増,前走馬体重増減,range,10,8,0.8,14,30,0.467,58,130,0.446,0.241,1.046
有馬記念,S,強選別条件,前走人気=1〜5人気,前走人気,range,10,10,1.0,24,30,0.8,88,160,0.55,0.273,1.455
有馬記念,S,強選別条件,前走着順=1〜5着,前走着順,range,10,10,1.0,24,30,0.8,90,160,0.562,0.267,1.422
有馬記念,S,強選別条件,斤量=56kg以下,斤量,range,10,10,1.0,17,30,0.567,64,160,0.4,0.266,1.417
有馬記念,S,強選別条件,前走人気=1〜3人気,前走人気,range,10,10,1.0,15,30,0.5,58,160,0.362,0.259,1.379
有馬記念,S,選別条件,年齢=3〜5歳,年齢,range,10,10,1.0,29,30,0.967,124,160,0.775,0.234,1.247
有馬記念,S,選別条件,年齢=5歳以下,年齢,range,10,10,1.0,29,30,0.967,124,160,0.775,0.234,1.247
有馬記念,S,選別条件,前クラス名=G1,前クラス名,exact,10,10,1.0,29,30,0.967,126,160,0.787,0.23,1.228
有馬記念,S,選別条件,前走着順=一桁着順,前走着順,range,10,10,1.0,27,30,0.9,121,160,0.756,0.223,1.19
有馬記念,S,選別条件,前走着差=0.9秒以内,前走着差タイム,range,10,10,1.0,25,30,0.833,108,160,0.675,0.231,1.235
有馬記念,S,選別条件,性別=牡,性別,exact,10,10,1.0,22,30,0.733,118,160,0.738,0.186,0.994
有馬記念,S,選別条件,所属=(栗),所属,exact,10,10,1.0,21,30,0.7,113,160,0.706,0.186,0.991
有馬記念,S,選別条件,枠位置=中50%,馬番相対,derived,10,10,1.0,18,30,0.6,80,160,0.5,0.225,1.2
有馬記念,S,基礎条件,年齢=6歳以下,年齢,range,10,10,1.0,30,30,1.0,147,160,0.919,0.204,1.088
有馬記念,S,基礎条件,前走と同じ芝ダ,芝ダローテ,derived,10,10,1.0,30,30,1.0,160,160,1.0,0.188,1.0
有馬記念,S,基礎条件,前芝・ダ=芝,前芝・ダ,exact,10,10,1.0,30,30,1.0,160,160,1.0,0.188,1.0
有馬記念,S,基礎条件,前走馬場状態=良,前走馬場状態,exact,10,10,1.0,25,30,0.833,136,160,0.85,0.184,0.98
有馬記念,S,基礎条件,距離ローテ=同距離または延長,距離ローテ,derived,10,10,1.0,24,30,0.8,138,160,0.863,0.174,0.928
有馬記念,S,基礎条件,距離ローテ=距離延長,距離ローテ,derived,10,10,1.0,23,30,0.767,130,160,0.812,0.177,0.944
有馬記念,S,基礎条件,年齢=4〜6歳,年齢,range,10,10,1.0,21,30,0.7,122,160,0.762,0.172,0.918
有馬記念,S,基礎条件,間隔=中8週以内,間隔,range,10,10,1.0,21,30,0.7,132,160,0.825,0.159,0.848
有馬記念,A,選別条件,馬番=9番外,馬番,range,10,10,1.0,14,30,0.467,80,160,0.5,0.175,0.933
有馬記念,B,強選別条件,斤量=55kg,斤量,range,10,9,0.9,16,30,0.533,55,160,0.344,0.291,1.552
有馬記念,B,強選別条件,前4角=4〜6番手,前4角,derived,10,9,0.9,12,30,0.4,37,160,0.231,0.324,1.73
有馬記念,B,選別条件,前4角=前半位置(相対50%以内),前4角,derived,10,9,0.9,21,30,0.7,95,160,0.594,0.221,1.179
有馬記念,B,選別条件,前走頭数=17頭以上,前走頭数,range,10,9,0.9,20,30,0.667,93,160,0.581,0.215,1.147
有馬記念,B,選別条件,産地=安平町,産地,exact,10,9,0.9,18,30,0.6,82,160,0.512,0.22,1.171
有馬記念,B,選別条件,前走着順=1〜3着,前走着順,range,10,9,0.9,17,30,0.567,71,160,0.444,0.239,1.277
有馬記念,B,選別条件,キャリア=11〜20戦,キャリア,range,10,9,0.9,17,30,0.567,77,160,0.481,0.221,1.177
有馬記念,B,選別条件,距離差=±400m以内,距離ローテ,derived,10,9,0.9,17,30,0.567,100,160,0.625,0.17,0.907
有馬記念,B,選別条件,前走頭数=18,前走頭数,exact,10,9,0.9,15,30,0.5,64,160,0.4,0.234,1.25
有馬記念,B,選別条件,毛色=鹿毛,毛色,exact,10,9,0.9,14,30,0.467,77,160,0.481,0.182,0.97
有馬記念,B,選別条件,馬体重増減=増,馬体重増減,range,10,9,0.9,13,30,0.433,72,160,0.45,0.181,0.963
有馬記念,B,基礎条件,前走Ｒ=11,前走Ｒ,exact,10,9,0.9,23,30,0.767,130,160,0.812,0.177,0.944
有馬記念,補助,強選別条件,前走着差=0.3秒以内,前走着差タイム,range,10,8,0.8,17,30,0.567,66,160,0.412,0.258,1.374
有馬記念,補助,選別条件,前走着差=0.5秒以内,前走着差タイム,range,10,8,0.8,18,30,0.6,79,160,0.494,0.228,1.215
有馬記念,補助,選別条件,前3角=前半位置(相対50%以内),前3角,derived,10,8,0.8,17,30,0.567,82,160,0.512,0.207,1.106
有馬記念,補助,選別条件,替=*,替,exact,10,8,0.8,13,30,0.433,72,160,0.45,0.181,0.963
有馬記念,補助,選別条件,前走馬体重増減=増,前走馬体重増減,range,10,8,0.8,10,30,0.333,52,160,0.325,0.192,1.026
札幌2歳,S,強選別条件,前走人気=1〜3人気,前走人気,range,10,10,1.0,25,30,0.833,81,129,0.628,0.309,1.327
札幌2歳,S,強選別条件,枠位置=外25%,馬番相対,derived,10,10,1.0,15,30,0.5,37,129,0.287,0.405,1.743
札幌2歳,S,選別条件,前走人気=1〜5人気,前走人気,range,10,10,1.0,28,30,0.933,104,129,0.806,0.269,1.158
札幌2歳,S,選別条件,前走馬場状態=良,前走馬場状態,exact,10,10,1.0,25,30,0.833,93,129,0.721,0.269,1.156
札幌2歳,S,選別条件,距離ローテ=同距離,距離ローテ,derived,10,10,1.0,24,30,0.8,95,129,0.736,0.253,1.086
札幌2歳,S,選別条件,前距離=1800,前距離,exact,10,10,1.0,24,30,0.8,95,129,0.736,0.253,1.086
札幌2歳,S,選別条件,性別=牡,性別,exact,10,10,1.0,22,30,0.733,95,129,0.736,0.232,0.996
札幌2歳,S,選別条件,前走レース名=新馬,前走レース名,exact,10,10,1.0,17,30,0.567,71,129,0.55,0.239,1.03
札幌2歳,S,選別条件,前走Ｒ=5,前走Ｒ,exact,10,10,1.0,17,30,0.567,72,129,0.558,0.236,1.015
札幌2歳,S,選別条件,前クラス名=新馬,前クラス名,exact,10,10,1.0,17,30,0.567,73,129,0.566,0.233,1.001
札幌2歳,S,基礎条件,前走着差=0.3秒以内,前走着差タイム,range,10,10,1.0,30,30,1.0,118,129,0.915,0.254,1.093
札幌2歳,S,基礎条件,前走着差=0.5秒以内,前走着差タイム,range,10,10,1.0,30,30,1.0,122,129,0.946,0.246,1.057
札幌2歳,S,基礎条件,前走着差=0.9秒以内,前走着差タイム,range,10,10,1.0,30,30,1.0,125,129,0.969,0.24,1.032
札幌2歳,S,基礎条件,距離差=±400m以内,距離ローテ,derived,10,10,1.0,30,30,1.0,125,129,0.969,0.24,1.032
札幌2歳,S,基礎条件,前走と同じ芝ダ,芝ダローテ,derived,10,10,1.0,30,30,1.0,125,129,0.969,0.24,1.032
札幌2歳,S,基礎条件,前芝・ダ=芝,前芝・ダ,exact,10,10,1.0,30,30,1.0,125,129,0.969,0.24,1.032
札幌2歳,S,基礎条件,前走着順=1〜5着,前走着順,range,10,10,1.0,30,30,1.0,126,129,0.977,0.238,1.024
札幌2歳,S,基礎条件,距離ローテ=同距離または延長,距離ローテ,derived,10,10,1.0,30,30,1.0,127,129,0.984,0.236,1.016
札幌2歳,S,基礎条件,キャリア=5戦以内,キャリア,range,10,10,1.0,30,30,1.0,128,129,0.992,0.234,1.008
札幌2歳,S,基礎条件,前走着順=一桁着順,前走着順,range,10,10,1.0,30,30,1.0,128,129,0.992,0.234,1.008
札幌2歳,S,基礎条件,年齢=2歳,年齢,exact,10,10,1.0,30,30,1.0,129,129,1.0,0.233,1.0
札幌2歳,S,基礎条件,年齢=5歳以下,年齢,range,10,10,1.0,30,30,1.0,129,129,1.0,0.233,1.0
札幌2歳,S,基礎条件,年齢=6歳以下,年齢,range,10,10,1.0,30,30,1.0,129,129,1.0,0.233,1.0
札幌2歳,S,基礎条件,斤量=56kg以下,斤量,range,10,10,1.0,30,30,1.0,129,129,1.0,0.233,1.0
札幌2歳,S,基礎条件,前走着順=1〜3着,前走着順,range,10,10,1.0,29,30,0.967,118,129,0.915,0.246,1.057
札幌2歳,S,基礎条件,前走着順=1着,前走着順,range,10,10,1.0,27,30,0.9,105,129,0.814,0.257,1.106
札幌2歳,S,基礎条件,前走着差=勝ち/同タイム,前走着差タイム,range,10,10,1.0,27,30,0.9,108,129,0.837,0.25,1.075
札幌2歳,S,基礎条件,距離差=±200m以内,距離ローテ,derived,10,10,1.0,26,30,0.867,108,129,0.837,0.241,1.035
札幌2歳,S,基礎条件,前4角=前半位置(相対50%以内),前4角,derived,10,10,1.0,26,30,0.867,110,129,0.853,0.236,1.016
札幌2歳,S,基礎条件,間隔=中8週以内,間隔,range,10,10,1.0,25,30,0.833,115,129,0.891,0.217,0.935
札幌2歳,S,基礎条件,距離ローテ=同距離または短縮,距離ローテ,derived,10,10,1.0,24,30,0.8,97,129,0.752,0.247,1.064
札幌2歳,S,基礎条件,前3角=前半位置(相対50%以内),前3角,derived,10,10,1.0,24,30,0.8,102,129,0.791,0.235,1.012
札幌2歳,A,強選別条件,前走人気=1人気,前走人気,range,10,10,1.0,14,30,0.467,39,129,0.302,0.359,1.544
札幌2歳,B,強選別条件,馬番=9番外,馬番,range,10,9,0.9,15,30,0.5,49,129,0.38,0.306,1.316
札幌2歳,B,強選別条件,産地=安平町,産地,exact,10,9,0.9,11,30,0.367,24,129,0.186,0.458,1.971
札幌2歳,B,選別条件,前走頭数=10頭以下,前走頭数,range,10,9,0.9,17,30,0.567,58,129,0.45,0.293,1.26
札幌2歳,B,選別条件,所属=(栗),所属,exact,10,9,0.9,15,30,0.5,63,129,0.488,0.238,1.024
札幌2歳,B,選別条件,馬体重増減=増,馬体重増減,range,10,9,0.9,13,30,0.433,52,129,0.403,0.25,1.075
札幌2歳,B,基礎条件,前走斤量=54,前走斤量,exact,10,9,0.9,27,30,0.9,113,129,0.876,0.239,1.027
札幌2歳,B,基礎条件,斤量=54kg,斤量,range,10,9,0.9,27,30,0.9,119,129,0.922,0.227,0.976
札幌2歳,補助,選別条件,間隔=中4週以内,間隔,range,10,8,0.8,13,30,0.433,67,129,0.519,0.194,0.834
札幌2歳,補助,選別条件,所属=(美),所属,exact,10,8,0.8,12,30,0.4,59,129,0.457,0.203,0.875
札幌2歳,補助,選別条件,馬番=1〜6番,馬番,range,10,8,0.8,10,30,0.333,60,129,0.465,0.167,0.717
札幌記念,S,強選別条件,馬番=1〜6番,馬番,range,10,10,1.0,17,30,0.567,60,144,0.417,0.283,1.36
札幌記念,S,選別条件,距離ローテ=同距離または短縮,距離ローテ,derived,10,10,1.0,24,30,0.8,106,144,0.736,0.226,1.087
札幌記念,S,選別条件,年齢=3〜5歳,年齢,range,10,10,1.0,23,30,0.767,85,144,0.59,0.271,1.299
札幌記念,S,選別条件,年齢=5歳以下,年齢,range,10,10,1.0,23,30,0.767,85,144,0.59,0.271,1.299
札幌記念,S,選別条件,前走着差=0.9秒以内,前走着差タイム,range,10,10,1.0,23,30,0.767,97,144,0.674,0.237,1.138
札幌記念,S,選別条件,年齢=4〜6歳,年齢,range,10,10,1.0,23,30,0.767,106,144,0.736,0.217,1.042
札幌記念,S,選別条件,所属=(栗),所属,exact,10,10,1.0,19,30,0.633,88,144,0.611,0.216,1.036
札幌記念,S,選別条件,前4角=前半位置(相対50%以内),前4角,derived,10,10,1.0,16,30,0.533,74,144,0.514,0.216,1.038
札幌記念,S,選別条件,前走着順=1〜5着,前走着順,range,10,10,1.0,16,30,0.533,77,144,0.535,0.208,0.997
札幌記念,S,選別条件,距離ローテ=同距離または延長,距離ローテ,derived,10,10,1.0,16,30,0.533,101,144,0.701,0.158,0.76
札幌記念,S,選別条件,前走着差=0.5秒以内,前走着差タイム,range,10,10,1.0,15,30,0.5,73,144,0.507,0.205,0.986
札幌記念,S,基礎条件,前走と同じ芝ダ,芝ダローテ,derived,10,10,1.0,30,30,1.0,141,144,0.979,0.213,1.021
札幌記念,S,基礎条件,前芝・ダ=芝,前芝・ダ,exact,10,10,1.0,30,30,1.0,141,144,0.979,0.213,1.021
札幌記念,S,基礎条件,年齢=6歳以下,年齢,range,10,10,1.0,27,30,0.9,115,144,0.799,0.235,1.127
札幌記念,S,基礎条件,前走着順=一桁着順,前走着順,range,10,10,1.0,26,30,0.867,115,144,0.799,0.226,1.085
札幌記念,S,基礎条件,距離差=±400m以内,距離ローテ,derived,10,10,1.0,26,30,0.867,121,144,0.84,0.215,1.031
札幌記念,S,基礎条件,前走Ｒ=11,前走Ｒ,exact,10,10,1.0,24,30,0.8,116,144,0.806,0.207,0.993
札幌記念,S,基礎条件,性別=牡,性別,exact,10,10,1.0,22,30,0.733,115,144,0.799,0.191,0.918
札幌記念,A,強選別条件,年齢=5歳,年齢,exact,10,10,1.0,14,30,0.467,43,144,0.299,0.326,1.563
札幌記念,A,選別条件,前走人気=1〜5人気,前走人気,range,10,10,1.0,14,30,0.467,59,144,0.41,0.237,1.139
札幌記念,B,強選別条件,前クラス名=G1,前クラス名,exact,10,9,0.9,21,30,0.7,59,144,0.41,0.356,1.708
札幌記念,B,強選別条件,距離ローテ=距離短縮,距離ローテ,derived,10,9,0.9,14,30,0.467,43,144,0.299,0.326,1.563
札幌記念,B,強選別条件,馬番=1〜4番,馬番,range,10,9,0.9,13,30,0.433,40,144,0.278,0.325,1.56
札幌記念,B,強選別条件,前走人気=1〜3人気,前走人気,range,10,9,0.9,11,30,0.367,40,144,0.278,0.275,1.32
札幌記念,B,選別条件,斤量=57kg,斤量,range,10,9,0.9,18,30,0.6,100,144,0.694,0.18,0.864
札幌記念,B,選別条件,キャリア=11〜20戦,キャリア,range,10,9,0.9,14,30,0.467,59,144,0.41,0.237,1.139
札幌記念,B,選別条件,前3角=前半位置(相対50%以内),前3角,derived,10,9,0.9,14,30,0.467,69,144,0.479,0.203,0.974
札幌記念,B,選別条件,前走馬体重増減=減,前走馬体重増減,range,10,9,0.9,13,30,0.433,50,144,0.347,0.26,1.248
札幌記念,B,選別条件,毛色=鹿毛,毛色,exact,10,9,0.9,12,30,0.4,52,144,0.361,0.231,1.108
札幌記念,B,基礎条件,前走馬場状態=良,前走馬場状態,exact,10,9,0.9,23,30,0.767,110,144,0.764,0.209,1.004
札幌記念,補助,強選別条件,間隔=中9〜12週,間隔,range,10,8,0.8,12,30,0.4,31,144,0.215,0.387,1.858
札幌記念,補助,強選別条件,前走頭数=17頭以上,前走頭数,range,10,8,0.8,11,30,0.367,30,144,0.208,0.367,1.76
札幌記念,補助,選別条件,距離差=±200m以内,距離ローテ,derived,10,8,0.8,16,30,0.533,97,144,0.674,0.165,0.792
札幌記念,補助,選別条件,枠位置=中50%,馬番相対,derived,10,8,0.8,14,30,0.467,72,144,0.5,0.194,0.933
札幌記念,補助,選別条件,前3角=後半位置(相対50%超),前3角,derived,10,8,0.8,13,30,0.433,59,144,0.41,0.22,1.058
札幌記念,補助,選別条件,前走着差=0.3秒以内,前走着差タイム,range,10,8,0.8,12,30,0.4,52,144,0.361,0.231,1.108
札幌記念,補助,選別条件,前4角=後半位置(相対50%超),前4角,derived,10,8,0.8,11,30,0.367,54,144,0.375,0.204,0.978
札幌記念,補助,選別条件,所属=(美),所属,exact,10,8,0.8,11,30,0.367,56,144,0.389,0.196,0.943
札幌記念,補助,選別条件,馬番=9番外,馬番,range,10,8,0.8,11,30,0.367,64,144,0.444,0.172,0.825
札幌記念,補助,選別条件,前走頭数=14〜16頭,前走頭数,range,10,8,0.8,10,30,0.333,77,144,0.535,0.13,0.623
東京ジャJ,S,強選別条件,前走人気=1〜5人気,前走人気,range,10,10,1.0,24,30,0.8,78,127,0.614,0.308,1.303
東京ジャJ,S,選別条件,前走馬場状態=良,前走馬場状態,exact,10,10,1.0,24,30,0.8,90,127,0.709,0.267,1.129
東京ジャJ,S,選別条件,前走着順=1〜5着,前走着順,range,10,10,1.0,23,30,0.767,85,127,0.669,0.271,1.145
東京ジャJ,S,選別条件,前3角=前半位置(相対50%以内),前3角,derived,10,10,1.0,23,30,0.767,92,127,0.724,0.25,1.058
東京ジャJ,S,選別条件,前4角=前半位置(相対50%以内),前4角,derived,10,10,1.0,22,30,0.733,92,127,0.724,0.239,1.012
東京ジャJ,S,選別条件,距離ローテ=同距離または短縮,距離ローテ,derived,10,10,1.0,20,30,0.667,87,127,0.685,0.23,0.973
東京ジャJ,S,選別条件,間隔=中8週以内,間隔,range,10,10,1.0,19,30,0.633,68,127,0.535,0.279,1.183
東京ジャJ,S,選別条件,距離ローテ=距離短縮,距離ローテ,derived,10,10,1.0,19,30,0.633,82,127,0.646,0.232,0.981
東京ジャJ,S,選別条件,キャリア=21戦以上,キャリア,range,10,10,1.0,19,30,0.633,94,127,0.74,0.202,0.856
東京ジャJ,S,選別条件,馬番=1〜6番,馬番,range,10,10,1.0,18,30,0.6,60,127,0.472,0.3,1.27
東京ジャJ,S,選別条件,所属=(栗),所属,exact,10,10,1.0,18,30,0.6,78,127,0.614,0.231,0.977
東京ジャJ,S,選別条件,前クラス名=オープン,前クラス名,exact,10,10,1.0,18,30,0.6,78,127,0.614,0.231,0.977
東京ジャJ,S,選別条件,距離差=±400m以内,距離ローテ,derived,10,10,1.0,18,30,0.6,87,127,0.685,0.207,0.876
東京ジャJ,S,選別条件,毛色=鹿毛,毛色,exact,10,10,1.0,17,30,0.567,59,127,0.465,0.288,1.22
東京ジャJ,S,選別条件,前走頭数=14〜16頭,前走頭数,range,10,10,1.0,17,30,0.567,60,127,0.472,0.283,1.199
東京ジャJ,S,基礎条件,斤量=58kg以上,斤量,range,10,10,1.0,30,30,1.0,127,127,1.0,0.236,1.0
東京ジャJ,S,基礎条件,前走着順=一桁着順,前走着順,range,10,10,1.0,27,30,0.9,114,127,0.898,0.237,1.003
東京ジャJ,S,基礎条件,前走上り3F=33秒台以下,前走上り3F,range,10,10,1.0,27,30,0.9,118,127,0.929,0.229,0.969
東京ジャJ,S,基礎条件,前走と同じ芝ダ,芝ダローテ,derived,10,10,1.0,23,30,0.767,102,127,0.803,0.225,0.955
東京ジャJ,S,基礎条件,性別=牡,性別,exact,10,10,1.0,23,30,0.767,102,127,0.803,0.225,0.955
東京ジャJ,S,基礎条件,前芝・ダ=芝,前芝・ダ,exact,10,10,1.0,23,30,0.767,102,127,0.803,0.225,0.955
東京ジャJ,B,強選別条件,馬番=1〜4番,馬番,range,10,9,0.9,14,30,0.467,40,127,0.315,0.35,1.482
東京ジャJ,B,強選別条件,間隔=中5〜8週,間隔,range,10,9,0.9,14,30,0.467,45,127,0.354,0.311,1.317
東京ジャJ,B,選別条件,年齢=4〜6歳,年齢,range,10,9,0.9,19,30,0.633,70,127,0.551,0.271,1.149
東京ジャJ,B,選別条件,年齢=6歳以下,年齢,range,10,9,0.9,19,30,0.633,70,127,0.551,0.271,1.149
東京ジャJ,B,選別条件,前走レース名=障害・オープ,前走レース名,exact,10,9,0.9,16,30,0.533,59,127,0.465,0.271,1.148
東京ジャJ,B,選別条件,馬体重増減=減,馬体重増減,range,10,9,0.9,15,30,0.5,49,127,0.386,0.306,1.296
東京ジャJ,B,選別条件,前走人気=1〜3人気,前走人気,range,10,9,0.9,15,30,0.5,52,127,0.409,0.288,1.221
東京ジャJ,B,選別条件,前走頭数=14,前走頭数,exact,10,9,0.9,15,30,0.5,56,127,0.441,0.268,1.134
東京ジャJ,B,選別条件,枠位置=中50%,馬番相対,derived,10,9,0.9,14,30,0.467,63,127,0.496,0.222,0.941
東京ジャJ,B,選別条件,替=*,替,exact,10,9,0.9,12,30,0.4,42,127,0.331,0.286,1.21
東京ジャJ,B,選別条件,馬体重増減=増,馬体重増減,range,10,9,0.9,11,30,0.367,41,127,0.323,0.268,1.136
東京ジャJ,補助,強選別条件,枠位置=内25%,馬番相対,derived,10,8,0.8,11,30,0.367,28,127,0.22,0.393,1.663
東京ジャJ,補助,強選別条件,キャリア=11〜20戦,キャリア,range,10,8,0.8,11,30,0.367,32,127,0.252,0.344,1.455
東京ジャJ,補助,強選別条件,前3角=4〜6番手,前3角,derived,10,8,0.8,11,30,0.367,32,127,0.252,0.344,1.455
東京ジャJ,補助,選別条件,前走着順=1〜3着,前走着順,range,10,8,0.8,18,30,0.6,63,127,0.496,0.286,1.21
東京ジャJ,補助,選別条件,前走着差=0.9秒以内,前走着差タイム,range,10,8,0.8,17,30,0.567,63,127,0.496,0.27,1.142
東京ジャJ,補助,選別条件,前走着差=0.5秒以内,前走着差タイム,range,10,8,0.8,16,30,0.533,56,127,0.441,0.286,1.21
東京ジャJ,補助,選別条件,前走馬体重増減=減,前走馬体重増減,range,10,8,0.8,11,30,0.367,52,127,0.409,0.212,0.896
東京ジャJ,補助,選別条件,前4角=2〜3番手,前4角,derived,10,8,0.8,10,30,0.333,37,127,0.291,0.27,1.144
東京スポ,S,強選別条件,前走人気=1〜3人気,前走人気,range,10,10,1.0,25,30,0.833,60,108,0.556,0.417,1.5
東京スポ,S,強選別条件,馬番=1〜6番,馬番,range,10,10,1.0,22,30,0.733,60,108,0.556,0.367,1.32
東京スポ,S,強選別条件,前走人気=1人気,前走人気,range,10,10,1.0,16,30,0.533,37,108,0.343,0.432,1.557
東京スポ,S,強選別条件,馬番=1〜4番,馬番,range,10,10,1.0,16,30,0.533,40,108,0.37,0.4,1.44
東京スポ,S,強選別条件,産地=安平町,産地,exact,10,10,1.0,15,30,0.5,40,108,0.37,0.375,1.35
東京スポ,S,選別条件,前走着差=勝ち/同タイム,前走着差タイム,range,10,10,1.0,26,30,0.867,80,108,0.741,0.325,1.17
東京スポ,S,選別条件,前走着順=1着,前走着順,range,10,10,1.0,24,30,0.8,75,108,0.694,0.32,1.152
東京スポ,S,選別条件,前4角=前半位置(相対50%以内),前4角,derived,10,10,1.0,21,30,0.7,78,108,0.722,0.269,0.969
東京スポ,S,選別条件,距離ローテ=同距離,距離ローテ,derived,10,10,1.0,19,30,0.633,59,108,0.546,0.322,1.159
東京スポ,S,選別条件,前距離=1800,前距離,exact,10,10,1.0,19,30,0.633,59,108,0.546,0.322,1.159
東京スポ,S,選別条件,前3角=前半位置(相対50%以内),前3角,derived,10,10,1.0,17,30,0.567,63,108,0.583,0.27,0.971
東京スポ,S,基礎条件,前走着差=0.3秒以内,前走着差タイム,range,10,10,1.0,30,30,1.0,94,108,0.87,0.319,1.149
東京スポ,S,基礎条件,前走着順=1〜3着,前走着順,range,10,10,1.0,30,30,1.0,96,108,0.889,0.312,1.125
東京スポ,S,基礎条件,前走着差=0.5秒以内,前走着差タイム,range,10,10,1.0,30,30,1.0,96,108,0.889,0.312,1.125
東京スポ,S,基礎条件,前走着順=1〜5着,前走着順,range,10,10,1.0,30,30,1.0,102,108,0.944,0.294,1.059
東京スポ,S,基礎条件,性別=牡,性別,exact,10,10,1.0,30,30,1.0,102,108,0.944,0.294,1.059
東京スポ,S,基礎条件,前走着差=0.9秒以内,前走着差タイム,range,10,10,1.0,30,30,1.0,103,108,0.954,0.291,1.049
東京スポ,S,基礎条件,距離差=±200m以内,距離ローテ,derived,10,10,1.0,30,30,1.0,104,108,0.963,0.288,1.038
東京スポ,S,基礎条件,前走と同じ芝ダ,芝ダローテ,derived,10,10,1.0,30,30,1.0,105,108,0.972,0.286,1.029
東京スポ,S,基礎条件,前芝・ダ=芝,前芝・ダ,exact,10,10,1.0,30,30,1.0,105,108,0.972,0.286,1.029
東京スポ,S,基礎条件,前走着順=一桁着順,前走着順,range,10,10,1.0,30,30,1.0,106,108,0.981,0.283,1.019
東京スポ,S,基礎条件,キャリア=5戦以内,キャリア,range,10,10,1.0,30,30,1.0,107,108,0.991,0.28,1.009
東京スポ,S,基礎条件,年齢=2歳,年齢,exact,10,10,1.0,30,30,1.0,108,108,1.0,0.278,1.0
東京スポ,S,基礎条件,年齢=5歳以下,年齢,range,10,10,1.0,30,30,1.0,108,108,1.0,0.278,1.0
東京スポ,S,基礎条件,年齢=6歳以下,年齢,range,10,10,1.0,30,30,1.0,108,108,1.0,0.278,1.0
東京スポ,S,基礎条件,斤量=56kg以下,斤量,range,10,10,1.0,30,30,1.0,108,108,1.0,0.278,1.0
東京スポ,S,基礎条件,距離差=±400m以内,距離ローテ,derived,10,10,1.0,30,30,1.0,108,108,1.0,0.278,1.0
東京スポ,S,基礎条件,前走人気=1〜5人気,前走人気,range,10,10,1.0,29,30,0.967,91,108,0.843,0.319,1.147
東京スポ,S,基礎条件,距離ローテ=同距離または延長,距離ローテ,derived,10,10,1.0,25,30,0.833,82,108,0.759,0.305,1.098
東京スポ,S,基礎条件,距離ローテ=同距離または短縮,距離ローテ,derived,10,10,1.0,24,30,0.8,85,108,0.787,0.282,1.016
東京スポ,S,基礎条件,前走馬場状態=良,前走馬場状態,exact,10,10,1.0,20,30,0.667,81,108,0.75,0.247,0.889
東京スポ,A,選別条件,前3角=後半位置(相対50%超),前3角,derived,10,10,1.0,13,30,0.433,45,108,0.417,0.289,1.04
東京スポ,B,強選別条件,前走上り3F=33秒台以下,前走上り3F,range,10,9,0.9,14,30,0.467,38,108,0.352,0.368,1.326
東京スポ,B,選別条件,所属=(美),所属,exact,10,9,0.9,17,30,0.567,59,108,0.546,0.288,1.037
東京スポ,B,選別条件,間隔=中8週以内,間隔,range,10,9,0.9,17,30,0.567,65,108,0.602,0.262,0.942
東京スポ,B,選別条件,前走斤量=54,前走斤量,exact,10,9,0.9,15,30,0.5,50,108,0.463,0.3,1.08
東京スポ,B,選別条件,毛色=鹿毛,毛色,exact,10,9,0.9,15,30,0.5,53,108,0.491,0.283,1.019
東京スポ,B,選別条件,前4角=2〜3番手,前4角,derived,10,9,0.9,14,30,0.467,40,108,0.37,0.35,1.26
東京スポ,B,選別条件,前走レース名=新馬,前走レース名,exact,10,9,0.9,13,30,0.433,37,108,0.343,0.351,1.265
東京スポ,B,選別条件,前クラス名=新馬,前クラス名,exact,10,9,0.9,13,30,0.433,37,108,0.343,0.351,1.265
東京スポ,B,選別条件,前走Ｒ=5,前走Ｒ,exact,10,9,0.9,13,30,0.433,38,108,0.352,0.342,1.232
東京スポ,B,基礎条件,斤量=55kg,斤量,range,10,9,0.9,27,30,0.9,94,108,0.87,0.287,1.034
東京スポ,補助,強選別条件,前3角=4〜6番手,前3角,derived,10,8,0.8,13,30,0.433,33,108,0.306,0.394,1.418
東京スポ,補助,強選別条件,枠位置=内25%,馬番相対,derived,10,8,0.8,12,30,0.4,23,108,0.213,0.522,1.878
東京スポ,補助,選別条件,前走頭数=10頭以下,前走頭数,range,10,8,0.8,17,30,0.567,53,108,0.491,0.321,1.155
東京スポ,補助,選別条件,所属=(栗),所属,exact,10,8,0.8,13,30,0.433,48,108,0.444,0.271,0.975
東京スポ,補助,選別条件,替=*,替,exact,10,8,0.8,13,30,0.433,48,108,0.444,0.271,0.975
東京スポ,補助,選別条件,馬体重増減=増,馬体重増減,range,10,8,0.8,11,30,0.367,47,108,0.435,0.234,0.843
東京スポ,補助,選別条件,前4角=後半位置(相対50%超),前4角,derived,10,8,0.8,9,30,0.3,30,108,0.278,0.3,1.08
東京ハイJ,S,強選別条件,前走着順=1〜3着,前走着順,range,10,10,1.0,25,30,0.833,63,109,0.578,0.397,1.442
東京ハイJ,S,強選別条件,前走着差=0.9秒以内,前走着差タイム,range,10,10,1.0,24,30,0.8,64,109,0.587,0.375,1.362
東京ハイJ,S,強選別条件,前走着差=0.5秒以内,前走着差タイム,range,10,10,1.0,23,30,0.767,55,109,0.505,0.418,1.519
東京ハイJ,S,強選別条件,所属=(栗),所属,exact,10,10,1.0,23,30,0.767,64,109,0.587,0.359,1.306
東京ハイJ,S,強選別条件,前クラス名=JG3,前クラス名,exact,10,10,1.0,22,30,0.733,48,109,0.44,0.458,1.665
東京ハイJ,S,強選別条件,前走着差=0.3秒以内,前走着差タイム,range,10,10,1.0,22,30,0.733,51,109,0.468,0.431,1.567
東京ハイJ,S,強選別条件,前走人気=1〜3人気,前走人気,range,10,10,1.0,22,30,0.733,52,109,0.477,0.423,1.537
東京ハイJ,S,強選別条件,前走着順=1着,前走着順,range,10,10,1.0,18,30,0.6,39,109,0.358,0.462,1.677
東京ハイJ,S,強選別条件,前走着差=勝ち/同タイム,前走着差タイム,range,10,10,1.0,18,30,0.6,39,109,0.358,0.462,1.677
東京ハイJ,S,選別条件,前走着順=1〜5着,前走着順,range,10,10,1.0,27,30,0.9,78,109,0.716,0.346,1.258
東京ハイJ,S,選別条件,前3角=前半位置(相対50%以内),前3角,derived,10,10,1.0,27,30,0.9,78,109,0.716,0.346,1.258
東京ハイJ,S,選別条件,前4角=前半位置(相対50%以内),前4角,derived,10,10,1.0,27,30,0.9,80,109,0.734,0.338,1.226
東京ハイJ,S,選別条件,前走人気=1〜5人気,前走人気,range,10,10,1.0,25,30,0.833,70,109,0.642,0.357,1.298
東京ハイJ,S,選別条件,前走Ｒ=8,前走Ｒ,exact,10,10,1.0,22,30,0.733,72,109,0.661,0.306,1.11
東京ハイJ,S,選別条件,距離ローテ=距離短縮,距離ローテ,derived,10,10,1.0,22,30,0.733,79,109,0.725,0.278,1.012
東京ハイJ,S,選別条件,毛色=鹿毛,毛色,exact,10,10,1.0,21,30,0.7,61,109,0.56,0.344,1.251
東京ハイJ,S,選別条件,距離差=±200m以内,距離ローテ,derived,10,10,1.0,21,30,0.7,66,109,0.606,0.318,1.156
東京ハイJ,S,選別条件,前走馬場状態=良,前走馬場状態,exact,10,10,1.0,21,30,0.7,70,109,0.642,0.3,1.09
東京ハイJ,S,選別条件,年齢=4〜6歳,年齢,range,10,10,1.0,20,30,0.667,73,109,0.67,0.274,0.995
東京ハイJ,S,選別条件,年齢=6歳以下,年齢,range,10,10,1.0,20,30,0.667,73,109,0.67,0.274,0.995
東京ハイJ,S,選別条件,前走斤量=60,前走斤量,exact,10,10,1.0,20,30,0.667,74,109,0.679,0.27,0.982
東京ハイJ,S,選別条件,馬番=1〜6番,馬番,range,10,10,1.0,15,30,0.5,60,109,0.55,0.25,0.908
東京ハイJ,S,基礎条件,前走着順=一桁着順,前走着順,range,10,10,1.0,30,30,1.0,97,109,0.89,0.309,1.124
東京ハイJ,S,基礎条件,前走上り3F=33秒台以下,前走上り3F,range,10,10,1.0,30,30,1.0,105,109,0.963,0.286,1.038
東京ハイJ,S,基礎条件,斤量=58kg以上,斤量,range,10,10,1.0,30,30,1.0,109,109,1.0,0.275,1.0
東京ハイJ,S,基礎条件,距離ローテ=同距離または短縮,距離ローテ,derived,10,10,1.0,28,30,0.933,94,109,0.862,0.298,1.082
東京ハイJ,S,基礎条件,前走と同じ芝ダ,芝ダローテ,derived,10,10,1.0,28,30,0.933,102,109,0.936,0.275,0.997
東京ハイJ,S,基礎条件,前芝・ダ=芝,前芝・ダ,exact,10,10,1.0,28,30,0.933,102,109,0.936,0.275,0.997
東京ハイJ,S,基礎条件,距離差=±400m以内,距離ローテ,derived,10,10,1.0,27,30,0.9,88,109,0.807,0.307,1.115
東京ハイJ,S,基礎条件,キャリア=21戦以上,キャリア,range,10,10,1.0,23,30,0.767,88,109,0.807,0.261,0.95
東京ハイJ,S,基礎条件,性別=牡,性別,exact,10,10,1.0,22,30,0.733,84,109,0.771,0.262,0.952
東京ハイJ,B,強選別条件,前走レース名=新潟ジャJG3,前走レース名,exact,10,9,0.9,10,30,0.333,20,109,0.183,0.5,1.817
東京ハイJ,B,強選別条件,前距離=3250,前距離,exact,10,9,0.9,10,30,0.333,23,109,0.211,0.435,1.58
東京ハイJ,B,選別条件,馬体重増減=増,馬体重増減,range,10,9,0.9,16,30,0.533,46,109,0.422,0.348,1.264
東京ハイJ,B,選別条件,馬番=5〜8番,馬番,range,10,9,0.9,13,30,0.433,40,109,0.367,0.325,1.181
東京ハイJ,B,選別条件,年齢=3〜5歳,年齢,range,10,9,0.9,10,30,0.333,38,109,0.349,0.263,0.956
東京ハイJ,B,選別条件,年齢=5歳以下,年齢,range,10,9,0.9,10,30,0.333,38,109,0.349,0.263,0.956
東京ハイJ,補助,強選別条件,前走人気=1人気,前走人気,range,10,8,0.8,13,30,0.433,27,109,0.248,0.481,1.749
東京ハイJ,補助,選別条件,前走頭数=11〜13頭,前走頭数,range,10,8,0.8,16,30,0.533,48,109,0.44,0.333,1.211
東京ハイJ,補助,選別条件,枠位置=中50%,馬番相対,derived,10,8,0.8,14,30,0.467,55,109,0.505,0.255,0.925
東京ハイJ,補助,選別条件,前走馬体重増減=増,前走馬体重増減,range,10,8,0.8,12,30,0.4,44,109,0.404,0.273,0.991
東京ハイJ,補助,選別条件,間隔=中13週以上,間隔,range,10,8,0.8,12,30,0.4,45,109,0.413,0.267,0.969
東京ハイJ,補助,選別条件,年齢=5歳,年齢,exact,10,8,0.8,9,30,0.3,27,109,0.248,0.333,1.211
東京ハイJ,補助,選別条件,馬番=1〜4番,馬番,range,10,8,0.8,9,30,0.3,40,109,0.367,0.225,0.818
東京ハイJ,補助,選別条件,距離ローテ=同距離または延長,距離ローテ,derived,10,8,0.8,8,30,0.267,30,109,0.275,0.267,0.969
東京優駿,S,強選別条件,前走着差=0.5秒以内,前走着差タイム,range,10,10,1.0,26,30,0.867,104,179,0.581,0.25,1.492
東京優駿,S,強選別条件,キャリア=5戦以内,キャリア,range,10,10,1.0,26,30,0.867,110,179,0.615,0.236,1.41
東京優駿,S,強選別条件,前走人気=1〜5人気,前走人気,range,10,10,1.0,25,30,0.833,97,179,0.542,0.258,1.538
東京優駿,S,強選別条件,前走着順=1〜5着,前走着順,range,10,10,1.0,25,30,0.833,111,179,0.62,0.225,1.344
東京優駿,S,強選別条件,前距離=2000,前距離,exact,10,10,1.0,25,30,0.833,111,179,0.62,0.225,1.344
東京優駿,S,強選別条件,前走開催=3中8,前走開催,exact,10,10,1.0,24,30,0.8,99,179,0.553,0.242,1.446
東京優駿,S,強選別条件,前走レース名=皐月賞G1,前走レース名,exact,10,10,1.0,24,30,0.8,99,179,0.553,0.242,1.446
東京優駿,S,強選別条件,間隔=中5〜8週,間隔,range,10,10,1.0,24,30,0.8,100,179,0.559,0.24,1.432
東京優駿,S,強選別条件,前走着順=1〜3着,前走着順,range,10,10,1.0,22,30,0.733,90,179,0.503,0.244,1.459
東京優駿,S,強選別条件,前走人気=1〜3人気,前走人気,range,10,10,1.0,20,30,0.667,68,179,0.38,0.294,1.755
東京優駿,S,強選別条件,前走着差=0.3秒以内,前走着差タイム,range,10,10,1.0,20,30,0.667,84,179,0.469,0.238,1.421
東京優駿,S,強選別条件,産地=安平町,産地,exact,10,10,1.0,20,30,0.667,89,179,0.497,0.225,1.341
東京優駿,S,強選別条件,前走上り3F=34秒台,前走上り3F,range,10,10,1.0,16,30,0.533,67,179,0.374,0.239,1.425
東京優駿,S,選別条件,前走着順=一桁着順,前走着順,range,10,10,1.0,29,30,0.967,144,179,0.804,0.201,1.202
東京優駿,S,選別条件,距離差=±400m以内,距離ローテ,derived,10,10,1.0,29,30,0.967,149,179,0.832,0.195,1.161
東京優駿,S,選別条件,前走着差=0.9秒以内,前走着差タイム,range,10,10,1.0,28,30,0.933,139,179,0.777,0.201,1.202
東京優駿,S,選別条件,前クラス名=G1,前クラス名,exact,10,10,1.0,24,30,0.8,116,179,0.648,0.207,1.234
東京優駿,S,選別条件,前走斤量=57,前走斤量,exact,10,10,1.0,24,30,0.8,119,179,0.665,0.202,1.203
東京優駿,S,選別条件,前4角=前半位置(相対50%以内),前4角,derived,10,10,1.0,20,30,0.667,111,179,0.62,0.18,1.075
東京優駿,S,選別条件,枠位置=中50%,馬番相対,derived,10,10,1.0,18,30,0.6,89,179,0.497,0.202,1.207
東京優駿,S,基礎条件,前走Ｒ=11,前走Ｒ,exact,10,10,1.0,30,30,1.0,175,179,0.978,0.171,1.023
東京優駿,S,基礎条件,斤量=57kg,斤量,range,10,10,1.0,30,30,1.0,177,179,0.989,0.169,1.011
東京優駿,S,基礎条件,前走と同じ芝ダ,芝ダローテ,derived,10,10,1.0,30,30,1.0,177,179,0.989,0.169,1.011
東京優駿,S,基礎条件,性別=牡,性別,exact,10,10,1.0,30,30,1.0,177,179,0.989,0.169,1.011
東京優駿,S,基礎条件,前芝・ダ=芝,前芝・ダ,exact,10,10,1.0,30,30,1.0,177,179,0.989,0.169,1.011
東京優駿,S,基礎条件,年齢=3歳,年齢,exact,10,10,1.0,30,30,1.0,179,179,1.0,0.168,1.0
東京優駿,S,基礎条件,年齢=3〜5歳,年齢,range,10,10,1.0,30,30,1.0,179,179,1.0,0.168,1.0
東京優駿,S,基礎条件,年齢=5歳以下,年齢,range,10,10,1.0,30,30,1.0,179,179,1.0,0.168,1.0
東京優駿,S,基礎条件,年齢=6歳以下,年齢,range,10,10,1.0,30,30,1.0,179,179,1.0,0.168,1.0
東京優駿,S,基礎条件,距離ローテ=同距離または延長,距離ローテ,derived,10,10,1.0,30,30,1.0,179,179,1.0,0.168,1.0
東京優駿,S,基礎条件,間隔=中8週以内,間隔,range,10,10,1.0,29,30,0.967,165,179,0.922,0.176,1.049
東京優駿,S,基礎条件,距離ローテ=距離延長,距離ローテ,derived,10,10,1.0,28,30,0.933,158,179,0.883,0.177,1.057
東京優駿,B,強選別条件,馬体重増減=減,馬体重増減,range,10,9,0.9,17,30,0.567,77,179,0.43,0.221,1.317
東京優駿,B,強選別条件,前走着差=勝ち/同タイム,前走着差タイム,range,10,9,0.9,14,30,0.467,57,179,0.318,0.246,1.465
東京優駿,B,強選別条件,前4角=4〜6番手,前4角,derived,10,9,0.9,13,30,0.433,48,179,0.268,0.271,1.616
東京優駿,B,選別条件,前走馬場状態=良,前走馬場状態,exact,10,9,0.9,21,30,0.7,132,179,0.737,0.159,0.949
東京優駿,B,選別条件,毛色=鹿毛,毛色,exact,10,9,0.9,18,30,0.6,93,179,0.52,0.194,1.155
東京優駿,B,選別条件,所属=(栗),所属,exact,10,9,0.9,17,30,0.567,112,179,0.626,0.152,0.906
東京優駿,B,選別条件,馬番=9番外,馬番,range,10,9,0.9,16,30,0.533,99,179,0.553,0.162,0.964
東京優駿,B,選別条件,前3角=前半位置(相対50%以内),前3角,derived,10,9,0.9,16,30,0.533,99,179,0.553,0.162,0.964
東京優駿,B,選別条件,所属=(美),所属,exact,10,9,0.9,13,30,0.433,67,179,0.374,0.194,1.158
東京優駿,B,選別条件,馬番=1〜6番,馬番,range,10,9,0.9,11,30,0.367,60,179,0.335,0.183,1.094
東京優駿,補助,強選別条件,種牡馬=ディープインパクト,種牡馬,exact,10,8,0.8,11,30,0.367,36,179,0.201,0.306,1.823
東京優駿,補助,強選別条件,前走着順=1着,前走着順,range,10,8,0.8,11,30,0.367,45,179,0.251,0.244,1.459
東京優駿,補助,強選別条件,前3角=4〜6番手,前3角,derived,10,8,0.8,11,30,0.367,47,179,0.263,0.234,1.396
東京優駿,補助,選別条件,前3角=後半位置(相対50%超),前3角,derived,10,8,0.8,13,30,0.433,77,179,0.43,0.169,1.007
東京優駿,補助,選別条件,多頭出し=*,多頭出し,exact,10,8,0.8,11,30,0.367,54,179,0.302,0.204,1.215
東京優駿,補助,選別条件,取引市場(最終)=セレクトセール,取引市場(最終),exact,10,8,0.8,10,30,0.333,55,179,0.307,0.182,1.085
東京新聞,S,強選別条件,年齢=3〜5歳,年齢,range,10,10,1.0,22,30,0.733,84,150,0.56,0.262,1.31
東京新聞,S,強選別条件,年齢=5歳以下,年齢,range,10,10,1.0,22,30,0.733,84,150,0.56,0.262,1.31
東京新聞,S,強選別条件,前走人気=1〜5人気,前走人気,range,10,10,1.0,17,30,0.567,65,150,0.433,0.262,1.308
東京新聞,S,選別条件,前走着差=0.9秒以内,前走着差タイム,range,10,10,1.0,26,30,0.867,113,150,0.753,0.23,1.15
東京新聞,S,選別条件,所属=(美),所属,exact,10,10,1.0,18,30,0.6,73,150,0.487,0.247,1.233
東京新聞,S,選別条件,距離ローテ=同距離,距離ローテ,derived,10,10,1.0,17,30,0.567,104,150,0.693,0.163,0.817
東京新聞,S,選別条件,前距離=1600,前距離,exact,10,10,1.0,17,30,0.567,104,150,0.693,0.163,0.817
東京新聞,S,選別条件,馬番=1〜6番,馬番,range,10,10,1.0,15,30,0.5,60,150,0.4,0.25,1.25
東京新聞,S,基礎条件,前走と同じ芝ダ,芝ダローテ,derived,10,10,1.0,30,30,1.0,148,150,0.987,0.203,1.014
東京新聞,S,基礎条件,前芝・ダ=芝,前芝・ダ,exact,10,10,1.0,30,30,1.0,148,150,0.987,0.203,1.014
東京新聞,S,基礎条件,距離ローテ=同距離または短縮,距離ローテ,derived,10,10,1.0,28,30,0.933,139,150,0.927,0.201,1.007
東京新聞,S,基礎条件,年齢=4〜6歳,年齢,range,10,10,1.0,27,30,0.9,120,150,0.8,0.225,1.125
東京新聞,S,基礎条件,年齢=6歳以下,年齢,range,10,10,1.0,27,30,0.9,120,150,0.8,0.225,1.125
東京新聞,S,基礎条件,距離差=±400m以内,距離ローテ,derived,10,10,1.0,25,30,0.833,140,150,0.933,0.179,0.893
東京新聞,S,基礎条件,前走馬場状態=良,前走馬場状態,exact,10,10,1.0,24,30,0.8,124,150,0.827,0.194,0.968
東京新聞,S,基礎条件,前走Ｒ=11,前走Ｒ,exact,10,10,1.0,24,30,0.8,131,150,0.873,0.183,0.916
東京新聞,S,基礎条件,性別=牡,性別,exact,10,10,1.0,21,30,0.7,123,150,0.82,0.171,0.854
東京新聞,S,基礎条件,距離差=±200m以内,距離ローテ,derived,10,10,1.0,21,30,0.7,125,150,0.833,0.168,0.84
東京新聞,S,基礎条件,距離ローテ=同距離または延長,距離ローテ,derived,10,10,1.0,19,30,0.633,115,150,0.767,0.165,0.826
東京新聞,B,強選別条件,前走人気=1〜3人気,前走人気,range,10,9,0.9,15,30,0.5,47,150,0.313,0.319,1.596
東京新聞,B,選別条件,前走着順=一桁着順,前走着順,range,10,9,0.9,23,30,0.767,99,150,0.66,0.232,1.162
東京新聞,B,選別条件,斤量=56kg以下,斤量,range,10,9,0.9,22,30,0.733,96,150,0.64,0.229,1.146
東京新聞,B,選別条件,前走着差=0.5秒以内,前走着差タイム,range,10,9,0.9,17,30,0.567,78,150,0.52,0.218,1.09
東京新聞,B,選別条件,前3角=前半位置(相対50%以内),前3角,derived,10,9,0.9,16,30,0.533,65,150,0.433,0.246,1.231
東京新聞,B,選別条件,枠位置=中50%,馬番相対,derived,10,9,0.9,16,30,0.533,76,150,0.507,0.211,1.053
東京新聞,B,選別条件,替=*,替,exact,10,9,0.9,16,30,0.533,91,150,0.607,0.176,0.879
東京新聞,B,選別条件,間隔=中8週以内,間隔,range,10,9,0.9,16,30,0.533,95,150,0.633,0.168,0.842
東京新聞,B,選別条件,前走着順=1〜5着,前走着順,range,10,9,0.9,15,30,0.5,58,150,0.387,0.259,1.293
東京新聞,B,選別条件,前走着差=0.3秒以内,前走着差タイム,range,10,9,0.9,15,30,0.5,59,150,0.393,0.254,1.271
東京新聞,B,選別条件,前4角=前半位置(相対50%以内),前4角,derived,10,9,0.9,15,30,0.5,63,150,0.42,0.238,1.19
東京新聞,B,選別条件,前走馬体重増減=増,前走馬体重増減,range,10,9,0.9,15,30,0.5,73,150,0.487,0.205,1.027
東京新聞,B,選別条件,斤量=56kg,斤量,range,10,9,0.9,15,30,0.5,79,150,0.527,0.19,0.949
東京新聞,B,選別条件,前4角=後半位置(相対50%超),前4角,derived,10,9,0.9,14,30,0.467,84,150,0.56,0.167,0.833
東京新聞,B,選別条件,前走上り3F=34秒台,前走上り3F,range,10,9,0.9,13,30,0.433,60,150,0.4,0.217,1.083
東京新聞,B,選別条件,馬体重増減=増,馬体重増減,range,10,9,0.9,12,30,0.4,54,150,0.36,0.222,1.111
東京新聞,補助,強選別条件,前走頭数=17頭以上,前走頭数,range,10,8,0.8,17,30,0.567,62,150,0.413,0.274,1.371
東京新聞,補助,強選別条件,産地=安平町,産地,exact,10,8,0.8,15,30,0.5,51,150,0.34,0.294,1.471
東京新聞,補助,強選別条件,キャリア=6〜10戦,キャリア,range,10,8,0.8,12,30,0.4,36,150,0.24,0.333,1.667
東京新聞,補助,強選別条件,毛色=黒鹿,毛色,exact,10,8,0.8,12,30,0.4,42,150,0.28,0.286,1.429
東京新聞,補助,強選別条件,距離ローテ=距離短縮,距離ローテ,derived,10,8,0.8,11,30,0.367,35,150,0.233,0.314,1.571
東京新聞,補助,強選別条件,前クラス名=G1,前クラス名,exact,10,8,0.8,10,30,0.333,27,150,0.18,0.37,1.852
東京新聞,補助,強選別条件,前走上り3F=35秒台,前走上り3F,range,10,8,0.8,8,30,0.267,30,150,0.2,0.267,1.333
東京新聞,補助,選別条件,キャリア=11〜20戦,キャリア,range,10,8,0.8,12,30,0.4,66,150,0.44,0.182,0.909
東京新聞,補助,選別条件,所属=(栗),所属,exact,10,8,0.8,12,30,0.4,77,150,0.513,0.156,0.779
東京新聞,補助,選別条件,前走着順=1〜3着,前走着順,range,10,8,0.8,11,30,0.367,45,150,0.3,0.244,1.222
東京新聞,補助,選別条件,毛色=鹿毛,毛色,exact,10,8,0.8,10,30,0.333,64,150,0.427,0.156,0.781
東京新聞,補助,選別条件,枠位置=内25%,馬番相対,derived,10,8,0.8,9,30,0.3,35,150,0.233,0.257,1.286
東京新聞,補助,選別条件,馬番=1〜4番,馬番,range,10,8,0.8,9,30,0.3,40,150,0.267,0.225,1.125
東京新聞,補助,選別条件,前走人気=6〜9人気,前走人気,range,10,8,0.8,8,30,0.267,43,150,0.287,0.186,0.93
東海S,S,強選別条件,前走人気=1〜5人気,前走人気,range,10,10,1.0,22,30,0.733,68,149,0.456,0.324,1.607
東海S,S,強選別条件,前走着順=1〜5着,前走着順,range,10,10,1.0,20,30,0.667,73,149,0.49,0.274,1.361
東海S,S,選別条件,年齢=4〜6歳,年齢,range,10,10,1.0,25,30,0.833,99,149,0.664,0.253,1.254
東海S,S,選別条件,年齢=6歳以下,年齢,range,10,10,1.0,25,30,0.833,99,149,0.664,0.253,1.254
東海S,S,選別条件,前走着順=一桁着順,前走着順,range,10,10,1.0,25,30,0.833,110,149,0.738,0.227,1.129
東海S,S,選別条件,前走着差=0.9秒以内,前走着差タイム,range,10,10,1.0,24,30,0.8,93,149,0.624,0.258,1.282
東海S,S,選別条件,距離ローテ=同距離,距離ローテ,derived,10,10,1.0,23,30,0.767,102,149,0.685,0.225,1.12
東海S,S,選別条件,前距離=1800,前距離,exact,10,10,1.0,23,30,0.767,102,149,0.685,0.225,1.12
東海S,S,選別条件,枠位置=中50%,馬番相対,derived,10,10,1.0,16,30,0.533,75,149,0.503,0.213,1.06
東海S,S,基礎条件,前走と同じ芝ダ,芝ダローテ,derived,10,10,1.0,30,30,1.0,143,149,0.96,0.21,1.042
東海S,S,基礎条件,前芝・ダ=ダ,前芝・ダ,exact,10,10,1.0,30,30,1.0,143,149,0.96,0.21,1.042
東海S,S,基礎条件,距離差=±200m以内,距離ローテ,derived,10,10,1.0,29,30,0.967,137,149,0.919,0.212,1.051
東海S,S,基礎条件,距離差=±400m以内,距離ローテ,derived,10,10,1.0,29,30,0.967,142,149,0.953,0.204,1.014
東海S,S,基礎条件,距離ローテ=同距離または延長,距離ローテ,derived,10,10,1.0,27,30,0.9,119,149,0.799,0.227,1.127
東海S,S,基礎条件,性別=牡,性別,exact,10,10,1.0,27,30,0.9,138,149,0.926,0.196,0.972
東海S,S,基礎条件,距離ローテ=同距離または短縮,距離ローテ,derived,10,10,1.0,26,30,0.867,132,149,0.886,0.197,0.978
東海S,S,基礎条件,前走Ｒ=11,前走Ｒ,exact,10,10,1.0,24,30,0.8,121,149,0.812,0.198,0.985
東海S,S,基礎条件,所属=(栗),所属,exact,10,10,1.0,23,30,0.767,117,149,0.785,0.197,0.976
東海S,B,強選別条件,前走人気=1〜3人気,前走人気,range,10,9,0.9,16,30,0.533,41,149,0.275,0.39,1.938
東海S,B,強選別条件,前走着差=0.5秒以内,前走着差タイム,range,10,9,0.9,16,30,0.533,60,149,0.403,0.267,1.324
東海S,B,強選別条件,前走着順=1〜3着,前走着順,range,10,9,0.9,15,30,0.5,51,149,0.342,0.294,1.461
東海S,B,強選別条件,前走斤量=57,前走斤量,exact,10,9,0.9,15,30,0.5,56,149,0.376,0.268,1.33
東海S,B,選別条件,前3角=前半位置(相対50%以内),前3角,derived,10,9,0.9,22,30,0.733,90,149,0.604,0.244,1.214
東海S,B,選別条件,前走頭数=16,前走頭数,exact,10,9,0.9,21,30,0.7,97,149,0.651,0.216,1.075
東海S,B,選別条件,前4角=前半位置(相対50%以内),前4角,derived,10,9,0.9,20,30,0.667,86,149,0.577,0.233,1.155
東海S,B,選別条件,前走馬場状態=良,前走馬場状態,exact,10,9,0.9,19,30,0.633,104,149,0.698,0.183,0.907
東海S,B,選別条件,斤量=56kg,斤量,range,10,9,0.9,18,30,0.6,98,149,0.658,0.184,0.912
東海S,B,選別条件,毛色=鹿毛,毛色,exact,10,9,0.9,15,30,0.5,74,149,0.497,0.203,1.007
東海S,B,基礎条件,前走上り3F=36秒以上,前走上り3F,range,10,9,0.9,22,30,0.733,120,149,0.805,0.183,0.911
東海S,B,基礎条件,前走頭数=14〜16頭,前走頭数,range,10,9,0.9,22,30,0.733,121,149,0.812,0.182,0.903
東海S,B,基礎条件,斤量=56kg以下,斤量,range,10,9,0.9,21,30,0.7,113,149,0.758,0.186,0.923
東海S,B,基礎条件,間隔=中8週以内,間隔,range,10,9,0.9,20,30,0.667,112,149,0.752,0.179,0.887
東海S,補助,強選別条件,前走着差=0.3秒以内,前走着差タイム,range,10,8,0.8,14,30,0.467,50,149,0.336,0.28,1.391
東海S,補助,強選別条件,年齢=3〜5歳,年齢,range,10,8,0.8,14,30,0.467,52,149,0.349,0.269,1.337
東海S,補助,強選別条件,年齢=5歳以下,年齢,range,10,8,0.8,14,30,0.467,52,149,0.349,0.269,1.337
東海S,補助,強選別条件,前走馬体重増減=減,前走馬体重増減,range,10,8,0.8,13,30,0.433,41,149,0.275,0.317,1.575
東海S,補助,強選別条件,毛色=栗毛,毛色,exact,10,8,0.8,12,30,0.4,36,149,0.242,0.333,1.656
東海S,補助,選別条件,馬番=9番外,馬番,range,10,8,0.8,14,30,0.467,69,149,0.463,0.203,1.008
東海S,補助,選別条件,替=*,替,exact,10,8,0.8,14,30,0.467,95,149,0.638,0.147,0.732
東海S,補助,選別条件,馬番=1〜6番,馬番,range,10,8,0.8,13,30,0.433,60,149,0.403,0.217,1.076
東海S,補助,選別条件,枠位置=外25%,馬番相対,derived,10,8,0.8,10,30,0.333,39,149,0.262,0.256,1.274
根岸S,S,強選別条件,年齢=4〜6歳,年齢,range,10,10,1.0,24,30,0.8,91,158,0.576,0.264,1.389
根岸S,S,強選別条件,年齢=6歳以下,年齢,range,10,10,1.0,24,30,0.8,91,158,0.576,0.264,1.389
根岸S,S,強選別条件,前走着差=0.5秒以内,前走着差タイム,range,10,10,1.0,23,30,0.767,82,158,0.519,0.28,1.477
根岸S,S,強選別条件,前走着順=1〜3着,前走着順,range,10,10,1.0,21,30,0.7,74,158,0.468,0.284,1.495
根岸S,S,強選別条件,前走人気=1〜3人気,前走人気,range,10,10,1.0,17,30,0.567,61,158,0.386,0.279,1.468
根岸S,S,選別条件,前走着順=一桁着順,前走着順,range,10,10,1.0,28,30,0.933,128,158,0.81,0.219,1.152
根岸S,S,選別条件,所属=(栗),所属,exact,10,10,1.0,27,30,0.9,114,158,0.722,0.237,1.247
根岸S,S,選別条件,前走着差=0.9秒以内,前走着差タイム,range,10,10,1.0,27,30,0.9,115,158,0.728,0.235,1.237
根岸S,S,選別条件,距離ローテ=同距離または短縮,距離ローテ,derived,10,10,1.0,26,30,0.867,117,158,0.741,0.222,1.17
根岸S,S,選別条件,前走着順=1〜5着,前走着順,range,10,10,1.0,23,30,0.767,94,158,0.595,0.245,1.289
根岸S,S,選別条件,前走人気=1〜5人気,前走人気,range,10,10,1.0,22,30,0.733,93,158,0.589,0.237,1.246
根岸S,S,選別条件,前走頭数=16,前走頭数,exact,10,10,1.0,22,30,0.733,95,158,0.601,0.232,1.22
根岸S,S,選別条件,前走馬場状態=良,前走馬場状態,exact,10,10,1.0,22,30,0.733,112,158,0.709,0.196,1.035
根岸S,S,選別条件,斤量=56kg以下,斤量,range,10,10,1.0,20,30,0.667,96,158,0.608,0.208,1.097
根岸S,S,選別条件,間隔=中8週以内,間隔,range,10,10,1.0,20,30,0.667,113,158,0.715,0.177,0.932
根岸S,S,選別条件,斤量=56kg,斤量,range,10,10,1.0,18,30,0.6,84,158,0.532,0.214,1.129
根岸S,S,選別条件,枠位置=中50%,馬番相対,derived,10,10,1.0,16,30,0.533,79,158,0.5,0.203,1.067
根岸S,S,選別条件,前4角=前半位置(相対50%以内),前4角,derived,10,10,1.0,16,30,0.533,98,158,0.62,0.163,0.86
根岸S,S,基礎条件,距離差=±400m以内,距離ローテ,derived,10,10,1.0,30,30,1.0,155,158,0.981,0.194,1.019
根岸S,S,基礎条件,前走と同じ芝ダ,芝ダローテ,derived,10,10,1.0,29,30,0.967,148,158,0.937,0.196,1.032
根岸S,S,基礎条件,前芝・ダ=ダ,前芝・ダ,exact,10,10,1.0,29,30,0.967,148,158,0.937,0.196,1.032
根岸S,S,基礎条件,前走頭数=14〜16頭,前走頭数,range,10,10,1.0,26,30,0.867,124,158,0.785,0.21,1.104
根岸S,S,基礎条件,性別=牡,性別,exact,10,10,1.0,25,30,0.833,139,158,0.88,0.18,0.947
根岸S,S,基礎条件,前走Ｒ=11,前走Ｒ,exact,10,10,1.0,24,30,0.8,120,158,0.759,0.2,1.053
根岸S,B,強選別条件,前走着差=0.3秒以内,前走着差タイム,range,10,9,0.9,19,30,0.633,68,158,0.43,0.279,1.472
根岸S,B,強選別条件,年齢=3〜5歳,年齢,range,10,9,0.9,15,30,0.5,51,158,0.323,0.294,1.549
根岸S,B,強選別条件,年齢=5歳以下,年齢,range,10,9,0.9,15,30,0.5,51,158,0.323,0.294,1.549
根岸S,B,強選別条件,前4角=後半位置(相対50%超),前4角,derived,10,9,0.9,14,30,0.467,55,158,0.348,0.255,1.341
根岸S,B,強選別条件,馬番=5〜8番,馬番,range,10,9,0.9,12,30,0.4,40,158,0.253,0.3,1.58
根岸S,B,強選別条件,キャリア=11〜20戦,キャリア,range,10,9,0.9,12,30,0.4,43,158,0.272,0.279,1.47
根岸S,B,選別条件,間隔=中5〜8週,間隔,range,10,9,0.9,18,30,0.6,76,158,0.481,0.237,1.247
根岸S,B,選別条件,前3角=前半位置(相対50%以内),前3角,derived,10,9,0.9,16,30,0.533,90,158,0.57,0.178,0.936
根岸S,B,選別条件,前走馬体重増減=増,前走馬体重増減,range,10,9,0.9,15,30,0.5,73,158,0.462,0.205,1.082
根岸S,B,選別条件,前走斤量=57,前走斤量,exact,10,9,0.9,14,30,0.467,57,158,0.361,0.246,1.294
根岸S,B,選別条件,前走上り3F=36秒以上,前走上り3F,range,10,9,0.9,13,30,0.433,79,158,0.5,0.165,0.867
根岸S,B,選別条件,キャリア=21戦以上,キャリア,range,10,9,0.9,13,30,0.433,105,158,0.665,0.124,0.652
根岸S,B,選別条件,馬番=9番外,馬番,range,10,9,0.9,12,30,0.4,78,158,0.494,0.154,0.81
根岸S,B,基礎条件,距離差=±200m以内,距離ローテ,derived,10,9,0.9,22,30,0.733,131,158,0.829,0.168,0.884
根岸S,補助,強選別条件,距離ローテ=距離短縮,距離ローテ,derived,10,8,0.8,15,30,0.5,51,158,0.323,0.294,1.549
根岸S,補助,強選別条件,前走着差=勝ち/同タイム,前走着差タイム,range,10,8,0.8,14,30,0.467,41,158,0.259,0.341,1.798
根岸S,補助,強選別条件,前走人気=1人気,前走人気,range,10,8,0.8,13,30,0.433,30,158,0.19,0.433,2.282
根岸S,補助,強選別条件,前走上り3F=35秒台,前走上り3F,range,10,8,0.8,12,30,0.4,40,158,0.253,0.3,1.58
根岸S,補助,選別条件,替=*,替,exact,10,8,0.8,18,30,0.6,97,158,0.614,0.186,0.977
根岸S,補助,選別条件,距離ローテ=同距離または延長,距離ローテ,derived,10,8,0.8,15,30,0.5,107,158,0.677,0.14,0.738
根岸S,補助,選別条件,前3角=後半位置(相対50%超),前3角,derived,10,8,0.8,14,30,0.467,63,158,0.399,0.222,1.17
根岸S,補助,選別条件,馬番=1〜6番,馬番,range,10,8,0.8,12,30,0.4,60,158,0.38,0.2,1.053
根岸S,補助,選別条件,馬体重増減=増,馬体重増減,range,10,8,0.8,12,30,0.4,63,158,0.399,0.19,1.003
根岸S,補助,選別条件,前3角=後方(相対65%超),前3角,derived,10,8,0.8,10,30,0.333,45,158,0.285,0.222,1.17
桜花賞,S,強選別条件,距離ローテ=同距離,距離ローテ,derived,10,10,1.0,27,30,0.9,117,180,0.65,0.231,1.385
桜花賞,S,強選別条件,前距離=1600,前距離,exact,10,10,1.0,27,30,0.9,117,180,0.65,0.231,1.385
桜花賞,S,強選別条件,前走人気=1〜3人気,前走人気,range,10,10,1.0,25,30,0.833,99,180,0.55,0.253,1.515
桜花賞,S,強選別条件,前走人気=1人気,前走人気,range,10,10,1.0,15,30,0.5,41,180,0.228,0.366,2.195
桜花賞,S,選別条件,前走人気=1〜5人気,前走人気,range,10,10,1.0,29,30,0.967,134,180,0.744,0.216,1.299
桜花賞,S,選別条件,キャリア=5戦以内,キャリア,range,10,10,1.0,28,30,0.933,137,180,0.761,0.204,1.226
桜花賞,S,選別条件,前走着差=0.5秒以内,前走着差タイム,range,10,10,1.0,28,30,0.933,146,180,0.811,0.192,1.151
桜花賞,S,選別条件,距離ローテ=同距離または短縮,距離ローテ,derived,10,10,1.0,27,30,0.9,128,180,0.711,0.211,1.266
桜花賞,S,選別条件,前走着順=1〜3着,前走着順,range,10,10,1.0,26,30,0.867,133,180,0.739,0.195,1.173
桜花賞,S,選別条件,前走着差=0.3秒以内,前走着差タイム,range,10,10,1.0,23,30,0.767,133,180,0.739,0.173,1.038
桜花賞,S,選別条件,所属=(栗),所属,exact,10,10,1.0,20,30,0.667,117,180,0.65,0.171,1.026
桜花賞,S,選別条件,馬体重増減=減,馬体重増減,range,10,10,1.0,19,30,0.633,98,180,0.544,0.194,1.163
桜花賞,S,基礎条件,距離ローテ=同距離または延長,距離ローテ,derived,10,10,1.0,30,30,1.0,169,180,0.939,0.178,1.065
桜花賞,S,基礎条件,前走と同じ芝ダ,芝ダローテ,derived,10,10,1.0,30,30,1.0,178,180,0.989,0.169,1.011
桜花賞,S,基礎条件,前芝・ダ=芝,前芝・ダ,exact,10,10,1.0,30,30,1.0,178,180,0.989,0.169,1.011
桜花賞,S,基礎条件,年齢=3歳,年齢,exact,10,10,1.0,30,30,1.0,180,180,1.0,0.167,1.0
桜花賞,S,基礎条件,年齢=3〜5歳,年齢,range,10,10,1.0,30,30,1.0,180,180,1.0,0.167,1.0
桜花賞,S,基礎条件,年齢=5歳以下,年齢,range,10,10,1.0,30,30,1.0,180,180,1.0,0.167,1.0
桜花賞,S,基礎条件,年齢=6歳以下,年齢,range,10,10,1.0,30,30,1.0,180,180,1.0,0.167,1.0
桜花賞,S,基礎条件,斤量=55kg,斤量,range,10,10,1.0,30,30,1.0,180,180,1.0,0.167,1.0
桜花賞,S,基礎条件,斤量=56kg以下,斤量,range,10,10,1.0,30,30,1.0,180,180,1.0,0.167,1.0
桜花賞,S,基礎条件,距離差=±200m以内,距離ローテ,derived,10,10,1.0,30,30,1.0,180,180,1.0,0.167,1.0
桜花賞,S,基礎条件,距離差=±400m以内,距離ローテ,derived,10,10,1.0,30,30,1.0,180,180,1.0,0.167,1.0
桜花賞,S,基礎条件,性別=牝,性別,exact,10,10,1.0,30,30,1.0,180,180,1.0,0.167,1.0
桜花賞,S,基礎条件,前走着順=一桁着順,前走着順,range,10,10,1.0,29,30,0.967,162,180,0.9,0.179,1.074
桜花賞,S,基礎条件,前走着差=0.9秒以内,前走着差タイム,range,10,10,1.0,29,30,0.967,163,180,0.906,0.178,1.067
桜花賞,S,基礎条件,前走Ｒ=11,前走Ｒ,exact,10,10,1.0,28,30,0.933,167,180,0.928,0.168,1.006
桜花賞,S,基礎条件,前走着順=1〜5着,前走着順,range,10,10,1.0,27,30,0.9,142,180,0.789,0.19,1.141
桜花賞,B,強選別条件,産地=安平町,産地,exact,10,9,0.9,17,30,0.567,71,180,0.394,0.239,1.437
桜花賞,B,選別条件,前4角=前半位置(相対50%以内),前4角,derived,10,9,0.9,19,30,0.633,119,180,0.661,0.16,0.958
桜花賞,B,選別条件,前3角=前半位置(相対50%以内),前3角,derived,10,9,0.9,18,30,0.6,113,180,0.628,0.159,0.956
桜花賞,B,選別条件,前走着差=勝ち/同タイム,前走着差タイム,range,10,9,0.9,17,30,0.567,81,180,0.45,0.21,1.259
桜花賞,B,選別条件,枠位置=中50%,馬番相対,derived,10,9,0.9,17,30,0.567,90,180,0.5,0.189,1.133
桜花賞,B,選別条件,前走馬体重増減=増,前走馬体重増減,range,10,9,0.9,12,30,0.4,59,180,0.328,0.203,1.22
桜花賞,B,選別条件,前3角=後半位置(相対50%超),前3角,derived,10,9,0.9,12,30,0.4,66,180,0.367,0.182,1.091
桜花賞,B,選別条件,前4角=4〜6番手,前4角,derived,10,9,0.9,10,30,0.333,49,180,0.272,0.204,1.224
桜花賞,B,基礎条件,前走馬場状態=良,前走馬場状態,exact,10,9,0.9,26,30,0.867,147,180,0.817,0.177,1.061
桜花賞,B,基礎条件,前走斤量=54,前走斤量,exact,10,9,0.9,26,30,0.867,157,180,0.872,0.166,0.994
桜花賞,補助,強選別条件,間隔=中5〜8週,間隔,range,10,8,0.8,17,30,0.567,69,180,0.383,0.246,1.478
桜花賞,補助,強選別条件,前3角=4〜6番手,前3角,derived,10,8,0.8,10,30,0.333,46,180,0.256,0.217,1.304
桜花賞,補助,選別条件,馬番=9番外,馬番,range,10,8,0.8,16,30,0.533,100,180,0.556,0.16,0.96
桜花賞,補助,選別条件,毛色=鹿毛,毛色,exact,10,8,0.8,12,30,0.4,84,180,0.467,0.143,0.857
桜花賞,補助,選別条件,馬番=1〜6番,馬番,range,10,8,0.8,11,30,0.367,60,180,0.333,0.183,1.1
桜花賞,補助,選別条件,前4角=後半位置(相対50%超),前4角,derived,10,8,0.8,11,30,0.367,60,180,0.333,0.183,1.1
桜花賞,補助,選別条件,前走着順=1着,前走着順,range,10,8,0.8,11,30,0.367,66,180,0.367,0.167,1.0
桜花賞,補助,選別条件,所属=(美),所属,exact,10,8,0.8,10,30,0.333,63,180,0.35,0.159,0.952
桜花賞,補助,基礎条件,間隔=中8週以内,間隔,range,10,8,0.8,20,30,0.667,147,180,0.817,0.136,0.816
武蔵野S,S,強選別条件,前走人気=1〜5人気,前走人気,range,10,10,1.0,24,30,0.8,92,158,0.582,0.261,1.374
武蔵野S,S,強選別条件,前走人気=1〜3人気,前走人気,range,10,10,1.0,19,30,0.633,67,158,0.424,0.284,1.494
武蔵野S,S,強選別条件,前走着順=1〜3着,前走着順,range,10,10,1.0,19,30,0.633,73,158,0.462,0.26,1.371
武蔵野S,S,選別条件,前走着順=一桁着順,前走着順,range,10,10,1.0,30,30,1.0,135,158,0.854,0.222,1.17
武蔵野S,S,選別条件,所属=(栗),所属,exact,10,10,1.0,28,30,0.933,116,158,0.734,0.241,1.271
武蔵野S,S,選別条件,前走着順=1〜5着,前走着順,range,10,10,1.0,24,30,0.8,100,158,0.633,0.24,1.264
武蔵野S,S,選別条件,前走着差=0.9秒以内,前走着差タイム,range,10,10,1.0,24,30,0.8,114,158,0.722,0.211,1.109
武蔵野S,S,選別条件,年齢=4〜6歳,年齢,range,10,10,1.0,22,30,0.733,105,158,0.665,0.21,1.103
武蔵野S,S,選別条件,間隔=中8週以内,間隔,range,10,10,1.0,21,30,0.7,109,158,0.69,0.193,1.015
武蔵野S,S,選別条件,距離ローテ=同距離または延長,距離ローテ,derived,10,10,1.0,20,30,0.667,93,158,0.589,0.215,1.133
武蔵野S,S,選別条件,前4角=前半位置(相対50%以内),前4角,derived,10,10,1.0,20,30,0.667,104,158,0.658,0.192,1.013
武蔵野S,S,選別条件,前走着差=0.5秒以内,前走着差タイム,range,10,10,1.0,19,30,0.633,79,158,0.5,0.241,1.267
武蔵野S,S,選別条件,年齢=3〜5歳,年齢,range,10,10,1.0,19,30,0.633,93,158,0.589,0.204,1.076
武蔵野S,S,選別条件,年齢=5歳以下,年齢,range,10,10,1.0,19,30,0.633,93,158,0.589,0.204,1.076
武蔵野S,S,選別条件,距離ローテ=同距離または短縮,距離ローテ,derived,10,10,1.0,19,30,0.633,105,158,0.665,0.181,0.953
武蔵野S,S,選別条件,枠位置=中50%,馬番相対,derived,10,10,1.0,18,30,0.6,79,158,0.5,0.228,1.2
武蔵野S,S,選別条件,前3角=前半位置(相対50%以内),前3角,derived,10,10,1.0,18,30,0.6,94,158,0.595,0.191,1.009
武蔵野S,S,選別条件,間隔=中5〜8週,間隔,range,10,10,1.0,17,30,0.567,80,158,0.506,0.212,1.119
武蔵野S,S,選別条件,馬番=9番外,馬番,range,10,10,1.0,15,30,0.5,78,158,0.494,0.192,1.013
武蔵野S,S,基礎条件,前走と同じ芝ダ,芝ダローテ,derived,10,10,1.0,29,30,0.967,145,158,0.918,0.2,1.053
武蔵野S,S,基礎条件,前芝・ダ=ダ,前芝・ダ,exact,10,10,1.0,29,30,0.967,145,158,0.918,0.2,1.053
武蔵野S,S,基礎条件,距離差=±400m以内,距離ローテ,derived,10,10,1.0,28,30,0.933,148,158,0.937,0.189,0.996
武蔵野S,S,基礎条件,性別=牡,性別,exact,10,10,1.0,27,30,0.9,145,158,0.918,0.186,0.981
武蔵野S,S,基礎条件,年齢=6歳以下,年齢,range,10,10,1.0,26,30,0.867,125,158,0.791,0.208,1.095
武蔵野S,S,基礎条件,前走Ｒ=11,前走Ｒ,exact,10,10,1.0,23,30,0.767,128,158,0.81,0.18,0.946
武蔵野S,S,基礎条件,距離差=±200m以内,距離ローテ,derived,10,10,1.0,23,30,0.767,129,158,0.816,0.178,0.939
武蔵野S,S,基礎条件,前走頭数=14〜16頭,前走頭数,range,10,10,1.0,21,30,0.7,121,158,0.766,0.174,0.914
武蔵野S,A,選別条件,前走馬場状態=良,前走馬場状態,exact,10,10,1.0,14,30,0.467,80,158,0.506,0.175,0.922
武蔵野S,B,選別条件,斤量=56kg以下,斤量,range,10,9,0.9,21,30,0.7,111,158,0.703,0.189,0.996
武蔵野S,B,選別条件,替=*,替,exact,10,9,0.9,20,30,0.667,101,158,0.639,0.198,1.043
武蔵野S,B,選別条件,キャリア=21戦以上,キャリア,range,10,9,0.9,15,30,0.5,85,158,0.538,0.176,0.929
武蔵野S,B,選別条件,前走着差=0.3秒以内,前走着差タイム,range,10,9,0.9,14,30,0.467,61,158,0.386,0.23,1.209
武蔵野S,B,選別条件,前走頭数=16,前走頭数,exact,10,9,0.9,14,30,0.467,87,158,0.551,0.161,0.848
武蔵野S,補助,強選別条件,前走人気=1人気,前走人気,range,10,8,0.8,9,30,0.3,30,158,0.19,0.3,1.58
武蔵野S,補助,選別条件,斤量=56kg,斤量,range,10,8,0.8,18,30,0.6,99,158,0.627,0.182,0.958
武蔵野S,補助,選別条件,前走斤量=57,前走斤量,exact,10,8,0.8,13,30,0.433,55,158,0.348,0.236,1.245
武蔵野S,補助,選別条件,距離ローテ=距離短縮,距離ローテ,derived,10,8,0.8,10,30,0.333,65,158,0.411,0.154,0.81
武蔵野S,補助,選別条件,前3角=4〜6番手,前3角,derived,10,8,0.8,9,30,0.3,38,158,0.241,0.237,1.247
毎日杯,S,強選別条件,前走人気=1〜5人気,前走人気,range,10,10,1.0,28,30,0.933,77,108,0.713,0.364,1.309
毎日杯,S,強選別条件,前走人気=1〜3人気,前走人気,range,10,10,1.0,25,30,0.833,61,108,0.565,0.41,1.475
毎日杯,S,強選別条件,間隔=中5〜8週,間隔,range,10,10,1.0,18,30,0.6,45,108,0.417,0.4,1.44
毎日杯,S,選別条件,キャリア=5戦以内,キャリア,range,10,10,1.0,29,30,0.967,88,108,0.815,0.33,1.186
毎日杯,S,選別条件,間隔=中8週以内,間隔,range,10,10,1.0,26,30,0.867,75,108,0.694,0.347,1.248
毎日杯,S,選別条件,距離ローテ=同距離または延長,距離ローテ,derived,10,10,1.0,25,30,0.833,80,108,0.741,0.312,1.125
毎日杯,S,選別条件,距離ローテ=同距離または短縮,距離ローテ,derived,10,10,1.0,24,30,0.8,78,108,0.722,0.308,1.108
毎日杯,S,選別条件,前走馬場状態=良,前走馬場状態,exact,10,10,1.0,23,30,0.767,80,108,0.741,0.287,1.035
毎日杯,S,選別条件,替=*,替,exact,10,10,1.0,20,30,0.667,61,108,0.565,0.328,1.18
毎日杯,S,選別条件,前走着差=0.3秒以内,前走着差タイム,range,10,10,1.0,20,30,0.667,68,108,0.63,0.294,1.059
毎日杯,S,選別条件,前走頭数=10頭以下,前走頭数,range,10,10,1.0,16,30,0.533,45,108,0.417,0.356,1.28
毎日杯,S,選別条件,毛色=鹿毛,毛色,exact,10,10,1.0,16,30,0.533,55,108,0.509,0.291,1.047
毎日杯,S,選別条件,馬体重増減=減,馬体重増減,range,10,10,1.0,16,30,0.533,61,108,0.565,0.262,0.944
毎日杯,S,基礎条件,前走と同じ芝ダ,芝ダローテ,derived,10,10,1.0,30,30,1.0,102,108,0.944,0.294,1.059
毎日杯,S,基礎条件,前芝・ダ=芝,前芝・ダ,exact,10,10,1.0,30,30,1.0,102,108,0.944,0.294,1.059
毎日杯,S,基礎条件,前走着順=一桁着順,前走着順,range,10,10,1.0,30,30,1.0,103,108,0.954,0.291,1.049
毎日杯,S,基礎条件,性別=牡,性別,exact,10,10,1.0,30,30,1.0,103,108,0.954,0.291,1.049
毎日杯,S,基礎条件,年齢=3歳,年齢,exact,10,10,1.0,30,30,1.0,108,108,1.0,0.278,1.0
毎日杯,S,基礎条件,年齢=3〜5歳,年齢,range,10,10,1.0,30,30,1.0,108,108,1.0,0.278,1.0
毎日杯,S,基礎条件,年齢=5歳以下,年齢,range,10,10,1.0,30,30,1.0,108,108,1.0,0.278,1.0
毎日杯,S,基礎条件,年齢=6歳以下,年齢,range,10,10,1.0,30,30,1.0,108,108,1.0,0.278,1.0
毎日杯,S,基礎条件,距離差=±400m以内,距離ローテ,derived,10,10,1.0,29,30,0.967,104,108,0.963,0.279,1.004
毎日杯,S,基礎条件,前走着差=0.9秒以内,前走着差タイム,range,10,10,1.0,28,30,0.933,98,108,0.907,0.286,1.029
毎日杯,S,基礎条件,距離差=±200m以内,距離ローテ,derived,10,10,1.0,28,30,0.933,99,108,0.917,0.283,1.018
毎日杯,S,基礎条件,前走着順=1〜5着,前走着順,range,10,10,1.0,26,30,0.867,88,108,0.815,0.295,1.064
毎日杯,S,基礎条件,前走着差=0.5秒以内,前走着差タイム,range,10,10,1.0,24,30,0.8,83,108,0.769,0.289,1.041
毎日杯,S,基礎条件,所属=(栗),所属,exact,10,10,1.0,22,30,0.733,88,108,0.815,0.25,0.9
毎日杯,B,強選別条件,距離ローテ=同距離,距離ローテ,derived,10,9,0.9,19,30,0.633,50,108,0.463,0.38,1.368
毎日杯,B,強選別条件,前距離=1800,前距離,exact,10,9,0.9,19,30,0.633,50,108,0.463,0.38,1.368
毎日杯,B,強選別条件,馬番=1〜4番,馬番,range,10,9,0.9,15,30,0.5,40,108,0.37,0.375,1.35
毎日杯,B,強選別条件,前3角=4〜6番手,前3角,derived,10,9,0.9,14,30,0.467,33,108,0.306,0.424,1.527
毎日杯,B,強選別条件,枠位置=内25%,馬番相対,derived,10,9,0.9,10,30,0.333,23,108,0.213,0.435,1.565
毎日杯,B,選別条件,前走着順=1〜3着,前走着順,range,10,9,0.9,22,30,0.733,73,108,0.676,0.301,1.085
毎日杯,B,選別条件,馬番=1〜6番,馬番,range,10,9,0.9,20,30,0.667,60,108,0.556,0.333,1.2
毎日杯,B,選別条件,前4角=前半位置(相対50%以内),前4角,derived,10,9,0.9,18,30,0.6,59,108,0.546,0.305,1.098
毎日杯,B,選別条件,前3角=前半位置(相対50%以内),前3角,derived,10,9,0.9,16,30,0.533,59,108,0.546,0.271,0.976
毎日杯,B,選別条件,産地=安平町,産地,exact,10,9,0.9,14,30,0.467,42,108,0.389,0.333,1.2
毎日杯,B,選別条件,枠位置=中50%,馬番相対,derived,10,9,0.9,14,30,0.467,53,108,0.491,0.264,0.951
毎日杯,B,選別条件,前走馬体重増減=増,前走馬体重増減,range,10,9,0.9,13,30,0.433,39,108,0.361,0.333,1.2
毎日杯,B,基礎条件,斤量=56kg,斤量,range,10,9,0.9,26,30,0.867,89,108,0.824,0.292,1.052
毎日杯,B,基礎条件,斤量=56kg以下,斤量,range,10,9,0.9,26,30,0.867,94,108,0.87,0.277,0.996
毎日杯,B,基礎条件,前走斤量=56,前走斤量,exact,10,9,0.9,25,30,0.833,83,108,0.769,0.301,1.084
毎日杯,補助,強選別条件,前4角=4〜6番手,前4角,derived,10,8,0.8,16,30,0.533,38,108,0.352,0.421,1.516
毎日杯,補助,強選別条件,前クラス名=G3,前クラス名,exact,10,8,0.8,12,30,0.4,30,108,0.278,0.4,1.44
毎日杯,補助,強選別条件,馬体重増減=±0,馬体重増減,range,10,8,0.8,8,30,0.267,19,108,0.176,0.421,1.516
毎日杯,補助,選別条件,前走着差=勝ち/同タイム,前走着差タイム,range,10,8,0.8,16,30,0.533,56,108,0.519,0.286,1.029
毎日杯,補助,選別条件,前走Ｒ=11,前走Ｒ,exact,10,8,0.8,13,30,0.433,36,108,0.333,0.361,1.3
毎日杯,補助,選別条件,前走上り3F=34秒台,前走上り3F,range,10,8,0.8,11,30,0.367,40,108,0.37,0.275,0.99
毎日杯,補助,選別条件,毛色=黒鹿,毛色,exact,10,8,0.8,10,30,0.333,33,108,0.306,0.303,1.091
毎日杯,補助,選別条件,馬番=5〜8番,馬番,range,10,8,0.8,10,30,0.333,40,108,0.37,0.25,0.9
毎日王冠,S,強選別条件,年齢=3〜5歳,年齢,range,10,10,1.0,26,30,0.867,80,121,0.661,0.325,1.311
毎日王冠,S,強選別条件,年齢=5歳以下,年齢,range,10,10,1.0,26,30,0.867,80,121,0.661,0.325,1.311
毎日王冠,S,強選別条件,前走着順=1〜5着,前走着順,range,10,10,1.0,24,30,0.8,62,121,0.512,0.387,1.561
毎日王冠,S,強選別条件,前走着差=0.5秒以内,前走着差タイム,range,10,10,1.0,24,30,0.8,65,121,0.537,0.369,1.489
毎日王冠,S,強選別条件,前走人気=1〜5人気,前走人気,range,10,10,1.0,22,30,0.733,65,121,0.537,0.338,1.365
毎日王冠,S,強選別条件,前走着差=0.3秒以内,前走着差タイム,range,10,10,1.0,21,30,0.7,55,121,0.455,0.382,1.54
毎日王冠,S,強選別条件,前走着順=1〜3着,前走着順,range,10,10,1.0,20,30,0.667,46,121,0.38,0.435,1.754
毎日王冠,S,強選別条件,前走着差=勝ち/同タイム,前走着差タイム,range,10,10,1.0,16,30,0.533,36,121,0.298,0.444,1.793
毎日王冠,S,強選別条件,前走人気=1〜3人気,前走人気,range,10,10,1.0,15,30,0.5,45,121,0.372,0.333,1.344
毎日王冠,S,選別条件,前走着順=一桁着順,前走着順,range,10,10,1.0,29,30,0.967,91,121,0.752,0.319,1.285
毎日王冠,S,選別条件,前走着差=0.9秒以内,前走着差タイム,range,10,10,1.0,28,30,0.933,89,121,0.736,0.315,1.269
毎日王冠,S,選別条件,間隔=中13週以上,間隔,range,10,10,1.0,25,30,0.833,79,121,0.653,0.316,1.276
毎日王冠,S,選別条件,年齢=4〜6歳,年齢,range,10,10,1.0,24,30,0.8,86,121,0.711,0.279,1.126
毎日王冠,S,選別条件,距離ローテ=同距離または延長,距離ローテ,derived,10,10,1.0,21,30,0.7,69,121,0.57,0.304,1.228
毎日王冠,S,選別条件,斤量=56kg以下,斤量,range,10,10,1.0,20,30,0.667,85,121,0.702,0.235,0.949
毎日王冠,S,選別条件,枠位置=中50%,馬番相対,derived,10,10,1.0,18,30,0.6,60,121,0.496,0.3,1.21
毎日王冠,S,選別条件,前4角=前半位置(相対50%以内),前4角,derived,10,10,1.0,18,30,0.6,65,121,0.537,0.277,1.117
毎日王冠,S,選別条件,距離ローテ=同距離または短縮,距離ローテ,derived,10,10,1.0,18,30,0.6,78,121,0.645,0.231,0.931
毎日王冠,S,選別条件,所属=(美),所属,exact,10,10,1.0,16,30,0.533,55,121,0.455,0.291,1.173
毎日王冠,S,基礎条件,前走と同じ芝ダ,芝ダローテ,derived,10,10,1.0,30,30,1.0,119,121,0.983,0.252,1.017
毎日王冠,S,基礎条件,前芝・ダ=芝,前芝・ダ,exact,10,10,1.0,30,30,1.0,119,121,0.983,0.252,1.017
毎日王冠,S,基礎条件,年齢=6歳以下,年齢,range,10,10,1.0,29,30,0.967,102,121,0.843,0.284,1.147
毎日王冠,S,基礎条件,前走Ｒ=11,前走Ｒ,exact,10,10,1.0,29,30,0.967,112,121,0.926,0.259,1.044
毎日王冠,S,基礎条件,距離差=±400m以内,距離ローテ,derived,10,10,1.0,27,30,0.9,110,121,0.909,0.245,0.99
毎日王冠,S,基礎条件,距離差=±200m以内,距離ローテ,derived,10,10,1.0,25,30,0.833,98,121,0.81,0.255,1.029
毎日王冠,S,基礎条件,性別=牡,性別,exact,10,10,1.0,25,30,0.833,111,121,0.917,0.225,0.908
毎日王冠,S,基礎条件,前走馬場状態=良,前走馬場状態,exact,10,10,1.0,23,30,0.767,98,121,0.81,0.235,0.947
毎日王冠,A,選別条件,所属=(栗),所属,exact,10,10,1.0,14,30,0.467,65,121,0.537,0.215,0.869
毎日王冠,A,選別条件,キャリア=11〜20戦,キャリア,range,10,10,1.0,12,30,0.4,51,121,0.421,0.235,0.949
毎日王冠,B,強選別条件,前走上り3F=33秒台以下,前走上り3F,range,10,9,0.9,16,30,0.533,39,121,0.322,0.41,1.655
毎日王冠,B,選別条件,馬番=1〜6番,馬番,range,10,9,0.9,16,30,0.533,60,121,0.496,0.267,1.076
毎日王冠,B,選別条件,前3角=前半位置(相対50%以内),前3角,derived,10,9,0.9,16,30,0.533,64,121,0.529,0.25,1.008
毎日王冠,B,選別条件,毛色=鹿毛,毛色,exact,10,9,0.9,15,30,0.5,56,121,0.463,0.268,1.08
毎日王冠,補助,強選別条件,馬体重増減=増,馬体重増減,range,10,8,0.8,15,30,0.5,45,121,0.372,0.333,1.344
毎日王冠,補助,強選別条件,産地=安平町,産地,exact,10,8,0.8,13,30,0.433,39,121,0.322,0.333,1.344
毎日王冠,補助,強選別条件,前走頭数=18,前走頭数,exact,10,8,0.8,13,30,0.433,39,121,0.322,0.333,1.344
毎日王冠,補助,強選別条件,前走着順=1着,前走着順,range,10,8,0.8,10,30,0.333,25,121,0.207,0.4,1.613
毎日王冠,補助,強選別条件,キャリア=6〜10戦,キャリア,range,10,8,0.8,9,30,0.3,24,121,0.198,0.375,1.512
毎日王冠,補助,選別条件,前クラス名=G1,前クラス名,exact,10,8,0.8,15,30,0.5,49,121,0.405,0.306,1.235
毎日王冠,補助,選別条件,前走頭数=17頭以上,前走頭数,range,10,8,0.8,15,30,0.5,52,121,0.43,0.288,1.163
毎日王冠,補助,選別条件,替=*,替,exact,10,8,0.8,15,30,0.5,65,121,0.537,0.231,0.931
毎日王冠,補助,選別条件,前3角=後半位置(相対50%超),前3角,derived,10,8,0.8,14,30,0.467,54,121,0.446,0.259,1.046
毎日王冠,補助,選別条件,前走馬体重増減=減,前走馬体重増減,range,10,8,0.8,13,30,0.433,49,121,0.405,0.265,1.07
毎日王冠,補助,選別条件,馬番=5〜8番,馬番,range,10,8,0.8,12,30,0.4,40,121,0.331,0.3,1.21
毎日王冠,補助,選別条件,前4角=後半位置(相対50%超),前4角,derived,10,8,0.8,12,30,0.4,53,121,0.438,0.226,0.913
毎日王冠,補助,選別条件,馬番=1〜4番,馬番,range,10,8,0.8,10,30,0.333,40,121,0.331,0.25,1.008
毎日王冠,補助,選別条件,前走斤量=56,前走斤量,exact,10,8,0.8,8,30,0.267,29,121,0.24,0.276,1.113
毎日王冠,補助,選別条件,馬番=9番外,馬番,range,10,8,0.8,8,30,0.267,41,121,0.339,0.195,0.787
皐月賞,S,強選別条件,前走着差=勝ち/同タイム,前走着差タイム,range,10,10,1.0,24,30,0.8,87,173,0.503,0.276,1.591
皐月賞,S,強選別条件,前走着順=1着,前走着順,range,10,10,1.0,21,30,0.7,75,173,0.434,0.28,1.615
皐月賞,S,強選別条件,距離ローテ=距離延長,距離ローテ,derived,10,10,1.0,18,30,0.6,79,173,0.457,0.228,1.314
皐月賞,S,選別条件,前走着差=0.5秒以内,前走着差タイム,range,10,10,1.0,30,30,1.0,147,173,0.85,0.204,1.177
皐月賞,S,選別条件,前走Ｒ=11,前走Ｒ,exact,10,10,1.0,30,30,1.0,150,173,0.867,0.2,1.153
皐月賞,S,選別条件,キャリア=5戦以内,キャリア,range,10,10,1.0,29,30,0.967,130,173,0.751,0.223,1.286
皐月賞,S,選別条件,前走着差=0.3秒以内,前走着差タイム,range,10,10,1.0,29,30,0.967,131,173,0.757,0.221,1.277
皐月賞,S,選別条件,前走着順=1〜3着,前走着順,range,10,10,1.0,28,30,0.933,135,173,0.78,0.207,1.196
皐月賞,S,選別条件,前走馬場状態=良,前走馬場状態,exact,10,10,1.0,27,30,0.9,127,173,0.734,0.213,1.226
皐月賞,S,選別条件,前走人気=1〜5人気,前走人気,range,10,10,1.0,27,30,0.9,129,173,0.746,0.209,1.207
皐月賞,S,選別条件,前4角=前半位置(相対50%以内),前4角,derived,10,10,1.0,22,30,0.733,120,173,0.694,0.183,1.057
皐月賞,S,選別条件,前走人気=1〜3人気,前走人気,range,10,10,1.0,21,30,0.7,94,173,0.543,0.223,1.288
皐月賞,S,選別条件,毛色=鹿毛,毛色,exact,10,10,1.0,17,30,0.567,79,173,0.457,0.215,1.241
皐月賞,S,選別条件,枠位置=中50%,馬番相対,derived,10,10,1.0,17,30,0.567,87,173,0.503,0.195,1.127
皐月賞,S,選別条件,所属=(栗),所属,exact,10,10,1.0,17,30,0.567,108,173,0.624,0.157,0.908
皐月賞,S,選別条件,前距離=1800,前距離,exact,10,10,1.0,16,30,0.533,74,173,0.428,0.216,1.247
皐月賞,S,選別条件,前走頭数=11〜13頭,前走頭数,range,10,10,1.0,16,30,0.533,75,173,0.434,0.213,1.23
皐月賞,S,基礎条件,前走着順=1〜5着,前走着順,range,10,10,1.0,30,30,1.0,152,173,0.879,0.197,1.138
皐月賞,S,基礎条件,距離ローテ=同距離または延長,距離ローテ,derived,10,10,1.0,30,30,1.0,159,173,0.919,0.189,1.088
皐月賞,S,基礎条件,前走着差=0.9秒以内,前走着差タイム,range,10,10,1.0,30,30,1.0,164,173,0.948,0.183,1.055
皐月賞,S,基礎条件,前走着順=一桁着順,前走着順,range,10,10,1.0,30,30,1.0,168,173,0.971,0.179,1.03
皐月賞,S,基礎条件,斤量=57kg,斤量,range,10,10,1.0,30,30,1.0,171,173,0.988,0.175,1.012
皐月賞,S,基礎条件,性別=牡,性別,exact,10,10,1.0,30,30,1.0,171,173,0.988,0.175,1.012
皐月賞,S,基礎条件,距離差=±400m以内,距離ローテ,derived,10,10,1.0,30,30,1.0,172,173,0.994,0.174,1.006
皐月賞,S,基礎条件,前走と同じ芝ダ,芝ダローテ,derived,10,10,1.0,30,30,1.0,172,173,0.994,0.174,1.006
皐月賞,S,基礎条件,前芝・ダ=芝,前芝・ダ,exact,10,10,1.0,30,30,1.0,172,173,0.994,0.174,1.006
皐月賞,S,基礎条件,年齢=3歳,年齢,exact,10,10,1.0,30,30,1.0,173,173,1.0,0.173,1.0
皐月賞,S,基礎条件,年齢=3〜5歳,年齢,range,10,10,1.0,30,30,1.0,173,173,1.0,0.173,1.0
皐月賞,S,基礎条件,年齢=5歳以下,年齢,range,10,10,1.0,30,30,1.0,173,173,1.0,0.173,1.0
皐月賞,S,基礎条件,年齢=6歳以下,年齢,range,10,10,1.0,30,30,1.0,173,173,1.0,0.173,1.0
皐月賞,S,基礎条件,距離差=±200m以内,距離ローテ,derived,10,10,1.0,28,30,0.933,167,173,0.965,0.168,0.967
皐月賞,A,選別条件,間隔=中8週以内,間隔,range,10,10,1.0,14,30,0.467,121,173,0.699,0.116,0.667
皐月賞,B,強選別条件,産地=安平町,産地,exact,10,9,0.9,17,30,0.567,73,173,0.422,0.233,1.343
皐月賞,B,強選別条件,前走人気=1人気,前走人気,range,10,9,0.9,14,30,0.467,45,173,0.26,0.311,1.794
皐月賞,B,強選別条件,前クラス名=G3,前クラス名,exact,10,9,0.9,14,30,0.467,47,173,0.272,0.298,1.718
皐月賞,B,選別条件,前3角=前半位置(相対50%以内),前3角,derived,10,9,0.9,20,30,0.667,108,173,0.624,0.185,1.068
皐月賞,B,選別条件,馬番=9番外,馬番,range,10,9,0.9,15,30,0.5,93,173,0.538,0.161,0.93
皐月賞,B,選別条件,前走馬体重増減=増,前走馬体重増減,range,10,9,0.9,14,30,0.467,64,173,0.37,0.219,1.261
皐月賞,B,選別条件,所属=(美),所属,exact,10,9,0.9,13,30,0.433,65,173,0.376,0.2,1.153
皐月賞,B,選別条件,前クラス名=G2,前クラス名,exact,10,9,0.9,12,30,0.4,77,173,0.445,0.156,0.899
皐月賞,B,選別条件,距離ローテ=同距離,距離ローテ,derived,10,9,0.9,12,30,0.4,80,173,0.462,0.15,0.865
皐月賞,B,選別条件,前距離=2000,前距離,exact,10,9,0.9,12,30,0.4,80,173,0.462,0.15,0.865
皐月賞,B,選別条件,距離ローテ=同距離または短縮,距離ローテ,derived,10,9,0.9,12,30,0.4,94,173,0.543,0.128,0.736
皐月賞,B,基礎条件,前走斤量=56,前走斤量,exact,10,9,0.9,21,30,0.7,133,173,0.769,0.158,0.911
皐月賞,補助,選別条件,馬体重増減=減,馬体重増減,range,10,8,0.8,16,30,0.533,80,173,0.462,0.2,1.153
皐月賞,補助,選別条件,前走上り3F=34秒台,前走上り3F,range,10,8,0.8,13,30,0.433,64,173,0.37,0.203,1.171
皐月賞,補助,選別条件,前走頭数=10頭以下,前走頭数,range,10,8,0.8,12,30,0.4,72,173,0.416,0.167,0.961
皐月賞,補助,選別条件,前4角=4〜6番手,前4角,derived,10,8,0.8,10,30,0.333,57,173,0.329,0.175,1.012
皐月賞,補助,選別条件,替=*,替,exact,10,8,0.8,10,30,0.333,76,173,0.439,0.132,0.759
皐月賞,補助,選別条件,馬番=5〜8番,馬番,range,10,8,0.8,9,30,0.3,40,173,0.231,0.225,1.298
目黒記念H,S,強選別条件,前走人気=1〜5人気,前走人気,range,10,10,1.0,21,30,0.7,88,166,0.53,0.239,1.32
目黒記念H,S,強選別条件,前走着順=1〜3着,前走着順,range,10,10,1.0,16,30,0.533,63,166,0.38,0.254,1.405
目黒記念H,S,強選別条件,キャリア=11〜20戦,キャリア,range,10,10,1.0,15,30,0.5,62,166,0.373,0.242,1.339
目黒記念H,S,選別条件,前走着差=0.9秒以内,前走着差タイム,range,10,10,1.0,23,30,0.767,115,166,0.693,0.2,1.107
目黒記念H,S,選別条件,年齢=4〜6歳,年齢,range,10,10,1.0,23,30,0.767,119,166,0.717,0.193,1.069
目黒記念H,S,選別条件,年齢=6歳以下,年齢,range,10,10,1.0,23,30,0.767,119,166,0.717,0.193,1.069
目黒記念H,S,選別条件,距離差=±400m以内,距離ローテ,derived,10,10,1.0,22,30,0.733,107,166,0.645,0.206,1.138
目黒記念H,S,選別条件,所属=(栗),所属,exact,10,10,1.0,21,30,0.7,101,166,0.608,0.208,1.15
目黒記念H,S,選別条件,距離差=±200m以内,距離ローテ,derived,10,10,1.0,20,30,0.667,94,166,0.566,0.213,1.177
目黒記念H,S,選別条件,前走着差=0.5秒以内,前走着差タイム,range,10,10,1.0,18,30,0.6,78,166,0.47,0.231,1.277
目黒記念H,S,選別条件,前走着順=1〜5着,前走着順,range,10,10,1.0,18,30,0.6,81,166,0.488,0.222,1.23
目黒記念H,S,選別条件,前3角=前半位置(相対50%以内),前3角,derived,10,10,1.0,18,30,0.6,86,166,0.518,0.209,1.158
目黒記念H,S,選別条件,前走Ｒ=11,前走Ｒ,exact,10,10,1.0,17,30,0.567,89,166,0.536,0.191,1.057
目黒記念H,S,選別条件,距離ローテ=距離延長,距離ローテ,derived,10,10,1.0,17,30,0.567,110,166,0.663,0.155,0.855
目黒記念H,S,選別条件,前走着差=0.3秒以内,前走着差タイム,range,10,10,1.0,16,30,0.533,69,166,0.416,0.232,1.283
目黒記念H,S,選別条件,前4角=前半位置(相対50%以内),前4角,derived,10,10,1.0,15,30,0.5,85,166,0.512,0.176,0.976
目黒記念H,S,基礎条件,前走と同じ芝ダ,芝ダローテ,derived,10,10,1.0,30,30,1.0,162,166,0.976,0.185,1.025
目黒記念H,S,基礎条件,前芝・ダ=芝,前芝・ダ,exact,10,10,1.0,30,30,1.0,162,166,0.976,0.185,1.025
目黒記念H,S,基礎条件,前走着順=一桁着順,前走着順,range,10,10,1.0,26,30,0.867,130,166,0.783,0.2,1.107
目黒記念H,S,基礎条件,距離ローテ=同距離または延長,距離ローテ,derived,10,10,1.0,25,30,0.833,135,166,0.813,0.185,1.025
目黒記念H,S,基礎条件,前走馬場状態=良,前走馬場状態,exact,10,10,1.0,25,30,0.833,135,166,0.813,0.185,1.025
目黒記念H,S,基礎条件,性別=牡,性別,exact,10,10,1.0,22,30,0.733,137,166,0.825,0.161,0.889
目黒記念H,S,基礎条件,斤量=56kg以下,斤量,range,10,10,1.0,20,30,0.667,132,166,0.795,0.152,0.838
目黒記念H,B,強選別条件,馬番=1〜6番,馬番,range,10,9,0.9,16,30,0.533,60,166,0.361,0.267,1.476
目黒記念H,B,強選別条件,産地=安平町,産地,exact,10,9,0.9,15,30,0.5,58,166,0.349,0.259,1.431
目黒記念H,B,選別条件,替=*,替,exact,10,9,0.9,17,30,0.567,88,166,0.53,0.193,1.069
目黒記念H,B,選別条件,枠位置=中50%,馬番相対,derived,10,9,0.9,16,30,0.533,82,166,0.494,0.195,1.08
目黒記念H,B,選別条件,前4角=後半位置(相対50%超),前4角,derived,10,9,0.9,15,30,0.5,79,166,0.476,0.19,1.051
目黒記念H,B,選別条件,間隔=中8週以内,間隔,range,10,9,0.9,15,30,0.5,107,166,0.645,0.14,0.776
目黒記念H,B,選別条件,年齢=3〜5歳,年齢,range,10,9,0.9,14,30,0.467,79,166,0.476,0.177,0.981
目黒記念H,B,選別条件,年齢=5歳以下,年齢,range,10,9,0.9,14,30,0.467,79,166,0.476,0.177,0.981
目黒記念H,B,選別条件,前走人気=1〜3人気,前走人気,range,10,9,0.9,12,30,0.4,56,166,0.337,0.214,1.186
目黒記念H,B,選別条件,キャリア=21戦以上,キャリア,range,10,9,0.9,12,30,0.4,86,166,0.518,0.14,0.772
目黒記念H,B,選別条件,前走着差=勝ち/同タイム,前走着差タイム,range,10,9,0.9,10,30,0.333,47,166,0.283,0.213,1.177
目黒記念H,補助,強選別条件,前3角=4〜6番手,前3角,derived,10,8,0.8,11,30,0.367,37,166,0.223,0.297,1.645
目黒記念H,補助,強選別条件,馬番=1〜4番,馬番,range,10,8,0.8,11,30,0.367,40,166,0.241,0.275,1.522
目黒記念H,補助,選別条件,距離ローテ=同距離または短縮,距離ローテ,derived,10,8,0.8,13,30,0.433,56,166,0.337,0.232,1.285
目黒記念H,補助,選別条件,前走Ｒ=10,前走Ｒ,exact,10,8,0.8,13,30,0.433,65,166,0.392,0.2,1.107
目黒記念H,補助,選別条件,前3角=後半位置(相対50%超),前3角,derived,10,8,0.8,12,30,0.4,78,166,0.47,0.154,0.851
目黒記念H,補助,選別条件,前距離=2400,前距離,exact,10,8,0.8,11,30,0.367,64,166,0.386,0.172,0.951
目黒記念H,補助,選別条件,馬体重増減=減,馬体重増減,range,10,8,0.8,10,30,0.333,68,166,0.41,0.147,0.814
目黒記念H,補助,選別条件,間隔=中4週以内,間隔,range,10,8,0.8,10,30,0.333,69,166,0.416,0.145,0.802
目黒記念H,補助,選別条件,馬番=5〜8番,馬番,range,10,8,0.8,9,30,0.3,40,166,0.241,0.225,1.245
神戸新聞,S,強選別条件,間隔=中13週以上,間隔,range,10,10,1.0,21,30,0.7,71,136,0.522,0.296,1.341
神戸新聞,S,強選別条件,距離ローテ=同距離または短縮,距離ローテ,derived,10,10,1.0,21,30,0.7,73,136,0.537,0.288,1.304
神戸新聞,S,強選別条件,前走頭数=17頭以上,前走頭数,range,10,10,1.0,19,30,0.633,53,136,0.39,0.358,1.625
神戸新聞,S,強選別条件,前走人気=1〜3人気,前走人気,range,10,10,1.0,19,30,0.633,65,136,0.478,0.292,1.325
神戸新聞,S,強選別条件,前走開催=2東C,前走開催,exact,10,10,1.0,18,30,0.6,48,136,0.353,0.375,1.7
神戸新聞,S,強選別条件,前走レース名=東京優駿G1,前走レース名,exact,10,10,1.0,18,30,0.6,48,136,0.353,0.375,1.7
神戸新聞,S,強選別条件,前クラス名=G1,前クラス名,exact,10,10,1.0,18,30,0.6,50,136,0.368,0.36,1.632
神戸新聞,S,強選別条件,前走斤量=57,前走斤量,exact,10,10,1.0,18,30,0.6,51,136,0.375,0.353,1.6
神戸新聞,S,強選別条件,前距離=2400,前距離,exact,10,10,1.0,18,30,0.6,54,136,0.397,0.333,1.511
神戸新聞,S,選別条件,前走人気=1〜5人気,前走人気,range,10,10,1.0,22,30,0.733,87,136,0.64,0.253,1.146
神戸新聞,S,選別条件,前走着差=0.5秒以内,前走着差タイム,range,10,10,1.0,21,30,0.7,82,136,0.603,0.256,1.161
神戸新聞,S,選別条件,距離差=±200m以内,距離ローテ,derived,10,10,1.0,21,30,0.7,84,136,0.618,0.25,1.133
神戸新聞,S,選別条件,前走着順=1〜5着,前走着順,range,10,10,1.0,21,30,0.7,87,136,0.64,0.241,1.094
神戸新聞,S,選別条件,キャリア=6〜10戦,キャリア,range,10,10,1.0,19,30,0.633,94,136,0.691,0.202,0.916
神戸新聞,S,選別条件,前走着順=1〜3着,前走着順,range,10,10,1.0,18,30,0.6,69,136,0.507,0.261,1.183
神戸新聞,S,選別条件,前4角=前半位置(相対50%以内),前4角,derived,10,10,1.0,16,30,0.533,85,136,0.625,0.188,0.853
神戸新聞,S,選別条件,前3角=前半位置(相対50%以内),前3角,derived,10,10,1.0,15,30,0.5,79,136,0.581,0.19,0.861
神戸新聞,S,基礎条件,前走と同じ芝ダ,芝ダローテ,derived,10,10,1.0,30,30,1.0,133,136,0.978,0.226,1.023
神戸新聞,S,基礎条件,前芝・ダ=芝,前芝・ダ,exact,10,10,1.0,30,30,1.0,133,136,0.978,0.226,1.023
神戸新聞,S,基礎条件,年齢=3歳,年齢,exact,10,10,1.0,30,30,1.0,136,136,1.0,0.221,1.0
神戸新聞,S,基礎条件,年齢=3〜5歳,年齢,range,10,10,1.0,30,30,1.0,136,136,1.0,0.221,1.0
神戸新聞,S,基礎条件,年齢=5歳以下,年齢,range,10,10,1.0,30,30,1.0,136,136,1.0,0.221,1.0
神戸新聞,S,基礎条件,年齢=6歳以下,年齢,range,10,10,1.0,30,30,1.0,136,136,1.0,0.221,1.0
神戸新聞,S,基礎条件,斤量=56kg,斤量,range,10,10,1.0,30,30,1.0,136,136,1.0,0.221,1.0
神戸新聞,S,基礎条件,斤量=56kg以下,斤量,range,10,10,1.0,30,30,1.0,136,136,1.0,0.221,1.0
神戸新聞,S,基礎条件,性別=牡,性別,exact,10,10,1.0,30,30,1.0,136,136,1.0,0.221,1.0
神戸新聞,S,基礎条件,所属=(栗),所属,exact,10,10,1.0,28,30,0.933,121,136,0.89,0.231,1.049
神戸新聞,S,基礎条件,距離差=±400m以内,距離ローテ,derived,10,10,1.0,28,30,0.933,123,136,0.904,0.228,1.032
神戸新聞,S,基礎条件,前走着差=0.9秒以内,前走着差タイム,range,10,10,1.0,27,30,0.9,111,136,0.816,0.243,1.103
神戸新聞,S,基礎条件,前走着順=一桁着順,前走着順,range,10,10,1.0,26,30,0.867,108,136,0.794,0.241,1.091
神戸新聞,S,基礎条件,前走馬場状態=良,前走馬場状態,exact,10,10,1.0,26,30,0.867,118,136,0.868,0.22,0.999
神戸新聞,B,強選別条件,産地=安平町,産地,exact,10,9,0.9,18,30,0.6,45,136,0.331,0.4,1.813
神戸新聞,B,強選別条件,馬番=1〜6番,馬番,range,10,9,0.9,18,30,0.6,60,136,0.441,0.3,1.36
神戸新聞,B,強選別条件,前走頭数=18,前走頭数,exact,10,9,0.9,16,30,0.533,47,136,0.346,0.34,1.543
神戸新聞,B,強選別条件,取引市場(最終)=セレクトセール,取引市場(最終),exact,10,9,0.9,13,30,0.433,40,136,0.294,0.325,1.473
神戸新聞,B,強選別条件,前4角=後方(相対65%超),前4角,derived,10,9,0.9,12,30,0.4,34,136,0.25,0.353,1.6
神戸新聞,B,選別条件,枠位置=中50%,馬番相対,derived,10,9,0.9,19,30,0.633,68,136,0.5,0.279,1.267
神戸新聞,B,選別条件,前走着差=0.3秒以内,前走着差タイム,range,10,9,0.9,17,30,0.567,67,136,0.493,0.254,1.15
神戸新聞,B,選別条件,前走馬体重増減=減,前走馬体重増減,range,10,9,0.9,15,30,0.5,55,136,0.404,0.273,1.236
神戸新聞,B,選別条件,前3角=後半位置(相対50%超),前3角,derived,10,9,0.9,15,30,0.5,56,136,0.412,0.268,1.214
神戸新聞,B,選別条件,前4角=後半位置(相対50%超),前4角,derived,10,9,0.9,14,30,0.467,50,136,0.368,0.28,1.269
神戸新聞,B,選別条件,毛色=鹿毛,毛色,exact,10,9,0.9,14,30,0.467,67,136,0.493,0.209,0.947
神戸新聞,B,選別条件,前走着差=勝ち/同タイム,前走着差タイム,range,10,9,0.9,13,30,0.433,48,136,0.353,0.271,1.228
神戸新聞,B,選別条件,前3角=後方(相対65%超),前3角,derived,10,9,0.9,12,30,0.4,44,136,0.324,0.273,1.236
神戸新聞,B,選別条件,前走着順=1着,前走着順,range,10,9,0.9,11,30,0.367,40,136,0.294,0.275,1.247
神戸新聞,B,基礎条件,距離ローテ=同距離または延長,距離ローテ,derived,10,9,0.9,23,30,0.767,104,136,0.765,0.221,1.003
神戸新聞,補助,強選別条件,馬番=5〜8番,馬番,range,10,8,0.8,14,30,0.467,40,136,0.294,0.35,1.587
神戸新聞,補助,強選別条件,距離ローテ=同距離,距離ローテ,derived,10,8,0.8,14,30,0.467,41,136,0.301,0.341,1.548
神戸新聞,補助,強選別条件,種牡馬=ディープインパクト,種牡馬,exact,10,8,0.8,8,30,0.267,23,136,0.169,0.348,1.577
神戸新聞,補助,選別条件,替=*,替,exact,10,8,0.8,11,30,0.367,69,136,0.507,0.159,0.723
神戸新聞,補助,選別条件,馬番=1〜4番,馬番,range,10,8,0.8,9,30,0.3,40,136,0.294,0.225,1.02
神戸新聞,補助,選別条件,前走馬体重増減=増,前走馬体重増減,range,10,8,0.8,9,30,0.3,44,136,0.324,0.205,0.927
神戸新聞,補助,選別条件,距離ローテ=距離延長,距離ローテ,derived,10,8,0.8,9,30,0.3,63,136,0.463,0.143,0.648
福島牝馬,S,強選別条件,前走着差=0.5秒以内,前走着差タイム,range,10,10,1.0,20,30,0.667,71,149,0.477,0.282,1.399
福島牝馬,S,強選別条件,前走着差=0.3秒以内,前走着差タイム,range,10,10,1.0,17,30,0.567,58,149,0.389,0.293,1.456
福島牝馬,S,強選別条件,前走着順=1〜5着,前走着順,range,10,10,1.0,17,30,0.567,62,149,0.416,0.274,1.362
福島牝馬,S,選別条件,前走着差=0.9秒以内,前走着差タイム,range,10,10,1.0,25,30,0.833,102,149,0.685,0.245,1.217
福島牝馬,S,選別条件,距離ローテ=同距離または短縮,距離ローテ,derived,10,10,1.0,25,30,0.833,107,149,0.718,0.234,1.16
福島牝馬,S,選別条件,前走頭数=14〜16頭,前走頭数,range,10,10,1.0,25,30,0.833,110,149,0.738,0.227,1.129
福島牝馬,S,選別条件,前走着順=一桁着順,前走着順,range,10,10,1.0,23,30,0.767,97,149,0.651,0.237,1.178
福島牝馬,S,選別条件,年齢=3〜5歳,年齢,range,10,10,1.0,23,30,0.767,111,149,0.745,0.207,1.029
福島牝馬,S,選別条件,年齢=5歳以下,年齢,range,10,10,1.0,23,30,0.767,111,149,0.745,0.207,1.029
福島牝馬,S,選別条件,前クラス名=G3,前クラス名,exact,10,10,1.0,22,30,0.733,85,149,0.57,0.259,1.285
福島牝馬,S,選別条件,前3角=前半位置(相対50%以内),前3角,derived,10,10,1.0,22,30,0.733,94,149,0.631,0.234,1.162
福島牝馬,S,選別条件,前4角=前半位置(相対50%以内),前4角,derived,10,10,1.0,22,30,0.733,94,149,0.631,0.234,1.162
福島牝馬,S,選別条件,枠位置=中50%,馬番相対,derived,10,10,1.0,18,30,0.6,75,149,0.503,0.24,1.192
福島牝馬,S,選別条件,距離ローテ=同距離,距離ローテ,derived,10,10,1.0,18,30,0.6,79,149,0.53,0.228,1.132
福島牝馬,S,選別条件,前距離=1800,前距離,exact,10,10,1.0,18,30,0.6,79,149,0.53,0.228,1.132
福島牝馬,S,選別条件,間隔=中8週以内,間隔,range,10,10,1.0,18,30,0.6,106,149,0.711,0.17,0.843
福島牝馬,S,選別条件,キャリア=11〜20戦,キャリア,range,10,10,1.0,16,30,0.533,72,149,0.483,0.222,1.104
福島牝馬,S,選別条件,替=*,替,exact,10,10,1.0,16,30,0.533,92,149,0.617,0.174,0.864
福島牝馬,S,基礎条件,距離差=±200m以内,距離ローテ,derived,10,10,1.0,30,30,1.0,136,149,0.913,0.221,1.096
福島牝馬,S,基礎条件,前走と同じ芝ダ,芝ダローテ,derived,10,10,1.0,30,30,1.0,144,149,0.966,0.208,1.035
福島牝馬,S,基礎条件,前芝・ダ=芝,前芝・ダ,exact,10,10,1.0,30,30,1.0,144,149,0.966,0.208,1.035
福島牝馬,S,基礎条件,距離差=±400m以内,距離ローテ,derived,10,10,1.0,30,30,1.0,147,149,0.987,0.204,1.014
福島牝馬,S,基礎条件,斤量=56kg以下,斤量,range,10,10,1.0,30,30,1.0,148,149,0.993,0.203,1.007
福島牝馬,S,基礎条件,性別=牝,性別,exact,10,10,1.0,30,30,1.0,149,149,1.0,0.201,1.0
福島牝馬,S,基礎条件,年齢=4〜6歳,年齢,range,10,10,1.0,29,30,0.967,141,149,0.946,0.206,1.022
福島牝馬,S,基礎条件,年齢=6歳以下,年齢,range,10,10,1.0,29,30,0.967,141,149,0.946,0.206,1.022
福島牝馬,S,基礎条件,前走Ｒ=11,前走Ｒ,exact,10,10,1.0,26,30,0.867,114,149,0.765,0.228,1.133
福島牝馬,S,基礎条件,距離ローテ=同距離または延長,距離ローテ,derived,10,10,1.0,23,30,0.767,121,149,0.812,0.19,0.944
福島牝馬,A,選別条件,毛色=鹿毛,毛色,exact,10,10,1.0,14,30,0.467,80,149,0.537,0.175,0.869
福島牝馬,B,強選別条件,年齢=5歳,年齢,exact,10,9,0.9,15,30,0.5,55,149,0.369,0.273,1.355
福島牝馬,B,選別条件,前走馬場状態=良,前走馬場状態,exact,10,9,0.9,20,30,0.667,92,149,0.617,0.217,1.08
福島牝馬,B,選別条件,前走レース名=中山牝馬HG3,前走レース名,exact,10,9,0.9,14,30,0.467,61,149,0.409,0.23,1.14
福島牝馬,B,選別条件,間隔=中5〜8週,間隔,range,10,9,0.9,14,30,0.467,85,149,0.57,0.165,0.818
福島牝馬,B,選別条件,馬番=9番外,馬番,range,10,9,0.9,13,30,0.433,69,149,0.463,0.188,0.936
福島牝馬,B,選別条件,馬番=1〜6番,馬番,range,10,9,0.9,12,30,0.4,60,149,0.403,0.2,0.993
福島牝馬,B,選別条件,馬体重増減=減,馬体重増減,range,10,9,0.9,12,30,0.4,66,149,0.443,0.182,0.903
福島牝馬,B,選別条件,前走着順=1〜3着,前走着順,range,10,9,0.9,10,30,0.333,41,149,0.275,0.244,1.211
福島牝馬,B,選別条件,前走人気=10人気以下,前走人気,range,10,9,0.9,10,30,0.333,56,149,0.376,0.179,0.887
福島牝馬,補助,強選別条件,前走斤量=53,前走斤量,exact,10,8,0.8,11,30,0.367,36,149,0.242,0.306,1.518
福島牝馬,補助,強選別条件,馬番=5〜8番,馬番,range,10,8,0.8,11,30,0.367,40,149,0.268,0.275,1.366
福島牝馬,補助,選別条件,所属=(栗),所属,exact,10,8,0.8,15,30,0.5,71,149,0.477,0.211,1.049
福島牝馬,補助,選別条件,所属=(美),所属,exact,10,8,0.8,15,30,0.5,78,149,0.523,0.192,0.955
福島牝馬,補助,選別条件,前走人気=1〜5人気,前走人気,range,10,8,0.8,13,30,0.433,56,149,0.376,0.232,1.153
福島牝馬,補助,選別条件,年齢=4歳,年齢,exact,10,8,0.8,8,30,0.267,56,149,0.376,0.143,0.71
福島牝馬,補助,基礎条件,斤量=54kg,斤量,range,10,8,0.8,22,30,0.733,113,149,0.758,0.195,0.967
福島記念H,S,強選別条件,前走着差=0.9秒以内,前走着差タイム,range,10,10,1.0,27,30,0.9,98,160,0.613,0.276,1.469
福島記念H,S,強選別条件,間隔=中8週以内,間隔,range,10,10,1.0,23,30,0.767,94,160,0.588,0.245,1.305
福島記念H,S,強選別条件,前走着差=0.5秒以内,前走着差タイム,range,10,10,1.0,18,30,0.6,64,160,0.4,0.281,1.5
福島記念H,S,強選別条件,前走斤量=56,前走斤量,exact,10,10,1.0,17,30,0.567,51,160,0.319,0.333,1.778
福島記念H,S,選別条件,前走着順=一桁着順,前走着順,range,10,10,1.0,23,30,0.767,106,160,0.662,0.217,1.157
福島記念H,S,選別条件,距離ローテ=同距離または短縮,距離ローテ,derived,10,10,1.0,23,30,0.767,106,160,0.662,0.217,1.157
福島記念H,S,選別条件,年齢=4〜6歳,年齢,range,10,10,1.0,22,30,0.733,109,160,0.681,0.202,1.076
福島記念H,S,選別条件,前4角=前半位置(相対50%以内),前4角,derived,10,10,1.0,21,30,0.7,97,160,0.606,0.216,1.155
福島記念H,S,基礎条件,前走Ｒ=11,前走Ｒ,exact,10,10,1.0,30,30,1.0,155,160,0.969,0.194,1.032
福島記念H,S,基礎条件,前走と同じ芝ダ,芝ダローテ,derived,10,10,1.0,30,30,1.0,157,160,0.981,0.191,1.019
福島記念H,S,基礎条件,前芝・ダ=芝,前芝・ダ,exact,10,10,1.0,30,30,1.0,157,160,0.981,0.191,1.019
福島記念H,S,基礎条件,距離差=±400m以内,距離ローテ,derived,10,10,1.0,28,30,0.933,151,160,0.944,0.185,0.989
福島記念H,S,基礎条件,年齢=6歳以下,年齢,range,10,10,1.0,26,30,0.867,123,160,0.769,0.211,1.127
福島記念H,S,基礎条件,性別=牡,性別,exact,10,10,1.0,22,30,0.733,121,160,0.756,0.182,0.97
福島記念H,S,基礎条件,前走馬場状態=良,前走馬場状態,exact,10,10,1.0,22,30,0.733,127,160,0.794,0.173,0.924
福島記念H,S,基礎条件,距離差=±200m以内,距離ローテ,derived,10,10,1.0,22,30,0.733,131,160,0.819,0.168,0.896
福島記念H,S,基礎条件,斤量=56kg以下,斤量,range,10,10,1.0,21,30,0.7,129,160,0.806,0.163,0.868
福島記念H,S,基礎条件,距離ローテ=同距離または延長,距離ローテ,derived,10,10,1.0,19,30,0.633,124,160,0.775,0.153,0.817
福島記念H,A,選別条件,距離ローテ=同距離,距離ローテ,derived,10,10,1.0,12,30,0.4,70,160,0.438,0.171,0.914
福島記念H,A,選別条件,前距離=2000,前距離,exact,10,10,1.0,12,30,0.4,70,160,0.438,0.171,0.914
福島記念H,B,強選別条件,前走着順=1〜5着,前走着順,range,10,9,0.9,18,30,0.6,68,160,0.425,0.265,1.412
福島記念H,B,強選別条件,キャリア=11〜20戦,キャリア,range,10,9,0.9,15,30,0.5,46,160,0.287,0.326,1.739
福島記念H,B,強選別条件,前走着差=0.3秒以内,前走着差タイム,range,10,9,0.9,14,30,0.467,48,160,0.3,0.292,1.556
福島記念H,B,強選別条件,距離ローテ=距離短縮,距離ローテ,derived,10,9,0.9,11,30,0.367,36,160,0.225,0.306,1.63
福島記念H,B,選別条件,前3角=前半位置(相対50%以内),前3角,derived,10,9,0.9,19,30,0.633,96,160,0.6,0.198,1.056
福島記念H,B,選別条件,年齢=3〜5歳,年齢,range,10,9,0.9,17,30,0.567,79,160,0.494,0.215,1.148
福島記念H,B,選別条件,年齢=5歳以下,年齢,range,10,9,0.9,17,30,0.567,79,160,0.494,0.215,1.148
福島記念H,B,選別条件,所属=(栗),所属,exact,10,9,0.9,16,30,0.533,74,160,0.463,0.216,1.153
福島記念H,B,選別条件,枠位置=中50%,馬番相対,derived,10,9,0.9,15,30,0.5,80,160,0.5,0.188,1.0
福島記念H,B,選別条件,替=*,替,exact,10,9,0.9,15,30,0.5,95,160,0.594,0.158,0.842
福島記念H,B,選別条件,前走頭数=14〜16頭,前走頭数,range,10,9,0.9,14,30,0.467,74,160,0.463,0.189,1.009
福島記念H,B,選別条件,前走人気=6〜9人気,前走人気,range,10,9,0.9,12,30,0.4,54,160,0.338,0.222,1.185
福島記念H,B,選別条件,間隔=中4週以内,間隔,range,10,9,0.9,11,30,0.367,57,160,0.356,0.193,1.029
福島記念H,補助,強選別条件,馬番=1〜6番,馬番,range,10,8,0.8,15,30,0.5,60,160,0.375,0.25,1.333
福島記念H,補助,強選別条件,前クラス名=G2,前クラス名,exact,10,8,0.8,14,30,0.467,43,160,0.269,0.326,1.736
福島記念H,補助,強選別条件,間隔=中5〜8週,間隔,range,10,8,0.8,12,30,0.4,37,160,0.231,0.324,1.73
福島記念H,補助,強選別条件,馬番=1〜4番,馬番,range,10,8,0.8,12,30,0.4,40,160,0.25,0.3,1.6
福島記念H,補助,強選別条件,枠位置=内25%,馬番相対,derived,10,8,0.8,12,30,0.4,40,160,0.25,0.3,1.6
福島記念H,補助,強選別条件,前走人気=1〜5人気,前走人気,range,10,8,0.8,12,30,0.4,45,160,0.281,0.267,1.422
福島記念H,補助,選別条件,毛色=鹿毛,毛色,exact,10,8,0.8,17,30,0.567,85,160,0.531,0.2,1.067
福島記念H,補助,選別条件,所属=(美),所属,exact,10,8,0.8,14,30,0.467,86,160,0.537,0.163,0.868
福島記念H,補助,選別条件,前走馬体重増減=増,前走馬体重増減,range,10,8,0.8,13,30,0.433,66,160,0.412,0.197,1.051
福島記念H,補助,選別条件,キャリア=21戦以上,キャリア,range,10,8,0.8,12,30,0.4,104,160,0.65,0.115,0.615
福島記念H,補助,選別条件,馬体重増減=減,馬体重増減,range,10,8,0.8,9,30,0.3,53,160,0.331,0.17,0.906
秋華賞,S,強選別条件,前走着順=1〜5着,前走着順,range,10,10,1.0,29,30,0.967,119,176,0.676,0.244,1.43
秋華賞,S,強選別条件,前走人気=1〜5人気,前走人気,range,10,10,1.0,26,30,0.867,104,176,0.591,0.25,1.467
秋華賞,S,強選別条件,前走着差=0.5秒以内,前走着差タイム,range,10,10,1.0,26,30,0.867,112,176,0.636,0.232,1.362
秋華賞,S,強選別条件,前走着順=1〜3着,前走着順,range,10,10,1.0,25,30,0.833,95,176,0.54,0.263,1.544
秋華賞,S,強選別条件,前走着差=0.3秒以内,前走着差タイム,range,10,10,1.0,23,30,0.767,92,176,0.523,0.25,1.467
秋華賞,S,強選別条件,前走人気=1〜3人気,前走人気,range,10,10,1.0,21,30,0.7,71,176,0.403,0.296,1.735
秋華賞,S,強選別条件,枠位置=中50%,馬番相対,derived,10,10,1.0,20,30,0.667,88,176,0.5,0.227,1.333
秋華賞,S,選別条件,前走着順=一桁着順,前走着順,range,10,10,1.0,30,30,1.0,145,176,0.824,0.207,1.214
秋華賞,S,選別条件,前走着差=0.9秒以内,前走着差タイム,range,10,10,1.0,28,30,0.933,132,176,0.75,0.212,1.244
秋華賞,S,選別条件,所属=(栗),所属,exact,10,10,1.0,23,30,0.767,109,176,0.619,0.211,1.238
秋華賞,S,選別条件,前走頭数=17頭以上,前走頭数,range,10,10,1.0,22,30,0.733,109,176,0.619,0.202,1.184
秋華賞,S,選別条件,前4角=前半位置(相対50%以内),前4角,derived,10,10,1.0,22,30,0.733,123,176,0.699,0.179,1.049
秋華賞,S,選別条件,前3角=前半位置(相対50%以内),前3角,derived,10,10,1.0,20,30,0.667,117,176,0.665,0.171,1.003
秋華賞,S,選別条件,距離ローテ=同距離または短縮,距離ローテ,derived,10,10,1.0,19,30,0.633,98,176,0.557,0.194,1.137
秋華賞,S,選別条件,前走斤量=54,前走斤量,exact,10,10,1.0,19,30,0.633,114,176,0.648,0.167,0.978
秋華賞,S,基礎条件,前走と同じ芝ダ,芝ダローテ,derived,10,10,1.0,30,30,1.0,172,176,0.977,0.174,1.023
秋華賞,S,基礎条件,前芝・ダ=芝,前芝・ダ,exact,10,10,1.0,30,30,1.0,172,176,0.977,0.174,1.023
秋華賞,S,基礎条件,距離差=±400m以内,距離ローテ,derived,10,10,1.0,30,30,1.0,175,176,0.994,0.171,1.006
秋華賞,S,基礎条件,年齢=3歳,年齢,exact,10,10,1.0,30,30,1.0,176,176,1.0,0.17,1.0
秋華賞,S,基礎条件,年齢=3〜5歳,年齢,range,10,10,1.0,30,30,1.0,176,176,1.0,0.17,1.0
秋華賞,S,基礎条件,年齢=5歳以下,年齢,range,10,10,1.0,30,30,1.0,176,176,1.0,0.17,1.0
秋華賞,S,基礎条件,年齢=6歳以下,年齢,range,10,10,1.0,30,30,1.0,176,176,1.0,0.17,1.0
秋華賞,S,基礎条件,斤量=55kg,斤量,range,10,10,1.0,30,30,1.0,176,176,1.0,0.17,1.0
秋華賞,S,基礎条件,斤量=56kg以下,斤量,range,10,10,1.0,30,30,1.0,176,176,1.0,0.17,1.0
秋華賞,S,基礎条件,性別=牝,性別,exact,10,10,1.0,30,30,1.0,176,176,1.0,0.17,1.0
秋華賞,S,基礎条件,前走馬場状態=良,前走馬場状態,exact,10,10,1.0,27,30,0.9,141,176,0.801,0.191,1.123
秋華賞,S,基礎条件,前走Ｒ=11,前走Ｒ,exact,10,10,1.0,27,30,0.9,150,176,0.852,0.18,1.056
秋華賞,S,基礎条件,距離差=±200m以内,距離ローテ,derived,10,10,1.0,22,30,0.733,144,176,0.818,0.153,0.896
秋華賞,S,基礎条件,間隔=中8週以内,間隔,range,10,10,1.0,21,30,0.7,134,176,0.761,0.157,0.919
秋華賞,S,基礎条件,距離ローテ=同距離または延長,距離ローテ,derived,10,10,1.0,21,30,0.7,150,176,0.852,0.14,0.821
秋華賞,B,強選別条件,前走上り3F=33秒台以下,前走上り3F,range,10,9,0.9,12,30,0.4,44,176,0.25,0.273,1.6
秋華賞,B,選別条件,キャリア=6〜10戦,キャリア,range,10,9,0.9,22,30,0.733,122,176,0.693,0.18,1.058
秋華賞,B,選別条件,前走頭数=18,前走頭数,exact,10,9,0.9,17,30,0.567,81,176,0.46,0.21,1.231
秋華賞,B,選別条件,毛色=鹿毛,毛色,exact,10,9,0.9,14,30,0.467,83,176,0.472,0.169,0.99
秋華賞,B,選別条件,馬番=9番外,馬番,range,10,9,0.9,14,30,0.467,96,176,0.545,0.146,0.856
秋華賞,B,選別条件,間隔=中4週以内,間隔,range,10,9,0.9,13,30,0.433,78,176,0.443,0.167,0.978
秋華賞,補助,強選別条件,前走着差=勝ち/同タイム,前走着差タイム,range,10,8,0.8,15,30,0.5,59,176,0.335,0.254,1.492
秋華賞,補助,強選別条件,前走着順=1着,前走着順,range,10,8,0.8,14,30,0.467,52,176,0.295,0.269,1.579
秋華賞,補助,強選別条件,前4角=4〜6番手,前4角,derived,10,8,0.8,12,30,0.4,38,176,0.216,0.316,1.853
秋華賞,補助,強選別条件,前走人気=1人気,前走人気,range,10,8,0.8,11,30,0.367,34,176,0.193,0.324,1.898
秋華賞,補助,強選別条件,馬番=5〜8番,馬番,range,10,8,0.8,11,30,0.367,40,176,0.227,0.275,1.613
秋華賞,補助,強選別条件,毛色=黒鹿,毛色,exact,10,8,0.8,10,30,0.333,42,176,0.239,0.238,1.397
秋華賞,補助,強選別条件,取引市場(最終)=セレクトセール,取引市場(最終),exact,10,8,0.8,8,30,0.267,24,176,0.136,0.333,1.956
秋華賞,補助,選別条件,産地=安平町,産地,exact,10,8,0.8,13,30,0.433,63,176,0.358,0.206,1.211
秋華賞,補助,選別条件,前走馬体重増減=増,前走馬体重増減,range,10,8,0.8,12,30,0.4,67,176,0.381,0.179,1.051
秋華賞,補助,選別条件,前走レース名=ローズSG2,前走レース名,exact,10,8,0.8,11,30,0.367,61,176,0.347,0.18,1.058
秋華賞,補助,選別条件,前クラス名=G2,前クラス名,exact,10,8,0.8,11,30,0.367,68,176,0.386,0.162,0.949
紫苑S,S,強選別条件,距離ローテ=同距離または短縮,距離ローテ,derived,8,8,1.0,18,24,0.75,68,132,0.515,0.265,1.456
紫苑S,S,強選別条件,毛色=鹿毛,毛色,exact,8,8,1.0,17,24,0.708,71,132,0.538,0.239,1.317
紫苑S,S,選別条件,前走着差=0.9秒以内,前走着差タイム,range,8,8,1.0,17,24,0.708,97,132,0.735,0.175,0.964
紫苑S,S,基礎条件,前走と同じ芝ダ,芝ダローテ,derived,8,8,1.0,24,24,1.0,126,132,0.955,0.19,1.048
紫苑S,S,基礎条件,前芝・ダ=芝,前芝・ダ,exact,8,8,1.0,24,24,1.0,126,132,0.955,0.19,1.048
紫苑S,S,基礎条件,距離差=±400m以内,距離ローテ,derived,8,8,1.0,24,24,1.0,128,132,0.97,0.188,1.031
紫苑S,S,基礎条件,年齢=3歳,年齢,exact,8,8,1.0,24,24,1.0,132,132,1.0,0.182,1.0
紫苑S,S,基礎条件,年齢=3〜5歳,年齢,range,8,8,1.0,24,24,1.0,132,132,1.0,0.182,1.0
紫苑S,S,基礎条件,年齢=5歳以下,年齢,range,8,8,1.0,24,24,1.0,132,132,1.0,0.182,1.0
紫苑S,S,基礎条件,年齢=6歳以下,年齢,range,8,8,1.0,24,24,1.0,132,132,1.0,0.182,1.0
紫苑S,S,基礎条件,斤量=54kg,斤量,range,8,8,1.0,24,24,1.0,132,132,1.0,0.182,1.0
紫苑S,S,基礎条件,斤量=56kg以下,斤量,range,8,8,1.0,24,24,1.0,132,132,1.0,0.182,1.0
紫苑S,S,基礎条件,性別=牝,性別,exact,8,8,1.0,24,24,1.0,132,132,1.0,0.182,1.0
紫苑S,S,基礎条件,前走馬場状態=良,前走馬場状態,exact,8,8,1.0,20,24,0.833,106,132,0.803,0.189,1.038
紫苑S,S,基礎条件,前走着順=一桁着順,前走着順,range,8,8,1.0,18,24,0.75,103,132,0.78,0.175,0.961
紫苑S,S,基礎条件,所属=(美),所属,exact,8,8,1.0,16,24,0.667,99,132,0.75,0.162,0.889
紫苑S,A,強選別条件,馬体重増減=増,馬体重増減,range,8,8,1.0,14,24,0.583,58,132,0.439,0.241,1.328
紫苑S,A,強選別条件,産地=安平町,産地,exact,8,8,1.0,13,24,0.542,47,132,0.356,0.277,1.521
紫苑S,A,選別条件,馬番=9番外,馬番,range,8,8,1.0,14,24,0.583,68,132,0.515,0.206,1.132
紫苑S,A,選別条件,前走着順=1〜5着,前走着順,range,8,8,1.0,14,24,0.583,81,132,0.614,0.173,0.951
紫苑S,A,選別条件,替=*,替,exact,8,8,1.0,13,24,0.542,70,132,0.53,0.186,1.021
紫苑S,A,選別条件,前走着差=0.5秒以内,前走着差タイム,range,8,8,1.0,13,24,0.542,81,132,0.614,0.16,0.883
紫苑S,A,選別条件,前走着順=1〜3着,前走着順,range,8,8,1.0,12,24,0.5,67,132,0.508,0.179,0.985
紫苑S,A,選別条件,キャリア=6〜10戦,キャリア,range,8,8,1.0,10,24,0.417,65,132,0.492,0.154,0.846
菊花賞,S,強選別条件,前走着順=1〜5着,前走着順,range,10,10,1.0,28,30,0.933,126,179,0.704,0.222,1.326
菊花賞,S,強選別条件,前走着順=1〜3着,前走着順,range,10,10,1.0,27,30,0.9,102,179,0.57,0.265,1.579
菊花賞,S,強選別条件,前走人気=1〜5人気,前走人気,range,10,10,1.0,26,30,0.867,119,179,0.665,0.218,1.304
菊花賞,S,強選別条件,前走着差=0.5秒以内,前走着差タイム,range,10,10,1.0,25,30,0.833,110,179,0.615,0.227,1.356
菊花賞,S,強選別条件,前走着差=0.3秒以内,前走着差タイム,range,10,10,1.0,22,30,0.733,91,179,0.508,0.242,1.442
菊花賞,S,強選別条件,前走人気=1〜3人気,前走人気,range,10,10,1.0,20,30,0.667,89,179,0.497,0.225,1.341
菊花賞,S,選別条件,前走着差=0.9秒以内,前走着差タイム,range,10,10,1.0,28,30,0.933,145,179,0.81,0.193,1.152
菊花賞,S,選別条件,前クラス名=G2,前クラス名,exact,10,10,1.0,22,30,0.733,117,179,0.654,0.188,1.122
菊花賞,S,選別条件,前走斤量=56,前走斤量,exact,10,10,1.0,21,30,0.7,113,179,0.631,0.186,1.109
菊花賞,S,選別条件,馬番=9番外,馬番,range,10,10,1.0,19,30,0.633,99,179,0.553,0.192,1.145
菊花賞,S,基礎条件,前走と同じ芝ダ,芝ダローテ,derived,10,10,1.0,30,30,1.0,175,179,0.978,0.171,1.023
菊花賞,S,基礎条件,前芝・ダ=芝,前芝・ダ,exact,10,10,1.0,30,30,1.0,175,179,0.978,0.171,1.023
菊花賞,S,基礎条件,年齢=3歳,年齢,exact,10,10,1.0,30,30,1.0,179,179,1.0,0.168,1.0
菊花賞,S,基礎条件,年齢=3〜5歳,年齢,range,10,10,1.0,30,30,1.0,179,179,1.0,0.168,1.0
菊花賞,S,基礎条件,年齢=5歳以下,年齢,range,10,10,1.0,30,30,1.0,179,179,1.0,0.168,1.0
菊花賞,S,基礎条件,年齢=6歳以下,年齢,range,10,10,1.0,30,30,1.0,179,179,1.0,0.168,1.0
菊花賞,S,基礎条件,距離ローテ=距離延長,距離ローテ,derived,10,10,1.0,30,30,1.0,179,179,1.0,0.168,1.0
菊花賞,S,基礎条件,距離ローテ=同距離または延長,距離ローテ,derived,10,10,1.0,30,30,1.0,179,179,1.0,0.168,1.0
菊花賞,S,基礎条件,前走着順=一桁着順,前走着順,range,10,10,1.0,29,30,0.967,159,179,0.888,0.182,1.088
菊花賞,S,基礎条件,斤量=57kg,斤量,range,10,10,1.0,29,30,0.967,177,179,0.989,0.164,0.978
菊花賞,S,基礎条件,性別=牡,性別,exact,10,10,1.0,29,30,0.967,177,179,0.989,0.164,0.978
菊花賞,S,基礎条件,前走馬場状態=良,前走馬場状態,exact,10,10,1.0,27,30,0.9,148,179,0.827,0.182,1.089
菊花賞,S,基礎条件,前走Ｒ=11,前走Ｒ,exact,10,10,1.0,25,30,0.833,138,179,0.771,0.181,1.081
菊花賞,S,基礎条件,間隔=中8週以内,間隔,range,10,10,1.0,23,30,0.767,148,179,0.827,0.155,0.927
菊花賞,B,強選別条件,前走上り3F=34秒台,前走上り3F,range,10,9,0.9,18,30,0.6,65,179,0.363,0.277,1.652
菊花賞,B,強選別条件,産地=安平町,産地,exact,10,9,0.9,18,30,0.6,75,179,0.419,0.24,1.432
菊花賞,B,強選別条件,前走着差=勝ち/同タイム,前走着差タイム,range,10,9,0.9,15,30,0.5,66,179,0.369,0.227,1.356
菊花賞,B,選別条件,キャリア=6〜10戦,キャリア,range,10,9,0.9,23,30,0.767,132,179,0.737,0.174,1.04
菊花賞,B,選別条件,所属=(栗),所属,exact,10,9,0.9,21,30,0.7,124,179,0.693,0.169,1.01
菊花賞,B,選別条件,毛色=鹿毛,毛色,exact,10,9,0.9,17,30,0.567,88,179,0.492,0.193,1.153
菊花賞,B,選別条件,前4角=前半位置(相対50%以内),前4角,derived,10,9,0.9,17,30,0.567,104,179,0.581,0.163,0.975
菊花賞,B,選別条件,前3角=後半位置(相対50%超),前3角,derived,10,9,0.9,14,30,0.467,82,179,0.458,0.171,1.019
菊花賞,B,選別条件,枠位置=中50%,馬番相対,derived,10,9,0.9,14,30,0.467,89,179,0.497,0.157,0.939
菊花賞,B,選別条件,前4角=後半位置(相対50%超),前4角,derived,10,9,0.9,13,30,0.433,75,179,0.419,0.173,1.034
菊花賞,B,選別条件,前走着順=1着,前走着順,range,10,9,0.9,12,30,0.4,59,179,0.33,0.203,1.214
菊花賞,補助,強選別条件,前走人気=1人気,前走人気,range,10,8,0.8,11,30,0.367,39,179,0.218,0.282,1.683
菊花賞,補助,選別条件,前距離=2200,前距離,exact,10,8,0.8,16,30,0.533,77,179,0.43,0.208,1.24
菊花賞,補助,選別条件,前3角=前半位置(相対50%以内),前3角,derived,10,8,0.8,16,30,0.533,97,179,0.542,0.165,0.984
菊花賞,補助,選別条件,前走レース名=神戸新聞G2,前走レース名,exact,10,8,0.8,13,30,0.433,65,179,0.363,0.2,1.193
菊花賞,補助,選別条件,間隔=中4週以内,間隔,range,10,8,0.8,13,30,0.433,86,179,0.48,0.151,0.902
菊花賞,補助,選別条件,馬番=1〜6番,馬番,range,10,8,0.8,9,30,0.3,60,179,0.335,0.15,0.895
金鯱賞,S,強選別条件,前走着順=1〜5着,前走着順,range,10,10,1.0,21,31,0.677,60,123,0.488,0.35,1.389
金鯱賞,S,選別条件,年齢=4〜6歳,年齢,range,10,10,1.0,29,31,0.935,97,123,0.789,0.299,1.186
金鯱賞,S,選別条件,年齢=6歳以下,年齢,range,10,10,1.0,29,31,0.935,99,123,0.805,0.293,1.162
金鯱賞,S,選別条件,前走着順=一桁着順,前走着順,range,10,10,1.0,27,31,0.871,91,123,0.74,0.297,1.177
金鯱賞,S,選別条件,前走着差=0.9秒以内,前走着差タイム,range,10,10,1.0,26,31,0.839,90,123,0.732,0.289,1.146
金鯱賞,S,選別条件,所属=(栗),所属,exact,10,10,1.0,24,31,0.774,89,123,0.724,0.27,1.07
金鯱賞,S,選別条件,前走着差=0.5秒以内,前走着差タイム,range,10,10,1.0,21,31,0.677,66,123,0.537,0.318,1.262
金鯱賞,S,選別条件,年齢=3〜5歳,年齢,range,10,10,1.0,21,31,0.677,67,123,0.545,0.313,1.244
金鯱賞,S,選別条件,年齢=5歳以下,年齢,range,10,10,1.0,21,31,0.677,67,123,0.545,0.313,1.244
金鯱賞,S,選別条件,前走人気=1〜5人気,前走人気,range,10,10,1.0,18,31,0.581,58,123,0.472,0.31,1.231
金鯱賞,S,選別条件,馬番=1〜6番,馬番,range,10,10,1.0,18,31,0.581,60,123,0.488,0.3,1.19
金鯱賞,S,選別条件,前4角=前半位置(相対50%以内),前4角,derived,10,10,1.0,17,31,0.548,63,123,0.512,0.27,1.071
金鯱賞,S,基礎条件,前走と同じ芝ダ,芝ダローテ,derived,10,10,1.0,31,31,1.0,118,123,0.959,0.263,1.042
金鯱賞,S,基礎条件,前芝・ダ=芝,前芝・ダ,exact,10,10,1.0,31,31,1.0,118,123,0.959,0.263,1.042
金鯱賞,S,基礎条件,距離ローテ=同距離または短縮,距離ローテ,derived,10,10,1.0,29,31,0.935,104,123,0.846,0.279,1.106
金鯱賞,S,基礎条件,前走馬場状態=良,前走馬場状態,exact,10,10,1.0,27,31,0.871,99,123,0.805,0.273,1.082
金鯱賞,S,基礎条件,距離差=±400m以内,距離ローテ,derived,10,10,1.0,25,31,0.806,99,123,0.805,0.253,1.002
金鯱賞,S,基礎条件,性別=牡,性別,exact,10,10,1.0,25,31,0.806,100,123,0.813,0.25,0.992
金鯱賞,S,基礎条件,前走Ｒ=11,前走Ｒ,exact,10,10,1.0,22,31,0.71,103,123,0.837,0.214,0.847
金鯱賞,B,強選別条件,前走着差=0.3秒以内,前走着差タイム,range,10,9,0.9,17,31,0.548,46,123,0.374,0.37,1.466
金鯱賞,B,強選別条件,前クラス名=G1,前クラス名,exact,10,9,0.9,16,31,0.516,39,123,0.317,0.41,1.628
金鯱賞,B,強選別条件,距離ローテ=同距離,距離ローテ,derived,10,9,0.9,16,31,0.516,48,123,0.39,0.333,1.323
金鯱賞,B,強選別条件,前距離=2000,前距離,exact,10,9,0.9,16,31,0.516,48,123,0.39,0.333,1.323
金鯱賞,B,強選別条件,前走人気=1〜3人気,前走人気,range,10,9,0.9,14,31,0.452,37,123,0.301,0.378,1.501
金鯱賞,B,強選別条件,種牡馬=ディープインパクト,種牡馬,exact,10,9,0.9,13,31,0.419,36,123,0.293,0.361,1.433
金鯱賞,B,強選別条件,年齢=4歳,年齢,exact,10,9,0.9,10,31,0.323,27,123,0.22,0.37,1.47
金鯱賞,B,選別条件,距離差=±200m以内,距離ローテ,derived,10,9,0.9,20,31,0.645,86,123,0.699,0.233,0.923
金鯱賞,B,選別条件,距離ローテ=同距離または延長,距離ローテ,derived,10,9,0.9,18,31,0.581,67,123,0.545,0.269,1.066
金鯱賞,B,選別条件,前3角=前半位置(相対50%以内),前3角,derived,10,9,0.9,16,31,0.516,58,123,0.472,0.276,1.095
金鯱賞,B,選別条件,前走頭数=14〜16頭,前走頭数,range,10,9,0.9,16,31,0.516,61,123,0.496,0.262,1.041
金鯱賞,B,選別条件,替=*,替,exact,10,9,0.9,14,31,0.452,71,123,0.577,0.197,0.782
金鯱賞,B,選別条件,距離ローテ=距離短縮,距離ローテ,derived,10,9,0.9,13,31,0.419,56,123,0.455,0.232,0.921
金鯱賞,B,選別条件,馬番=1〜4番,馬番,range,10,9,0.9,11,31,0.355,40,123,0.325,0.275,1.091
金鯱賞,補助,強選別条件,前走上り3F=34秒台,前走上り3F,range,10,8,0.8,12,31,0.387,34,123,0.276,0.353,1.4
金鯱賞,補助,選別条件,斤量=56kg以下,斤量,range,10,8,0.8,20,31,0.645,87,123,0.707,0.23,0.912
金鯱賞,補助,選別条件,斤量=56kg,斤量,range,10,8,0.8,16,31,0.516,67,123,0.545,0.239,0.948
金鯱賞,補助,選別条件,枠位置=中50%,馬番相対,derived,10,8,0.8,14,31,0.452,59,123,0.48,0.237,0.941
金鯱賞,補助,選別条件,年齢=5歳,年齢,exact,10,8,0.8,11,31,0.355,38,123,0.309,0.289,1.149
金鯱賞,補助,選別条件,馬番=5〜8番,馬番,range,10,8,0.8,11,31,0.355,40,123,0.325,0.275,1.091
金鯱賞,補助,選別条件,前走着順=1〜3着,前走着順,range,10,8,0.8,11,31,0.355,41,123,0.333,0.268,1.065
金鯱賞,補助,選別条件,前走馬体重増減=増,前走馬体重増減,range,10,8,0.8,11,31,0.355,46,123,0.374,0.239,0.949
金鯱賞,補助,選別条件,産地=安平町,産地,exact,10,8,0.8,11,31,0.355,46,123,0.374,0.239,0.949
金鯱賞,補助,選別条件,キャリア=11〜20戦,キャリア,range,10,8,0.8,10,31,0.323,53,123,0.431,0.189,0.749
金鯱賞,補助,選別条件,前3角=後半位置(相対50%超),前3角,derived,10,8,0.8,10,31,0.323,58,123,0.472,0.172,0.684
金鯱賞,補助,選別条件,枠位置=外25%,馬番相対,derived,10,8,0.8,9,31,0.29,35,123,0.285,0.257,1.02
金鯱賞,補助,選別条件,馬番=9番外,馬番,range,10,8,0.8,9,31,0.29,43,123,0.35,0.209,0.83
関屋記念,S,強選別条件,前走着順=一桁着順,前走着順,range,10,10,1.0,27,30,0.9,113,164,0.689,0.239,1.306
関屋記念,S,強選別条件,前走着差=0.5秒以内,前走着差タイム,range,10,10,1.0,24,30,0.8,90,164,0.549,0.267,1.458
関屋記念,S,強選別条件,前走着差=0.3秒以内,前走着差タイム,range,10,10,1.0,21,30,0.7,69,164,0.421,0.304,1.664
関屋記念,S,強選別条件,前走人気=1〜5人気,前走人気,range,10,10,1.0,21,30,0.7,71,164,0.433,0.296,1.617
関屋記念,S,強選別条件,前走着順=1〜5着,前走着順,range,10,10,1.0,21,30,0.7,76,164,0.463,0.276,1.511
関屋記念,S,強選別条件,年齢=5歳,年齢,exact,10,10,1.0,17,30,0.567,69,164,0.421,0.246,1.347
関屋記念,S,選別条件,年齢=6歳以下,年齢,range,10,10,1.0,30,30,1.0,140,164,0.854,0.214,1.171
関屋記念,S,選別条件,前走着差=0.9秒以内,前走着差タイム,range,10,10,1.0,27,30,0.9,122,164,0.744,0.221,1.21
関屋記念,S,選別条件,年齢=3〜5歳,年齢,range,10,10,1.0,25,30,0.833,107,164,0.652,0.234,1.277
関屋記念,S,選別条件,年齢=5歳以下,年齢,range,10,10,1.0,25,30,0.833,107,164,0.652,0.234,1.277
関屋記念,S,選別条件,距離ローテ=同距離または延長,距離ローテ,derived,10,10,1.0,23,30,0.767,119,164,0.726,0.193,1.057
関屋記念,S,選別条件,距離ローテ=同距離,距離ローテ,derived,10,10,1.0,21,30,0.7,96,164,0.585,0.219,1.196
関屋記念,S,選別条件,前距離=1600,前距離,exact,10,10,1.0,21,30,0.7,96,164,0.585,0.219,1.196
関屋記念,S,選別条件,所属=(栗),所属,exact,10,10,1.0,20,30,0.667,87,164,0.53,0.23,1.257
関屋記念,S,選別条件,前4角=前半位置(相対50%以内),前4角,derived,10,10,1.0,19,30,0.633,85,164,0.518,0.224,1.222
関屋記念,S,選別条件,馬番=9番外,馬番,range,10,10,1.0,18,30,0.6,84,164,0.512,0.214,1.171
関屋記念,S,選別条件,間隔=中8週以内,間隔,range,10,10,1.0,15,30,0.5,80,164,0.488,0.188,1.025
関屋記念,S,基礎条件,前走と同じ芝ダ,芝ダローテ,derived,10,10,1.0,30,30,1.0,162,164,0.988,0.185,1.012
関屋記念,S,基礎条件,前芝・ダ=芝,前芝・ダ,exact,10,10,1.0,30,30,1.0,162,164,0.988,0.185,1.012
関屋記念,S,基礎条件,距離差=±400m以内,距離ローテ,derived,10,10,1.0,30,30,1.0,163,164,0.994,0.184,1.006
関屋記念,S,基礎条件,前走Ｒ=11,前走Ｒ,exact,10,10,1.0,29,30,0.967,156,164,0.951,0.186,1.016
関屋記念,S,基礎条件,距離ローテ=同距離または短縮,距離ローテ,derived,10,10,1.0,28,30,0.933,141,164,0.86,0.199,1.086
関屋記念,S,基礎条件,距離差=±200m以内,距離ローテ,derived,10,10,1.0,28,30,0.933,149,164,0.909,0.188,1.027
関屋記念,S,基礎条件,年齢=4〜6歳,年齢,range,10,10,1.0,27,30,0.9,132,164,0.805,0.205,1.118
関屋記念,S,基礎条件,前走馬場状態=良,前走馬場状態,exact,10,10,1.0,24,30,0.8,123,164,0.75,0.195,1.067
関屋記念,A,強選別条件,前走人気=1〜3人気,前走人気,range,10,10,1.0,12,30,0.4,44,164,0.268,0.273,1.491
関屋記念,A,選別条件,前走馬体重増減=減,前走馬体重増減,range,10,10,1.0,13,30,0.433,67,164,0.409,0.194,1.061
関屋記念,B,強選別条件,産地=安平町,産地,exact,10,9,0.9,13,30,0.433,49,164,0.299,0.265,1.45
関屋記念,B,強選別条件,枠位置=外25%,馬番相対,derived,10,9,0.9,12,30,0.4,45,164,0.274,0.267,1.458
関屋記念,B,強選別条件,前走着順=1〜3着,前走着順,range,10,9,0.9,12,30,0.4,48,164,0.293,0.25,1.367
関屋記念,B,強選別条件,毛色=黒鹿,毛色,exact,10,9,0.9,11,30,0.367,41,164,0.25,0.268,1.467
関屋記念,B,選別条件,前3角=前半位置(相対50%以内),前3角,derived,10,9,0.9,18,30,0.6,84,164,0.512,0.214,1.171
関屋記念,B,選別条件,前走頭数=14〜16頭,前走頭数,range,10,9,0.9,14,30,0.467,81,164,0.494,0.173,0.945
関屋記念,B,選別条件,馬体重増減=減,馬体重増減,range,10,9,0.9,12,30,0.4,56,164,0.341,0.214,1.171
関屋記念,B,選別条件,毛色=鹿毛,毛色,exact,10,9,0.9,12,30,0.4,72,164,0.439,0.167,0.911
関屋記念,B,選別条件,替=*,替,exact,10,9,0.9,12,30,0.4,96,164,0.585,0.125,0.683
関屋記念,B,選別条件,馬番=1〜6番,馬番,range,10,9,0.9,10,30,0.333,60,164,0.366,0.167,0.911
関屋記念,補助,強選別条件,前走上り3F=34秒台,前走上り3F,range,10,8,0.8,15,30,0.5,58,164,0.354,0.259,1.414
関屋記念,補助,強選別条件,前走頭数=18,前走頭数,exact,10,8,0.8,10,30,0.333,39,164,0.238,0.256,1.402
関屋記念,補助,強選別条件,前走レース名=中京記念HG3,前走レース名,exact,10,8,0.8,9,30,0.3,37,164,0.226,0.243,1.33
関屋記念,補助,選別条件,斤量=56kg以下,斤量,range,10,8,0.8,19,30,0.633,116,164,0.707,0.164,0.895
関屋記念,補助,選別条件,性別=牡,性別,exact,10,8,0.8,18,30,0.6,109,164,0.665,0.165,0.903
関屋記念,補助,選別条件,前クラス名=G3,前クラス名,exact,10,8,0.8,14,30,0.467,76,164,0.463,0.184,1.007
関屋記念,補助,選別条件,枠位置=中50%,馬番相対,derived,10,8,0.8,14,30,0.467,82,164,0.5,0.171,0.933
関屋記念,補助,選別条件,前走頭数=17頭以上,前走頭数,range,10,8,0.8,10,30,0.333,46,164,0.28,0.217,1.188
関屋記念,補助,選別条件,前走頭数=16,前走頭数,exact,10,8,0.8,10,30,0.333,67,164,0.409,0.149,0.816
関屋記念,補助,選別条件,所属=(美),所属,exact,10,8,0.8,10,30,0.333,77,164,0.47,0.13,0.71
関屋記念,補助,選別条件,間隔=中4週以内,間隔,range,10,8,0.8,9,30,0.3,45,164,0.274,0.2,1.093
阪急杯,S,強選別条件,前走着順=一桁着順,前走着順,range,10,10,1.0,25,30,0.833,105,165,0.636,0.238,1.31
阪急杯,S,強選別条件,前走人気=1〜5人気,前走人気,range,10,10,1.0,21,30,0.7,67,165,0.406,0.313,1.724
阪急杯,S,強選別条件,キャリア=11〜20戦,キャリア,range,10,10,1.0,20,30,0.667,66,165,0.4,0.303,1.667
阪急杯,S,強選別条件,前走着順=1〜5着,前走着順,range,10,10,1.0,18,30,0.6,65,165,0.394,0.277,1.523
阪急杯,S,強選別条件,馬番=1〜6番,馬番,range,10,10,1.0,15,30,0.5,60,165,0.364,0.25,1.375
阪急杯,S,選別条件,前走着差=0.9秒以内,前走着差タイム,range,10,10,1.0,27,30,0.9,124,165,0.752,0.218,1.198
阪急杯,S,選別条件,年齢=4〜6歳,年齢,range,10,10,1.0,24,30,0.8,118,165,0.715,0.203,1.119
阪急杯,S,選別条件,年齢=6歳以下,年齢,range,10,10,1.0,24,30,0.8,118,165,0.715,0.203,1.119
阪急杯,S,選別条件,距離ローテ=同距離または短縮,距離ローテ,derived,10,10,1.0,22,30,0.733,100,165,0.606,0.22,1.21
阪急杯,S,選別条件,距離ローテ=同距離または延長,距離ローテ,derived,10,10,1.0,20,30,0.667,110,165,0.667,0.182,1.0
阪急杯,S,選別条件,前走着差=0.5秒以内,前走着差タイム,range,10,10,1.0,19,30,0.633,83,165,0.503,0.229,1.259
阪急杯,S,選別条件,前4角=前半位置(相対50%以内),前4角,derived,10,10,1.0,19,30,0.633,84,165,0.509,0.226,1.244
阪急杯,S,選別条件,前3角=前半位置(相対50%以内),前3角,derived,10,10,1.0,18,30,0.6,84,165,0.509,0.214,1.179
阪急杯,S,選別条件,替=*,替,exact,10,10,1.0,16,30,0.533,109,165,0.661,0.147,0.807
阪急杯,S,基礎条件,距離差=±200m以内,距離ローテ,derived,10,10,1.0,30,30,1.0,163,165,0.988,0.184,1.012
阪急杯,S,基礎条件,距離差=±400m以内,距離ローテ,derived,10,10,1.0,30,30,1.0,164,165,0.994,0.183,1.006
阪急杯,S,基礎条件,前走馬場状態=良,前走馬場状態,exact,10,10,1.0,28,30,0.933,138,165,0.836,0.203,1.116
阪急杯,S,基礎条件,前走と同じ芝ダ,芝ダローテ,derived,10,10,1.0,27,30,0.9,158,165,0.958,0.171,0.94
阪急杯,S,基礎条件,前芝・ダ=芝,前芝・ダ,exact,10,10,1.0,27,30,0.9,158,165,0.958,0.171,0.94
阪急杯,S,基礎条件,所属=(栗),所属,exact,10,10,1.0,25,30,0.833,135,165,0.818,0.185,1.019
阪急杯,S,基礎条件,性別=牡,性別,exact,10,10,1.0,24,30,0.8,138,165,0.836,0.174,0.957
阪急杯,S,基礎条件,前走Ｒ=11,前走Ｒ,exact,10,10,1.0,24,30,0.8,147,165,0.891,0.163,0.898
阪急杯,A,選別条件,馬番=9番外,馬番,range,10,10,1.0,13,30,0.433,85,165,0.515,0.153,0.841
阪急杯,B,選別条件,間隔=中8週以内,間隔,range,10,9,0.9,16,30,0.533,103,165,0.624,0.155,0.854
阪急杯,B,選別条件,前走上り3F=34秒台,前走上り3F,range,10,9,0.9,14,30,0.467,79,165,0.479,0.177,0.975
阪急杯,B,選別条件,前クラス名=G3,前クラス名,exact,10,9,0.9,10,30,0.333,57,165,0.345,0.175,0.965
阪急杯,補助,強選別条件,年齢=3〜5歳,年齢,range,10,8,0.8,17,30,0.567,70,165,0.424,0.243,1.336
阪急杯,補助,強選別条件,年齢=5歳以下,年齢,range,10,8,0.8,17,30,0.567,70,165,0.424,0.243,1.336
阪急杯,補助,強選別条件,前走人気=1〜3人気,前走人気,range,10,8,0.8,15,30,0.5,38,165,0.23,0.395,2.171
阪急杯,補助,強選別条件,前走着差=0.3秒以内,前走着差タイム,range,10,8,0.8,13,30,0.433,55,165,0.333,0.236,1.3
阪急杯,補助,強選別条件,距離ローテ=同距離,距離ローテ,derived,10,8,0.8,12,30,0.4,45,165,0.273,0.267,1.467
阪急杯,補助,強選別条件,前距離=1400,前距離,exact,10,8,0.8,12,30,0.4,45,165,0.273,0.267,1.467
阪急杯,補助,強選別条件,年齢=5歳,年齢,exact,10,8,0.8,11,30,0.367,43,165,0.261,0.256,1.407
阪急杯,補助,強選別条件,前走馬体重増減=減,前走馬体重増減,range,10,8,0.8,9,30,0.3,38,165,0.23,0.237,1.303
阪急杯,補助,選別条件,斤量=56kg以下,斤量,range,10,8,0.8,20,30,0.667,122,165,0.739,0.164,0.902
阪急杯,補助,選別条件,斤量=56kg,斤量,range,10,8,0.8,16,30,0.533,103,165,0.624,0.155,0.854
阪急杯,補助,選別条件,毛色=鹿毛,毛色,exact,10,8,0.8,15,30,0.5,84,165,0.509,0.179,0.982
阪急杯,補助,選別条件,前走頭数=17頭以上,前走頭数,range,10,8,0.8,14,30,0.467,72,165,0.436,0.194,1.069
阪急杯,補助,選別条件,枠位置=中50%,馬番相対,derived,10,8,0.8,14,30,0.467,82,165,0.497,0.171,0.939
阪急杯,補助,選別条件,馬体重増減=増,馬体重増減,range,10,8,0.8,13,30,0.433,58,165,0.352,0.224,1.233
阪急杯,補助,選別条件,前走馬体重増減=増,前走馬体重増減,range,10,8,0.8,13,30,0.433,89,165,0.539,0.146,0.803
阪急杯,補助,選別条件,前走頭数=14〜16頭,前走頭数,range,10,8,0.8,12,30,0.4,66,165,0.4,0.182,1.0
阪急杯,補助,選別条件,前3角=後半位置(相対50%超),前3角,derived,10,8,0.8,11,30,0.367,79,165,0.479,0.139,0.766
阪急杯,補助,選別条件,前距離=1600,前距離,exact,10,8,0.8,10,30,0.333,54,165,0.327,0.185,1.019
阪急杯,補助,選別条件,距離ローテ=距離短縮,距離ローテ,derived,10,8,0.8,10,30,0.333,55,165,0.333,0.182,1.0
阪急杯,補助,選別条件,枠位置=外25%,馬番相対,derived,10,8,0.8,8,30,0.267,45,165,0.273,0.178,0.978
阪神カッ,S,強選別条件,年齢=3〜5歳,年齢,range,10,10,1.0,25,30,0.833,107,172,0.622,0.234,1.34
阪神カッ,S,強選別条件,年齢=5歳以下,年齢,range,10,10,1.0,25,30,0.833,107,172,0.622,0.234,1.34
阪神カッ,S,強選別条件,前4角=前半位置(相対50%以内),前4角,derived,10,10,1.0,23,30,0.767,101,172,0.587,0.228,1.306
阪神カッ,S,強選別条件,前走人気=1〜5人気,前走人気,range,10,10,1.0,20,30,0.667,62,172,0.36,0.323,1.849
阪神カッ,S,選別条件,前走着順=一桁着順,前走着順,range,10,10,1.0,25,30,0.833,111,172,0.645,0.225,1.291
阪神カッ,S,選別条件,前走着差=0.5秒以内,前走着差タイム,range,10,10,1.0,22,30,0.733,100,172,0.581,0.22,1.261
阪神カッ,S,選別条件,距離ローテ=同距離または短縮,距離ローテ,derived,10,10,1.0,22,30,0.733,118,172,0.686,0.186,1.069
阪神カッ,S,選別条件,間隔=中8週以内,間隔,range,10,10,1.0,20,30,0.667,128,172,0.744,0.156,0.896
阪神カッ,S,選別条件,年齢=4〜6歳,年齢,range,10,10,1.0,19,30,0.633,111,172,0.645,0.171,0.981
阪神カッ,S,選別条件,前走着順=1〜5着,前走着順,range,10,10,1.0,17,30,0.567,77,172,0.448,0.221,1.266
阪神カッ,S,選別条件,毛色=鹿毛,毛色,exact,10,10,1.0,17,30,0.567,87,172,0.506,0.195,1.12
阪神カッ,S,選別条件,間隔=中5〜8週,間隔,range,10,10,1.0,16,30,0.533,74,172,0.43,0.216,1.24
阪神カッ,S,選別条件,替=*,替,exact,10,10,1.0,16,30,0.533,91,172,0.529,0.176,1.008
阪神カッ,S,基礎条件,前走と同じ芝ダ,芝ダローテ,derived,10,10,1.0,29,30,0.967,163,172,0.948,0.178,1.02
阪神カッ,S,基礎条件,前芝・ダ=芝,前芝・ダ,exact,10,10,1.0,29,30,0.967,163,172,0.948,0.178,1.02
阪神カッ,S,基礎条件,距離差=±400m以内,距離ローテ,derived,10,10,1.0,28,30,0.933,168,172,0.977,0.167,0.956
阪神カッ,S,基礎条件,年齢=6歳以下,年齢,range,10,10,1.0,27,30,0.9,138,172,0.802,0.196,1.122
阪神カッ,S,基礎条件,距離差=±200m以内,距離ローテ,derived,10,10,1.0,26,30,0.867,163,172,0.948,0.16,0.915
阪神カッ,S,基礎条件,前走Ｒ=11,前走Ｒ,exact,10,10,1.0,25,30,0.833,141,172,0.82,0.177,1.017
阪神カッ,S,基礎条件,性別=牡,性別,exact,10,10,1.0,23,30,0.767,129,172,0.75,0.178,1.022
阪神カッ,S,基礎条件,前走着差=0.9秒以内,前走着差タイム,range,10,10,1.0,22,30,0.733,132,172,0.767,0.167,0.956
阪神カッ,S,基礎条件,所属=(栗),所属,exact,10,10,1.0,22,30,0.733,132,172,0.767,0.167,0.956
阪神カッ,S,基礎条件,前走馬場状態=良,前走馬場状態,exact,10,10,1.0,22,30,0.733,143,172,0.831,0.154,0.882
阪神カッ,A,強選別条件,馬番=1〜6番,馬番,range,10,10,1.0,14,30,0.467,60,172,0.349,0.233,1.338
阪神カッ,B,強選別条件,前走着差=0.3秒以内,前走着差タイム,range,10,9,0.9,17,30,0.567,73,172,0.424,0.233,1.335
阪神カッ,B,強選別条件,前走人気=1〜3人気,前走人気,range,10,9,0.9,14,30,0.467,40,172,0.233,0.35,2.007
阪神カッ,B,選別条件,前3角=前半位置(相対50%以内),前3角,derived,10,9,0.9,20,30,0.667,98,172,0.57,0.204,1.17
阪神カッ,B,選別条件,前走頭数=17頭以上,前走頭数,range,10,9,0.9,17,30,0.567,83,172,0.483,0.205,1.174
阪神カッ,B,選別条件,キャリア=11〜20戦,キャリア,range,10,9,0.9,14,30,0.467,65,172,0.378,0.215,1.235
阪神カッ,B,選別条件,前走頭数=18,前走頭数,exact,10,9,0.9,14,30,0.467,65,172,0.378,0.215,1.235
阪神カッ,B,選別条件,馬番=9番外,馬番,range,10,9,0.9,14,30,0.467,92,172,0.535,0.152,0.872
阪神カッ,B,選別条件,前走斤量=57,前走斤量,exact,10,9,0.9,12,30,0.4,56,172,0.326,0.214,1.229
阪神カッ,B,選別条件,年齢=5歳,年齢,exact,10,9,0.9,10,30,0.333,50,172,0.291,0.2,1.147
阪神カッ,補助,強選別条件,前クラス名=G1,前クラス名,exact,10,8,0.8,16,30,0.533,56,172,0.326,0.286,1.638
阪神カッ,補助,選別条件,斤量=57kg,斤量,range,10,8,0.8,16,30,0.533,110,172,0.64,0.145,0.834
阪神カッ,補助,選別条件,距離ローテ=同距離または延長,距離ローテ,derived,10,8,0.8,15,30,0.5,107,172,0.622,0.14,0.804
阪神カッ,補助,選別条件,馬体重増減=増,馬体重増減,range,10,8,0.8,14,30,0.467,83,172,0.483,0.169,0.967
阪神カッ,補助,選別条件,枠位置=中50%,馬番相対,derived,10,8,0.8,13,30,0.433,85,172,0.494,0.153,0.877
阪神カッ,補助,選別条件,前走上り3F=34秒台,前走上り3F,range,10,8,0.8,12,30,0.4,71,172,0.413,0.169,0.969
阪神カッ,補助,選別条件,前走頭数=14〜16頭,前走頭数,range,10,8,0.8,11,30,0.367,68,172,0.395,0.162,0.927
阪神カッ,補助,選別条件,前走馬体重増減=減,前走馬体重増減,range,10,8,0.8,10,30,0.333,55,172,0.32,0.182,1.042
阪神カッ,補助,選別条件,馬番=1〜4番,馬番,range,10,8,0.8,9,30,0.3,40,172,0.233,0.225,1.29
阪神カッ,補助,選別条件,枠位置=内25%,馬番相対,derived,10,8,0.8,9,30,0.3,40,172,0.233,0.225,1.29
阪神カッ,補助,選別条件,所属=(美),所属,exact,10,8,0.8,8,30,0.267,40,172,0.233,0.2,1.147
阪神ジャJ,S,強選別条件,前走人気=1〜5人気,前走人気,range,10,10,1.0,27,30,0.9,68,112,0.607,0.397,1.482
阪神ジャJ,S,強選別条件,前3角=前半位置(相対50%以内),前3角,derived,10,10,1.0,24,30,0.8,66,112,0.589,0.364,1.358
阪神ジャJ,S,強選別条件,前4角=前半位置(相対50%以内),前4角,derived,10,10,1.0,24,30,0.8,68,112,0.607,0.353,1.318
阪神ジャJ,S,強選別条件,前走着順=1〜3着,前走着順,range,10,10,1.0,21,30,0.7,58,112,0.518,0.362,1.352
阪神ジャJ,S,強選別条件,前走人気=1〜3人気,前走人気,range,10,10,1.0,20,30,0.667,46,112,0.411,0.435,1.623
阪神ジャJ,S,強選別条件,前走Ｒ=8,前走Ｒ,exact,10,10,1.0,17,30,0.567,46,112,0.411,0.37,1.38
阪神ジャJ,S,強選別条件,前クラス名=JG3,前クラス名,exact,10,10,1.0,15,30,0.5,41,112,0.366,0.366,1.366
阪神ジャJ,S,選別条件,前走着順=1〜5着,前走着順,range,10,10,1.0,25,30,0.833,77,112,0.688,0.325,1.212
阪神ジャJ,S,選別条件,間隔=中8週以内,間隔,range,10,10,1.0,22,30,0.733,79,112,0.705,0.278,1.04
阪神ジャJ,S,選別条件,前走着差=0.9秒以内,前走着差タイム,range,10,10,1.0,20,30,0.667,59,112,0.527,0.339,1.266
阪神ジャJ,S,基礎条件,斤量=58kg以上,斤量,range,10,10,1.0,30,30,1.0,112,112,1.0,0.268,1.0
阪神ジャJ,S,基礎条件,前走と同じ芝ダ,芝ダローテ,derived,10,10,1.0,29,30,0.967,102,112,0.911,0.284,1.061
阪神ジャJ,S,基礎条件,前芝・ダ=芝,前芝・ダ,exact,10,10,1.0,29,30,0.967,102,112,0.911,0.284,1.061
阪神ジャJ,S,基礎条件,前走着順=一桁着順,前走着順,range,10,10,1.0,28,30,0.933,96,112,0.857,0.292,1.089
阪神ジャJ,S,基礎条件,前走上り3F=33秒台以下,前走上り3F,range,10,10,1.0,28,30,0.933,105,112,0.938,0.267,0.996
阪神ジャJ,S,基礎条件,性別=牡,性別,exact,10,10,1.0,26,30,0.867,91,112,0.812,0.286,1.067
阪神ジャJ,S,基礎条件,キャリア=21戦以上,キャリア,range,10,10,1.0,25,30,0.833,85,112,0.759,0.294,1.098
阪神ジャJ,S,基礎条件,前走馬場状態=良,前走馬場状態,exact,10,10,1.0,25,30,0.833,86,112,0.768,0.291,1.085
阪神ジャJ,S,基礎条件,所属=(栗),所属,exact,10,10,1.0,23,30,0.767,86,112,0.768,0.267,0.998
阪神ジャJ,S,基礎条件,前走斤量=60,前走斤量,exact,10,10,1.0,23,30,0.767,92,112,0.821,0.25,0.933
阪神ジャJ,S,基礎条件,距離差=±400m以内,距離ローテ,derived,10,10,1.0,23,30,0.767,93,112,0.83,0.247,0.923
阪神ジャJ,B,強選別条件,前走着差=0.5秒以内,前走着差タイム,range,10,9,0.9,18,30,0.6,51,112,0.455,0.353,1.318
阪神ジャJ,B,強選別条件,前3角=2〜3番手,前3角,derived,10,9,0.9,16,30,0.533,31,112,0.277,0.516,1.927
阪神ジャJ,B,強選別条件,前4角=2〜3番手,前4角,derived,10,9,0.9,16,30,0.533,33,112,0.295,0.485,1.81
阪神ジャJ,B,強選別条件,前走着差=0.3秒以内,前走着差タイム,range,10,9,0.9,16,30,0.533,45,112,0.402,0.356,1.327
阪神ジャJ,B,強選別条件,前走馬体重増減=±0,前走馬体重増減,range,10,9,0.9,13,30,0.433,24,112,0.214,0.542,2.022
阪神ジャJ,B,選別条件,年齢=4〜6歳,年齢,range,10,9,0.9,19,30,0.633,69,112,0.616,0.275,1.028
阪神ジャJ,B,選別条件,年齢=6歳以下,年齢,range,10,9,0.9,19,30,0.633,72,112,0.643,0.264,0.985
阪神ジャJ,B,選別条件,馬番=1〜6番,馬番,range,10,9,0.9,18,30,0.6,60,112,0.536,0.3,1.12
阪神ジャJ,B,選別条件,距離ローテ=距離延長,距離ローテ,derived,10,9,0.9,16,30,0.533,76,112,0.679,0.211,0.786
阪神ジャJ,B,選別条件,距離ローテ=同距離または延長,距離ローテ,derived,10,9,0.9,16,30,0.533,77,112,0.688,0.208,0.776
阪神ジャJ,B,選別条件,毛色=鹿毛,毛色,exact,10,9,0.9,14,30,0.467,44,112,0.393,0.318,1.188
阪神ジャJ,B,選別条件,馬体重増減=減,馬体重増減,range,10,9,0.9,14,30,0.467,45,112,0.402,0.311,1.161
阪神ジャJ,B,選別条件,枠位置=中50%,馬番相対,derived,10,9,0.9,14,30,0.467,55,112,0.491,0.255,0.95
阪神ジャJ,B,選別条件,前走着差=勝ち/同タイム,前走着差タイム,range,10,9,0.9,13,30,0.433,38,112,0.339,0.342,1.277
阪神ジャJ,B,選別条件,前走馬体重増減=減,前走馬体重増減,range,10,9,0.9,11,30,0.367,38,112,0.339,0.289,1.081
阪神ジャJ,補助,強選別条件,距離ローテ=距離短縮,距離ローテ,derived,10,8,0.8,14,30,0.467,35,112,0.312,0.4,1.493
阪神ジャJ,補助,強選別条件,距離ローテ=同距離または短縮,距離ローテ,derived,10,8,0.8,14,30,0.467,36,112,0.321,0.389,1.452
阪神ジャJ,補助,選別条件,馬番=1〜4番,馬番,range,10,8,0.8,13,30,0.433,40,112,0.357,0.325,1.213
阪神ジャJ,補助,選別条件,前走頭数=11〜13頭,前走頭数,range,10,8,0.8,12,30,0.4,42,112,0.375,0.286,1.067
阪神ジャJ,補助,選別条件,年齢=3〜5歳,年齢,range,10,8,0.8,12,30,0.4,48,112,0.429,0.25,0.933
阪神ジャJ,補助,選別条件,年齢=5歳以下,年齢,range,10,8,0.8,12,30,0.4,48,112,0.429,0.25,0.933
阪神ジャJ,補助,選別条件,前走着順=1着,前走着順,range,10,8,0.8,11,30,0.367,35,112,0.312,0.314,1.173
阪神ジャJ,補助,選別条件,馬番=5〜8番,馬番,range,10,8,0.8,11,30,0.367,39,112,0.348,0.282,1.053
阪神ジャJ,補助,選別条件,年齢=7歳以上,年齢,range,10,8,0.8,11,30,0.367,40,112,0.357,0.275,1.027
阪神ジャJ,補助,選別条件,間隔=中4週以内,間隔,range,10,8,0.8,11,30,0.367,50,112,0.446,0.22,0.821
阪神ジャJ,補助,選別条件,馬体重増減=増,馬体重増減,range,10,8,0.8,10,30,0.333,42,112,0.375,0.238,0.889
阪神ジャJ,補助,選別条件,枠位置=外25%,馬番相対,derived,10,8,0.8,9,30,0.3,33,112,0.295,0.273,1.018
阪神ジュ,S,強選別条件,距離ローテ=同距離または短縮,距離ローテ,derived,10,10,1.0,22,30,0.733,94,178,0.528,0.234,1.389
阪神ジュ,S,強選別条件,前走人気=1〜3人気,前走人気,range,10,10,1.0,21,30,0.7,85,178,0.478,0.247,1.466
阪神ジュ,S,強選別条件,前走Ｒ=11,前走Ｒ,exact,10,10,1.0,21,30,0.7,89,178,0.5,0.236,1.4
阪神ジュ,S,強選別条件,間隔=中5〜8週,間隔,range,10,10,1.0,20,30,0.667,90,178,0.506,0.222,1.319
阪神ジュ,S,強選別条件,距離ローテ=同距離,距離ローテ,derived,10,10,1.0,19,30,0.633,80,178,0.449,0.237,1.409
阪神ジュ,S,強選別条件,前距離=1600,前距離,exact,10,10,1.0,19,30,0.633,80,178,0.449,0.237,1.409
阪神ジュ,S,強選別条件,前走上り3F=33秒台以下,前走上り3F,range,10,10,1.0,18,30,0.6,66,178,0.371,0.273,1.618
阪神ジュ,S,強選別条件,前クラス名=G3,前クラス名,exact,10,10,1.0,18,30,0.6,80,178,0.449,0.225,1.335
阪神ジュ,S,選別条件,前走着順=1〜3着,前走着順,range,10,10,1.0,28,30,0.933,134,178,0.753,0.209,1.24
阪神ジュ,S,選別条件,前走着差=0.3秒以内,前走着差タイム,range,10,10,1.0,28,30,0.933,134,178,0.753,0.209,1.24
阪神ジュ,S,選別条件,前走人気=1〜5人気,前走人気,range,10,10,1.0,26,30,0.867,132,178,0.742,0.197,1.169
阪神ジュ,S,選別条件,前4角=前半位置(相対50%以内),前4角,derived,10,10,1.0,23,30,0.767,127,178,0.713,0.181,1.075
阪神ジュ,S,選別条件,前走着差=勝ち/同タイム,前走着差タイム,range,10,10,1.0,22,30,0.733,102,178,0.573,0.216,1.28
阪神ジュ,S,選別条件,前3角=前半位置(相対50%以内),前3角,derived,10,10,1.0,20,30,0.667,121,178,0.68,0.165,0.981
阪神ジュ,S,選別条件,馬番=9番外,馬番,range,10,10,1.0,18,30,0.6,98,178,0.551,0.184,1.09
阪神ジュ,S,基礎条件,前走着差=0.9秒以内,前走着差タイム,range,10,10,1.0,30,30,1.0,163,178,0.916,0.184,1.092
阪神ジュ,S,基礎条件,前走着順=一桁着順,前走着順,range,10,10,1.0,30,30,1.0,167,178,0.938,0.18,1.066
阪神ジュ,S,基礎条件,距離差=±200m以内,距離ローテ,derived,10,10,1.0,30,30,1.0,168,178,0.944,0.179,1.06
阪神ジュ,S,基礎条件,キャリア=5戦以内,キャリア,range,10,10,1.0,30,30,1.0,169,178,0.949,0.178,1.053
阪神ジュ,S,基礎条件,前走と同じ芝ダ,芝ダローテ,derived,10,10,1.0,30,30,1.0,173,178,0.972,0.173,1.029
阪神ジュ,S,基礎条件,前芝・ダ=芝,前芝・ダ,exact,10,10,1.0,30,30,1.0,173,178,0.972,0.173,1.029
阪神ジュ,S,基礎条件,年齢=2歳,年齢,exact,10,10,1.0,30,30,1.0,178,178,1.0,0.169,1.0
阪神ジュ,S,基礎条件,年齢=5歳以下,年齢,range,10,10,1.0,30,30,1.0,178,178,1.0,0.169,1.0
阪神ジュ,S,基礎条件,年齢=6歳以下,年齢,range,10,10,1.0,30,30,1.0,178,178,1.0,0.169,1.0
阪神ジュ,S,基礎条件,斤量=56kg以下,斤量,range,10,10,1.0,30,30,1.0,178,178,1.0,0.169,1.0
阪神ジュ,S,基礎条件,距離差=±400m以内,距離ローテ,derived,10,10,1.0,30,30,1.0,178,178,1.0,0.169,1.0
阪神ジュ,S,基礎条件,性別=牝,性別,exact,10,10,1.0,30,30,1.0,178,178,1.0,0.169,1.0
阪神ジュ,S,基礎条件,前走着差=0.5秒以内,前走着差タイム,range,10,10,1.0,29,30,0.967,150,178,0.843,0.193,1.147
阪神ジュ,S,基礎条件,前走着順=1〜5着,前走着順,range,10,10,1.0,29,30,0.967,151,178,0.848,0.192,1.14
阪神ジュ,S,基礎条件,前走馬場状態=良,前走馬場状態,exact,10,10,1.0,27,30,0.9,155,178,0.871,0.174,1.034
阪神ジュ,S,基礎条件,距離ローテ=同距離または延長,距離ローテ,derived,10,10,1.0,27,30,0.9,164,178,0.921,0.165,0.977
阪神ジュ,S,基礎条件,間隔=中8週以内,間隔,range,10,10,1.0,24,30,0.8,143,178,0.803,0.168,0.996
阪神ジュ,B,強選別条件,枠位置=中50%,馬番相対,derived,10,9,0.9,21,30,0.7,89,178,0.5,0.236,1.4
阪神ジュ,B,強選別条件,所属=(美),所属,exact,10,9,0.9,15,30,0.5,56,178,0.315,0.268,1.589
阪神ジュ,B,強選別条件,前走馬体重増減=増,前走馬体重増減,range,10,9,0.9,13,30,0.433,58,178,0.326,0.224,1.33
阪神ジュ,B,選別条件,前走着順=1着,前走着順,range,10,9,0.9,19,30,0.633,94,178,0.528,0.202,1.199
阪神ジュ,B,選別条件,所属=(栗),所属,exact,10,9,0.9,15,30,0.5,122,178,0.685,0.123,0.73
阪神ジュ,B,基礎条件,前走斤量=54,前走斤量,exact,10,9,0.9,27,30,0.9,157,178,0.882,0.172,1.02
阪神ジュ,B,基礎条件,斤量=54kg,斤量,range,10,9,0.9,27,30,0.9,160,178,0.899,0.169,1.001
阪神ジュ,補助,強選別条件,前走人気=1人気,前走人気,range,10,8,0.8,15,30,0.5,44,178,0.247,0.341,2.023
阪神ジュ,補助,強選別条件,前3角=4〜6番手,前3角,derived,10,8,0.8,15,30,0.5,56,178,0.315,0.268,1.589
阪神ジュ,補助,強選別条件,産地=安平町,産地,exact,10,8,0.8,14,30,0.467,49,178,0.275,0.286,1.695
阪神ジュ,補助,強選別条件,前走レース名=アルテミG3,前走レース名,exact,10,8,0.8,11,30,0.367,30,178,0.169,0.367,2.176
阪神ジュ,補助,選別条件,馬体重増減=減,馬体重増減,range,10,8,0.8,15,30,0.5,88,178,0.494,0.17,1.011
阪神ジュ,補助,選別条件,毛色=鹿毛,毛色,exact,10,8,0.8,12,30,0.4,88,178,0.494,0.136,0.809
阪神ジュ,補助,選別条件,前走上り3F=34秒台,前走上り3F,range,10,8,0.8,11,30,0.367,64,178,0.36,0.172,1.02
阪神ジュ,補助,選別条件,前4角=2〜3番手,前4角,derived,10,8,0.8,10,30,0.333,56,178,0.315,0.179,1.06
阪神ジュ,補助,選別条件,前走頭数=11〜13頭,前走頭数,range,10,8,0.8,9,30,0.3,51,178,0.287,0.176,1.047
阪神ジュ,補助,選別条件,馬番=1〜6番,馬番,range,10,8,0.8,9,30,0.3,60,178,0.337,0.15,0.89
阪神ジュ,補助,選別条件,前3角=2〜3番手,前3角,derived,10,8,0.8,8,30,0.267,49,178,0.275,0.163,0.969
阪神スプJ,S,強選別条件,前走人気=1〜5人気,前走人気,range,10,10,1.0,29,30,0.967,73,108,0.676,0.397,1.43
阪神スプJ,S,強選別条件,前走着順=1〜5着,前走着順,range,10,10,1.0,27,30,0.9,74,108,0.685,0.365,1.314
阪神スプJ,S,強選別条件,前走着順=1〜3着,前走着順,range,10,10,1.0,26,30,0.867,56,108,0.519,0.464,1.671
阪神スプJ,S,強選別条件,前走着差=0.9秒以内,前走着差タイム,range,10,10,1.0,22,30,0.733,59,108,0.546,0.373,1.342
阪神スプJ,S,強選別条件,距離差=±400m以内,距離ローテ,derived,10,10,1.0,20,30,0.667,46,108,0.426,0.435,1.565
阪神スプJ,S,強選別条件,前走着差=0.5秒以内,前走着差タイム,range,10,10,1.0,20,30,0.667,48,108,0.444,0.417,1.5
阪神スプJ,S,強選別条件,間隔=中9〜12週,間隔,range,10,10,1.0,20,30,0.667,50,108,0.463,0.4,1.44
阪神スプJ,S,強選別条件,前走着差=0.3秒以内,前走着差タイム,range,10,10,1.0,17,30,0.567,39,108,0.361,0.436,1.569
阪神スプJ,S,強選別条件,前走斤量=63,前走斤量,exact,10,10,1.0,17,30,0.567,40,108,0.37,0.425,1.53
阪神スプJ,S,強選別条件,距離ローテ=距離短縮,距離ローテ,derived,10,10,1.0,17,30,0.567,42,108,0.389,0.405,1.457
阪神スプJ,S,強選別条件,距離ローテ=同距離または短縮,距離ローテ,derived,10,10,1.0,17,30,0.567,42,108,0.389,0.405,1.457
阪神スプJ,S,強選別条件,距離差=±200m以内,距離ローテ,derived,10,10,1.0,17,30,0.567,42,108,0.389,0.405,1.457
阪神スプJ,S,強選別条件,前走レース名=中山大障JG1,前走レース名,exact,10,10,1.0,17,30,0.567,42,108,0.389,0.405,1.457
阪神スプJ,S,強選別条件,前クラス名=JG1,前クラス名,exact,10,10,1.0,17,30,0.567,42,108,0.389,0.405,1.457
阪神スプJ,S,強選別条件,前距離=4100,前距離,exact,10,10,1.0,17,30,0.567,42,108,0.389,0.405,1.457
阪神スプJ,S,選別条件,前4角=前半位置(相対50%以内),前4角,derived,10,10,1.0,27,30,0.9,84,108,0.778,0.321,1.157
阪神スプJ,S,選別条件,前3角=前半位置(相対50%以内),前3角,derived,10,10,1.0,26,30,0.867,81,108,0.75,0.321,1.156
阪神スプJ,S,選別条件,前走と同じ芝ダ,芝ダローテ,derived,10,10,1.0,23,30,0.767,68,108,0.63,0.338,1.218
阪神スプJ,S,選別条件,前芝・ダ=芝,前芝・ダ,exact,10,10,1.0,23,30,0.767,68,108,0.63,0.338,1.218
阪神スプJ,S,選別条件,馬番=1〜6番,馬番,range,10,10,1.0,21,30,0.7,60,108,0.556,0.35,1.26
阪神スプJ,S,選別条件,所属=(栗),所属,exact,10,10,1.0,20,30,0.667,78,108,0.722,0.256,0.923
阪神スプJ,S,基礎条件,前走着順=一桁着順,前走着順,range,10,10,1.0,30,30,1.0,101,108,0.935,0.297,1.069
阪神スプJ,S,基礎条件,斤量=58kg以上,斤量,range,10,10,1.0,30,30,1.0,107,108,0.991,0.28,1.009
阪神スプJ,S,基礎条件,前走上り3F=33秒台以下,前走上り3F,range,10,10,1.0,28,30,0.933,103,108,0.954,0.272,0.979
阪神スプJ,S,基礎条件,性別=牡,性別,exact,10,10,1.0,24,30,0.8,86,108,0.796,0.279,1.005
阪神スプJ,S,基礎条件,キャリア=21戦以上,キャリア,range,10,10,1.0,24,30,0.8,91,108,0.843,0.264,0.949
阪神スプJ,A,選別条件,距離ローテ=距離延長,距離ローテ,derived,10,10,1.0,13,30,0.433,66,108,0.611,0.197,0.709
阪神スプJ,A,選別条件,距離ローテ=同距離または延長,距離ローテ,derived,10,10,1.0,13,30,0.433,66,108,0.611,0.197,0.709
阪神スプJ,B,強選別条件,前走人気=1〜3人気,前走人気,range,10,9,0.9,21,30,0.7,51,108,0.472,0.412,1.482
阪神スプJ,B,強選別条件,前走開催=5中7,前走開催,exact,10,9,0.9,16,30,0.533,39,108,0.361,0.41,1.477
阪神スプJ,B,強選別条件,前走Ｒ=10,前走Ｒ,exact,10,9,0.9,16,30,0.533,39,108,0.361,0.41,1.477
阪神スプJ,B,強選別条件,馬番=1〜4番,馬番,range,10,9,0.9,15,30,0.5,40,108,0.37,0.375,1.35
阪神スプJ,B,選別条件,前走頭数=14〜16頭,前走頭数,range,10,9,0.9,17,30,0.567,59,108,0.546,0.288,1.037
阪神スプJ,B,選別条件,年齢=7歳以上,年齢,range,10,9,0.9,17,30,0.567,64,108,0.593,0.266,0.956
阪神スプJ,B,選別条件,枠位置=中50%,馬番相対,derived,10,9,0.9,16,30,0.533,53,108,0.491,0.302,1.087
阪神スプJ,B,選別条件,前走馬体重増減=増,前走馬体重増減,range,10,9,0.9,14,30,0.467,42,108,0.389,0.333,1.2
阪神スプJ,B,選別条件,馬体重増減=増,馬体重増減,range,10,9,0.9,13,30,0.433,42,108,0.389,0.31,1.114
阪神スプJ,B,選別条件,年齢=4〜6歳,年齢,range,10,9,0.9,13,30,0.433,44,108,0.407,0.295,1.064
阪神スプJ,B,選別条件,年齢=6歳以下,年齢,range,10,9,0.9,13,30,0.433,44,108,0.407,0.295,1.064
阪神スプJ,B,選別条件,前クラス名=オープン,前クラス名,exact,10,9,0.9,11,30,0.367,56,108,0.519,0.196,0.707
阪神スプJ,B,基礎条件,前走馬場状態=良,前走馬場状態,exact,10,9,0.9,25,30,0.833,83,108,0.769,0.301,1.084
阪神スプJ,補助,強選別条件,前走着差=勝ち/同タイム,前走着差タイム,range,10,8,0.8,14,30,0.467,29,108,0.269,0.483,1.738
阪神スプJ,補助,強選別条件,前4角=1番手,前4角,derived,10,8,0.8,13,30,0.433,24,108,0.222,0.542,1.95
阪神スプJ,補助,強選別条件,前3角=1番手,前3角,derived,10,8,0.8,12,30,0.4,21,108,0.194,0.571,2.057
阪神スプJ,補助,選別条件,毛色=鹿毛,毛色,exact,10,8,0.8,18,30,0.6,51,108,0.472,0.353,1.271
阪神スプJ,補助,選別条件,馬体重増減=減,馬体重増減,range,10,8,0.8,11,30,0.367,33,108,0.306,0.333,1.2
阪神スプJ,補助,選別条件,前走Ｒ=8,前走Ｒ,exact,10,8,0.8,8,30,0.267,28,108,0.259,0.286,1.029
阪神大賞,S,強選別条件,年齢=4〜6歳,年齢,range,10,10,1.0,30,30,1.0,81,118,0.686,0.37,1.457
阪神大賞,S,強選別条件,年齢=6歳以下,年齢,range,10,10,1.0,30,30,1.0,81,118,0.686,0.37,1.457
阪神大賞,S,強選別条件,キャリア=11〜20戦,キャリア,range,10,10,1.0,21,30,0.7,49,118,0.415,0.429,1.686
阪神大賞,S,選別条件,性別=牡,性別,exact,10,10,1.0,29,30,0.967,98,118,0.831,0.296,1.164
阪神大賞,S,選別条件,距離ローテ=距離延長,距離ローテ,derived,10,10,1.0,23,30,0.767,79,118,0.669,0.291,1.145
阪神大賞,S,選別条件,前走Ｒ=11,前走Ｒ,exact,10,10,1.0,23,30,0.767,85,118,0.72,0.271,1.064
阪神大賞,S,選別条件,前走頭数=14〜16頭,前走頭数,range,10,10,1.0,18,30,0.6,66,118,0.559,0.273,1.073
阪神大賞,S,選別条件,馬番=1〜6番,馬番,range,10,10,1.0,17,30,0.567,60,118,0.508,0.283,1.114
阪神大賞,S,選別条件,前走馬体重増減=増,前走馬体重増減,range,10,10,1.0,16,30,0.533,53,118,0.449,0.302,1.187
阪神大賞,S,基礎条件,前走と同じ芝ダ,芝ダローテ,derived,10,10,1.0,30,30,1.0,112,118,0.949,0.268,1.054
阪神大賞,S,基礎条件,前芝・ダ=芝,前芝・ダ,exact,10,10,1.0,30,30,1.0,112,118,0.949,0.268,1.054
阪神大賞,S,基礎条件,所属=(栗),所属,exact,10,10,1.0,28,30,0.933,97,118,0.822,0.289,1.135
阪神大賞,S,基礎条件,前走着順=一桁着順,前走着順,range,10,10,1.0,25,30,0.833,95,118,0.805,0.263,1.035
阪神大賞,S,基礎条件,前走馬場状態=良,前走馬場状態,exact,10,10,1.0,25,30,0.833,97,118,0.822,0.258,1.014
阪神大賞,S,基礎条件,距離ローテ=同距離または延長,距離ローテ,derived,10,10,1.0,24,30,0.8,91,118,0.771,0.264,1.037
阪神大賞,A,強選別条件,前走斤量=57,前走斤量,exact,10,10,1.0,11,30,0.367,32,118,0.271,0.344,1.352
阪神大賞,A,選別条件,産地=安平町,産地,exact,10,10,1.0,14,30,0.467,51,118,0.432,0.275,1.08
阪神大賞,B,強選別条件,年齢=3〜5歳,年齢,range,10,9,0.9,22,30,0.733,51,118,0.432,0.431,1.697
阪神大賞,B,強選別条件,年齢=5歳以下,年齢,range,10,9,0.9,22,30,0.733,51,118,0.432,0.431,1.697
阪神大賞,B,強選別条件,前走人気=1〜5人気,前走人気,range,10,9,0.9,18,30,0.6,47,118,0.398,0.383,1.506
阪神大賞,B,強選別条件,前走着差=0.5秒以内,前走着差タイム,range,10,9,0.9,18,30,0.6,48,118,0.407,0.375,1.475
阪神大賞,B,強選別条件,間隔=中9〜12週,間隔,range,10,9,0.9,16,30,0.533,39,118,0.331,0.41,1.614
阪神大賞,B,強選別条件,前走頭数=16,前走頭数,exact,10,9,0.9,15,30,0.5,39,118,0.331,0.385,1.513
阪神大賞,B,選別条件,前走着差=0.9秒以内,前走着差タイム,range,10,9,0.9,22,30,0.733,72,118,0.61,0.306,1.202
阪神大賞,B,選別条件,前走着順=1〜5着,前走着順,range,10,9,0.9,18,30,0.6,58,118,0.492,0.31,1.221
阪神大賞,B,選別条件,前3角=前半位置(相対50%以内),前3角,derived,10,9,0.9,17,30,0.567,63,118,0.534,0.27,1.061
阪神大賞,B,選別条件,斤量=56kg以下,斤量,range,10,9,0.9,17,30,0.567,79,118,0.669,0.215,0.846
阪神大賞,B,選別条件,枠位置=中50%,馬番相対,derived,10,9,0.9,15,30,0.5,60,118,0.508,0.25,0.983
阪神大賞,B,選別条件,馬体重増減=増,馬体重増減,range,10,9,0.9,12,30,0.4,38,118,0.322,0.316,1.242
阪神大賞,B,選別条件,馬番=5〜8番,馬番,range,10,9,0.9,12,30,0.4,40,118,0.339,0.3,1.18
阪神大賞,補助,強選別条件,前走着順=1〜3着,前走着順,range,10,8,0.8,15,30,0.5,36,118,0.305,0.417,1.639
阪神大賞,補助,強選別条件,前走着差=0.3秒以内,前走着差タイム,range,10,8,0.8,13,30,0.433,36,118,0.305,0.361,1.42
阪神大賞,補助,強選別条件,年齢=5歳,年齢,exact,10,8,0.8,12,30,0.4,30,118,0.254,0.4,1.573
阪神大賞,補助,強選別条件,取引市場(最終)=セレクトセール,取引市場(最終),exact,10,8,0.8,11,30,0.367,31,118,0.263,0.355,1.396
阪神大賞,補助,選別条件,前4角=後半位置(相対50%超),前4角,derived,10,8,0.8,14,30,0.467,51,118,0.432,0.275,1.08
阪神大賞,補助,選別条件,前3角=後半位置(相対50%超),前3角,derived,10,8,0.8,13,30,0.433,54,118,0.458,0.241,0.947
阪神大賞,補助,選別条件,替=*,替,exact,10,8,0.8,12,30,0.4,75,118,0.636,0.16,0.629
阪神大賞,補助,選別条件,馬番=1〜4番,馬番,range,10,8,0.8,11,30,0.367,40,118,0.339,0.275,1.082
阪神大賞,補助,選別条件,斤量=57kg,斤量,range,10,8,0.8,10,30,0.333,35,118,0.297,0.286,1.124
阪神牝馬,S,強選別条件,前走人気=1〜5人気,前走人気,range,10,10,1.0,21,30,0.7,66,136,0.485,0.318,1.442
阪神牝馬,S,強選別条件,前走着差=0.5秒以内,前走着差タイム,range,10,10,1.0,20,30,0.667,69,136,0.507,0.29,1.314
阪神牝馬,S,強選別条件,前走着差=0.3秒以内,前走着差タイム,range,10,10,1.0,18,30,0.6,51,136,0.375,0.353,1.6
阪神牝馬,S,強選別条件,前走着順=1〜5着,前走着順,range,10,10,1.0,18,30,0.6,55,136,0.404,0.327,1.484
阪神牝馬,S,強選別条件,前走人気=1〜3人気,前走人気,range,10,10,1.0,17,30,0.567,44,136,0.324,0.386,1.752
阪神牝馬,S,選別条件,前走着差=0.9秒以内,前走着差タイム,range,10,10,1.0,25,30,0.833,98,136,0.721,0.255,1.156
阪神牝馬,S,選別条件,前走馬場状態=良,前走馬場状態,exact,10,10,1.0,24,30,0.8,100,136,0.735,0.24,1.088
阪神牝馬,S,選別条件,前走着順=一桁着順,前走着順,range,10,10,1.0,22,30,0.733,91,136,0.669,0.242,1.096
阪神牝馬,S,選別条件,前4角=前半位置(相対50%以内),前4角,derived,10,10,1.0,16,30,0.533,62,136,0.456,0.258,1.17
阪神牝馬,S,選別条件,前走上り3F=34秒台,前走上り3F,range,10,10,1.0,15,30,0.5,57,136,0.419,0.263,1.193
阪神牝馬,S,基礎条件,年齢=4〜6歳,年齢,range,10,10,1.0,30,30,1.0,129,136,0.949,0.233,1.054
阪神牝馬,S,基礎条件,年齢=6歳以下,年齢,range,10,10,1.0,30,30,1.0,129,136,0.949,0.233,1.054
阪神牝馬,S,基礎条件,前走と同じ芝ダ,芝ダローテ,derived,10,10,1.0,30,30,1.0,133,136,0.978,0.226,1.023
阪神牝馬,S,基礎条件,前芝・ダ=芝,前芝・ダ,exact,10,10,1.0,30,30,1.0,133,136,0.978,0.226,1.023
阪神牝馬,S,基礎条件,斤量=56kg以下,斤量,range,10,10,1.0,30,30,1.0,136,136,1.0,0.221,1.0
阪神牝馬,S,基礎条件,性別=牝,性別,exact,10,10,1.0,30,30,1.0,136,136,1.0,0.221,1.0
阪神牝馬,S,基礎条件,年齢=3〜5歳,年齢,range,10,10,1.0,26,30,0.867,108,136,0.794,0.241,1.091
阪神牝馬,S,基礎条件,年齢=5歳以下,年齢,range,10,10,1.0,26,30,0.867,108,136,0.794,0.241,1.091
阪神牝馬,S,基礎条件,所属=(栗),所属,exact,10,10,1.0,26,30,0.867,117,136,0.86,0.222,1.007
阪神牝馬,S,基礎条件,距離差=±400m以内,距離ローテ,derived,10,10,1.0,26,30,0.867,120,136,0.882,0.217,0.982
阪神牝馬,S,基礎条件,距離ローテ=同距離または短縮,距離ローテ,derived,10,10,1.0,23,30,0.767,102,136,0.75,0.225,1.022
阪神牝馬,A,選別条件,前走頭数=14〜16頭,前走頭数,range,10,10,1.0,12,30,0.4,61,136,0.449,0.197,0.892
阪神牝馬,B,強選別条件,年齢=4歳,年齢,exact,10,9,0.9,17,30,0.567,59,136,0.434,0.288,1.306
阪神牝馬,B,強選別条件,前走着順=1〜3着,前走着順,range,10,9,0.9,15,30,0.5,38,136,0.279,0.395,1.789
阪神牝馬,B,選別条件,距離差=±200m以内,距離ローテ,derived,10,9,0.9,21,30,0.7,101,136,0.743,0.208,0.943
阪神牝馬,B,選別条件,前クラス名=G3,前クラス名,exact,10,9,0.9,18,30,0.6,67,136,0.493,0.269,1.218
阪神牝馬,B,選別条件,前3角=前半位置(相対50%以内),前3角,derived,10,9,0.9,17,30,0.567,68,136,0.5,0.25,1.133
阪神牝馬,B,選別条件,距離ローテ=距離短縮,距離ローテ,derived,10,9,0.9,15,30,0.5,57,136,0.419,0.263,1.193
阪神牝馬,B,選別条件,キャリア=11〜20戦,キャリア,range,10,9,0.9,15,30,0.5,68,136,0.5,0.221,1.0
阪神牝馬,B,選別条件,馬番=1〜6番,馬番,range,10,9,0.9,14,30,0.467,60,136,0.441,0.233,1.058
阪神牝馬,B,選別条件,毛色=鹿毛,毛色,exact,10,9,0.9,14,30,0.467,62,136,0.456,0.226,1.024
阪神牝馬,B,選別条件,前4角=後半位置(相対50%超),前4角,derived,10,9,0.9,14,30,0.467,72,136,0.529,0.194,0.881
阪神牝馬,B,選別条件,前3角=後半位置(相対50%超),前3角,derived,10,9,0.9,13,30,0.433,66,136,0.485,0.197,0.893
阪神牝馬,B,選別条件,枠位置=中50%,馬番相対,derived,10,9,0.9,13,30,0.433,67,136,0.493,0.194,0.88
阪神牝馬,B,選別条件,馬番=9番外,馬番,range,10,9,0.9,12,30,0.4,56,136,0.412,0.214,0.971
阪神牝馬,B,選別条件,前走馬体重増減=増,前走馬体重増減,range,10,9,0.9,11,30,0.367,54,136,0.397,0.204,0.923
阪神牝馬,B,基礎条件,前走Ｒ=11,前走Ｒ,exact,10,9,0.9,23,30,0.767,112,136,0.824,0.205,0.931
阪神牝馬,補助,強選別条件,前走着差=勝ち/同タイム,前走着差タイム,range,10,8,0.8,12,30,0.4,28,136,0.206,0.429,1.943
阪神牝馬,補助,強選別条件,種牡馬=ディープインパクト,種牡馬,exact,10,8,0.8,12,30,0.4,30,136,0.221,0.4,1.813
阪神牝馬,補助,強選別条件,キャリア=6〜10戦,キャリア,range,10,8,0.8,12,30,0.4,38,136,0.279,0.316,1.432
阪神牝馬,補助,選別条件,斤量=54kg,斤量,range,10,8,0.8,19,30,0.633,89,136,0.654,0.213,0.968
阪神牝馬,補助,選別条件,距離ローテ=同距離または延長,距離ローテ,derived,10,8,0.8,15,30,0.5,79,136,0.581,0.19,0.861
阪神牝馬,補助,選別条件,前走斤量=55,前走斤量,exact,10,8,0.8,14,30,0.467,53,136,0.39,0.264,1.197
阪神牝馬,補助,選別条件,替=*,替,exact,10,8,0.8,14,30,0.467,82,136,0.603,0.171,0.774
阪神牝馬,補助,選別条件,間隔=中8週以内,間隔,range,10,8,0.8,13,30,0.433,81,136,0.596,0.16,0.728
阪神牝馬,補助,選別条件,産地=安平町,産地,exact,10,8,0.8,11,30,0.367,40,136,0.294,0.275,1.247
阪神牝馬,補助,選別条件,間隔=中5〜8週,間隔,range,10,8,0.8,11,30,0.367,51,136,0.375,0.216,0.978
阪神牝馬,補助,選別条件,前走頭数=16,前走頭数,exact,10,8,0.8,10,30,0.333,49,136,0.36,0.204,0.925
阪神牝馬,補助,選別条件,馬体重増減=減,馬体重増減,range,10,8,0.8,10,30,0.333,54,136,0.397,0.185,0.84
阪神牝馬,補助,選別条件,馬体重増減=増,馬体重増減,range,10,8,0.8,9,30,0.3,42,136,0.309,0.214,0.971
青葉賞,S,強選別条件,前走着順=1〜3着,前走着順,range,10,10,1.0,26,30,0.867,104,159,0.654,0.25,1.325
青葉賞,S,強選別条件,前走着差=0.3秒以内,前走着差タイム,range,10,10,1.0,26,30,0.867,105,159,0.66,0.248,1.312
青葉賞,S,強選別条件,前走人気=1〜3人気,前走人気,range,10,10,1.0,22,30,0.733,85,159,0.535,0.259,1.372
青葉賞,S,強選別条件,前走着差=勝ち/同タイム,前走着差タイム,range,10,10,1.0,21,30,0.7,77,159,0.484,0.273,1.445
青葉賞,S,強選別条件,前走着順=1着,前走着順,range,10,10,1.0,20,30,0.667,70,159,0.44,0.286,1.514
青葉賞,S,選別条件,前走着順=1〜5着,前走着順,range,10,10,1.0,29,30,0.967,126,159,0.792,0.23,1.22
青葉賞,S,選別条件,前走着差=0.5秒以内,前走着差タイム,range,10,10,1.0,28,30,0.933,117,159,0.736,0.239,1.268
青葉賞,S,選別条件,前走人気=1〜5人気,前走人気,range,10,10,1.0,26,30,0.867,115,159,0.723,0.226,1.198
青葉賞,S,選別条件,キャリア=5戦以内,キャリア,range,10,10,1.0,26,30,0.867,117,159,0.736,0.222,1.178
青葉賞,S,選別条件,距離差=±200m以内,距離ローテ,derived,10,10,1.0,19,30,0.633,78,159,0.491,0.244,1.291
青葉賞,S,選別条件,所属=(栗),所属,exact,10,10,1.0,17,30,0.567,79,159,0.497,0.215,1.141
青葉賞,S,選別条件,前走頭数=10頭以下,前走頭数,range,10,10,1.0,16,30,0.533,67,159,0.421,0.239,1.266
青葉賞,S,選別条件,毛色=鹿毛,毛色,exact,10,10,1.0,16,30,0.533,75,159,0.472,0.213,1.131
青葉賞,S,選別条件,枠位置=中50%,馬番相対,derived,10,10,1.0,16,30,0.533,79,159,0.497,0.203,1.073
青葉賞,S,基礎条件,前走着差=0.9秒以内,前走着差タイム,range,10,10,1.0,30,30,1.0,140,159,0.881,0.214,1.136
青葉賞,S,基礎条件,前走と同じ芝ダ,芝ダローテ,derived,10,10,1.0,30,30,1.0,147,159,0.925,0.204,1.082
青葉賞,S,基礎条件,前芝・ダ=芝,前芝・ダ,exact,10,10,1.0,30,30,1.0,147,159,0.925,0.204,1.082
青葉賞,S,基礎条件,前走着順=一桁着順,前走着順,range,10,10,1.0,30,30,1.0,150,159,0.943,0.2,1.06
青葉賞,S,基礎条件,性別=牡,性別,exact,10,10,1.0,30,30,1.0,158,159,0.994,0.19,1.006
青葉賞,S,基礎条件,年齢=3歳,年齢,exact,10,10,1.0,30,30,1.0,159,159,1.0,0.189,1.0
青葉賞,S,基礎条件,年齢=3〜5歳,年齢,range,10,10,1.0,30,30,1.0,159,159,1.0,0.189,1.0
青葉賞,S,基礎条件,年齢=5歳以下,年齢,range,10,10,1.0,30,30,1.0,159,159,1.0,0.189,1.0
青葉賞,S,基礎条件,年齢=6歳以下,年齢,range,10,10,1.0,30,30,1.0,159,159,1.0,0.189,1.0
青葉賞,S,基礎条件,距離ローテ=同距離または延長,距離ローテ,derived,10,10,1.0,30,30,1.0,159,159,1.0,0.189,1.0
青葉賞,S,基礎条件,距離差=±400m以内,距離ローテ,derived,10,10,1.0,26,30,0.867,120,159,0.755,0.217,1.148
青葉賞,S,基礎条件,距離ローテ=距離延長,距離ローテ,derived,10,10,1.0,19,30,0.633,126,159,0.792,0.151,0.799
青葉賞,A,選別条件,前走Ｒ=9,前走Ｒ,exact,10,10,1.0,14,30,0.467,64,159,0.403,0.219,1.159
青葉賞,A,選別条件,前4角=後半位置(相対50%超),前4角,derived,10,10,1.0,14,30,0.467,70,159,0.44,0.2,1.06
青葉賞,B,強選別条件,前走上り3F=34秒台,前走上り3F,range,10,9,0.9,15,30,0.5,52,159,0.327,0.288,1.529
青葉賞,B,選別条件,前走馬場状態=良,前走馬場状態,exact,10,9,0.9,21,30,0.7,113,159,0.711,0.186,0.985
青葉賞,B,選別条件,間隔=中8週以内,間隔,range,10,9,0.9,21,30,0.7,114,159,0.717,0.184,0.976
青葉賞,B,選別条件,間隔=中5〜8週,間隔,range,10,9,0.9,17,30,0.567,74,159,0.465,0.23,1.218
青葉賞,B,選別条件,前3角=後半位置(相対50%超),前3角,derived,10,9,0.9,17,30,0.567,78,159,0.491,0.218,1.155
青葉賞,B,選別条件,前4角=前半位置(相対50%以内),前4角,derived,10,9,0.9,16,30,0.533,89,159,0.56,0.18,0.953
青葉賞,B,選別条件,替=*,替,exact,10,9,0.9,15,30,0.5,90,159,0.566,0.167,0.883
青葉賞,B,選別条件,取引市場(最終)=セレクトセール,取引市場(最終),exact,10,9,0.9,13,30,0.433,56,159,0.352,0.232,1.23
青葉賞,B,選別条件,前3角=後方(相対65%超),前3角,derived,10,9,0.9,11,30,0.367,56,159,0.352,0.196,1.041
青葉賞,B,選別条件,前走馬体重増減=減,前走馬体重増減,range,10,9,0.9,11,30,0.367,72,159,0.453,0.153,0.81
青葉賞,B,選別条件,前4角=後方(相対65%超),前4角,derived,10,9,0.9,10,30,0.333,47,159,0.296,0.213,1.128
青葉賞,B,基礎条件,斤量=56kg,斤量,range,10,9,0.9,27,30,0.9,142,159,0.893,0.19,1.008
青葉賞,B,基礎条件,斤量=56kg以下,斤量,range,10,9,0.9,27,30,0.9,142,159,0.893,0.19,1.008
青葉賞,B,基礎条件,前走斤量=56,前走斤量,exact,10,9,0.9,26,30,0.867,134,159,0.843,0.194,1.028
青葉賞,補助,強選別条件,産地=安平町,産地,exact,10,8,0.8,16,30,0.533,58,159,0.365,0.276,1.462
青葉賞,補助,強選別条件,距離ローテ=同距離,距離ローテ,derived,10,8,0.8,11,30,0.367,33,159,0.208,0.333,1.767
青葉賞,補助,強選別条件,距離ローテ=同距離または短縮,距離ローテ,derived,10,8,0.8,11,30,0.367,33,159,0.208,0.333,1.767
青葉賞,補助,強選別条件,前距離=2400,前距離,exact,10,8,0.8,11,30,0.367,33,159,0.208,0.333,1.767
青葉賞,補助,選別条件,馬体重増減=減,馬体重増減,range,10,8,0.8,15,30,0.5,77,159,0.484,0.195,1.032
青葉賞,補助,選別条件,馬番=1〜6番,馬番,range,10,8,0.8,14,30,0.467,60,159,0.377,0.233,1.237
青葉賞,補助,選別条件,所属=(美),所属,exact,10,8,0.8,13,30,0.433,80,159,0.503,0.163,0.861
青葉賞,補助,選別条件,馬体重増減=増,馬体重増減,range,10,8,0.8,9,30,0.3,37,159,0.233,0.243,1.289
青葉賞,補助,選別条件,馬番=5〜8番,馬番,range,10,8,0.8,9,30,0.3,40,159,0.252,0.225,1.192
高松宮記,S,強選別条件,前走着順=1〜5着,前走着順,range,10,10,1.0,23,30,0.767,102,180,0.567,0.225,1.353
高松宮記,S,選別条件,前走着順=一桁着順,前走着順,range,10,10,1.0,28,30,0.933,135,180,0.75,0.207,1.244
高松宮記,S,選別条件,年齢=4〜6歳,年齢,range,10,10,1.0,26,30,0.867,132,180,0.733,0.197,1.182
高松宮記,S,選別条件,年齢=6歳以下,年齢,range,10,10,1.0,26,30,0.867,132,180,0.733,0.197,1.182
高松宮記,S,選別条件,前走着差=0.5秒以内,前走着差タイム,range,10,10,1.0,23,30,0.767,113,180,0.628,0.204,1.221
高松宮記,S,選別条件,前走人気=1〜5人気,前走人気,range,10,10,1.0,21,30,0.7,98,180,0.544,0.214,1.286
高松宮記,S,選別条件,所属=(栗),所属,exact,10,10,1.0,19,30,0.633,125,180,0.694,0.152,0.912
高松宮記,S,選別条件,距離ローテ=同距離,距離ローテ,derived,10,10,1.0,18,30,0.6,107,180,0.594,0.168,1.009
高松宮記,S,選別条件,距離ローテ=同距離または延長,距離ローテ,derived,10,10,1.0,18,30,0.6,107,180,0.594,0.168,1.009
高松宮記,S,選別条件,前距離=1200,前距離,exact,10,10,1.0,18,30,0.6,107,180,0.594,0.168,1.009
高松宮記,S,選別条件,年齢=3〜5歳,年齢,range,10,10,1.0,17,30,0.567,87,180,0.483,0.195,1.172
高松宮記,S,選別条件,年齢=5歳以下,年齢,range,10,10,1.0,17,30,0.567,87,180,0.483,0.195,1.172
高松宮記,S,選別条件,性別=牡,性別,exact,10,10,1.0,17,30,0.567,109,180,0.606,0.156,0.936
高松宮記,S,基礎条件,距離ローテ=同距離または短縮,距離ローテ,derived,10,10,1.0,30,30,1.0,180,180,1.0,0.167,1.0
高松宮記,S,基礎条件,距離差=±400m以内,距離ローテ,derived,10,10,1.0,30,30,1.0,180,180,1.0,0.167,1.0
高松宮記,S,基礎条件,距離差=±200m以内,距離ローテ,derived,10,10,1.0,29,30,0.967,170,180,0.944,0.171,1.024
高松宮記,S,基礎条件,前走と同じ芝ダ,芝ダローテ,derived,10,10,1.0,29,30,0.967,176,180,0.978,0.165,0.989
高松宮記,S,基礎条件,前芝・ダ=芝,前芝・ダ,exact,10,10,1.0,29,30,0.967,176,180,0.978,0.165,0.989
高松宮記,S,基礎条件,前走着差=0.9秒以内,前走着差タイム,range,10,10,1.0,27,30,0.9,144,180,0.8,0.188,1.125
高松宮記,S,基礎条件,前走馬場状態=良,前走馬場状態,exact,10,10,1.0,26,30,0.867,145,180,0.806,0.179,1.076
高松宮記,S,基礎条件,間隔=中8週以内,間隔,range,10,10,1.0,25,30,0.833,153,180,0.85,0.163,0.98
高松宮記,S,基礎条件,前走Ｒ=11,前走Ｒ,exact,10,10,1.0,25,30,0.833,162,180,0.9,0.154,0.926
高松宮記,S,基礎条件,前クラス名=G3,前クラス名,exact,10,10,1.0,22,30,0.733,150,180,0.833,0.147,0.88
高松宮記,A,選別条件,距離ローテ=距離短縮,距離ローテ,derived,10,10,1.0,12,30,0.4,73,180,0.406,0.164,0.986
高松宮記,B,強選別条件,前走着差=勝ち/同タイム,前走着差タイム,range,10,9,0.9,13,30,0.433,45,180,0.25,0.289,1.733
高松宮記,B,強選別条件,間隔=中5〜8週,間隔,range,10,9,0.9,13,30,0.433,55,180,0.306,0.236,1.418
高松宮記,B,選別条件,前走着差=0.3秒以内,前走着差タイム,range,10,9,0.9,18,30,0.6,89,180,0.494,0.202,1.213
高松宮記,B,選別条件,前4角=前半位置(相対50%以内),前4角,derived,10,9,0.9,18,30,0.6,104,180,0.578,0.173,1.038
高松宮記,B,選別条件,前走着順=1〜3着,前走着順,range,10,9,0.9,17,30,0.567,79,180,0.439,0.215,1.291
高松宮記,B,選別条件,前3角=前半位置(相対50%以内),前3角,derived,10,9,0.9,17,30,0.567,104,180,0.578,0.163,0.981
高松宮記,B,選別条件,馬体重増減=減,馬体重増減,range,10,9,0.9,15,30,0.5,85,180,0.472,0.176,1.059
高松宮記,B,選別条件,枠位置=中50%,馬番相対,derived,10,9,0.9,15,30,0.5,90,180,0.5,0.167,1.0
高松宮記,B,選別条件,前走人気=1〜3人気,前走人気,range,10,9,0.9,14,30,0.467,65,180,0.361,0.215,1.292
高松宮記,B,選別条件,前走頭数=17頭以上,前走頭数,range,10,9,0.9,13,30,0.433,64,180,0.356,0.203,1.219
高松宮記,B,選別条件,替=*,替,exact,10,9,0.9,13,30,0.433,81,180,0.45,0.16,0.963
高松宮記,B,選別条件,前距離=1400,前距離,exact,10,9,0.9,11,30,0.367,63,180,0.35,0.175,1.048
高松宮記,補助,強選別条件,前走馬体重増減=増,前走馬体重増減,range,10,8,0.8,15,30,0.5,68,180,0.378,0.221,1.324
高松宮記,補助,強選別条件,前走上り3F=33秒台以下,前走上り3F,range,10,8,0.8,12,30,0.4,35,180,0.194,0.343,2.057
高松宮記,補助,強選別条件,前走着順=1着,前走着順,range,10,8,0.8,9,30,0.3,35,180,0.194,0.257,1.543
高松宮記,補助,選別条件,斤量=57kg,斤量,range,10,8,0.8,16,30,0.533,94,180,0.522,0.17,1.021
高松宮記,補助,選別条件,キャリア=11〜20戦,キャリア,range,10,8,0.8,14,30,0.467,72,180,0.4,0.194,1.167
高松宮記,補助,選別条件,毛色=鹿毛,毛色,exact,10,8,0.8,14,30,0.467,74,180,0.411,0.189,1.135
高松宮記,補助,選別条件,前走頭数=18,前走頭数,exact,10,8,0.8,11,30,0.367,56,180,0.311,0.196,1.179
高松宮記,補助,選別条件,斤量=56kg以下,斤量,range,10,8,0.8,10,30,0.333,64,180,0.356,0.156,0.938
高松宮記,補助,選別条件,性別=牝,性別,exact,10,8,0.8,10,30,0.333,64,180,0.356,0.156,0.938
鳴尾記念,S,強選別条件,前走着差=0.9秒以内,前走着差タイム,range,10,10,1.0,22,30,0.733,69,123,0.561,0.319,1.307
鳴尾記念,S,強選別条件,前走馬体重増減=減,前走馬体重増減,range,10,10,1.0,17,30,0.567,51,123,0.415,0.333,1.367
鳴尾記念,S,強選別条件,産地=安平町,産地,exact,10,10,1.0,16,30,0.533,42,123,0.341,0.381,1.562
鳴尾記念,S,選別条件,前走着順=一桁着順,前走着順,range,10,10,1.0,25,30,0.833,79,123,0.642,0.316,1.297
鳴尾記念,S,選別条件,年齢=4〜6歳,年齢,range,10,10,1.0,25,30,0.833,85,123,0.691,0.294,1.206
鳴尾記念,S,選別条件,年齢=6歳以下,年齢,range,10,10,1.0,25,30,0.833,86,123,0.699,0.291,1.192
鳴尾記念,S,選別条件,前走馬場状態=良,前走馬場状態,exact,10,10,1.0,24,30,0.8,90,123,0.732,0.267,1.093
鳴尾記念,S,選別条件,前4角=前半位置(相対50%以内),前4角,derived,10,10,1.0,21,30,0.7,71,123,0.577,0.296,1.213
鳴尾記念,S,選別条件,距離ローテ=同距離または短縮,距離ローテ,derived,10,10,1.0,21,30,0.7,83,123,0.675,0.253,1.037
鳴尾記念,S,選別条件,距離差=±200m以内,距離ローテ,derived,10,10,1.0,21,30,0.7,92,123,0.748,0.228,0.936
鳴尾記念,S,選別条件,間隔=中8週以内,間隔,range,10,10,1.0,18,30,0.6,74,123,0.602,0.243,0.997
鳴尾記念,S,選別条件,替=*,替,exact,10,10,1.0,18,30,0.6,77,123,0.626,0.234,0.958
鳴尾記念,S,選別条件,馬番=1〜6番,馬番,range,10,10,1.0,15,30,0.5,60,123,0.488,0.25,1.025
鳴尾記念,S,基礎条件,前走と同じ芝ダ,芝ダローテ,derived,10,10,1.0,30,30,1.0,119,123,0.967,0.252,1.034
鳴尾記念,S,基礎条件,前芝・ダ=芝,前芝・ダ,exact,10,10,1.0,30,30,1.0,119,123,0.967,0.252,1.034
鳴尾記念,S,基礎条件,前走Ｒ=11,前走Ｒ,exact,10,10,1.0,29,30,0.967,114,123,0.927,0.254,1.043
鳴尾記念,S,基礎条件,所属=(栗),所属,exact,10,10,1.0,28,30,0.933,109,123,0.886,0.257,1.053
鳴尾記念,S,基礎条件,性別=牡,性別,exact,10,10,1.0,26,30,0.867,107,123,0.87,0.243,0.996
鳴尾記念,S,基礎条件,距離差=±400m以内,距離ローテ,derived,10,10,1.0,24,30,0.8,109,123,0.886,0.22,0.903
鳴尾記念,S,基礎条件,距離ローテ=同距離または延長,距離ローテ,derived,10,10,1.0,23,30,0.767,98,123,0.797,0.235,0.962
鳴尾記念,A,選別条件,距離ローテ=同距離,距離ローテ,derived,10,10,1.0,14,30,0.467,58,123,0.472,0.241,0.99
鳴尾記念,A,選別条件,前距離=2000,前距離,exact,10,10,1.0,14,30,0.467,58,123,0.472,0.241,0.99
鳴尾記念,B,強選別条件,前走着順=1〜5着,前走着順,range,10,9,0.9,16,30,0.533,48,123,0.39,0.333,1.367
鳴尾記念,B,強選別条件,キャリア=11〜20戦,キャリア,range,10,9,0.9,15,30,0.5,46,123,0.374,0.326,1.337
鳴尾記念,B,選別条件,前3角=前半位置(相対50%以内),前3角,derived,10,9,0.9,20,30,0.667,69,123,0.561,0.29,1.188
鳴尾記念,B,選別条件,枠位置=中50%,馬番相対,derived,10,9,0.9,14,30,0.467,62,123,0.504,0.226,0.926
鳴尾記念,B,選別条件,馬体重増減=増,馬体重増減,range,10,9,0.9,13,30,0.433,45,123,0.366,0.289,1.184
鳴尾記念,B,選別条件,毛色=鹿毛,毛色,exact,10,9,0.9,13,30,0.433,53,123,0.431,0.245,1.006
鳴尾記念,B,選別条件,馬番=1〜4番,馬番,range,10,9,0.9,12,30,0.4,40,123,0.325,0.3,1.23
鳴尾記念,補助,強選別条件,年齢=3〜5歳,年齢,range,10,8,0.8,17,30,0.567,46,123,0.374,0.37,1.515
鳴尾記念,補助,強選別条件,年齢=5歳以下,年齢,range,10,8,0.8,17,30,0.567,46,123,0.374,0.37,1.515
鳴尾記念,補助,強選別条件,前走着差=0.5秒以内,前走着差タイム,range,10,8,0.8,16,30,0.533,47,123,0.382,0.34,1.396
鳴尾記念,補助,強選別条件,前走頭数=11〜13頭,前走頭数,range,10,8,0.8,12,30,0.4,33,123,0.268,0.364,1.491
鳴尾記念,補助,強選別条件,前走着順=1〜3着,前走着順,range,10,8,0.8,11,30,0.367,34,123,0.276,0.324,1.326
鳴尾記念,補助,強選別条件,前走上り3F=33秒台以下,前走上り3F,range,10,8,0.8,9,30,0.3,20,123,0.163,0.45,1.845
鳴尾記念,補助,選別条件,斤量=56kg以下,斤量,range,10,8,0.8,22,30,0.733,91,123,0.74,0.242,0.991
鳴尾記念,補助,選別条件,斤量=56kg,斤量,range,10,8,0.8,19,30,0.633,85,123,0.691,0.224,0.916
鳴尾記念,補助,選別条件,前走斤量=57,前走斤量,exact,10,8,0.8,12,30,0.4,39,123,0.317,0.308,1.262
鳴尾記念,補助,選別条件,間隔=中4週以内,間隔,range,10,8,0.8,12,30,0.4,53,123,0.431,0.226,0.928
鳴尾記念,補助,選別条件,毛色=黒鹿,毛色,exact,10,8,0.8,11,30,0.367,37,123,0.301,0.297,1.219
鳴尾記念,補助,選別条件,前走上り3F=34秒台,前走上り3F,range,10,8,0.8,10,30,0.333,38,123,0.309,0.263,1.079
鳴尾記念,補助,選別条件,距離ローテ=距離延長,距離ローテ,derived,10,8,0.8,9,30,0.3,40,123,0.325,0.225,0.923
