重賞名,消し条件候補,項目,種別,対象年数,年カバー数,馬券内該当数,全出走該当数,全出走該当率,条件内馬券内率,基準馬券内率,リフト
CBC賞H,産地=新冠町,産地,exact,9,0,0,19,0.138,0.0,0.196,0.0
CBC賞H,前走斤量=53,前走斤量,exact,9,0,0,15,0.109,0.0,0.196,0.0
CBC賞H,年齢=4歳,年齢,exact,9,1,1,19,0.138,0.053,0.196,0.269
CBC賞H,前クラス名=OP(L),前クラス名,exact,9,1,1,18,0.13,0.056,0.196,0.284
CBC賞H,前走斤量=54,前走斤量,exact,9,1,1,18,0.13,0.056,0.196,0.284
CBC賞H,前走B=B,前走B,exact,9,1,1,15,0.109,0.067,0.196,0.341
CBC賞H,前走馬番=5,前走馬番,exact,9,1,1,13,0.094,0.077,0.196,0.393
CBC賞H,前走から芝替わり,芝ダローテ,derived,9,1,1,12,0.087,0.083,0.196,0.426
CBC賞H,前芝・ダ=ダ,前芝・ダ,exact,9,1,1,12,0.087,0.083,0.196,0.426
CBC賞H,前走馬番=8,前走馬番,exact,9,1,1,12,0.087,0.083,0.196,0.426
CBC賞H,年齢=7歳以上,年齢,range,9,2,2,23,0.167,0.087,0.196,0.444
CBC賞H,産地=千歳市,産地,exact,9,1,1,11,0.08,0.091,0.196,0.465
CBC賞H,前走頭数=17,前走頭数,exact,9,1,1,11,0.08,0.091,0.196,0.465
CBC賞H,前走馬場状態=重,前走馬場状態,exact,9,1,1,10,0.072,0.1,0.196,0.511
JC,年齢=6歳,年齢,exact,10,0,0,32,0.19,0.0,0.179,0.0
JC,前走人気=10人気以下,前走人気,range,10,0,0,27,0.161,0.0,0.179,0.0
JC,所属=[外],所属,exact,10,0,0,25,0.149,0.0,0.179,0.0
JC,馬記号=[外],馬記号,exact,10,0,0,25,0.149,0.0,0.179,0.0
JC,年齢=7歳以上,年齢,range,10,0,0,20,0.119,0.0,0.179,0.0
JC,前走馬場状態=重,前走馬場状態,exact,10,0,0,17,0.101,0.0,0.179,0.0
JC,産地=愛,産地,exact,10,0,0,12,0.071,0.0,0.179,0.0
JC,年齢=7歳,年齢,exact,10,0,0,11,0.065,0.0,0.179,0.0
JC,種牡馬=ステイゴールド,種牡馬,exact,10,0,0,10,0.06,0.0,0.179,0.0
JC,前走頭数=9,前走頭数,exact,10,0,0,10,0.06,0.0,0.179,0.0
JC,前3角=最後方寄り(相対85%超),前3角,derived,10,1,1,23,0.137,0.043,0.179,0.243
JC,前走着差=1.0秒以上,前走着差タイム,range,10,2,2,38,0.226,0.053,0.179,0.295
JC,前走着順=二桁着順,前走着順,range,10,2,2,34,0.202,0.059,0.179,0.329
JC,前走斤量=57,前走斤量,exact,10,2,2,31,0.185,0.065,0.179,0.361
JC,前4角=最後方寄り(相対85%超),前4角,derived,10,1,1,15,0.089,0.067,0.179,0.373
JC,前走人気=6〜9人気,前走人気,range,10,2,2,30,0.179,0.067,0.179,0.373
JC,斤量=58kg以上,斤量,range,10,1,1,14,0.083,0.071,0.179,0.4
JC,前走馬番=2,前走馬番,exact,10,1,1,13,0.077,0.077,0.179,0.431
JC,間隔=中13週以上,間隔,range,10,1,1,12,0.071,0.083,0.179,0.467
JC,産地=新冠町,産地,exact,10,2,2,21,0.125,0.095,0.179,0.533
NHKマ,前走Ｒ=10,前走Ｒ,exact,10,0,0,12,0.067,0.0,0.167,0.0
NHKマ,産地=浦河町,産地,exact,10,0,0,11,0.061,0.0,0.167,0.0
NHKマ,多頭出し=*,多頭出し,exact,10,2,2,35,0.194,0.057,0.167,0.343
NHKマ,前走開催=2名3,前走開催,exact,10,1,1,17,0.094,0.059,0.167,0.353
NHKマ,前走着順=二桁着順,前走着順,range,10,2,2,33,0.183,0.061,0.167,0.364
NHKマ,産地=新ひだか町,産地,exact,10,2,2,32,0.178,0.062,0.167,0.375
NHKマ,前走馬番=9,前走馬番,exact,10,1,1,15,0.083,0.067,0.167,0.4
NHKマ,前走人気=10人気以下,前走人気,range,10,2,2,30,0.167,0.067,0.167,0.4
NHKマ,産地=日高町,産地,exact,10,1,1,14,0.078,0.071,0.167,0.429
NHKマ,前走馬番=8,前走馬番,exact,10,1,1,13,0.072,0.077,0.167,0.462
NHKマ,間隔=中9〜12週,間隔,range,10,1,1,12,0.067,0.083,0.167,0.5
NHKマ,毛色=芦毛,毛色,exact,10,1,1,12,0.067,0.083,0.167,0.5
NHKマ,前クラス名=オープン,前クラス名,exact,10,1,1,11,0.061,0.091,0.167,0.545
NHKマ,前走馬番=12,前走馬番,exact,10,1,1,11,0.061,0.091,0.167,0.545
きさらぎ,前走頭数=16,前走頭数,exact,10,1,1,11,0.118,0.091,0.323,0.282
きさらぎ,前走人気=10人気以下,前走人気,range,10,1,1,10,0.108,0.1,0.323,0.31
きさらぎ,前走上り3F=36秒以上,前走上り3F,range,10,2,2,16,0.172,0.125,0.323,0.388
きさらぎ,前走着差=1.0秒以上,前走着差タイム,range,10,2,2,14,0.151,0.143,0.323,0.443
きさらぎ,前走Ｒ=6,前走Ｒ,exact,10,2,2,14,0.151,0.143,0.323,0.443
きさらぎ,前クラス名=未勝利,前クラス名,exact,10,2,2,12,0.129,0.167,0.323,0.517
きさらぎ,前クラス名=1勝,前クラス名,exact,10,2,2,12,0.129,0.167,0.323,0.517
きさらぎ,前3角=2〜3番手,前3角,derived,10,2,3,18,0.194,0.167,0.323,0.517
きさらぎ,前4角=2〜3番手,前4角,derived,10,2,3,18,0.194,0.167,0.323,0.517
みやこS,多頭出し=*,多頭出し,exact,9,0,0,18,0.135,0.0,0.203,0.0
みやこS,前走Ｒ=10,前走Ｒ,exact,9,0,0,14,0.105,0.0,0.203,0.0
みやこS,前3角=最後方寄り(相対85%超),前3角,derived,9,0,0,11,0.083,0.0,0.203,0.0
みやこS,前4角=最後方寄り(相対85%超),前4角,derived,9,0,0,11,0.083,0.0,0.203,0.0
みやこS,取引市場(最終)=北海道セレクションセール,取引市場(最終),exact,9,0,0,11,0.083,0.0,0.203,0.0
みやこS,産地=新冠町,産地,exact,9,1,1,23,0.173,0.043,0.203,0.214
みやこS,前走馬番=2,前走馬番,exact,9,1,1,13,0.098,0.077,0.203,0.379
みやこS,前走着順=二桁着順,前走着順,range,9,2,2,26,0.195,0.077,0.203,0.379
みやこS,前走馬番=3,前走馬番,exact,9,1,1,12,0.09,0.083,0.203,0.41
みやこS,前走開催=金沢,前走開催,exact,9,1,1,11,0.083,0.091,0.203,0.448
みやこS,前走レース名=白山大G3,前走レース名,exact,9,1,1,11,0.083,0.091,0.203,0.448
みやこS,取引市場(最終)=セレクトセール,取引市場(最終),exact,9,1,1,11,0.083,0.091,0.203,0.448
みやこS,前走人気=10人気以下,前走人気,range,9,2,2,22,0.165,0.091,0.203,0.448
みやこS,斤量=54kg,斤量,range,9,1,1,10,0.075,0.1,0.203,0.493
みやこS,前走馬場状態=重,前走馬場状態,exact,9,1,1,10,0.075,0.1,0.203,0.493
みやこS,前走斤量=55,前走斤量,exact,9,2,2,19,0.143,0.105,0.203,0.519
アイビス,前距離=1400,前距離,exact,10,0,0,18,0.108,0.0,0.18,0.0
アイビス,前走から芝替わり,芝ダローテ,derived,10,0,0,15,0.09,0.0,0.18,0.0
アイビス,前芝・ダ=ダ,前芝・ダ,exact,10,0,0,15,0.09,0.0,0.18,0.0
アイビス,前走着順=二桁着順,前走着順,range,10,2,2,58,0.347,0.034,0.18,0.192
アイビス,前走上り3F=35秒台,前走上り3F,range,10,2,2,38,0.228,0.053,0.18,0.293
アイビス,間隔=中13週以上,間隔,range,10,1,1,17,0.102,0.059,0.18,0.327
アイビス,前走馬番=1,前走馬番,exact,10,1,1,14,0.084,0.071,0.18,0.398
アイビス,前3角=後方(相対65%超),前3角,derived,10,2,2,27,0.162,0.074,0.18,0.412
アイビス,前クラス名=3勝,前クラス名,exact,10,1,1,12,0.072,0.083,0.18,0.464
アイビス,馬記号=(外),馬記号,exact,10,1,1,12,0.072,0.083,0.18,0.464
アイビス,前走馬番=3,前走馬番,exact,10,1,1,12,0.072,0.083,0.18,0.464
アイビス,前走斤量=56,前走斤量,exact,10,2,2,23,0.138,0.087,0.18,0.484
アイビス,馬体重増減=+10kg以上,馬体重増減,range,10,1,1,11,0.066,0.091,0.18,0.506
アイビス,前3角=最後方寄り(相対85%超),前3角,derived,10,1,1,11,0.066,0.091,0.18,0.506
アイビス,前走B=B,前走B,exact,10,2,2,21,0.126,0.095,0.18,0.53
アイビス,産地=新ひだか町,産地,exact,10,2,3,31,0.186,0.097,0.18,0.539
アメリカ,前走馬場状態=稍,前走馬場状態,exact,10,0,0,12,0.085,0.0,0.213,0.0
アメリカ,年齢=9歳,年齢,exact,10,0,0,11,0.078,0.0,0.213,0.0
アメリカ,前4角=最後方寄り(相対85%超),前4角,derived,10,1,1,15,0.106,0.067,0.213,0.313
アメリカ,前3角=最後方寄り(相対85%超),前3角,derived,10,1,1,13,0.092,0.077,0.213,0.362
アメリカ,前走開催=1中1,前走開催,exact,10,1,1,13,0.092,0.077,0.213,0.362
アメリカ,前走レース名=中山金杯HG3,前走レース名,exact,10,1,1,12,0.085,0.083,0.213,0.392
アメリカ,前走レース名=ステイヤG2,前走レース名,exact,10,1,1,12,0.085,0.083,0.213,0.392
アメリカ,前クラス名=オープン,前クラス名,exact,10,1,1,12,0.085,0.083,0.213,0.392
アメリカ,前距離=1800,前距離,exact,10,1,1,12,0.085,0.083,0.213,0.392
アメリカ,前距離=3600,前距離,exact,10,1,1,12,0.085,0.083,0.213,0.392
アメリカ,間隔=中4週以内,間隔,range,10,2,3,36,0.255,0.083,0.213,0.392
アメリカ,年齢=8歳,年齢,exact,10,2,2,23,0.163,0.087,0.213,0.409
アメリカ,距離ローテ=同距離,距離ローテ,derived,10,1,1,11,0.078,0.091,0.213,0.427
アメリカ,取引市場(最終)=北海道セレクションセール,取引市場(最終),exact,10,1,1,11,0.078,0.091,0.213,0.427
アメリカ,前距離=2200,前距離,exact,10,1,1,11,0.078,0.091,0.213,0.427
アメリカ,前走頭数=13,前走頭数,exact,10,1,1,11,0.078,0.091,0.213,0.427
アメリカ,毛色=芦毛,毛色,exact,10,1,1,10,0.071,0.1,0.213,0.47
アメリカ,馬体重増減=+10kg以上,馬体重増減,range,10,2,2,18,0.128,0.111,0.213,0.522
アルゼンH,年齢=8歳,年齢,exact,10,0,0,13,0.081,0.0,0.193,0.0
アルゼンH,前走開催=4京3,前走開催,exact,10,0,0,11,0.068,0.0,0.193,0.0
アルゼンH,取引市場(最終)=北海道セレクションセール,取引市場(最終),exact,10,0,0,10,0.062,0.0,0.193,0.0
アルゼンH,前走着順=二桁着順,前走着順,range,10,1,1,41,0.255,0.024,0.193,0.127
アルゼンH,年齢=7歳以上,年齢,range,10,1,1,33,0.205,0.03,0.193,0.157
アルゼンH,前走レース名=丹頂SH,前走レース名,exact,10,1,1,24,0.149,0.042,0.193,0.216
アルゼンH,前4角=最後方寄り(相対85%超),前4角,derived,10,1,1,22,0.137,0.045,0.193,0.236
アルゼンH,前3角=最後方寄り(相対85%超),前3角,derived,10,1,1,21,0.13,0.048,0.193,0.247
アルゼンH,前走B=B,前走B,exact,10,1,1,18,0.112,0.056,0.193,0.289
アルゼンH,馬主(最新/仮想)=金子真人ホールディングス,馬主(最新/仮想),exact,10,1,1,17,0.106,0.059,0.193,0.306
アルゼンH,年齢=7歳,年齢,exact,10,1,1,16,0.099,0.062,0.193,0.325
アルゼンH,前走開催=2札6,前走開催,exact,10,1,1,15,0.093,0.067,0.193,0.346
アルゼンH,馬体重増減=-10kg以下,馬体重増減,range,10,1,1,14,0.087,0.071,0.193,0.371
アルゼンH,毛色=芦毛,毛色,exact,10,1,1,14,0.087,0.071,0.193,0.371
アルゼンH,前走馬番=8,前走馬番,exact,10,1,1,14,0.087,0.071,0.193,0.371
アルゼンH,前走馬番=12,前走馬番,exact,10,1,1,14,0.087,0.071,0.193,0.371
アルゼンH,前距離=2600,前距離,exact,10,2,2,27,0.168,0.074,0.193,0.385
アルゼンH,産地=新ひだか町,産地,exact,10,1,1,13,0.081,0.077,0.193,0.4
アルゼンH,種牡馬=ディープインパクト,種牡馬,exact,10,2,2,26,0.161,0.077,0.193,0.4
アルゼンH,斤量=53kg以下,斤量,range,10,2,2,25,0.155,0.08,0.193,0.415
アルゼンH,前走レース名=京都大賞G2,前走レース名,exact,10,1,2,25,0.155,0.08,0.193,0.415
アルゼンH,距離ローテ=同距離,距離ローテ,derived,10,1,1,12,0.075,0.083,0.193,0.433
アルゼンH,前走Ｒ=12,前走Ｒ,exact,10,1,1,12,0.075,0.083,0.193,0.433
アルゼンH,前距離=2500,前距離,exact,10,1,1,12,0.075,0.083,0.193,0.433
アルゼンH,ブリンカー=B,ブリンカー,exact,10,2,2,23,0.143,0.087,0.193,0.452
アルゼンH,前走開催=4東5,前走開催,exact,10,1,1,11,0.068,0.091,0.193,0.472
アルゼンH,前走斤量=55,前走斤量,exact,10,1,1,11,0.068,0.091,0.193,0.472
アルゼンH,前走レース名=目黒記念HG2,前走レース名,exact,10,1,1,10,0.062,0.1,0.193,0.519
アルゼンH,前走レース名=新潟記念HG3,前走レース名,exact,10,1,1,10,0.062,0.1,0.193,0.519
アルテミ,前走頭数=16,前走頭数,exact,10,0,0,19,0.139,0.0,0.219,0.0
アルテミ,産地=日高町,産地,exact,10,0,0,15,0.109,0.0,0.219,0.0
アルテミ,前走人気=10人気以下,前走人気,range,10,0,0,13,0.095,0.0,0.219,0.0
アルテミ,前走着差=1.0秒以上,前走着差タイム,range,10,0,0,11,0.08,0.0,0.219,0.0
アルテミ,前走上り3F=35秒台,前走上り3F,range,10,2,2,43,0.314,0.047,0.219,0.212
アルテミ,産地=新冠町,産地,exact,10,1,1,19,0.139,0.053,0.219,0.24
アルテミ,前距離=1400,前距離,exact,10,1,1,16,0.117,0.062,0.219,0.285
アルテミ,前走馬番=5,前走馬番,exact,10,1,1,12,0.088,0.083,0.219,0.381
アルテミ,前走馬場状態=稍,前走馬場状態,exact,10,2,2,23,0.168,0.087,0.219,0.397
アルテミ,前走頭数=13,前走頭数,exact,10,1,1,10,0.073,0.1,0.219,0.457
アルテミ,前走人気=6〜9人気,前走人気,range,10,2,2,19,0.139,0.105,0.219,0.481
アルテミ,前クラス名=オープン,前クラス名,exact,10,2,2,18,0.131,0.111,0.219,0.507
アンタレ,前クラス名=OP(L),前クラス名,exact,10,0,0,12,0.075,0.0,0.189,0.0
アンタレ,前走馬番=5,前走馬番,exact,10,0,0,11,0.069,0.0,0.189,0.0
アンタレ,前距離=2000,前距離,exact,10,1,1,22,0.138,0.045,0.189,0.241
アンタレ,前走人気=10人気以下,前走人気,range,10,2,2,38,0.239,0.053,0.189,0.279
アンタレ,前4角=最後方寄り(相対85%超),前4角,derived,10,1,1,18,0.113,0.056,0.189,0.294
アンタレ,前4角=後方(相対65%超),前4角,derived,10,2,2,34,0.214,0.059,0.189,0.312
アンタレ,前3角=後方(相対65%超),前3角,derived,10,2,2,33,0.208,0.061,0.189,0.321
アンタレ,年齢=8歳,年齢,exact,10,1,1,16,0.101,0.062,0.189,0.331
アンタレ,前4角=後半位置(相対50%超),前4角,derived,10,2,3,47,0.296,0.064,0.189,0.338
アンタレ,前走馬番=3,前走馬番,exact,10,1,1,14,0.088,0.071,0.189,0.379
アンタレ,前走馬番=8,前走馬番,exact,10,1,1,12,0.075,0.083,0.189,0.442
アンタレ,馬体重増減=-10kg以下,馬体重増減,range,10,1,1,11,0.069,0.091,0.189,0.482
アンタレ,前走馬番=6,前走馬番,exact,10,1,1,10,0.063,0.1,0.189,0.53
アンタレ,前走馬番=11,前走馬番,exact,10,1,1,10,0.063,0.1,0.189,0.53
アーリン,前走頭数=13,前走頭数,exact,10,0,0,14,0.092,0.0,0.197,0.0
アーリン,馬記号=(外),馬記号,exact,10,0,0,13,0.086,0.0,0.197,0.0
アーリン,前走馬番=9,前走馬番,exact,10,0,0,10,0.066,0.0,0.197,0.0
アーリン,前走着順=二桁着順,前走着順,range,10,1,1,18,0.118,0.056,0.197,0.281
アーリン,産地=浦河町,産地,exact,10,1,1,17,0.112,0.059,0.197,0.298
アーリン,多頭出し=*,多頭出し,exact,10,1,1,14,0.092,0.071,0.197,0.362
アーリン,前4角=最後方寄り(相対85%超),前4角,derived,10,1,1,13,0.086,0.077,0.197,0.39
アーリン,前走頭数=12,前走頭数,exact,10,1,1,12,0.079,0.083,0.197,0.422
アーリン,馬体重増減=±0,馬体重増減,range,10,2,2,23,0.151,0.087,0.197,0.441
アーリン,前走Ｒ=9,前走Ｒ,exact,10,2,2,23,0.151,0.087,0.197,0.441
アーリン,前クラス名=500万,前クラス名,exact,10,2,2,22,0.145,0.091,0.197,0.461
アーリン,前走着差=1.0秒以上,前走着差タイム,range,10,2,2,21,0.138,0.095,0.197,0.483
アーリン,前走開催=2阪1,前走開催,exact,10,1,1,10,0.066,0.1,0.197,0.507
アーリン,毛色=栗毛,毛色,exact,10,2,2,20,0.132,0.1,0.197,0.507
アーリン,前走Ｒ=10,前走Ｒ,exact,10,2,2,19,0.125,0.105,0.197,0.533
エプソム,前走人気=10人気以下,前走人気,range,10,0,0,43,0.265,0.0,0.185,0.0
エプソム,年齢=7歳以上,年齢,range,10,0,0,39,0.241,0.0,0.185,0.0
エプソム,年齢=7歳,年齢,exact,10,0,0,28,0.173,0.0,0.185,0.0
エプソム,年齢=8歳,年齢,exact,10,0,0,10,0.062,0.0,0.185,0.0
エプソム,産地=白老町,産地,exact,10,0,0,10,0.062,0.0,0.185,0.0
エプソム,前走馬番=12,前走馬番,exact,10,0,0,10,0.062,0.0,0.185,0.0
エプソム,前4角=最後方寄り(相対85%超),前4角,derived,10,1,1,21,0.13,0.048,0.185,0.257
エプソム,前3角=最後方寄り(相対85%超),前3角,derived,10,1,1,19,0.117,0.053,0.185,0.284
エプソム,前走馬体重増減=±0,前走馬体重増減,range,10,1,1,15,0.093,0.067,0.185,0.36
エプソム,前クラス名=G1,前クラス名,exact,10,1,1,11,0.068,0.091,0.185,0.491
エプソム,前走頭数=14,前走頭数,exact,10,1,1,11,0.068,0.091,0.185,0.491
エプソム,前走頭数=15,前走頭数,exact,10,2,2,22,0.136,0.091,0.185,0.491
エプソム,前走人気=6〜9人気,前走人気,range,10,2,3,33,0.204,0.091,0.185,0.491
エプソム,前走馬番=7,前走馬番,exact,10,1,1,10,0.062,0.1,0.185,0.54
エリザベ,前走着差=1.0秒以上,前走着差タイム,range,10,0,0,22,0.128,0.0,0.174,0.0
エリザベ,産地=新ひだか町,産地,exact,10,0,0,18,0.105,0.0,0.174,0.0
エリザベ,前クラス名=オープン,前クラス名,exact,10,0,0,16,0.093,0.0,0.174,0.0
エリザベ,前走Ｒ=10,前走Ｒ,exact,10,0,0,15,0.087,0.0,0.174,0.0
エリザベ,毛色=芦毛,毛色,exact,10,0,0,14,0.081,0.0,0.174,0.0
エリザベ,前走レース名=京都大賞G2,前走レース名,exact,10,0,0,12,0.07,0.0,0.174,0.0
エリザベ,前クラス名=1600万,前クラス名,exact,10,0,0,12,0.07,0.0,0.174,0.0
エリザベ,前走開催=4京3,前走開催,exact,10,0,0,10,0.058,0.0,0.174,0.0
エリザベ,前走馬番=7,前走馬番,exact,10,0,0,10,0.058,0.0,0.174,0.0
エリザベ,前走馬番=12,前走馬番,exact,10,0,0,10,0.058,0.0,0.174,0.0
エリザベ,キャリア=21戦以上,キャリア,range,10,2,2,49,0.285,0.041,0.174,0.234
エリザベ,距離ローテ=距離短縮,距離ローテ,derived,10,1,1,24,0.14,0.042,0.174,0.239
エリザベ,前走人気=10人気以下,前走人気,range,10,1,1,22,0.128,0.045,0.174,0.261
エリザベ,前走頭数=14,前走頭数,exact,10,1,1,21,0.122,0.048,0.174,0.273
エリザベ,前走着順=二桁着順,前走着順,range,10,1,1,19,0.11,0.053,0.174,0.302
エリザベ,前距離=2400,前距離,exact,10,1,1,19,0.11,0.053,0.174,0.302
エリザベ,母父馬=サンデーサイレンス,母父馬,exact,10,1,1,16,0.093,0.062,0.174,0.358
エリザベ,前走頭数=12,前走頭数,exact,10,1,1,16,0.093,0.062,0.174,0.358
エリザベ,前クラス名=G3,前クラス名,exact,10,1,1,15,0.087,0.067,0.174,0.382
エリザベ,前走馬番=8,前走馬番,exact,10,1,1,15,0.087,0.067,0.174,0.382
エリザベ,年齢=6歳,年齢,exact,10,1,1,13,0.076,0.077,0.174,0.441
エリザベ,前4角=1番手,前4角,derived,10,1,1,13,0.076,0.077,0.174,0.441
エリザベ,前走馬番=1,前走馬番,exact,10,1,1,13,0.076,0.077,0.174,0.441
エリザベ,前走斤量=56,前走斤量,exact,10,1,1,13,0.076,0.077,0.174,0.441
エリザベ,前3角=1番手,前3角,derived,10,1,1,12,0.07,0.083,0.174,0.478
エリザベ,産地=新冠町,産地,exact,10,1,1,12,0.07,0.083,0.174,0.478
エルムS,前走人気=10人気以下,前走人気,range,10,0,0,18,0.131,0.0,0.219,0.0
エルムS,前走頭数=10頭以下,前走頭数,range,10,0,0,11,0.08,0.0,0.219,0.0
エルムS,前走馬番=9,前走馬番,exact,10,0,0,11,0.08,0.0,0.219,0.0
エルムS,前4角=後半位置(相対50%超),前4角,derived,10,1,1,28,0.204,0.036,0.219,0.163
エルムS,年齢=7歳,年齢,exact,10,1,1,24,0.175,0.042,0.219,0.19
エルムS,前3角=後方(相対65%超),前3角,derived,10,1,1,21,0.153,0.048,0.219,0.217
エルムS,前4角=後方(相対65%超),前4角,derived,10,1,1,15,0.109,0.067,0.219,0.304
エルムS,前走馬番=3,前走馬番,exact,10,1,1,14,0.102,0.071,0.219,0.326
エルムS,前走着順=二桁着順,前走着順,range,10,2,2,28,0.204,0.071,0.219,0.326
エルムS,年齢=7歳以上,年齢,range,10,2,3,38,0.277,0.079,0.219,0.361
エルムS,前走馬体重増減=+10kg以上,前走馬体重増減,range,10,1,1,12,0.088,0.083,0.219,0.381
エルムS,前走馬場状態=重,前走馬場状態,exact,10,1,1,11,0.08,0.091,0.219,0.415
エルムS,前走馬体重増減=-10kg以下,前走馬体重増減,range,10,1,1,10,0.073,0.1,0.219,0.457
エルムS,前距離=1600,前距離,exact,10,1,1,10,0.073,0.1,0.219,0.457
オーシャ,前走レース名=北九州短,前走レース名,exact,10,0,0,15,0.094,0.0,0.189,0.0
オーシャ,前4角=最後方寄り(相対85%超),前4角,derived,10,0,0,14,0.088,0.0,0.189,0.0
オーシャ,前走開催=2小2,前走開催,exact,10,0,0,13,0.082,0.0,0.189,0.0
オーシャ,母父馬=サンデーサイレンス,母父馬,exact,10,0,0,13,0.082,0.0,0.189,0.0
オーシャ,年齢=8歳,年齢,exact,10,1,1,19,0.119,0.053,0.189,0.279
オーシャ,ブリンカー=B,ブリンカー,exact,10,1,1,17,0.107,0.059,0.189,0.312
オーシャ,産地=浦河町,産地,exact,10,1,1,15,0.094,0.067,0.189,0.353
オーシャ,斤量=55kg,斤量,range,10,1,1,14,0.088,0.071,0.189,0.379
オーシャ,前走B=B,前走B,exact,10,1,1,14,0.088,0.071,0.189,0.379
オーシャ,前走馬場状態=稍,前走馬場状態,exact,10,2,2,27,0.17,0.074,0.189,0.393
オーシャ,前3角=最後方寄り(相対85%超),前3角,derived,10,1,1,13,0.082,0.077,0.189,0.408
オーシャ,前距離=1600,前距離,exact,10,1,1,12,0.075,0.083,0.189,0.442
オーシャ,前走開催=1中5,前走開催,exact,10,1,1,11,0.069,0.091,0.189,0.482
オーシャ,前走上り3F=36秒以上,前走上り3F,range,10,2,2,22,0.138,0.091,0.189,0.482
オーシャ,前走レース名=阪神カッG2,前走レース名,exact,10,1,1,10,0.063,0.1,0.189,0.53
オーシャ,前クラス名=G2,前クラス名,exact,10,1,1,10,0.063,0.1,0.189,0.53
オーシャ,前クラス名=OP(L),前クラス名,exact,10,1,1,10,0.063,0.1,0.189,0.53
オータムH,前クラス名=オープン,前クラス名,exact,10,0,0,18,0.118,0.0,0.197,0.0
オータムH,前走馬番=5,前走馬番,exact,10,0,0,10,0.066,0.0,0.197,0.0
オータムH,年齢=7歳以上,年齢,range,10,1,1,15,0.099,0.067,0.197,0.338
オータムH,年齢=7歳,年齢,exact,10,1,1,13,0.086,0.077,0.197,0.39
オータムH,前3角=1番手,前3角,derived,10,1,1,11,0.072,0.091,0.197,0.461
オータムH,前走開催=3新2,前走開催,exact,10,1,1,11,0.072,0.091,0.197,0.461
オータムH,前走馬番=6,前走馬番,exact,10,1,1,11,0.072,0.091,0.197,0.461
オータムH,騎手=津村明秀,騎手,exact,10,1,1,10,0.066,0.1,0.197,0.507
オータムH,前走馬番=1,前走馬番,exact,10,1,1,10,0.066,0.1,0.197,0.507
オータムH,産地=新冠町,産地,exact,10,2,2,19,0.125,0.105,0.197,0.533
オールカ,ブリンカー=B,ブリンカー,exact,10,0,0,19,0.139,0.0,0.219,0.0
オールカ,間隔=中4週以内,間隔,range,10,0,0,18,0.131,0.0,0.219,0.0
オールカ,産地=日高町,産地,exact,10,0,0,13,0.095,0.0,0.219,0.0
オールカ,前走開催=2新C,前走開催,exact,10,0,0,11,0.08,0.0,0.219,0.0
オールカ,前走レース名=新潟記念HG3,前走レース名,exact,10,0,0,11,0.08,0.0,0.219,0.0
オールカ,産地=浦河町,産地,exact,10,0,0,11,0.08,0.0,0.219,0.0
オールカ,年齢=8歳,年齢,exact,10,0,0,10,0.073,0.0,0.219,0.0
オールカ,年齢=7歳以上,年齢,range,10,1,1,28,0.204,0.036,0.219,0.163
オールカ,前走B=B,前走B,exact,10,1,1,20,0.146,0.05,0.219,0.228
オールカ,前走人気=10人気以下,前走人気,range,10,2,2,36,0.263,0.056,0.219,0.254
オールカ,年齢=7歳,年齢,exact,10,1,1,17,0.124,0.059,0.219,0.269
オールカ,前3角=最後方寄り(相対85%超),前3角,derived,10,1,1,16,0.117,0.062,0.219,0.285
オールカ,前3角=2〜3番手,前3角,derived,10,2,2,25,0.182,0.08,0.219,0.365
オールカ,馬体重増減=±0,馬体重増減,range,10,2,2,22,0.161,0.091,0.219,0.415
オールカ,馬主(最新/仮想)=サラブレッドクラブ・ラフィアン,馬主(最新/仮想),exact,10,1,1,10,0.073,0.1,0.219,0.457
オールカ,前走斤量=53,前走斤量,exact,10,1,1,10,0.073,0.1,0.219,0.457
カペラS,産地=安平町,産地,exact,10,0,0,14,0.087,0.0,0.188,0.0
カペラS,前走馬体重増減=+10kg以上,前走馬体重増減,range,10,0,0,12,0.075,0.0,0.188,0.0
カペラS,前走からダート替わり,芝ダローテ,derived,10,0,0,11,0.069,0.0,0.188,0.0
カペラS,前芝・ダ=芝,前芝・ダ,exact,10,0,0,11,0.069,0.0,0.188,0.0
カペラS,前走馬番=5,前走馬番,exact,10,0,0,11,0.069,0.0,0.188,0.0
カペラS,前走人気=10人気以下,前走人気,range,10,1,1,29,0.181,0.034,0.188,0.184
カペラS,年齢=7歳,年齢,exact,10,1,1,26,0.163,0.038,0.188,0.205
カペラS,前走開催=4京6,前走開催,exact,10,1,1,16,0.1,0.062,0.188,0.333
カペラS,前走B=B,前走B,exact,10,1,1,16,0.1,0.062,0.188,0.333
カペラS,前走斤量=54,前走斤量,exact,10,1,1,15,0.094,0.067,0.188,0.356
カペラS,前走馬場状態=不,前走馬場状態,exact,10,1,1,13,0.081,0.077,0.188,0.41
カペラS,種牡馬=サウスヴィグラス,種牡馬,exact,10,1,1,12,0.075,0.083,0.188,0.444
カペラS,前走馬番=3,前走馬番,exact,10,1,1,12,0.075,0.083,0.188,0.444
カペラS,前走上り3F=35秒台,前走上り3F,range,10,2,3,34,0.212,0.088,0.188,0.471
カペラS,前走頭数=13,前走頭数,exact,10,1,1,11,0.069,0.091,0.188,0.485
カペラS,性別=牝,性別,exact,10,2,2,21,0.131,0.095,0.188,0.508
カペラS,年齢=8歳,年齢,exact,10,1,1,10,0.062,0.1,0.188,0.533
カペラS,前4角=後方(相対65%超),前4角,derived,10,2,3,30,0.188,0.1,0.188,0.533
キーンラ,前走馬体重増減=-10kg以下,前走馬体重増減,range,10,0,0,11,0.071,0.0,0.194,0.0
キーンラ,産地=浦河町,産地,exact,10,1,1,22,0.142,0.045,0.194,0.235
キーンラ,枠位置=内25%,馬番相対,derived,10,2,2,38,0.245,0.053,0.194,0.272
キーンラ,年齢=7歳,年齢,exact,10,1,1,15,0.097,0.067,0.194,0.344
キーンラ,取引市場(最終)=セレクトセール,取引市場(最終),exact,10,1,1,13,0.084,0.077,0.194,0.397
キーンラ,年齢=6歳,年齢,exact,10,2,2,26,0.168,0.077,0.194,0.397
キーンラ,年齢=8歳,年齢,exact,10,1,1,12,0.077,0.083,0.194,0.431
キーンラ,前走開催=1札4,前走開催,exact,10,2,2,24,0.155,0.083,0.194,0.431
キーンラ,前4角=1番手,前4角,derived,10,1,1,11,0.071,0.091,0.194,0.47
キーンラ,前走頭数=14,前走頭数,exact,10,1,1,11,0.071,0.091,0.194,0.47
キーンラ,前走着差=1.0秒以上,前走着差タイム,range,10,2,2,21,0.135,0.095,0.194,0.492
クイーン,毛色=栗毛,毛色,exact,10,0,0,15,0.105,0.0,0.21,0.0
クイーン,前走斤量=56,前走斤量,exact,10,0,0,10,0.07,0.0,0.21,0.0
クイーン,産地=日高町,産地,exact,10,1,1,17,0.119,0.059,0.21,0.28
クイーン,前走Ｒ=9,前走Ｒ,exact,10,1,1,16,0.112,0.062,0.21,0.298
クイーン,前走馬場状態=稍,前走馬場状態,exact,10,1,1,15,0.105,0.067,0.21,0.318
クイーン,間隔=中4週以内,間隔,range,10,2,2,29,0.203,0.069,0.21,0.329
クイーン,キャリア=21戦以上,キャリア,range,10,1,1,14,0.098,0.071,0.21,0.34
クイーン,母父馬=キングカメハメハ,母父馬,exact,10,1,1,13,0.091,0.077,0.21,0.367
クイーン,産地=新ひだか町,産地,exact,10,1,1,13,0.091,0.077,0.21,0.367
クイーン,前クラス名=1勝,前クラス名,exact,10,2,2,23,0.161,0.087,0.21,0.414
クイーン,前走馬番=3,前走馬番,exact,10,1,1,11,0.077,0.091,0.21,0.433
クイーン,前走馬番=1,前走馬番,exact,10,1,1,11,0.077,0.091,0.21,0.433
サウジア,前走Ｒ=9,前走Ｒ,exact,8,0,0,21,0.266,0.0,0.304,0.0
サウジア,前走開催=4中1,前走開催,exact,8,0,0,11,0.139,0.0,0.304,0.0
サウジア,間隔=中4週以内,間隔,range,8,1,1,27,0.342,0.037,0.304,0.122
サウジア,前走上り3F=36秒以上,前走上り3F,range,8,1,1,12,0.152,0.083,0.304,0.274
サウジア,前3角=後方(相対65%超),前3角,derived,8,1,1,12,0.152,0.083,0.304,0.274
サウジア,前クラス名=オープン,前クラス名,exact,8,1,1,12,0.152,0.083,0.304,0.274
サウジア,前走着差=1.0秒以上,前走着差タイム,range,8,1,1,11,0.139,0.091,0.304,0.299
サウジア,産地=新冠町,産地,exact,8,1,1,11,0.139,0.091,0.304,0.299
サウジア,前走人気=6〜9人気,前走人気,range,8,2,2,13,0.165,0.154,0.304,0.506
サウジア,前走馬体重増減=減,前走馬体重増減,range,8,2,2,13,0.165,0.154,0.304,0.506
シリウスH,前走着順=二桁着順,前走着順,range,10,0,0,26,0.179,0.0,0.207,0.0
シリウスH,年齢=8歳,年齢,exact,10,0,0,10,0.069,0.0,0.207,0.0
シリウスH,前走人気=10人気以下,前走人気,range,10,1,1,26,0.179,0.038,0.207,0.186
シリウスH,年齢=7歳,年齢,exact,10,1,1,21,0.145,0.048,0.207,0.23
シリウスH,所属=(美),所属,exact,10,1,1,17,0.117,0.059,0.207,0.284
シリウスH,年齢=7歳以上,年齢,range,10,2,2,33,0.228,0.061,0.207,0.293
シリウスH,前走レース名=ラジオ日,前走レース名,exact,10,1,1,16,0.11,0.062,0.207,0.302
シリウスH,前4角=最後方寄り(相対85%超),前4角,derived,10,2,2,24,0.166,0.083,0.207,0.403
シリウスH,毛色=黒鹿,毛色,exact,10,2,2,24,0.166,0.083,0.207,0.403
シリウスH,前走開催=4中4,前走開催,exact,10,1,1,11,0.076,0.091,0.207,0.439
シリウスH,前走馬番=8,前走馬番,exact,10,1,1,11,0.076,0.091,0.207,0.439
シリウスH,前3角=最後方寄り(相対85%超),前3角,derived,10,2,2,22,0.152,0.091,0.207,0.439
シリウスH,馬体重増減=±0,馬体重増減,range,10,2,2,21,0.145,0.095,0.207,0.46
シリウスH,前走馬番=11,前走馬番,exact,10,1,1,10,0.069,0.1,0.207,0.483
シリウスH,前走斤量=58,前走斤量,exact,10,1,1,10,0.069,0.1,0.207,0.483
シリウスH,間隔=中4週以内,間隔,range,10,2,3,27,0.186,0.111,0.207,0.537
シルクロH,産地=千歳市,産地,exact,10,0,0,15,0.089,0.0,0.178,0.0
シルクロH,前走Ｒ=10,前走Ｒ,exact,10,0,0,13,0.077,0.0,0.178,0.0
シルクロH,前走レース名=カーバン,前走レース名,exact,10,0,0,11,0.065,0.0,0.178,0.0
シルクロH,前走人気=10人気以下,前走人気,range,10,1,1,44,0.26,0.023,0.178,0.128
シルクロH,毛色=黒鹿,毛色,exact,10,1,1,37,0.219,0.027,0.178,0.152
シルクロH,前走レース名=淀短距離(L),前走レース名,exact,10,1,1,24,0.142,0.042,0.178,0.235
シルクロH,年齢=7歳,年齢,exact,10,2,2,33,0.195,0.061,0.178,0.341
シルクロH,前走馬番=9,前走馬番,exact,10,1,1,16,0.095,0.062,0.178,0.352
シルクロH,年齢=8歳,年齢,exact,10,1,1,15,0.089,0.067,0.178,0.376
シルクロH,前走馬番=5,前走馬番,exact,10,1,1,15,0.089,0.067,0.178,0.376
シルクロH,前クラス名=OP(L),前クラス名,exact,10,2,2,30,0.178,0.067,0.178,0.376
シルクロH,前走着順=二桁着順,前走着順,range,10,2,3,41,0.243,0.073,0.178,0.412
シルクロH,前走馬番=1,前走馬番,exact,10,1,1,13,0.077,0.077,0.178,0.433
シルクロH,前走馬番=8,前走馬番,exact,10,1,1,13,0.077,0.077,0.178,0.433
シルクロH,前走頭数=15,前走頭数,exact,10,1,1,13,0.077,0.077,0.178,0.433
シルクロH,前走着差=1.0秒以上,前走着差タイム,range,10,2,2,26,0.154,0.077,0.178,0.433
シルクロH,産地=新冠町,産地,exact,10,1,2,26,0.154,0.077,0.178,0.433
シルクロH,前走上り3F=36秒以上,前走上り3F,range,10,1,1,12,0.071,0.083,0.178,0.469
シルクロH,前走馬番=2,前走馬番,exact,10,1,1,12,0.071,0.083,0.178,0.469
シルクロH,ブリンカー=B,ブリンカー,exact,10,2,2,22,0.13,0.091,0.178,0.512
シンザン,前走頭数=17頭以上,前走頭数,range,10,1,1,23,0.173,0.043,0.226,0.193
シンザン,前走頭数=18,前走頭数,exact,10,1,1,19,0.143,0.053,0.226,0.233
シンザン,前4角=1番手,前4角,derived,10,1,1,16,0.12,0.062,0.226,0.277
シンザン,キャリア=6〜10戦,キャリア,range,10,1,1,15,0.113,0.067,0.226,0.296
シンザン,母父馬=ディープインパクト,母父馬,exact,10,1,1,12,0.09,0.083,0.226,0.369
シンザン,前走Ｒ=6,前走Ｒ,exact,10,1,1,11,0.083,0.091,0.226,0.403
シンザン,前走馬番=2,前走馬番,exact,10,1,1,11,0.083,0.091,0.226,0.403
シンザン,前距離=1200,前距離,exact,10,1,1,10,0.075,0.1,0.226,0.443
シンザン,産地=日高町,産地,exact,10,2,2,19,0.143,0.105,0.226,0.467
シンザン,前3角=1番手,前3角,derived,10,2,2,18,0.135,0.111,0.226,0.493
ステイヤ,前距離=2200,前距離,exact,10,0,0,10,0.072,0.0,0.216,0.0
ステイヤ,前走斤量=54,前走斤量,exact,10,1,1,16,0.115,0.062,0.216,0.29
ステイヤ,種牡馬=ステイゴールド,種牡馬,exact,10,1,1,14,0.101,0.071,0.216,0.331
ステイヤ,産地=日高町,産地,exact,10,1,1,13,0.094,0.077,0.216,0.356
ステイヤ,馬体重増減=+10kg以上,馬体重増減,range,10,1,1,12,0.086,0.083,0.216,0.386
ステイヤ,馬体重増減=±0,馬体重増減,range,10,2,2,24,0.173,0.083,0.216,0.386
ステイヤ,前クラス名=G3,前クラス名,exact,10,1,1,11,0.079,0.091,0.216,0.421
ステイヤ,前走馬番=10,前走馬番,exact,10,1,1,11,0.079,0.091,0.216,0.421
ステイヤ,前走斤量=53,前走斤量,exact,10,1,1,11,0.079,0.091,0.216,0.421
ステイヤ,ブリンカー=B,ブリンカー,exact,10,1,2,21,0.151,0.095,0.216,0.441
ステイヤ,前走B=B,前走B,exact,10,1,2,18,0.129,0.111,0.216,0.515
スプリン,前3角=最後方寄り(相対85%超),前3角,derived,10,0,0,16,0.111,0.0,0.208,0.0
スプリン,前走馬番=3,前走馬番,exact,10,0,0,12,0.083,0.0,0.208,0.0
スプリン,年齢=5歳,年齢,exact,10,1,1,19,0.132,0.053,0.208,0.253
スプリン,取引市場(最終)=セレクトセール,取引市場(最終),exact,10,1,1,19,0.132,0.053,0.208,0.253
スプリン,前4角=最後方寄り(相対85%超),前4角,derived,10,1,1,13,0.09,0.077,0.208,0.369
スプリン,前走馬場状態=重,前走馬場状態,exact,10,1,1,12,0.083,0.083,0.208,0.4
スプリン,前走着順=二桁着順,前走着順,range,10,2,2,23,0.16,0.087,0.208,0.417
スプリン,年齢=7歳以上,年齢,range,10,1,1,11,0.076,0.091,0.208,0.436
スプリン,前走開催=4阪2,前走開催,exact,10,1,1,11,0.076,0.091,0.208,0.436
スプリン,母父馬=ディープインパクト,母父馬,exact,10,1,1,11,0.076,0.091,0.208,0.436
スプリン,産地=新冠町,産地,exact,10,1,1,11,0.076,0.091,0.208,0.436
スプリン,多頭出し=*,多頭出し,exact,10,2,2,21,0.146,0.095,0.208,0.457
スプリン,年齢=7歳,年齢,exact,10,1,1,10,0.069,0.1,0.208,0.48
スプリン,馬体重増減=-10kg以下,馬体重増減,range,10,1,1,10,0.069,0.1,0.208,0.48
スプリン,前4角=1番手,前4角,derived,10,2,2,20,0.139,0.1,0.208,0.48
スプリン,産地=浦河町,産地,exact,10,2,2,20,0.139,0.1,0.208,0.48
スプリン,前走人気=10人気以下,前走人気,range,10,2,2,19,0.132,0.105,0.208,0.505
スプリン,前3角=1番手,前3角,derived,10,2,2,19,0.132,0.105,0.208,0.505
スワンS,種牡馬=アドマイヤムーン,種牡馬,exact,10,0,0,10,0.061,0.0,0.184,0.0
スワンS,年齢=7歳以上,年齢,range,10,1,1,27,0.166,0.037,0.184,0.201
スワンS,前走人気=10人気以下,前走人気,range,10,2,2,48,0.294,0.042,0.184,0.226
スワンS,年齢=7歳,年齢,exact,10,1,1,22,0.135,0.045,0.184,0.247
スワンS,産地=日高町,産地,exact,10,1,1,17,0.104,0.059,0.184,0.32
スワンS,多頭出し=*,多頭出し,exact,10,2,2,28,0.172,0.071,0.184,0.388
スワンS,馬主(最新/仮想)=サンデーレーシング,馬主(最新/仮想),exact,10,1,1,13,0.08,0.077,0.184,0.418
スワンS,前走馬番=5,前走馬番,exact,10,1,1,13,0.08,0.077,0.184,0.418
スワンS,産地=新ひだか町,産地,exact,10,2,2,24,0.147,0.083,0.184,0.453
セントウ,前クラス名=オープン,前クラス名,exact,10,1,1,19,0.128,0.053,0.203,0.26
セントウ,前3角=最後方寄り(相対85%超),前3角,derived,10,1,1,15,0.101,0.067,0.203,0.329
セントウ,前4角=最後方寄り(相対85%超),前4角,derived,10,1,1,14,0.095,0.071,0.203,0.352
セントウ,年齢=7歳以上,年齢,range,10,1,2,28,0.189,0.071,0.203,0.352
セントウ,所属=(美),所属,exact,10,2,2,25,0.169,0.08,0.203,0.395
セントウ,年齢=7歳,年齢,exact,10,1,2,23,0.155,0.087,0.203,0.429
セントラ,間隔=中4週以内,間隔,range,10,0,0,20,0.136,0.0,0.204,0.0
セントラ,距離ローテ=同距離,距離ローテ,derived,10,0,0,11,0.075,0.0,0.204,0.0
セントラ,前距離=2200,前距離,exact,10,0,0,11,0.075,0.0,0.204,0.0
セントラ,前走馬番=9,前走馬番,exact,10,0,0,10,0.068,0.0,0.204,0.0
セントラ,前クラス名=500万,前クラス名,exact,10,1,1,24,0.163,0.042,0.204,0.204
セントラ,前クラス名=2勝,前クラス名,exact,10,1,1,16,0.109,0.062,0.204,0.306
セントラ,産地=新ひだか町,産地,exact,10,1,1,15,0.102,0.067,0.204,0.327
セントラ,前走レース名=500万下,前走レース名,exact,10,1,1,13,0.088,0.077,0.204,0.377
セントラ,前走斤量=55,前走斤量,exact,10,1,1,13,0.088,0.077,0.204,0.377
セントラ,前走Ｒ=8,前走Ｒ,exact,10,1,1,11,0.075,0.091,0.204,0.445
セントラ,前走斤量=53,前走斤量,exact,10,1,1,11,0.075,0.091,0.204,0.445
セントラ,前走頭数=11,前走頭数,exact,10,1,1,11,0.075,0.091,0.204,0.445
セントラ,前走Ｒ=9,前走Ｒ,exact,10,1,2,22,0.15,0.091,0.204,0.445
セントラ,種牡馬=ハービンジャー,種牡馬,exact,10,1,1,10,0.068,0.1,0.204,0.49
セントラ,前クラス名=1勝,前クラス名,exact,10,1,2,18,0.122,0.111,0.204,0.544
ダイヤモH,前4角=1番手,前4角,derived,10,0,0,11,0.077,0.0,0.21,0.0
ダイヤモH,前走馬番=3,前走馬番,exact,10,1,1,13,0.091,0.077,0.21,0.367
ダイヤモH,産地=千歳市,産地,exact,10,1,1,12,0.084,0.083,0.21,0.397
ダイヤモH,前走馬番=4,前走馬番,exact,10,1,1,11,0.077,0.091,0.21,0.433
ダイヤモH,馬体重増減=±0,馬体重増減,range,10,2,2,21,0.147,0.095,0.21,0.454
ダイヤモH,ブリンカー=B,ブリンカー,exact,10,2,2,21,0.147,0.095,0.21,0.454
ダイヤモH,産地=白老町,産地,exact,10,1,1,10,0.07,0.1,0.21,0.477
ダイヤモH,前走頭数=18,前走頭数,exact,10,1,1,10,0.07,0.1,0.21,0.477
ダービーH,前走斤量=58,前走斤量,exact,10,0,0,12,0.075,0.0,0.188,0.0
ダービーH,前3角=1番手,前3角,derived,10,0,0,10,0.062,0.0,0.188,0.0
ダービーH,前走馬番=12,前走馬番,exact,10,0,0,10,0.062,0.0,0.188,0.0
ダービーH,年齢=7歳,年齢,exact,10,1,1,25,0.156,0.04,0.188,0.213
ダービーH,前4角=最後方寄り(相対85%超),前4角,derived,10,1,1,25,0.156,0.04,0.188,0.213
ダービーH,前3角=最後方寄り(相対85%超),前3角,derived,10,1,1,22,0.138,0.045,0.188,0.242
ダービーH,年齢=7歳以上,年齢,range,10,2,2,42,0.263,0.048,0.188,0.254
ダービーH,産地=新ひだか町,産地,exact,10,1,1,18,0.113,0.056,0.188,0.296
ダービーH,前走馬体重増減=-10kg以下,前走馬体重増減,range,10,1,1,15,0.094,0.067,0.188,0.356
ダービーH,産地=新冠町,産地,exact,10,2,2,28,0.175,0.071,0.188,0.381
ダービーH,前走馬番=11,前走馬番,exact,10,1,1,13,0.081,0.077,0.188,0.41
ダービーH,年齢=8歳,年齢,exact,10,1,1,12,0.075,0.083,0.188,0.444
ダービーH,前走馬体重増減=+10kg以上,前走馬体重増減,range,10,1,1,11,0.069,0.091,0.188,0.485
ダービーH,前4角=1番手,前4角,derived,10,1,1,11,0.069,0.091,0.188,0.485
ダービーH,前走レース名=小倉大賞HG3,前走レース名,exact,10,1,1,11,0.069,0.091,0.188,0.485
ダービーH,種牡馬=ロードカナロア,種牡馬,exact,10,1,1,11,0.069,0.091,0.188,0.485
ダービーH,前走馬番=7,前走馬番,exact,10,1,1,11,0.069,0.091,0.188,0.485
ダービーH,前クラス名=3勝,前クラス名,exact,10,1,1,10,0.062,0.1,0.188,0.533
チャンピ,前走人気=6〜9人気,前走人気,range,10,0,0,27,0.172,0.0,0.191,0.0
チャンピ,前3角=最後方寄り(相対85%超),前3角,derived,10,0,0,16,0.102,0.0,0.191,0.0
チャンピ,前4角=最後方寄り(相対85%超),前4角,derived,10,0,0,11,0.07,0.0,0.191,0.0
チャンピ,前走Ｒ=9,前走Ｒ,exact,10,0,0,10,0.064,0.0,0.191,0.0
チャンピ,前3角=後方(相対65%超),前3角,derived,10,1,1,34,0.217,0.029,0.191,0.154
チャンピ,前4角=後方(相対65%超),前4角,derived,10,1,1,28,0.178,0.036,0.191,0.187
チャンピ,ブリンカー=B,ブリンカー,exact,10,1,1,24,0.153,0.042,0.191,0.218
チャンピ,前4角=後半位置(相対50%超),前4角,derived,10,2,2,38,0.242,0.053,0.191,0.275
チャンピ,前走人気=10人気以下,前走人気,range,10,1,1,15,0.096,0.067,0.191,0.349
チャンピ,前走開催=5東3,前走開催,exact,10,2,2,27,0.172,0.074,0.191,0.388
チャンピ,前走レース名=武蔵野SG3,前走レース名,exact,10,2,2,27,0.172,0.074,0.191,0.388
チャンピ,前走馬番=14,前走馬番,exact,10,1,1,13,0.083,0.077,0.191,0.403
チャンピ,前走馬番=7,前走馬番,exact,10,1,1,11,0.07,0.091,0.191,0.476
チャンピ,前走馬番=1,前走馬番,exact,10,1,1,11,0.07,0.091,0.191,0.476
チャンピ,調教師=音無秀孝,調教師,exact,10,1,1,10,0.064,0.1,0.191,0.523
チューリ,産地=新冠町,産地,exact,10,0,0,19,0.134,0.0,0.211,0.0
チューリ,前走着差=1.0秒以上,前走着差タイム,range,10,0,0,18,0.127,0.0,0.211,0.0
チューリ,距離ローテ=距離短縮,距離ローテ,derived,10,0,0,17,0.12,0.0,0.211,0.0
チューリ,前走馬番=6,前走馬番,exact,10,0,0,14,0.099,0.0,0.211,0.0
チューリ,キャリア=6〜10戦,キャリア,range,10,0,0,12,0.085,0.0,0.211,0.0
チューリ,前3角=最後方寄り(相対85%超),前3角,derived,10,0,0,11,0.077,0.0,0.211,0.0
チューリ,前距離=1800,前距離,exact,10,0,0,11,0.077,0.0,0.211,0.0
チューリ,前走馬場状態=稍,前走馬場状態,exact,10,0,0,10,0.07,0.0,0.211,0.0
チューリ,前走上り3F=36秒以上,前走上り3F,range,10,1,1,24,0.169,0.042,0.211,0.197
チューリ,前クラス名=オープン,前クラス名,exact,10,1,1,17,0.12,0.059,0.211,0.278
チューリ,前クラス名=500万,前クラス名,exact,10,1,1,17,0.12,0.059,0.211,0.278
チューリ,前走人気=6〜9人気,前走人気,range,10,2,2,28,0.197,0.071,0.211,0.338
チューリ,前走頭数=10,前走頭数,exact,10,1,1,13,0.092,0.077,0.211,0.364
チューリ,前走人気=10人気以下,前走人気,range,10,1,1,12,0.085,0.083,0.211,0.394
チューリ,前走Ｒ=9,前走Ｒ,exact,10,2,2,23,0.162,0.087,0.211,0.412
チューリ,前クラス名=1勝,前クラス名,exact,10,2,2,23,0.162,0.087,0.211,0.412
チューリ,前走頭数=13,前走頭数,exact,10,1,1,11,0.077,0.091,0.211,0.43
チューリ,前走Ｒ=6,前走Ｒ,exact,10,1,1,10,0.07,0.1,0.211,0.473
チューリ,種牡馬=キズナ,種牡馬,exact,10,1,1,10,0.07,0.1,0.211,0.473
チューリ,前走馬番=2,前走馬番,exact,10,1,1,10,0.07,0.1,0.211,0.473
チューリ,前クラス名=未勝利,前クラス名,exact,10,2,2,19,0.134,0.105,0.211,0.498
デイリー,前走着差=1.0秒以上,前走着差タイム,range,10,0,0,11,0.112,0.0,0.306,0.0
デイリー,前走人気=6〜9人気,前走人気,range,10,1,1,16,0.163,0.062,0.306,0.204
デイリー,馬体重増減=±0,馬体重増減,range,10,1,2,12,0.122,0.167,0.306,0.544
デイリー,産地=浦河町,産地,exact,10,1,2,12,0.122,0.167,0.306,0.544
ニュージ,前走Ｒ=9,前走Ｒ,exact,10,0,0,15,0.098,0.0,0.196,0.0
ニュージ,前走馬番=2,前走馬番,exact,10,0,0,10,0.065,0.0,0.196,0.0
ニュージ,前走着順=二桁着順,前走着順,range,10,1,1,31,0.203,0.032,0.196,0.165
ニュージ,前走人気=10人気以下,前走人気,range,10,1,1,22,0.144,0.045,0.196,0.232
ニュージ,前走着差=1.0秒以上,前走着差タイム,range,10,2,2,36,0.235,0.056,0.196,0.283
ニュージ,前4角=最後方寄り(相対85%超),前4角,derived,10,1,1,15,0.098,0.067,0.196,0.34
ニュージ,毛色=芦毛,毛色,exact,10,1,1,10,0.065,0.1,0.196,0.51
ニュージ,前3角=最後方寄り(相対85%超),前3角,derived,10,2,2,20,0.131,0.1,0.196,0.51
ファルコ,前走レース名=マーガレ(L),前走レース名,exact,10,0,0,15,0.091,0.0,0.182,0.0
ファルコ,毛色=青鹿,毛色,exact,10,0,0,14,0.085,0.0,0.182,0.0
ファルコ,距離ローテ=距離延長,距離ローテ,derived,10,1,2,42,0.255,0.048,0.182,0.262
ファルコ,前距離=1200,前距離,exact,10,1,2,42,0.255,0.048,0.182,0.262
ファルコ,前走頭数=11,前走頭数,exact,10,1,1,15,0.091,0.067,0.182,0.367
ファルコ,前クラス名=500万,前クラス名,exact,10,2,2,30,0.182,0.067,0.182,0.367
ファルコ,前3角=最後方寄り(相対85%超),前3角,derived,10,1,1,14,0.085,0.071,0.182,0.393
ファルコ,前走頭数=13,前走頭数,exact,10,1,1,14,0.085,0.071,0.182,0.393
ファルコ,前走Ｒ=6,前走Ｒ,exact,10,1,1,12,0.073,0.083,0.182,0.458
ファルコ,前走馬番=8,前走馬番,exact,10,1,1,12,0.073,0.083,0.182,0.458
ファルコ,性別=牝,性別,exact,10,2,2,24,0.145,0.083,0.182,0.458
ファルコ,前4角=最後方寄り(相対85%超),前4角,derived,10,1,1,11,0.067,0.091,0.182,0.5
ファルコ,斤量=54kg,斤量,range,10,2,2,22,0.133,0.091,0.182,0.5
ファルコ,産地=新冠町,産地,exact,10,2,2,22,0.133,0.091,0.182,0.5
ファルコ,前走斤量=54,前走斤量,exact,10,2,2,21,0.127,0.095,0.182,0.524
ファンタ,前走馬番=2,前走馬番,exact,10,1,1,18,0.142,0.056,0.236,0.235
ファンタ,前走上り3F=36秒以上,前走上り3F,range,10,2,2,21,0.165,0.095,0.236,0.403
ファンタ,前4角=1番手,前4角,derived,10,2,2,21,0.165,0.095,0.236,0.403
ファンタ,前走馬場状態=重,前走馬場状態,exact,10,1,1,10,0.079,0.1,0.236,0.423
ファンタ,前3角=1番手,前3角,derived,10,2,2,20,0.157,0.1,0.236,0.423
ファンタ,前走馬番=4,前走馬番,exact,10,2,2,16,0.126,0.125,0.236,0.529
フィリー,前走から芝替わり,芝ダローテ,derived,10,0,0,14,0.08,0.0,0.172,0.0
フィリー,前芝・ダ=ダ,前芝・ダ,exact,10,0,0,14,0.08,0.0,0.172,0.0
フィリー,前走頭数=14,前走頭数,exact,10,0,0,14,0.08,0.0,0.172,0.0
フィリー,前走馬番=12,前走馬番,exact,10,0,0,10,0.057,0.0,0.172,0.0
フィリー,所属=(美),所属,exact,10,1,1,32,0.184,0.031,0.172,0.181
フィリー,前クラス名=G3,前クラス名,exact,10,1,1,22,0.126,0.045,0.172,0.264
フィリー,前走着順=二桁着順,前走着順,range,10,2,2,38,0.218,0.053,0.172,0.305
フィリー,前クラス名=オープン,前クラス名,exact,10,1,1,16,0.092,0.062,0.172,0.362
フィリー,前走人気=6〜9人気,前走人気,range,10,2,3,42,0.241,0.071,0.172,0.414
フィリー,前走馬番=2,前走馬番,exact,10,1,1,13,0.075,0.077,0.172,0.446
フィリー,前4角=1番手,前4角,derived,10,2,2,25,0.144,0.08,0.172,0.464
フィリー,馬体重増減=±0,馬体重増減,range,10,2,2,24,0.138,0.083,0.172,0.483
フィリー,前3角=1番手,前3角,derived,10,2,2,24,0.138,0.083,0.172,0.483
フィリー,取引市場(最終)=北海道サマーセール,取引市場(最終),exact,10,1,1,11,0.063,0.091,0.172,0.527
フィリー,前走頭数=10,前走頭数,exact,10,1,1,11,0.063,0.091,0.172,0.527
フィリー,産地=日高町,産地,exact,10,2,2,22,0.126,0.091,0.172,0.527
フェアリ,前走Ｒ=10,前走Ｒ,exact,10,0,0,12,0.076,0.0,0.19,0.0
フェアリ,前騎手=田辺裕信,前騎手,exact,10,0,0,11,0.07,0.0,0.19,0.0
フェアリ,前走馬番=1,前走馬番,exact,10,0,0,10,0.063,0.0,0.19,0.0
フェアリ,前走頭数=14,前走頭数,exact,10,1,1,17,0.108,0.059,0.19,0.31
フェアリ,前走人気=10人気以下,前走人気,range,10,2,2,34,0.215,0.059,0.19,0.31
フェアリ,キャリア=6〜10戦,キャリア,range,10,1,1,15,0.095,0.067,0.19,0.351
フェアリ,前走から芝替わり,芝ダローテ,derived,10,1,1,14,0.089,0.071,0.19,0.376
フェアリ,前芝・ダ=ダ,前芝・ダ,exact,10,1,1,14,0.089,0.071,0.19,0.376
フェアリ,取引市場(最終)=北海道サマーセール,取引市場(最終),exact,10,1,1,14,0.089,0.071,0.19,0.376
フェアリ,前クラス名=G1,前クラス名,exact,10,1,1,13,0.082,0.077,0.19,0.405
フェアリ,前走馬番=8,前走馬番,exact,10,1,1,12,0.076,0.083,0.19,0.439
フェアリ,前走着順=二桁着順,前走着順,range,10,2,2,24,0.152,0.083,0.19,0.439
フェアリ,前走レース名=阪神ジュG1,前走レース名,exact,10,1,1,11,0.07,0.091,0.19,0.479
フェアリ,前走馬番=4,前走馬番,exact,10,1,1,10,0.063,0.1,0.19,0.527
フェアリ,産地=日高町,産地,exact,10,1,2,20,0.127,0.1,0.19,0.527
フェブラ,毛色=黒鹿,毛色,exact,10,0,0,18,0.114,0.0,0.19,0.0
フェブラ,所属=[地],所属,exact,10,0,0,12,0.076,0.0,0.19,0.0
フェブラ,馬記号=[地],馬記号,exact,10,0,0,12,0.076,0.0,0.19,0.0
フェブラ,前走頭数=10頭以下,前走頭数,range,10,0,0,11,0.07,0.0,0.19,0.0
フェブラ,前走馬番=8,前走馬番,exact,10,0,0,10,0.063,0.0,0.19,0.0
フェブラ,産地=新冠町,産地,exact,10,1,1,22,0.139,0.045,0.19,0.239
フェブラ,斤量=56kg以下,斤量,range,10,1,1,15,0.095,0.067,0.19,0.351
フェブラ,性別=牝,性別,exact,10,1,1,15,0.095,0.067,0.19,0.351
フェブラ,前走開催=川崎,前走開催,exact,10,1,1,14,0.089,0.071,0.19,0.376
フェブラ,前走レース名=川崎記G1,前走レース名,exact,10,1,1,14,0.089,0.071,0.19,0.376
フェブラ,取引市場(最終)=セレクトセール,取引市場(最終),exact,10,1,1,14,0.089,0.071,0.19,0.376
フェブラ,前距離=2100,前距離,exact,10,1,1,14,0.089,0.071,0.19,0.376
フェブラ,前走頭数=15,前走頭数,exact,10,1,1,13,0.082,0.077,0.19,0.405
フェブラ,性別=セ,性別,exact,10,1,1,12,0.076,0.083,0.19,0.439
フェブラ,前走馬番=9,前走馬番,exact,10,1,1,12,0.076,0.083,0.19,0.439
フェブラ,前走馬場状態=重,前走馬場状態,exact,10,2,2,24,0.152,0.083,0.19,0.439
フェブラ,斤量=55kg,斤量,range,10,1,1,11,0.07,0.091,0.19,0.479
フェブラ,距離ローテ=同距離,距離ローテ,derived,10,1,1,11,0.07,0.091,0.19,0.479
フェブラ,前走馬場状態=不,前走馬場状態,exact,10,1,1,11,0.07,0.091,0.19,0.479
フェブラ,前距離=1600,前距離,exact,10,1,1,11,0.07,0.091,0.19,0.479
フェブラ,前走馬番=12,前走馬番,exact,10,1,1,11,0.07,0.091,0.19,0.479
フェブラ,前走Ｒ=9,前走Ｒ,exact,10,1,1,10,0.063,0.1,0.19,0.527
フェブラ,毛色=芦毛,毛色,exact,10,1,1,10,0.063,0.1,0.19,0.527
フェブラ,前走人気=10人気以下,前走人気,range,10,1,2,20,0.127,0.1,0.19,0.527
フェブラ,産地=新ひだか町,産地,exact,10,2,2,20,0.127,0.1,0.19,0.527
フューチ,前クラス名=1勝,前クラス名,exact,10,0,0,17,0.104,0.0,0.183,0.0
フューチ,産地=浦河町,産地,exact,10,0,0,17,0.104,0.0,0.183,0.0
フューチ,キャリア=6〜10戦,キャリア,range,10,0,0,14,0.085,0.0,0.183,0.0
フューチ,前走から芝替わり,芝ダローテ,derived,10,0,0,11,0.067,0.0,0.183,0.0
フューチ,前芝・ダ=ダ,前芝・ダ,exact,10,0,0,11,0.067,0.0,0.183,0.0
フューチ,前走着差=1.0秒以上,前走着差タイム,range,10,0,0,10,0.061,0.0,0.183,0.0
フューチ,取引市場(最終)=北海道サマーセール,取引市場(最終),exact,10,0,0,10,0.061,0.0,0.183,0.0
フューチ,前走人気=6〜9人気,前走人気,range,10,1,1,27,0.165,0.037,0.183,0.202
フューチ,前走Ｒ=9,前走Ｒ,exact,10,1,2,37,0.226,0.054,0.183,0.295
フューチ,前クラス名=オープン,前クラス名,exact,10,1,1,18,0.11,0.056,0.183,0.304
フューチ,前走頭数=12,前走頭数,exact,10,1,1,18,0.11,0.056,0.183,0.304
フューチ,前走斤量=56,前走斤量,exact,10,1,1,16,0.098,0.062,0.183,0.342
フューチ,前走斤量=54,前走斤量,exact,10,1,1,15,0.091,0.067,0.183,0.364
フューチ,前3角=最後方寄り(相対85%超),前3角,derived,10,1,1,13,0.079,0.077,0.183,0.421
フューチ,前走馬番=10,前走馬番,exact,10,1,1,12,0.073,0.083,0.183,0.456
フューチ,前走頭数=11,前走頭数,exact,10,2,2,24,0.146,0.083,0.183,0.456
フューチ,前4角=1番手,前4角,derived,10,2,2,23,0.14,0.087,0.183,0.475
フューチ,前走人気=10人気以下,前走人気,range,10,1,1,11,0.067,0.091,0.183,0.497
フューチ,前走上り3F=36秒以上,前走上り3F,range,10,1,1,10,0.061,0.1,0.183,0.547
フューチ,馬記号=(外),馬記号,exact,10,1,1,10,0.061,0.1,0.183,0.547
フューチ,前走馬番=5,前走馬番,exact,10,1,1,10,0.061,0.1,0.183,0.547
フラワー,前走開催=1東5,前走開催,exact,10,0,0,14,0.099,0.0,0.213,0.0
フラワー,前走レース名=クイーンG3,前走レース名,exact,10,0,0,14,0.099,0.0,0.213,0.0
フラワー,前走から芝替わり,芝ダローテ,derived,10,0,0,12,0.085,0.0,0.213,0.0
フラワー,前芝・ダ=ダ,前芝・ダ,exact,10,0,0,12,0.085,0.0,0.213,0.0
フラワー,前走着差=1.0秒以上,前走着差タイム,range,10,1,1,26,0.184,0.038,0.213,0.181
フラワー,前走着順=二桁着順,前走着順,range,10,1,1,17,0.121,0.059,0.213,0.276
フラワー,馬体重増減=-10kg以下,馬体重増減,range,10,1,1,16,0.113,0.062,0.213,0.294
フラワー,前走開催=2中2,前走開催,exact,10,1,1,11,0.078,0.091,0.213,0.427
フラワー,前走馬番=11,前走馬番,exact,10,1,1,11,0.078,0.091,0.213,0.427
フラワー,前4角=最後方寄り(相対85%超),前4角,derived,10,1,1,10,0.071,0.1,0.213,0.47
フラワー,前走レース名=新馬,前走レース名,exact,10,1,1,10,0.071,0.1,0.213,0.47
フラワー,前走レース名=未勝利,前走レース名,exact,10,1,1,10,0.071,0.1,0.213,0.47
フラワー,前クラス名=新馬,前クラス名,exact,10,1,1,10,0.071,0.1,0.213,0.47
フラワー,母父馬=サンデーサイレンス,母父馬,exact,10,1,1,10,0.071,0.1,0.213,0.47
フラワー,毛色=芦毛,毛色,exact,10,1,1,10,0.071,0.1,0.213,0.47
フラワー,前走馬番=1,前走馬番,exact,10,1,1,10,0.071,0.1,0.213,0.47
フローラ,前3角=最後方寄り(相対85%超),前3角,derived,10,0,0,19,0.115,0.0,0.182,0.0
フローラ,産地=浦河町,産地,exact,10,0,0,17,0.103,0.0,0.182,0.0
フローラ,前4角=最後方寄り(相対85%超),前4角,derived,10,0,0,13,0.079,0.0,0.182,0.0
フローラ,前走頭数=9,前走頭数,exact,10,0,0,13,0.079,0.0,0.182,0.0
フローラ,前走開催=3中1,前走開催,exact,10,0,0,11,0.067,0.0,0.182,0.0
フローラ,前走馬場状態=重,前走馬場状態,exact,10,0,0,11,0.067,0.0,0.182,0.0
フローラ,前走頭数=15,前走頭数,exact,10,0,0,10,0.061,0.0,0.182,0.0
フローラ,間隔=中13週以上,間隔,range,10,1,1,17,0.103,0.059,0.182,0.324
フローラ,前走レース名=未勝利・牝,前走レース名,exact,10,1,1,17,0.103,0.059,0.182,0.324
フローラ,前走馬体重増減=±0,前走馬体重増減,range,10,1,1,16,0.097,0.062,0.182,0.344
フローラ,産地=新ひだか町,産地,exact,10,2,2,27,0.164,0.074,0.182,0.407
フローラ,前走馬番=7,前走馬番,exact,10,2,2,24,0.145,0.083,0.182,0.458
フローラ,前走レース名=ミモザ賞500*,前走レース名,exact,10,1,1,11,0.067,0.091,0.182,0.5
フローラ,前走馬番=3,前走馬番,exact,10,1,1,11,0.067,0.091,0.182,0.5
フローラ,前走馬番=2,前走馬番,exact,10,1,1,11,0.067,0.091,0.182,0.5
プロキオ,馬体重増減=+10kg以上,馬体重増減,range,10,0,0,12,0.077,0.0,0.194,0.0
プロキオ,前4角=最後方寄り(相対85%超),前4角,derived,10,0,0,12,0.077,0.0,0.194,0.0
プロキオ,前走馬番=9,前走馬番,exact,10,0,0,12,0.077,0.0,0.194,0.0
プロキオ,前クラス名=OP(L),前クラス名,exact,10,0,0,10,0.065,0.0,0.194,0.0
プロキオ,毛色=黒鹿,毛色,exact,10,2,2,32,0.206,0.062,0.194,0.323
プロキオ,前3角=最後方寄り(相対85%超),前3角,derived,10,1,1,14,0.09,0.071,0.194,0.369
プロキオ,前走開催=2東B,前走開催,exact,10,1,1,12,0.077,0.083,0.194,0.431
プロキオ,前走レース名=欅S,前走レース名,exact,10,1,1,12,0.077,0.083,0.194,0.431
ホープフ,前走上り3F=36秒以上,前走上り3F,range,10,1,1,23,0.15,0.043,0.196,0.222
ホープフ,産地=新ひだか町,産地,exact,10,1,1,22,0.144,0.045,0.196,0.232
ホープフ,産地=千歳市,産地,exact,10,1,1,19,0.124,0.053,0.196,0.268
ホープフ,前4角=1番手,前4角,derived,10,1,1,18,0.118,0.056,0.196,0.283
ホープフ,前3角=1番手,前3角,derived,10,1,1,17,0.111,0.059,0.196,0.3
ホープフ,前走頭数=12,前走頭数,exact,10,1,1,17,0.111,0.059,0.196,0.3
ホープフ,前走斤量=56,前走斤量,exact,10,1,1,14,0.092,0.071,0.196,0.364
ホープフ,前走レース名=未勝利*,前走レース名,exact,10,2,2,27,0.176,0.074,0.196,0.378
ホープフ,前クラス名=未勝利,前クラス名,exact,10,2,2,27,0.176,0.074,0.196,0.378
ホープフ,前走から芝替わり,芝ダローテ,derived,10,1,1,13,0.085,0.077,0.196,0.392
ホープフ,前芝・ダ=ダ,前芝・ダ,exact,10,1,1,13,0.085,0.077,0.196,0.392
ホープフ,産地=日高町,産地,exact,10,1,1,13,0.085,0.077,0.196,0.392
ホープフ,前走着差=1.0秒以上,前走着差タイム,range,10,1,1,12,0.078,0.083,0.196,0.425
ホープフ,前走斤量=54,前走斤量,exact,10,1,1,12,0.078,0.083,0.196,0.425
ホープフ,間隔=中13週以上,間隔,range,10,1,1,11,0.072,0.091,0.196,0.464
ホープフ,前走開催=5中1,前走開催,exact,10,1,1,11,0.072,0.091,0.196,0.464
ホープフ,前走馬番=6,前走馬番,exact,10,1,1,11,0.072,0.091,0.196,0.464
ホープフ,前走人気=6〜9人気,前走人気,range,10,2,2,22,0.144,0.091,0.196,0.464
ホープフ,毛色=栗毛,毛色,exact,10,2,2,20,0.131,0.1,0.196,0.51
ホープフ,産地=新冠町,産地,exact,10,2,2,19,0.124,0.105,0.196,0.537
マイラー,前走上り3F=36秒以上,前走上り3F,range,10,0,0,19,0.133,0.0,0.21,0.0
マイラー,前3角=最後方寄り(相対85%超),前3角,derived,10,0,0,19,0.133,0.0,0.21,0.0
マイラー,前4角=最後方寄り(相対85%超),前4角,derived,10,0,0,18,0.126,0.0,0.21,0.0
マイラー,前走開催=3中3,前走開催,exact,10,0,0,10,0.07,0.0,0.21,0.0
マイラー,前走人気=10人気以下,前走人気,range,10,1,1,35,0.245,0.029,0.21,0.136
マイラー,前走人気=6〜9人気,前走人気,range,10,1,1,29,0.203,0.034,0.21,0.164
マイラー,前走開催=2阪2,前走開催,exact,10,1,1,25,0.175,0.04,0.21,0.191
マイラー,前走レース名=ダービーHG3,前走レース名,exact,10,1,1,19,0.133,0.053,0.21,0.251
マイラー,間隔=中4週以内,間隔,range,10,2,3,56,0.392,0.054,0.21,0.255
マイラー,前走レース名=六甲S(L),前走レース名,exact,10,1,1,17,0.119,0.059,0.21,0.28
マイラー,前走馬番=2,前走馬番,exact,10,1,1,17,0.119,0.059,0.21,0.28
マイラー,前走馬場状態=重,前走馬場状態,exact,10,1,1,16,0.112,0.062,0.21,0.298
マイラー,前クラス名=オープン,前クラス名,exact,10,1,1,16,0.112,0.062,0.21,0.298
マイラー,前走頭数=15,前走頭数,exact,10,1,1,16,0.112,0.062,0.21,0.298
マイラー,前3角=後方(相対65%超),前3角,derived,10,2,3,46,0.322,0.065,0.21,0.311
マイラー,母父馬=スペシャルウィーク,母父馬,exact,10,1,1,10,0.07,0.1,0.21,0.477
マイラー,前走馬番=6,前走馬番,exact,10,1,1,10,0.07,0.1,0.21,0.477
マイラー,年齢=7歳,年齢,exact,10,2,2,18,0.126,0.111,0.21,0.53
マイルチ,前走着順=二桁着順,前走着順,range,10,0,0,37,0.215,0.0,0.174,0.0
マイルチ,前走着差=1.0秒以上,前走着差タイム,range,10,0,0,33,0.192,0.0,0.174,0.0
マイルチ,前走人気=10人気以下,前走人気,range,10,0,0,29,0.169,0.0,0.174,0.0
マイルチ,産地=新冠町,産地,exact,10,0,0,20,0.116,0.0,0.174,0.0
マイルチ,年齢=7歳以上,年齢,range,10,0,0,15,0.087,0.0,0.174,0.0
マイルチ,前走馬番=11,前走馬番,exact,10,0,0,10,0.058,0.0,0.174,0.0
マイルチ,キャリア=21戦以上,キャリア,range,10,1,1,56,0.326,0.018,0.174,0.102
マイルチ,前走人気=6〜9人気,前走人気,range,10,1,1,33,0.192,0.03,0.174,0.174
マイルチ,産地=新ひだか町,産地,exact,10,1,1,15,0.087,0.067,0.174,0.382
マイルチ,前走上り3F=35秒台,前走上り3F,range,10,1,2,27,0.157,0.074,0.174,0.425
マイルチ,前走上り3F=36秒以上,前走上り3F,range,10,1,1,12,0.07,0.083,0.174,0.478
マイルチ,間隔=中9〜12週,間隔,range,10,1,1,11,0.064,0.091,0.174,0.521
マイルチ,馬記号=(外),馬記号,exact,10,1,1,11,0.064,0.091,0.174,0.521
マイルチ,馬体重増減=+10kg以上,馬体重増減,range,10,2,2,22,0.128,0.091,0.174,0.521
マーチSH,前3角=最後方寄り(相対85%超),前3角,derived,10,0,0,15,0.095,0.0,0.196,0.0
マーチSH,前4角=最後方寄り(相対85%超),前4角,derived,10,0,0,14,0.089,0.0,0.196,0.0
マーチSH,多頭出し=*,多頭出し,exact,10,0,0,13,0.082,0.0,0.196,0.0
マーチSH,斤量=53kg以下,斤量,range,10,0,0,10,0.063,0.0,0.196,0.0
マーチSH,前走馬番=7,前走馬番,exact,10,0,0,10,0.063,0.0,0.196,0.0
マーチSH,前4角=後方(相対65%超),前4角,derived,10,1,1,39,0.247,0.026,0.196,0.131
マーチSH,前走馬場状態=重,前走馬場状態,exact,10,1,1,15,0.095,0.067,0.196,0.34
マーチSH,年齢=4歳,年齢,exact,10,2,2,26,0.165,0.077,0.196,0.392
マーチSH,斤量=58kg以上,斤量,range,10,1,1,11,0.07,0.091,0.196,0.463
マーチSH,前走開催=1阪1,前走開催,exact,10,1,1,11,0.07,0.091,0.196,0.463
マーチSH,前走馬体重増減=±0,前走馬体重増減,range,10,2,2,21,0.133,0.095,0.196,0.485
マーチSH,前走馬番=6,前走馬番,exact,10,1,1,10,0.063,0.1,0.196,0.51
マーチSH,前走馬番=12,前走馬番,exact,10,1,1,10,0.063,0.1,0.196,0.51
マーチSH,前走斤量=58,前走斤量,exact,10,2,2,20,0.127,0.1,0.196,0.51
マーメイH,前走頭数=14,前走頭数,exact,10,0,0,13,0.087,0.0,0.2,0.0
マーメイH,前走斤量=56,前走斤量,exact,10,0,0,10,0.067,0.0,0.2,0.0
マーメイH,前走人気=10人気以下,前走人気,range,10,1,1,30,0.2,0.033,0.2,0.167
マーメイH,前走馬番=6,前走馬番,exact,10,1,1,14,0.093,0.071,0.2,0.357
マーメイH,毛色=栗毛,毛色,exact,10,1,1,13,0.087,0.077,0.2,0.385
マーメイH,種牡馬=キングカメハメハ,種牡馬,exact,10,1,1,11,0.073,0.091,0.2,0.455
マーメイH,種牡馬=ハーツクライ,種牡馬,exact,10,1,1,11,0.073,0.091,0.2,0.455
マーメイH,前走開催=3京A,前走開催,exact,10,1,1,10,0.067,0.1,0.2,0.5
マーメイH,産地=新ひだか町,産地,exact,10,2,2,20,0.133,0.1,0.2,0.5
ユニコー,前走着順=二桁着順,前走着順,range,10,0,0,14,0.089,0.0,0.191,0.0
ユニコー,前4角=最後方寄り(相対85%超),前4角,derived,10,0,0,13,0.083,0.0,0.191,0.0
ユニコー,斤量=54kg,斤量,range,10,0,0,12,0.076,0.0,0.191,0.0
ユニコー,性別=牝,性別,exact,10,0,0,12,0.076,0.0,0.191,0.0
ユニコー,前走Ｒ=5,前走Ｒ,exact,10,1,1,19,0.121,0.053,0.191,0.275
ユニコー,前4角=後方(相対65%超),前4角,derived,10,2,2,38,0.242,0.053,0.191,0.275
ユニコー,前走人気=10人気以下,前走人気,range,10,1,1,18,0.115,0.056,0.191,0.291
ユニコー,前3角=1番手,前3角,derived,10,1,1,18,0.115,0.056,0.191,0.291
ユニコー,前距離=1400,前距離,exact,10,2,2,34,0.217,0.059,0.191,0.308
ユニコー,間隔=中4週以内,間隔,range,10,2,2,33,0.21,0.061,0.191,0.317
ユニコー,前走馬番=5,前走馬番,exact,10,1,1,15,0.096,0.067,0.191,0.349
ユニコー,前クラス名=500万,前クラス名,exact,10,2,2,30,0.191,0.067,0.191,0.349
ユニコー,前走頭数=11,前走頭数,exact,10,1,1,14,0.089,0.071,0.191,0.374
ユニコー,前走レース名=500万下*,前走レース名,exact,10,2,2,28,0.178,0.071,0.191,0.374
ユニコー,産地=新冠町,産地,exact,10,2,2,27,0.172,0.074,0.191,0.388
ユニコー,前走からダート替わり,芝ダローテ,derived,10,1,1,12,0.076,0.083,0.191,0.436
ユニコー,前芝・ダ=芝,前芝・ダ,exact,10,1,1,12,0.076,0.083,0.191,0.436
ユニコー,前走開催=2東6,前走開催,exact,10,1,1,10,0.064,0.1,0.191,0.523
ユニコー,前走レース名=端午S,前走レース名,exact,10,1,1,10,0.064,0.1,0.191,0.523
ユニコー,毛色=芦毛,毛色,exact,10,1,1,10,0.064,0.1,0.191,0.523
ユニコー,前走頭数=10,前走頭数,exact,10,1,1,10,0.064,0.1,0.191,0.523
ラジオNIH,間隔=中13週以上,間隔,range,10,0,0,17,0.12,0.0,0.211,0.0
ラジオNIH,前走馬番=10,前走馬番,exact,10,0,0,12,0.085,0.0,0.211,0.0
ラジオNIH,前走頭数=15,前走頭数,exact,10,0,0,10,0.07,0.0,0.211,0.0
ラジオNIH,毛色=栗毛,毛色,exact,10,1,1,25,0.176,0.04,0.211,0.189
ラジオNIH,性別=牝,性別,exact,10,1,1,20,0.141,0.05,0.211,0.237
ラジオNIH,前走斤量=54,前走斤量,exact,10,2,2,31,0.218,0.065,0.211,0.305
ラジオNIH,前走馬場状態=稍,前走馬場状態,exact,10,1,1,15,0.106,0.067,0.211,0.316
ラジオNIH,馬主(最新/仮想)=キャロットファーム,馬主(最新/仮想),exact,10,1,1,14,0.099,0.071,0.211,0.338
ラジオNIH,前走Ｒ=6,前走Ｒ,exact,10,1,1,13,0.092,0.077,0.211,0.364
ラジオNIH,毛色=青鹿,毛色,exact,10,1,1,13,0.092,0.077,0.211,0.364
ラジオNIH,前走馬番=1,前走馬番,exact,10,1,1,11,0.077,0.091,0.211,0.43
ラジオNIH,母父馬=サンデーサイレンス,母父馬,exact,10,1,1,10,0.07,0.1,0.211,0.473
ラジオNIH,前3角=4〜6番手,前3角,derived,10,2,3,30,0.211,0.1,0.211,0.473
ラジオNIH,前クラス名=G2,前クラス名,exact,10,2,2,19,0.134,0.105,0.211,0.498
ラジオNIH,前走頭数=10,前走頭数,exact,10,2,2,18,0.127,0.111,0.211,0.526
レパード,前走着順=二桁着順,前走着順,range,10,0,0,18,0.122,0.0,0.203,0.0
レパード,前走馬番=8,前走馬番,exact,10,0,0,10,0.068,0.0,0.203,0.0
レパード,前走人気=10人気以下,前走人気,range,10,1,1,16,0.108,0.062,0.203,0.308
レパード,キャリア=11〜20戦,キャリア,range,10,1,1,15,0.101,0.067,0.203,0.329
レパード,前クラス名=1000万,前クラス名,exact,10,1,1,15,0.101,0.067,0.203,0.329
レパード,前走馬番=2,前走馬番,exact,10,1,1,12,0.081,0.083,0.203,0.411
レパード,前走馬番=12,前走馬番,exact,10,1,1,12,0.081,0.083,0.203,0.411
レパード,前3角=最後方寄り(相対85%超),前3角,derived,10,1,1,11,0.074,0.091,0.203,0.448
レパード,前走Ｒ=8,前走Ｒ,exact,10,1,1,11,0.074,0.091,0.203,0.448
レパード,ブリンカー=B,ブリンカー,exact,10,1,1,10,0.068,0.1,0.203,0.493
レパード,前走レース名=1勝クラス,前走レース名,exact,10,2,2,19,0.128,0.105,0.203,0.519
レパード,前距離=1700,前距離,exact,10,2,3,27,0.182,0.111,0.203,0.548
ローズS,前走人気=10人気以下,前走人気,range,10,0,0,20,0.124,0.0,0.186,0.0
ローズS,産地=日高町,産地,exact,10,0,0,15,0.093,0.0,0.186,0.0
ローズS,前走頭数=14,前走頭数,exact,10,0,0,15,0.093,0.0,0.186,0.0
ローズS,毛色=青鹿,毛色,exact,10,0,0,12,0.075,0.0,0.186,0.0
ローズS,前走馬番=1,前走馬番,exact,10,0,0,11,0.068,0.0,0.186,0.0
ローズS,産地=新冠町,産地,exact,10,1,1,20,0.124,0.05,0.186,0.268
ローズS,前走馬番=4,前走馬番,exact,10,1,1,15,0.093,0.067,0.186,0.358
ローズS,前走馬番=10,前走馬番,exact,10,1,1,12,0.075,0.083,0.186,0.447
ローズS,種牡馬=キズナ,種牡馬,exact,10,1,1,11,0.068,0.091,0.186,0.488
ローズS,前走馬体重増減=±0,前走馬体重増減,range,10,2,2,22,0.137,0.091,0.186,0.488
ローズS,産地=新ひだか町,産地,exact,10,2,2,21,0.13,0.095,0.186,0.511
ヴィクト,前騎手=M.デム,前騎手,exact,10,0,0,12,0.069,0.0,0.172,0.0
ヴィクト,前騎手=川田将雅,前騎手,exact,10,0,0,11,0.063,0.0,0.172,0.0
ヴィクト,前走頭数=10頭以下,前走頭数,range,10,0,0,10,0.057,0.0,0.172,0.0
ヴィクト,前騎手=浜中俊,前騎手,exact,10,0,0,10,0.057,0.0,0.172,0.0
ヴィクト,騎手=川田将雅,騎手,exact,10,0,0,10,0.057,0.0,0.172,0.0
ヴィクト,前距離=1400,前距離,exact,10,0,0,10,0.057,0.0,0.172,0.0
ヴィクト,毛色=栗毛,毛色,exact,10,1,1,21,0.121,0.048,0.172,0.276
ヴィクト,前走頭数=12,前走頭数,exact,10,1,1,18,0.103,0.056,0.172,0.322
ヴィクト,産地=日高町,産地,exact,10,1,1,17,0.098,0.059,0.172,0.341
ヴィクト,間隔=中4週以内,間隔,range,10,2,2,27,0.155,0.074,0.172,0.43
ヴィクト,種牡馬=キングカメハメハ,種牡馬,exact,10,1,1,13,0.075,0.077,0.172,0.446
ヴィクト,前走馬番=4,前走馬番,exact,10,1,1,13,0.075,0.077,0.172,0.446
ヴィクト,前走馬場状態=稍,前走馬場状態,exact,10,2,2,25,0.144,0.08,0.172,0.464
ヴィクト,前走馬番=7,前走馬番,exact,10,1,1,12,0.069,0.083,0.172,0.483
ヴィクト,前走馬番=10,前走馬番,exact,10,1,1,12,0.069,0.083,0.172,0.483
七夕賞H,種牡馬=ハーツクライ,種牡馬,exact,10,0,0,10,0.066,0.0,0.199,0.0
七夕賞H,斤量=56kg,斤量,range,10,1,1,23,0.152,0.043,0.199,0.219
七夕賞H,年齢=7歳,年齢,exact,10,1,1,22,0.146,0.045,0.199,0.229
七夕賞H,年齢=7歳以上,年齢,range,10,2,2,38,0.252,0.053,0.199,0.265
七夕賞H,前4角=最後方寄り(相対85%超),前4角,derived,10,1,1,17,0.113,0.059,0.199,0.296
七夕賞H,前距離=2500,前距離,exact,10,1,1,16,0.106,0.062,0.199,0.315
七夕賞H,前3角=1番手,前3角,derived,10,1,1,15,0.099,0.067,0.199,0.336
七夕賞H,前走開催=2東C,前走開催,exact,10,1,1,14,0.093,0.071,0.199,0.36
七夕賞H,前走レース名=目黒記念HG2,前走レース名,exact,10,1,1,13,0.086,0.077,0.199,0.387
七夕賞H,年齢=8歳,年齢,exact,10,1,1,12,0.079,0.083,0.199,0.419
七夕賞H,前走馬場状態=重,前走馬場状態,exact,10,1,1,11,0.073,0.091,0.199,0.458
七夕賞H,前走開催=3東4,前走開催,exact,10,2,2,21,0.139,0.095,0.199,0.479
七夕賞H,前走レース名=エプソムG3,前走レース名,exact,10,2,2,21,0.139,0.095,0.199,0.479
七夕賞H,前走馬体重増減=-10kg以下,前走馬体重増減,range,10,1,1,10,0.066,0.1,0.199,0.503
七夕賞H,性別=セ,性別,exact,10,1,1,10,0.066,0.1,0.199,0.503
七夕賞H,前走馬番=4,前走馬番,exact,10,1,1,10,0.066,0.1,0.199,0.503
七夕賞H,前走馬番=12,前走馬番,exact,10,1,1,10,0.066,0.1,0.199,0.503
七夕賞H,前3角=最後方寄り(相対85%超),前3角,derived,10,2,2,19,0.126,0.105,0.199,0.53
中京記念H,年齢=7歳以上,年齢,range,10,0,0,28,0.179,0.0,0.192,0.0
中京記念H,年齢=7歳,年齢,exact,10,0,0,20,0.128,0.0,0.192,0.0
中京記念H,産地=新ひだか町,産地,exact,10,1,1,21,0.135,0.048,0.192,0.248
中京記念H,前距離=1800,前距離,exact,10,1,1,19,0.122,0.053,0.192,0.274
中京記念H,前走斤量=54,前走斤量,exact,10,1,1,15,0.096,0.067,0.192,0.347
中京記念H,前走頭数=13,前走頭数,exact,10,1,1,14,0.09,0.071,0.192,0.371
中京記念H,前走頭数=11〜13頭,前走頭数,range,10,2,2,25,0.16,0.08,0.192,0.416
中京記念H,ブリンカー=B,ブリンカー,exact,10,1,1,12,0.077,0.083,0.192,0.433
中京記念H,前走Ｒ=10,前走Ｒ,exact,10,1,1,12,0.077,0.083,0.192,0.433
中京記念H,前走上り3F=36秒以上,前走上り3F,range,10,2,2,23,0.147,0.087,0.192,0.452
中京記念H,前クラス名=G3,前クラス名,exact,10,2,3,31,0.199,0.097,0.192,0.503
中山グラJ,産地=日高町,産地,exact,10,0,0,19,0.171,0.0,0.27,0.0
中山グラJ,前4角=後半位置(相対50%超),前4角,derived,10,2,2,38,0.342,0.053,0.27,0.195
中山グラJ,前4角=後方(相対65%超),前4角,derived,10,2,2,28,0.252,0.071,0.27,0.264
中山グラJ,前走人気=10人気以下,前走人気,range,10,1,1,12,0.108,0.083,0.27,0.308
中山グラJ,毛色=青鹿,毛色,exact,10,1,1,11,0.099,0.091,0.27,0.336
中山グラJ,前走着順=二桁着順,前走着順,range,10,1,1,10,0.09,0.1,0.27,0.37
中山グラJ,前3角=最後方寄り(相対85%超),前3角,derived,10,1,1,10,0.09,0.1,0.27,0.37
中山グラJ,前走レース名=障害・オープ,前走レース名,exact,10,1,1,10,0.09,0.1,0.27,0.37
中山グラJ,前走馬体重増減=±0,前走馬体重増減,range,10,1,2,14,0.126,0.143,0.27,0.529
中山大障J,前走レース名=障害・オープ,前走レース名,exact,10,0,0,16,0.119,0.0,0.222,0.0
中山大障J,前走開催=5京3,前走開催,exact,10,0,0,12,0.089,0.0,0.222,0.0
中山大障J,前走馬番=8,前走馬番,exact,10,0,0,12,0.089,0.0,0.222,0.0
中山大障J,前走斤量=61,前走斤量,exact,10,0,0,12,0.089,0.0,0.222,0.0
中山大障J,前距離=3170,前距離,exact,10,1,1,22,0.163,0.045,0.222,0.205
中山大障J,前走人気=10人気以下,前走人気,range,10,1,1,18,0.133,0.056,0.222,0.25
中山大障J,取引市場(最終)=セレクトセール,取引市場(最終),exact,10,1,1,14,0.104,0.071,0.222,0.321
中山大障J,前走馬体重増減=+10kg以上,前走馬体重増減,range,10,1,1,13,0.096,0.077,0.222,0.346
中山大障J,前走Ｒ=4,前走Ｒ,exact,10,1,1,12,0.089,0.083,0.222,0.375
中山大障J,前走レース名=京都ジャJG3,前走レース名,exact,10,2,2,23,0.17,0.087,0.222,0.391
中山大障J,前走頭数=13,前走頭数,exact,10,1,2,22,0.163,0.091,0.222,0.409
中山大障J,前4角=後方(相対65%超),前4角,derived,10,2,2,21,0.156,0.095,0.222,0.429
中山大障J,毛色=栗毛,毛色,exact,10,2,2,21,0.156,0.095,0.222,0.429
中山大障J,性別=セ,性別,exact,10,2,2,20,0.148,0.1,0.222,0.45
中山大障J,産地=日高町,産地,exact,10,2,2,18,0.133,0.111,0.222,0.5
中山牝馬H,前距離=2200,前距離,exact,10,0,0,13,0.085,0.0,0.196,0.0
中山牝馬H,前クラス名=OP(L),前クラス名,exact,10,0,0,12,0.078,0.0,0.196,0.0
中山牝馬H,前3角=最後方寄り(相対85%超),前3角,derived,10,1,1,19,0.124,0.053,0.196,0.268
中山牝馬H,前4角=最後方寄り(相対85%超),前4角,derived,10,1,1,19,0.124,0.053,0.196,0.268
中山牝馬H,産地=千歳市,産地,exact,10,1,1,18,0.118,0.056,0.196,0.283
中山牝馬H,前クラス名=G1,前クラス名,exact,10,1,1,15,0.098,0.067,0.196,0.34
中山牝馬H,前走馬番=5,前走馬番,exact,10,1,1,15,0.098,0.067,0.196,0.34
中山牝馬H,前走斤量=52,前走斤量,exact,10,1,1,13,0.085,0.077,0.196,0.392
中山牝馬H,毛色=芦毛,毛色,exact,10,1,1,10,0.065,0.1,0.196,0.51
中山牝馬H,前走馬番=6,前走馬番,exact,10,1,1,10,0.065,0.1,0.196,0.51
中山牝馬H,多頭出し=*,多頭出し,exact,10,2,2,20,0.131,0.1,0.196,0.51
中山牝馬H,前走斤量=56,前走斤量,exact,10,2,2,19,0.124,0.105,0.196,0.537
中山記念,前走頭数=11〜13頭,前走頭数,range,10,0,0,18,0.146,0.0,0.244,0.0
中山記念,年齢=8歳,年齢,exact,10,0,0,11,0.089,0.0,0.244,0.0
中山記念,多頭出し=*,多頭出し,exact,10,0,0,11,0.089,0.0,0.244,0.0
中山記念,前走レース名=アメリカG2,前走レース名,exact,10,0,0,10,0.081,0.0,0.244,0.0
中山記念,前4角=後方(相対65%超),前4角,derived,10,1,1,24,0.195,0.042,0.244,0.171
中山記念,前3角=後方(相対65%超),前3角,derived,10,1,1,21,0.171,0.048,0.244,0.195
中山記念,前クラス名=G2,前クラス名,exact,10,1,1,19,0.154,0.053,0.244,0.216
中山記念,前4角=後半位置(相対50%超),前4角,derived,10,2,2,37,0.301,0.054,0.244,0.222
中山記念,産地=日高町,産地,exact,10,1,1,16,0.13,0.062,0.244,0.256
中山記念,前走馬体重増減=±0,前走馬体重増減,range,10,1,1,14,0.114,0.071,0.244,0.293
中山記念,前走人気=10人気以下,前走人気,range,10,2,3,37,0.301,0.081,0.244,0.332
中山記念,前クラス名=オープン,前クラス名,exact,10,1,1,12,0.098,0.083,0.244,0.342
中山記念,前距離=2200,前距離,exact,10,2,2,18,0.146,0.111,0.244,0.456
中山記念,前3角=2〜3番手,前3角,derived,10,2,2,17,0.138,0.118,0.244,0.482
中山記念,産地=浦河町,産地,exact,10,2,2,15,0.122,0.133,0.244,0.547
中山金杯H,年齢=8歳,年齢,exact,10,0,0,15,0.093,0.0,0.185,0.0
中山金杯H,前走レース名=中日新聞HG3,前走レース名,exact,10,0,0,15,0.093,0.0,0.185,0.0
中山金杯H,種牡馬=ディープインパクト,種牡馬,exact,10,0,0,13,0.08,0.0,0.185,0.0
中山金杯H,間隔=中13週以上,間隔,range,10,0,0,11,0.068,0.0,0.185,0.0
中山金杯H,前走馬番=13,前走馬番,exact,10,0,0,11,0.068,0.0,0.185,0.0
中山金杯H,前走馬番=8,前走馬番,exact,10,0,0,10,0.062,0.0,0.185,0.0
中山金杯H,前走着差=1.0秒以上,前走着差タイム,range,10,2,3,54,0.333,0.056,0.185,0.3
中山金杯H,ブリンカー=B,ブリンカー,exact,10,1,1,17,0.105,0.059,0.185,0.318
中山金杯H,前走B=B,前走B,exact,10,1,1,15,0.093,0.067,0.185,0.36
中山金杯H,前走上り3F=36秒以上,前走上り3F,range,10,2,3,39,0.241,0.077,0.185,0.415
中山金杯H,前騎手=田辺裕信,前騎手,exact,10,1,1,12,0.074,0.083,0.185,0.45
中山金杯H,前走斤量=58,前走斤量,exact,10,1,1,12,0.074,0.083,0.185,0.45
中山金杯H,前3角=最後方寄り(相対85%超),前3角,derived,10,2,2,24,0.148,0.083,0.185,0.45
中山金杯H,前4角=最後方寄り(相対85%超),前4角,derived,10,2,2,22,0.136,0.091,0.185,0.491
中山金杯H,前走頭数=13,前走頭数,exact,10,1,1,10,0.062,0.1,0.185,0.54
中日新聞H,前3角=最後方寄り(相対85%超),前3角,derived,9,0,0,25,0.161,0.0,0.174,0.0
中日新聞H,前走レース名=福島記念HG3,前走レース名,exact,9,0,0,16,0.103,0.0,0.174,0.0
中日新聞H,前走馬番=7,前走馬番,exact,9,0,0,12,0.077,0.0,0.174,0.0
中日新聞H,前走開催=3福4,前走開催,exact,9,0,0,11,0.071,0.0,0.174,0.0
中日新聞H,前4角=最後方寄り(相対85%超),前4角,derived,9,1,1,23,0.148,0.043,0.174,0.25
中日新聞H,前走上り3F=35秒台,前走上り3F,range,9,2,2,34,0.219,0.059,0.174,0.338
中日新聞H,産地=浦河町,産地,exact,9,1,1,14,0.09,0.071,0.174,0.41
中日新聞H,前走馬体重増減=-10kg以下,前走馬体重増減,range,9,1,1,13,0.084,0.077,0.174,0.442
京成杯,前3角=最後方寄り(相対85%超),前3角,derived,10,0,0,12,0.087,0.0,0.217,0.0
京成杯,前走開催=5東5,前走開催,exact,10,0,0,10,0.072,0.0,0.217,0.0
京成杯,産地=新ひだか町,産地,exact,10,1,1,25,0.181,0.04,0.217,0.184
京成杯,前距離=1600,前距離,exact,10,1,1,17,0.123,0.059,0.217,0.271
京成杯,前走人気=10人気以下,前走人気,range,10,1,1,15,0.109,0.067,0.217,0.307
京成杯,産地=浦河町,産地,exact,10,1,1,14,0.101,0.071,0.217,0.329
京成杯,前走着順=二桁着順,前走着順,range,10,1,1,13,0.094,0.077,0.217,0.354
京成杯,キャリア=6〜10戦,キャリア,range,10,1,1,12,0.087,0.083,0.217,0.383
京成杯,前走馬番=8,前走馬番,exact,10,1,1,12,0.087,0.083,0.217,0.383
京成杯,馬体重増減=+10kg以上,馬体重増減,range,10,2,2,22,0.159,0.091,0.217,0.418
京成杯,母父馬=サンデーサイレンス,母父馬,exact,10,1,1,10,0.072,0.1,0.217,0.46
京成杯,前走着差=1.0秒以上,前走着差タイム,range,10,2,2,18,0.13,0.111,0.217,0.511
京成杯,前クラス名=G3,前クラス名,exact,10,2,2,17,0.123,0.118,0.217,0.541
京王杯2,前走頭数=9,前走頭数,exact,10,0,0,12,0.09,0.0,0.224,0.0
京王杯2,前3角=最後方寄り(相対85%超),前3角,derived,10,0,0,11,0.082,0.0,0.224,0.0
京王杯2,前走上り3F=36秒以上,前走上り3F,range,10,1,1,21,0.157,0.048,0.224,0.213
京王杯2,前走上り3F=33秒台以下,前走上り3F,range,10,1,1,16,0.119,0.062,0.224,0.279
京王杯2,前走Ｒ=1,前走Ｒ,exact,10,1,1,15,0.112,0.067,0.224,0.298
京王杯2,前4角=最後方寄り(相対85%超),前4角,derived,10,1,1,13,0.097,0.077,0.224,0.344
京王杯2,前走頭数=15,前走頭数,exact,10,1,1,13,0.097,0.077,0.224,0.344
京王杯2,馬主(最新/仮想)=ミルファーム,馬主(最新/仮想),exact,10,1,1,10,0.075,0.1,0.224,0.447
京王杯ス,産地=浦河町,産地,exact,10,0,0,10,0.064,0.0,0.192,0.0
京王杯ス,前走頭数=11〜13頭,前走頭数,range,10,1,1,17,0.109,0.059,0.192,0.306
京王杯ス,前走Ｒ=10,前走Ｒ,exact,10,1,1,17,0.109,0.059,0.192,0.306
京王杯ス,前走馬番=8,前走馬番,exact,10,1,1,11,0.071,0.091,0.192,0.473
京王杯ス,前クラス名=オープン,前クラス名,exact,10,2,2,21,0.135,0.095,0.192,0.495
京王杯ス,年齢=8歳,年齢,exact,10,1,1,10,0.064,0.1,0.192,0.52
京王杯ス,母父馬=サンデーサイレンス,母父馬,exact,10,1,1,10,0.064,0.1,0.192,0.52
京王杯ス,前走馬番=5,前走馬番,exact,10,1,1,10,0.064,0.1,0.192,0.52
京王杯ス,前走馬番=10,前走馬番,exact,10,1,1,10,0.064,0.1,0.192,0.52
京王杯ス,前走馬体重増減=±0,前走馬体重増減,range,10,2,2,20,0.128,0.1,0.192,0.52
京都2歳,前走着差=1.0秒以上,前走着差タイム,range,10,0,0,14,0.132,0.0,0.283,0.0
京都2歳,産地=新冠町,産地,exact,10,0,0,11,0.104,0.0,0.283,0.0
京都2歳,前走頭数=10,前走頭数,exact,10,1,1,14,0.132,0.071,0.283,0.252
京都2歳,前距離=1600,前距離,exact,10,1,1,11,0.104,0.091,0.283,0.321
京都2歳,前4角=最後方寄り(相対85%超),前4角,derived,10,1,1,10,0.094,0.1,0.283,0.353
京都2歳,前走人気=6〜9人気,前走人気,range,10,2,2,18,0.17,0.111,0.283,0.393
京都2歳,前走頭数=9,前走頭数,exact,10,2,2,17,0.16,0.118,0.283,0.416
京都2歳,所属=(美),所属,exact,10,2,2,15,0.142,0.133,0.283,0.471
京都2歳,前走Ｒ=11,前走Ｒ,exact,10,2,2,15,0.142,0.133,0.283,0.471
京都2歳,産地=千歳市,産地,exact,10,2,2,14,0.132,0.143,0.283,0.505
京都2歳,前走馬体重増減=+10kg以上,前走馬体重増減,range,10,2,2,13,0.123,0.154,0.283,0.544
京都ジャJ,前走人気=10人気以下,前走人気,range,10,0,0,14,0.13,0.0,0.278,0.0
京都ジャJ,ブリンカー=B,ブリンカー,exact,10,0,0,10,0.093,0.0,0.278,0.0
京都ジャJ,前距離=3250,前距離,exact,10,1,1,15,0.139,0.067,0.278,0.24
京都ジャJ,前走馬体重増減=±0,前走馬体重増減,range,10,1,1,14,0.13,0.071,0.278,0.257
京都ジャJ,多頭出し=*,多頭出し,exact,10,1,1,12,0.111,0.083,0.278,0.3
京都ハイJ,前走B=B,前走B,exact,10,0,0,10,0.093,0.0,0.28,0.0
京都ハイJ,前4角=最後方寄り(相対85%超),前4角,derived,10,1,1,12,0.112,0.083,0.28,0.297
京都ハイJ,取引市場(最終)=北海道サマーセール,取引市場(最終),exact,10,1,1,12,0.112,0.083,0.28,0.297
京都ハイJ,前走斤量=59,前走斤量,exact,10,1,1,10,0.093,0.1,0.28,0.357
京都ハイJ,前走馬体重増減=±0,前走馬体重増減,range,10,1,2,16,0.15,0.125,0.28,0.446
京都ハイJ,産地=安平町,産地,exact,10,2,2,16,0.15,0.125,0.28,0.446
京都ハイJ,間隔=中13週以上,間隔,range,10,2,2,15,0.14,0.133,0.28,0.476
京都ハイJ,前走着順=二桁着順,前走着順,range,10,2,2,15,0.14,0.133,0.28,0.476
京都ハイJ,前3角=最後方寄り(相対85%超),前3角,derived,10,2,2,15,0.14,0.133,0.28,0.476
京都ハイJ,前走馬体重増減=+10kg以上,前走馬体重増減,range,10,2,2,14,0.131,0.143,0.28,0.51
京都大賞,間隔=中9〜12週,間隔,range,10,0,0,12,0.09,0.0,0.224,0.0
京都大賞,馬体重増減=+10kg以上,馬体重増減,range,10,1,1,18,0.134,0.056,0.224,0.248
京都大賞,前3角=最後方寄り(相対85%超),前3角,derived,10,1,1,15,0.112,0.067,0.224,0.298
京都大賞,前クラス名=G2,前クラス名,exact,10,2,2,29,0.216,0.069,0.224,0.308
京都大賞,産地=新ひだか町,産地,exact,10,1,1,11,0.082,0.091,0.224,0.406
京都大賞,年齢=8歳,年齢,exact,10,1,1,10,0.075,0.1,0.224,0.447
京都大賞,前走馬番=12,前走馬番,exact,10,1,1,10,0.075,0.1,0.224,0.447
京都大賞,前クラス名=オープン,前クラス名,exact,10,2,2,17,0.127,0.118,0.224,0.525
京都新聞,産地=日高町,産地,exact,10,0,0,13,0.096,0.0,0.221,0.0
京都新聞,前走Ｒ=5,前走Ｒ,exact,10,0,0,12,0.088,0.0,0.221,0.0
京都新聞,前クラス名=未勝利,前クラス名,exact,10,1,1,30,0.221,0.033,0.221,0.151
京都新聞,前走レース名=未勝利,前走レース名,exact,10,1,1,29,0.213,0.034,0.221,0.156
京都新聞,前走頭数=16,前走頭数,exact,10,1,1,16,0.118,0.062,0.221,0.283
京都新聞,前走頭数=17頭以上,前走頭数,range,10,1,1,14,0.103,0.071,0.221,0.324
京都新聞,前走人気=10人気以下,前走人気,range,10,1,1,14,0.103,0.071,0.221,0.324
京都新聞,前走Ｒ=4,前走Ｒ,exact,10,1,1,14,0.103,0.071,0.221,0.324
京都新聞,前走馬番=7,前走馬番,exact,10,1,1,13,0.096,0.077,0.221,0.349
京都新聞,種牡馬=ハービンジャー,種牡馬,exact,10,1,1,12,0.088,0.083,0.221,0.378
京都新聞,毛色=青鹿,毛色,exact,10,1,1,12,0.088,0.083,0.221,0.378
京都新聞,前走頭数=18,前走頭数,exact,10,1,1,11,0.081,0.091,0.221,0.412
京都新聞,前走頭数=13,前走頭数,exact,10,1,1,11,0.081,0.091,0.221,0.412
京都新聞,前3角=1番手,前3角,derived,10,1,1,10,0.074,0.1,0.221,0.453
京都新聞,前4角=1番手,前4角,derived,10,1,1,10,0.074,0.1,0.221,0.453
京都新聞,前走開催=3中8,前走開催,exact,10,1,1,10,0.074,0.1,0.221,0.453
京都新聞,前走馬番=8,前走馬番,exact,10,1,1,10,0.074,0.1,0.221,0.453
京都新聞,前3角=最後方寄り(相対85%超),前3角,derived,10,2,2,17,0.125,0.118,0.221,0.533
京都牝馬,前走斤量=52,前走斤量,exact,10,0,0,12,0.07,0.0,0.175,0.0
京都牝馬,前走Ｒ=12,前走Ｒ,exact,10,0,0,10,0.058,0.0,0.175,0.0
京都牝馬,前走着差=1.0秒以上,前走着差タイム,range,10,1,1,40,0.234,0.025,0.175,0.143
京都牝馬,前クラス名=オープン,前クラス名,exact,10,1,1,32,0.187,0.031,0.175,0.178
京都牝馬,前3角=最後方寄り(相対85%超),前3角,derived,10,1,1,20,0.117,0.05,0.175,0.285
京都牝馬,距離ローテ=距離延長,距離ローテ,derived,10,2,3,54,0.316,0.056,0.175,0.317
京都牝馬,前距離=1200,前距離,exact,10,2,3,52,0.304,0.058,0.175,0.329
京都牝馬,前4角=最後方寄り(相対85%超),前4角,derived,10,1,1,17,0.099,0.059,0.175,0.335
京都牝馬,前走人気=10人気以下,前走人気,range,10,2,3,47,0.275,0.064,0.175,0.364
京都牝馬,前走斤量=56,前走斤量,exact,10,1,1,12,0.07,0.083,0.175,0.475
京都牝馬,前走馬場状態=稍,前走馬場状態,exact,10,2,2,24,0.14,0.083,0.175,0.475
京都牝馬,前走馬番=11,前走馬番,exact,10,1,1,11,0.064,0.091,0.175,0.518
京都牝馬,前走馬番=12,前走馬番,exact,10,1,1,11,0.064,0.091,0.175,0.518
京都牝馬,馬体重増減=±0,馬体重増減,range,10,2,2,22,0.129,0.091,0.175,0.518
京都記念,前3角=最後方寄り(相対85%超),前3角,derived,10,0,0,17,0.145,0.0,0.256,0.0
京都記念,前4角=最後方寄り(相対85%超),前4角,derived,10,0,0,14,0.12,0.0,0.256,0.0
京都記念,前3角=後方(相対65%超),前3角,derived,10,2,2,41,0.35,0.049,0.256,0.19
京都記念,前4角=後方(相対65%超),前4角,derived,10,2,2,41,0.35,0.049,0.256,0.19
京都記念,前走レース名=日経新春HG2,前走レース名,exact,10,2,2,21,0.179,0.095,0.256,0.371
京都記念,産地=日高町,産地,exact,10,1,1,10,0.085,0.1,0.256,0.39
京都記念,前走頭数=12,前走頭数,exact,10,1,1,10,0.085,0.1,0.256,0.39
京都金杯H,前走馬番=3,前走馬番,exact,10,0,0,11,0.066,0.0,0.18,0.0
京都金杯H,前走頭数=15,前走頭数,exact,10,0,0,11,0.066,0.0,0.18,0.0
京都金杯H,年齢=7歳,年齢,exact,10,1,1,29,0.174,0.034,0.18,0.192
京都金杯H,産地=浦河町,産地,exact,10,1,1,22,0.132,0.045,0.18,0.253
京都金杯H,前走上り3F=35秒台,前走上り3F,range,10,2,2,37,0.222,0.054,0.18,0.301
京都金杯H,前走馬番=8,前走馬番,exact,10,1,1,15,0.09,0.067,0.18,0.371
京都金杯H,前走開催=5東7,前走開催,exact,10,1,1,13,0.078,0.077,0.18,0.428
京都金杯H,前走頭数=18,前走頭数,exact,10,2,3,37,0.222,0.081,0.18,0.451
京都金杯H,前走頭数=12,前走頭数,exact,10,1,1,12,0.072,0.083,0.18,0.464
京都金杯H,間隔=中13週以上,間隔,range,10,1,1,11,0.066,0.091,0.18,0.506
京都金杯H,前走馬番=11,前走馬番,exact,10,1,1,11,0.066,0.091,0.18,0.506
京都金杯H,斤量=53kg以下,斤量,range,10,2,2,21,0.126,0.095,0.18,0.53
京阪杯,前走馬番=9,前走馬番,exact,10,0,0,12,0.071,0.0,0.183,0.0
京阪杯,種牡馬=ダイワメジャー,種牡馬,exact,10,1,1,13,0.077,0.077,0.183,0.419
京阪杯,前走馬番=3,前走馬番,exact,10,1,1,13,0.077,0.077,0.183,0.419
京阪杯,前走馬体重増減=+10kg以上,前走馬体重増減,range,10,1,1,12,0.071,0.083,0.183,0.454
京阪杯,産地=新冠町,産地,exact,10,2,2,24,0.142,0.083,0.183,0.454
京阪杯,前走馬番=12,前走馬番,exact,10,1,1,11,0.065,0.091,0.183,0.496
京阪杯,ブリンカー=B,ブリンカー,exact,10,2,2,22,0.13,0.091,0.183,0.496
京阪杯,産地=安平町,産地,exact,10,2,2,22,0.13,0.091,0.183,0.496
京阪杯,前クラス名=OP(L),前クラス名,exact,10,2,2,21,0.124,0.095,0.183,0.519
京阪杯,前走上り3F=36秒以上,前走上り3F,range,10,1,1,10,0.059,0.1,0.183,0.545
京阪杯,距離ローテ=距離延長,距離ローテ,derived,10,1,1,10,0.059,0.1,0.183,0.545
京阪杯,産地=米,産地,exact,10,1,1,10,0.059,0.1,0.183,0.545
京阪杯,前距離=1000,前距離,exact,10,1,1,10,0.059,0.1,0.183,0.545
京阪杯,前走馬番=13,前走馬番,exact,10,1,1,10,0.059,0.1,0.183,0.545
京阪杯,前走斤量=58,前走斤量,exact,10,1,1,10,0.059,0.1,0.183,0.545
京阪杯,前走馬体重増減=±0,前走馬体重増減,range,10,2,2,20,0.118,0.1,0.183,0.545
京阪杯,前走B=B,前走B,exact,10,2,2,20,0.118,0.1,0.183,0.545
優駿牝馬,前走頭数=14〜16頭,前走頭数,range,10,0,0,23,0.128,0.0,0.167,0.0
優駿牝馬,産地=新ひだか町,産地,exact,10,0,0,18,0.1,0.0,0.167,0.0
優駿牝馬,前3角=1番手,前3角,derived,10,0,0,14,0.078,0.0,0.167,0.0
優駿牝馬,前4角=1番手,前4角,derived,10,0,0,13,0.072,0.0,0.167,0.0
優駿牝馬,前走馬番=10,前走馬番,exact,10,0,0,13,0.072,0.0,0.167,0.0
優駿牝馬,前走頭数=15,前走頭数,exact,10,0,0,11,0.061,0.0,0.167,0.0
優駿牝馬,前走人気=10人気以下,前走人気,range,10,1,1,33,0.183,0.03,0.167,0.182
優駿牝馬,前走上り3F=36秒以上,前走上り3F,range,10,1,1,22,0.122,0.045,0.167,0.273
優駿牝馬,前走馬場状態=重,前走馬場状態,exact,10,1,1,15,0.083,0.067,0.167,0.4
優駿牝馬,前走馬番=4,前走馬番,exact,10,1,1,15,0.083,0.067,0.167,0.4
優駿牝馬,前走馬番=6,前走馬番,exact,10,1,1,14,0.078,0.071,0.167,0.429
優駿牝馬,前距離=1800,前距離,exact,10,2,2,28,0.156,0.071,0.167,0.429
優駿牝馬,間隔=中9〜12週,間隔,range,10,1,1,12,0.067,0.083,0.167,0.5
優駿牝馬,前走開催=2東4,前走開催,exact,10,1,1,12,0.067,0.083,0.167,0.5
優駿牝馬,前クラス名=オープン,前クラス名,exact,10,1,1,12,0.067,0.083,0.167,0.5
優駿牝馬,前クラス名=G3,前クラス名,exact,10,1,1,11,0.061,0.091,0.167,0.545
共同通信,前クラス名=未勝利,前クラス名,exact,10,0,0,10,0.094,0.0,0.283,0.0
共同通信,前走馬番=2,前走馬番,exact,10,0,0,10,0.094,0.0,0.283,0.0
共同通信,前走人気=6〜9人気,前走人気,range,10,1,1,15,0.142,0.067,0.283,0.236
共同通信,キャリア=6〜10戦,キャリア,range,10,1,1,13,0.123,0.077,0.283,0.272
共同通信,前走頭数=17,前走頭数,exact,10,1,1,11,0.104,0.091,0.283,0.321
共同通信,産地=千歳市,産地,exact,10,1,1,10,0.094,0.1,0.283,0.353
共同通信,前走頭数=16,前走頭数,exact,10,2,2,14,0.132,0.143,0.283,0.505
函館2歳,前走人気=6〜9人気,前走人気,range,10,0,0,14,0.095,0.0,0.203,0.0
函館2歳,所属=[地],所属,exact,10,0,0,13,0.088,0.0,0.203,0.0
函館2歳,前走開催=門別,前走開催,exact,10,0,0,13,0.088,0.0,0.203,0.0
函館2歳,馬記号=[地],馬記号,exact,10,0,0,13,0.088,0.0,0.203,0.0
函館2歳,前走馬体重増減=減,前走馬体重増減,range,10,0,0,11,0.074,0.0,0.203,0.0
函館2歳,馬体重増減=-10kg以下,馬体重増減,range,10,0,0,11,0.074,0.0,0.203,0.0
函館2歳,前走頭数=6,前走頭数,exact,10,0,0,11,0.074,0.0,0.203,0.0
函館2歳,前走上り3F=36秒以上,前走上り3F,range,10,2,2,33,0.223,0.061,0.203,0.299
函館2歳,前3角=後半位置(相対50%超),前3角,derived,10,1,1,15,0.101,0.067,0.203,0.329
函館2歳,前走馬番=7,前走馬番,exact,10,1,1,15,0.101,0.067,0.203,0.329
函館スプ,前3角=最後方寄り(相対85%超),前3角,derived,10,0,0,11,0.071,0.0,0.195,0.0
函館スプ,前4角=最後方寄り(相対85%超),前4角,derived,10,0,0,11,0.071,0.0,0.195,0.0
函館スプ,毛色=黒鹿,毛色,exact,10,1,1,27,0.175,0.037,0.195,0.19
函館スプ,前3角=後方(相対65%超),前3角,derived,10,2,2,37,0.24,0.054,0.195,0.277
函館スプ,前4角=後方(相対65%超),前4角,derived,10,2,2,36,0.234,0.056,0.195,0.285
函館スプ,前走から芝替わり,芝ダローテ,derived,10,1,1,14,0.091,0.071,0.195,0.367
函館スプ,前芝・ダ=ダ,前芝・ダ,exact,10,1,1,14,0.091,0.071,0.195,0.367
函館スプ,前走レース名=鞍馬S,前走レース名,exact,10,1,1,12,0.078,0.083,0.195,0.428
函館スプ,馬記号=(外),馬記号,exact,10,1,1,11,0.071,0.091,0.195,0.467
函館スプ,前走開催=2名6,前走開催,exact,10,2,2,22,0.143,0.091,0.195,0.467
函館記念H,年齢=8歳,年齢,exact,10,0,0,11,0.069,0.0,0.189,0.0
函館記念H,前走馬番=2,前走馬番,exact,10,0,0,11,0.069,0.0,0.189,0.0
函館記念H,前走頭数=12,前走頭数,exact,10,0,0,10,0.063,0.0,0.189,0.0
函館記念H,前走頭数=8,前走頭数,exact,10,0,0,10,0.063,0.0,0.189,0.0
函館記念H,前3角=最後方寄り(相対85%超),前3角,derived,10,1,1,21,0.132,0.048,0.189,0.252
函館記念H,前走頭数=11〜13頭,前走頭数,range,10,1,2,35,0.22,0.057,0.189,0.303
函館記念H,多頭出し=*,多頭出し,exact,10,2,2,28,0.176,0.071,0.189,0.379
函館記念H,前走頭数=10頭以下,前走頭数,range,10,2,2,26,0.164,0.077,0.189,0.408
函館記念H,前走馬体重増減=+10kg以上,前走馬体重増減,range,10,1,1,12,0.075,0.083,0.189,0.442
函館記念H,前走開催=1新4,前走開催,exact,10,1,1,12,0.075,0.083,0.189,0.442
函館記念H,前走馬番=6,前走馬番,exact,10,1,1,12,0.075,0.083,0.189,0.442
函館記念H,前走斤量=54,前走斤量,exact,10,1,1,12,0.075,0.083,0.189,0.442
函館記念H,前4角=最後方寄り(相対85%超),前4角,derived,10,2,2,23,0.145,0.087,0.189,0.461
函館記念H,前走頭数=11,前走頭数,exact,10,1,2,23,0.145,0.087,0.189,0.461
函館記念H,前走開催=1函8,前走開催,exact,10,1,1,11,0.069,0.091,0.189,0.482
函館記念H,毛色=青鹿,毛色,exact,10,1,1,11,0.069,0.091,0.189,0.482
函館記念H,前走頭数=10,前走頭数,exact,10,1,1,11,0.069,0.091,0.189,0.482
函館記念H,前クラス名=OP(L),前クラス名,exact,10,1,1,10,0.063,0.1,0.189,0.53
北九州記H,前走上り3F=36秒以上,前走上り3F,range,10,0,0,11,0.063,0.0,0.172,0.0
北九州記H,年齢=7歳以上,年齢,range,10,1,1,31,0.178,0.032,0.172,0.187
北九州記H,前走着差=1.0秒以上,前走着差タイム,range,10,1,1,27,0.155,0.037,0.172,0.215
北九州記H,前走着順=二桁着順,前走着順,range,10,2,2,51,0.293,0.039,0.172,0.227
北九州記H,年齢=7歳,年齢,exact,10,1,1,23,0.132,0.043,0.172,0.252
北九州記H,距離ローテ=距離短縮,距離ローテ,derived,10,1,1,23,0.132,0.043,0.172,0.252
北九州記H,前距離=1400,前距離,exact,10,1,1,19,0.109,0.053,0.172,0.305
北九州記H,前走B=B,前走B,exact,10,1,1,18,0.103,0.056,0.172,0.322
北九州記H,前走斤量=56,前走斤量,exact,10,2,3,44,0.253,0.068,0.172,0.395
北九州記H,馬体重増減=±0,馬体重増減,range,10,1,2,25,0.144,0.08,0.172,0.464
北九州記H,斤量=54kg,斤量,range,10,2,3,36,0.207,0.083,0.172,0.483
大阪杯,前走人気=6〜9人気,前走人気,range,8,0,0,17,0.145,0.0,0.205,0.0
大阪杯,年齢=7歳以上,年齢,range,8,0,0,15,0.128,0.0,0.205,0.0
大阪杯,間隔=中9〜12週,間隔,range,8,0,0,12,0.103,0.0,0.205,0.0
大阪杯,前走人気=10人気以下,前走人気,range,8,0,0,11,0.094,0.0,0.205,0.0
大阪杯,年齢=6歳,年齢,exact,8,1,1,19,0.162,0.053,0.205,0.257
大阪杯,馬体重増減=-10kg以下,馬体重増減,range,8,1,1,15,0.128,0.067,0.205,0.325
大阪杯,前走着順=二桁着順,前走着順,range,8,1,1,14,0.12,0.071,0.205,0.348
大阪杯,キャリア=21戦以上,キャリア,range,8,1,2,27,0.231,0.074,0.205,0.361
大阪杯,産地=新ひだか町,産地,exact,8,1,1,13,0.111,0.077,0.205,0.375
大阪杯,前走頭数=14,前走頭数,exact,8,1,1,13,0.111,0.077,0.205,0.375
大阪杯,前走レース名=小倉大賞HG3,前走レース名,exact,8,1,1,12,0.103,0.083,0.205,0.406
大阪杯,種牡馬=キングカメハメハ,種牡馬,exact,8,1,1,10,0.085,0.1,0.205,0.488
大阪杯,毛色=青鹿,毛色,exact,8,1,1,10,0.085,0.1,0.205,0.488
大阪杯,馬体重増減=±0,馬体重増減,range,8,2,2,20,0.171,0.1,0.205,0.488
天皇賞春,前4角=後方(相対65%超),前4角,derived,10,0,0,31,0.187,0.0,0.181,0.0
天皇賞春,前走人気=10人気以下,前走人気,range,10,0,0,23,0.139,0.0,0.181,0.0
天皇賞春,前3角=最後方寄り(相対85%超),前3角,derived,10,0,0,16,0.096,0.0,0.181,0.0
天皇賞春,種牡馬=キングカメハメハ,種牡馬,exact,10,0,0,15,0.09,0.0,0.181,0.0
天皇賞春,前走馬番=10,前走馬番,exact,10,0,0,13,0.078,0.0,0.181,0.0
天皇賞春,母父馬=ダンスインザダーク,母父馬,exact,10,0,0,11,0.066,0.0,0.181,0.0
天皇賞春,馬主(最新/仮想)=金子真人ホールディングス,馬主(最新/仮想),exact,10,0,0,11,0.066,0.0,0.181,0.0
天皇賞春,前4角=最後方寄り(相対85%超),前4角,derived,10,0,0,10,0.06,0.0,0.181,0.0
天皇賞春,母父馬=サンデーサイレンス,母父馬,exact,10,0,0,10,0.06,0.0,0.181,0.0
天皇賞春,前4角=後半位置(相対50%超),前4角,derived,10,2,2,52,0.313,0.038,0.181,0.213
天皇賞春,前走頭数=12,前走頭数,exact,10,1,1,19,0.114,0.053,0.181,0.291
天皇賞春,年齢=8歳,年齢,exact,10,1,1,16,0.096,0.062,0.181,0.346
天皇賞春,前走着順=二桁着順,前走着順,range,10,1,1,16,0.096,0.062,0.181,0.346
天皇賞春,ブリンカー=B,ブリンカー,exact,10,1,1,15,0.09,0.067,0.181,0.369
天皇賞春,前走B=B,前走B,exact,10,1,1,15,0.09,0.067,0.181,0.369
天皇賞春,斤量=56kg,斤量,range,10,1,1,14,0.084,0.071,0.181,0.395
天皇賞春,斤量=56kg以下,斤量,range,10,1,1,14,0.084,0.071,0.181,0.395
天皇賞春,性別=牝,性別,exact,10,1,1,14,0.084,0.071,0.181,0.395
天皇賞春,前走人気=6〜9人気,前走人気,range,10,2,3,41,0.247,0.073,0.181,0.405
天皇賞春,前走馬場状態=重,前走馬場状態,exact,10,1,1,13,0.078,0.077,0.181,0.426
天皇賞春,種牡馬=オルフェーヴル,種牡馬,exact,10,1,1,13,0.078,0.077,0.181,0.426
天皇賞春,産地=新ひだか町,産地,exact,10,2,2,26,0.157,0.077,0.181,0.426
天皇賞春,前走馬番=1,前走馬番,exact,10,1,1,12,0.072,0.083,0.181,0.461
天皇賞春,毛色=黒鹿,毛色,exact,10,2,2,24,0.145,0.083,0.181,0.461
天皇賞秋,年齢=6歳,年齢,exact,10,0,0,26,0.171,0.0,0.197,0.0
天皇賞秋,毛色=栗毛,毛色,exact,10,0,0,26,0.171,0.0,0.197,0.0
天皇賞秋,年齢=7歳以上,年齢,range,10,0,0,21,0.138,0.0,0.197,0.0
天皇賞秋,年齢=7歳,年齢,exact,10,0,0,16,0.105,0.0,0.197,0.0
天皇賞秋,前走人気=10人気以下,前走人気,range,10,0,0,16,0.105,0.0,0.197,0.0
天皇賞秋,調教師=友道康夫,調教師,exact,10,0,0,12,0.079,0.0,0.197,0.0
天皇賞秋,前4角=最後方寄り(相対85%超),前4角,derived,10,0,0,11,0.072,0.0,0.197,0.0
天皇賞秋,前クラス名=G3,前クラス名,exact,10,0,0,11,0.072,0.0,0.197,0.0
天皇賞秋,ブリンカー=B,ブリンカー,exact,10,0,0,10,0.066,0.0,0.197,0.0
天皇賞秋,前走馬番=4,前走馬番,exact,10,0,0,10,0.066,0.0,0.197,0.0
天皇賞秋,キャリア=21戦以上,キャリア,range,10,2,2,50,0.329,0.04,0.197,0.203
天皇賞秋,前走レース名=オールカG2,前走レース名,exact,10,1,1,19,0.125,0.053,0.197,0.267
天皇賞秋,前走馬体重増減=±0,前走馬体重増減,range,10,1,1,18,0.118,0.056,0.197,0.281
天皇賞秋,産地=新冠町,産地,exact,10,1,1,18,0.118,0.056,0.197,0.281
天皇賞秋,間隔=中5〜8週,間隔,range,10,2,2,29,0.191,0.069,0.197,0.349
天皇賞秋,馬主(最新/仮想)=金子真人ホールディングス,馬主(最新/仮想),exact,10,1,1,14,0.092,0.071,0.197,0.362
天皇賞秋,前走開催=4中7,前走開催,exact,10,1,1,13,0.086,0.077,0.197,0.39
天皇賞秋,前走レース名=京都大賞G2,前走レース名,exact,10,1,1,12,0.079,0.083,0.197,0.422
天皇賞秋,前騎手=岩田康誠,前騎手,exact,10,1,1,12,0.079,0.083,0.197,0.422
天皇賞秋,種牡馬=ハーツクライ,種牡馬,exact,10,1,1,11,0.072,0.091,0.197,0.461
天皇賞秋,調教師=池江泰寿,調教師,exact,10,1,1,10,0.066,0.1,0.197,0.507
天皇賞秋,前走着順=二桁着順,前走着順,range,10,2,2,20,0.132,0.1,0.197,0.507
天皇賞秋,馬体重増減=-10kg以下,馬体重増減,range,10,2,2,20,0.132,0.1,0.197,0.507
天皇賞秋,前3角=最後方寄り(相対85%超),前3角,derived,10,2,2,20,0.132,0.1,0.197,0.507
天皇賞秋,前走頭数=10頭以下,前走頭数,range,10,2,2,19,0.125,0.105,0.197,0.533
安田記念,前走人気=10人気以下,前走人気,range,10,0,0,13,0.081,0.0,0.186,0.0
安田記念,前走上り3F=36秒以上,前走上り3F,range,10,0,0,12,0.075,0.0,0.186,0.0
安田記念,産地=新ひだか町,産地,exact,10,0,0,12,0.075,0.0,0.186,0.0
安田記念,前走着差=1.0秒以上,前走着差タイム,range,10,1,1,20,0.124,0.05,0.186,0.268
安田記念,前走人気=6〜9人気,前走人気,range,10,2,2,36,0.224,0.056,0.186,0.298
安田記念,前走開催=2阪4,前走開催,exact,10,1,1,17,0.106,0.059,0.186,0.316
安田記念,前走レース名=大阪杯G1,前走レース名,exact,10,1,1,15,0.093,0.067,0.186,0.358
安田記念,産地=新冠町,産地,exact,10,1,1,15,0.093,0.067,0.186,0.358
安田記念,前走頭数=10頭以下,前走頭数,range,10,1,1,13,0.081,0.077,0.186,0.413
安田記念,種牡馬=ダイワメジャー,種牡馬,exact,10,1,1,13,0.081,0.077,0.186,0.413
安田記念,年齢=7歳以上,年齢,range,10,2,2,26,0.161,0.077,0.186,0.413
安田記念,前走馬番=11,前走馬番,exact,10,1,1,12,0.075,0.083,0.186,0.447
安田記念,馬主(最新/仮想)=キャロットファーム,馬主(最新/仮想),exact,10,1,1,11,0.068,0.091,0.186,0.488
安田記念,馬主(最新/仮想)=ダノックス,馬主(最新/仮想),exact,10,1,1,11,0.068,0.091,0.186,0.488
安田記念,前走馬番=9,前走馬番,exact,10,1,1,11,0.068,0.091,0.186,0.488
安田記念,前走馬体重増減=-10kg以下,前走馬体重増減,range,10,1,1,10,0.062,0.1,0.186,0.537
安田記念,前走馬番=7,前走馬番,exact,10,1,1,10,0.062,0.1,0.186,0.537
宝塚記念,種牡馬=ステイゴールド,種牡馬,exact,10,0,0,12,0.079,0.0,0.199,0.0
宝塚記念,ブリンカー=B,ブリンカー,exact,10,0,0,10,0.066,0.0,0.199,0.0
宝塚記念,前走馬番=2,前走馬番,exact,10,0,0,10,0.066,0.0,0.199,0.0
宝塚記念,年齢=7歳以上,年齢,range,10,1,1,28,0.185,0.036,0.199,0.18
宝塚記念,前走人気=10人気以下,前走人気,range,10,1,1,28,0.185,0.036,0.199,0.18
宝塚記念,前走着差=1.0秒以上,前走着差タイム,range,10,1,1,25,0.166,0.04,0.199,0.201
宝塚記念,年齢=7歳,年齢,exact,10,1,1,21,0.139,0.048,0.199,0.24
宝塚記念,前走着順=二桁着順,前走着順,range,10,1,1,18,0.119,0.056,0.199,0.28
宝塚記念,前3角=後方(相対65%超),前3角,derived,10,2,2,33,0.219,0.061,0.199,0.305
宝塚記念,毛色=栗毛,毛色,exact,10,2,2,27,0.179,0.074,0.199,0.373
宝塚記念,前走開催=3阪1,前走開催,exact,10,1,1,13,0.086,0.077,0.199,0.387
宝塚記念,前4角=後方(相対65%超),前4角,derived,10,2,2,26,0.172,0.077,0.199,0.387
宝塚記念,馬体重増減=±0,馬体重増減,range,10,2,2,23,0.152,0.087,0.199,0.438
宝塚記念,産地=新冠町,産地,exact,10,2,2,23,0.152,0.087,0.199,0.438
宝塚記念,前走馬番=3,前走馬番,exact,10,1,1,11,0.073,0.091,0.199,0.458
宝塚記念,前クラス名=G2,前クラス名,exact,10,2,2,22,0.146,0.091,0.199,0.458
宝塚記念,前3角=最後方寄り(相対85%超),前3角,derived,10,1,1,10,0.066,0.1,0.199,0.503
宝塚記念,前4角=最後方寄り(相対85%超),前4角,derived,10,1,1,10,0.066,0.1,0.199,0.503
宝塚記念,性別=セ,性別,exact,10,1,1,10,0.066,0.1,0.199,0.503
宝塚記念,調教師=音無秀孝,調教師,exact,10,1,1,10,0.066,0.1,0.199,0.503
宝塚記念,前走馬番=5,前走馬番,exact,10,1,1,10,0.066,0.1,0.199,0.503
富士S,年齢=7歳以上,年齢,range,10,0,0,12,0.079,0.0,0.199,0.0
富士S,距離ローテ=距離延長,距離ローテ,derived,10,0,0,12,0.079,0.0,0.199,0.0
富士S,前クラス名=OP(L),前クラス名,exact,10,0,0,11,0.073,0.0,0.199,0.0
富士S,前距離=1400,前距離,exact,10,0,0,10,0.066,0.0,0.199,0.0
富士S,年齢=6歳,年齢,exact,10,1,1,28,0.185,0.036,0.199,0.18
富士S,間隔=中4週以内,間隔,range,10,1,1,20,0.132,0.05,0.199,0.252
富士S,前走斤量=54,前走斤量,exact,10,1,1,18,0.119,0.056,0.199,0.28
富士S,前クラス名=オープン,前クラス名,exact,10,1,1,14,0.093,0.071,0.199,0.36
富士S,産地=新冠町,産地,exact,10,1,1,14,0.093,0.071,0.199,0.36
富士S,ブリンカー=B,ブリンカー,exact,10,1,1,12,0.079,0.083,0.199,0.419
富士S,毛色=栗毛,毛色,exact,10,2,2,23,0.152,0.087,0.199,0.438
富士S,前走Ｒ=10,前走Ｒ,exact,10,1,1,11,0.073,0.091,0.199,0.458
富士S,前走上り3F=36秒以上,前走上り3F,range,10,2,2,22,0.146,0.091,0.199,0.458
富士S,前騎手=川田将雅,前騎手,exact,10,1,1,10,0.066,0.1,0.199,0.503
富士S,前走B=B,前走B,exact,10,1,1,10,0.066,0.1,0.199,0.503
富士S,種牡馬=ダイワメジャー,種牡馬,exact,10,1,1,10,0.066,0.1,0.199,0.503
富士S,前走馬番=1,前走馬番,exact,10,1,1,10,0.066,0.1,0.199,0.503
小倉2歳,前4角=後半位置(相対50%超),前4角,derived,10,0,0,16,0.118,0.0,0.221,0.0
小倉2歳,取引市場(最終)=北海道サマーセール,取引市場(最終),exact,10,0,0,15,0.11,0.0,0.221,0.0
小倉2歳,前走頭数=7,前走頭数,exact,10,0,0,11,0.081,0.0,0.221,0.0
小倉2歳,前3角=後半位置(相対50%超),前3角,derived,10,1,1,14,0.103,0.071,0.221,0.324
小倉2歳,毛色=黒鹿,毛色,exact,10,2,2,25,0.184,0.08,0.221,0.363
小倉2歳,前走馬番=10,前走馬番,exact,10,1,1,11,0.081,0.091,0.221,0.412
小倉2歳,前走から芝替わり,芝ダローテ,derived,10,1,1,10,0.074,0.1,0.221,0.453
小倉2歳,前走開催=2小1,前走開催,exact,10,1,1,10,0.074,0.1,0.221,0.453
小倉2歳,前走レース名=ひまわり,前走レース名,exact,10,1,1,10,0.074,0.1,0.221,0.453
小倉2歳,前芝・ダ=ダ,前芝・ダ,exact,10,1,1,10,0.074,0.1,0.221,0.453
小倉2歳,前4角=4〜6番手,前4角,derived,10,2,2,18,0.132,0.111,0.221,0.504
小倉サマJ,前4角=後方(相対65%超),前4角,derived,9,1,1,14,0.139,0.071,0.267,0.267
小倉サマJ,前走レース名=障害未勝利,前走レース名,exact,9,1,1,12,0.119,0.083,0.267,0.312
小倉サマJ,前クラス名=未勝利,前クラス名,exact,9,1,1,12,0.119,0.083,0.267,0.312
小倉サマJ,年齢=4歳,年齢,exact,9,1,1,11,0.109,0.091,0.267,0.34
小倉サマJ,馬体重増減=-10kg以下,馬体重増減,range,9,1,1,11,0.109,0.091,0.267,0.34
小倉サマJ,キャリア=11〜20戦,キャリア,range,9,2,2,20,0.198,0.1,0.267,0.374
小倉サマJ,所属=(美),所属,exact,9,2,2,15,0.149,0.133,0.267,0.499
小倉サマJ,年齢=8歳,年齢,exact,9,2,2,14,0.139,0.143,0.267,0.534
小倉大賞H,ブリンカー=B,ブリンカー,exact,10,1,1,19,0.122,0.053,0.192,0.274
小倉大賞H,母父馬=サンデーサイレンス,母父馬,exact,10,1,1,16,0.103,0.062,0.192,0.325
小倉大賞H,斤量=56kg,斤量,range,10,2,2,31,0.199,0.065,0.192,0.335
小倉大賞H,前走B=B,前走B,exact,10,1,1,15,0.096,0.067,0.192,0.347
小倉大賞H,前クラス名=OP(L),前クラス名,exact,10,1,1,15,0.096,0.067,0.192,0.347
小倉大賞H,前走斤量=58,前走斤量,exact,10,1,1,13,0.083,0.077,0.192,0.4
小倉大賞H,前走頭数=13,前走頭数,exact,10,1,1,13,0.083,0.077,0.192,0.4
小倉大賞H,前走馬体重増減=±0,前走馬体重増減,range,10,1,2,25,0.16,0.08,0.192,0.416
小倉大賞H,前走馬番=3,前走馬番,exact,10,1,1,10,0.064,0.1,0.192,0.52
小倉大賞H,前走馬番=5,前走馬番,exact,10,1,1,10,0.064,0.1,0.192,0.52
小倉大賞H,毛色=栗毛,毛色,exact,10,2,3,30,0.192,0.1,0.192,0.52
小倉大賞H,産地=浦河町,産地,exact,10,1,2,19,0.122,0.105,0.192,0.547
小倉記念H,前走馬番=5,前走馬番,exact,10,0,0,15,0.111,0.0,0.222,0.0
小倉記念H,前走馬番=4,前走馬番,exact,10,0,0,12,0.089,0.0,0.222,0.0
小倉記念H,前クラス名=オープン,前クラス名,exact,10,1,1,14,0.104,0.071,0.222,0.321
小倉記念H,年齢=7歳以上,年齢,range,10,1,2,27,0.2,0.074,0.222,0.333
小倉記念H,前走馬場状態=稍,前走馬場状態,exact,10,2,2,24,0.178,0.083,0.222,0.375
小倉記念H,馬体重増減=±0,馬体重増減,range,10,2,2,21,0.156,0.095,0.222,0.429
小倉記念H,年齢=7歳,年齢,exact,10,1,2,20,0.148,0.1,0.222,0.45
平安S,前走馬体重増減=±0,前走馬体重増減,range,10,0,0,21,0.134,0.0,0.191,0.0
平安S,前3角=最後方寄り(相対85%超),前3角,derived,10,0,0,18,0.115,0.0,0.191,0.0
平安S,前4角=最後方寄り(相対85%超),前4角,derived,10,0,0,17,0.108,0.0,0.191,0.0
平安S,馬体重増減=-10kg以下,馬体重増減,range,10,0,0,12,0.076,0.0,0.191,0.0
平安S,母父馬=サンデーサイレンス,母父馬,exact,10,0,0,12,0.076,0.0,0.191,0.0
平安S,前走馬番=10,前走馬番,exact,10,0,0,10,0.064,0.0,0.191,0.0
平安S,所属=(美),所属,exact,10,1,1,32,0.204,0.031,0.191,0.164
平安S,前4角=後方(相対65%超),前4角,derived,10,2,2,35,0.223,0.057,0.191,0.299
平安S,前走馬場状態=不,前走馬場状態,exact,10,1,1,17,0.108,0.059,0.191,0.308
平安S,前走人気=10人気以下,前走人気,range,10,2,2,33,0.21,0.061,0.191,0.317
平安S,多頭出し=*,多頭出し,exact,10,1,1,16,0.102,0.062,0.191,0.327
平安S,前走馬番=6,前走馬番,exact,10,1,1,14,0.089,0.071,0.191,0.374
平安S,前走馬番=2,前走馬番,exact,10,1,1,13,0.083,0.077,0.191,0.403
平安S,前走上り3F=35秒台,前走上り3F,range,10,1,1,12,0.076,0.083,0.191,0.436
平安S,取引市場(最終)=北海道サマーセール,取引市場(最終),exact,10,1,1,12,0.076,0.083,0.191,0.436
平安S,前走頭数=15,前走頭数,exact,10,1,1,12,0.076,0.083,0.191,0.436
平安S,前走馬番=5,前走馬番,exact,10,1,1,11,0.07,0.091,0.191,0.476
平安S,取引市場(最終)=セレクトセール,取引市場(最終),exact,10,2,2,22,0.14,0.091,0.191,0.476
平安S,年齢=8歳,年齢,exact,10,1,1,10,0.064,0.1,0.191,0.523
平安S,前走斤量=54,前走斤量,exact,10,1,1,10,0.064,0.1,0.191,0.523
平安S,前走馬場状態=稍,前走馬場状態,exact,10,2,2,20,0.127,0.1,0.191,0.523
弥生賞,前走着差=1.0秒以上,前走着差タイム,range,10,0,0,16,0.148,0.0,0.278,0.0
弥生賞,前クラス名=未勝利,前クラス名,exact,10,0,0,11,0.102,0.0,0.278,0.0
弥生賞,産地=日高町,産地,exact,10,0,0,11,0.102,0.0,0.278,0.0
弥生賞,前クラス名=500万,前クラス名,exact,10,1,1,18,0.167,0.056,0.278,0.2
弥生賞,前4角=1番手,前4角,derived,10,1,1,14,0.13,0.071,0.278,0.257
弥生賞,前走Ｒ=9,前走Ｒ,exact,10,2,2,23,0.213,0.087,0.278,0.313
弥生賞,前3角=1番手,前3角,derived,10,1,1,11,0.102,0.091,0.278,0.327
弥生賞,前騎手=戸崎圭太,前騎手,exact,10,1,1,10,0.093,0.1,0.278,0.36
弥生賞,前走頭数=16,前走頭数,exact,10,2,3,20,0.185,0.15,0.278,0.54
愛知杯H,種牡馬=ハーツクライ,種牡馬,exact,10,0,0,14,0.086,0.0,0.185,0.0
愛知杯H,前走頭数=14,前走頭数,exact,10,0,0,12,0.074,0.0,0.185,0.0
愛知杯H,前走馬番=8,前走馬番,exact,10,0,0,11,0.068,0.0,0.185,0.0
愛知杯H,取引市場(最終)=セレクトセール,取引市場(最終),exact,10,1,1,17,0.105,0.059,0.185,0.318
愛知杯H,産地=新冠町,産地,exact,10,1,1,17,0.105,0.059,0.185,0.318
愛知杯H,前走馬番=5,前走馬番,exact,10,1,1,15,0.093,0.067,0.185,0.36
愛知杯H,前3角=1番手,前3角,derived,10,1,1,13,0.08,0.077,0.185,0.415
愛知杯H,前4角=1番手,前4角,derived,10,1,1,13,0.08,0.077,0.185,0.415
愛知杯H,前距離=1800,前距離,exact,10,2,3,35,0.216,0.086,0.185,0.463
愛知杯H,前走馬番=4,前走馬番,exact,10,1,1,11,0.068,0.091,0.185,0.491
愛知杯H,前クラス名=OP(L),前クラス名,exact,10,1,1,10,0.062,0.1,0.185,0.54
新潟2歳,前走上り3F=36秒以上,前走上り3F,range,10,0,0,19,0.137,0.0,0.216,0.0
新潟2歳,前クラス名=オープン,前クラス名,exact,10,0,0,17,0.122,0.0,0.216,0.0
新潟2歳,前走Ｒ=9,前走Ｒ,exact,10,0,0,16,0.115,0.0,0.216,0.0
新潟2歳,前走レース名=ダリア賞,前走レース名,exact,10,0,0,14,0.101,0.0,0.216,0.0
新潟2歳,産地=新ひだか町,産地,exact,10,1,1,31,0.223,0.032,0.216,0.149
新潟2歳,前走開催=2新3,前走開催,exact,10,1,1,16,0.115,0.062,0.216,0.29
新潟2歳,馬体重増減=減,馬体重増減,range,10,2,2,28,0.201,0.071,0.216,0.331
新潟2歳,前走開催=2新2,前走開催,exact,10,1,1,12,0.086,0.083,0.216,0.386
新潟2歳,前騎手=戸崎圭太,前騎手,exact,10,1,1,11,0.079,0.091,0.216,0.421
新潟2歳,馬体重増減=+10kg以上,馬体重増減,range,10,2,2,22,0.158,0.091,0.216,0.421
新潟2歳,産地=浦河町,産地,exact,10,2,2,19,0.137,0.105,0.216,0.488
新潟ジャJ,前走人気=10人気以下,前走人気,range,10,0,0,12,0.093,0.0,0.233,0.0
新潟ジャJ,毛色=栗毛,毛色,exact,10,1,1,16,0.124,0.062,0.233,0.269
新潟ジャJ,前走レース名=障害未勝利,前走レース名,exact,10,1,1,12,0.093,0.083,0.233,0.358
新潟ジャJ,前クラス名=未勝利,前クラス名,exact,10,1,1,12,0.093,0.083,0.233,0.358
新潟ジャJ,前距離=3380,前距離,exact,10,1,1,12,0.093,0.083,0.233,0.358
新潟ジャJ,前走から芝替わり,芝ダローテ,derived,10,1,1,10,0.078,0.1,0.233,0.43
新潟ジャJ,前芝・ダ=ダ,前芝・ダ,exact,10,1,1,10,0.078,0.1,0.233,0.43
新潟ジャJ,前距離=2750,前距離,exact,10,1,1,10,0.078,0.1,0.233,0.43
新潟ジャJ,産地=新冠町,産地,exact,10,2,2,19,0.147,0.105,0.233,0.453
新潟大賞H,斤量=53kg以下,斤量,range,10,0,0,14,0.089,0.0,0.191,0.0
新潟大賞H,産地=新ひだか町,産地,exact,10,0,0,13,0.083,0.0,0.191,0.0
新潟大賞H,前走馬体重増減=-10kg以下,前走馬体重増減,range,10,0,0,12,0.076,0.0,0.191,0.0
新潟大賞H,性別=セ,性別,exact,10,0,0,11,0.07,0.0,0.191,0.0
新潟大賞H,前走馬番=15,前走馬番,exact,10,0,0,10,0.064,0.0,0.191,0.0
新潟大賞H,多頭出し=*,多頭出し,exact,10,1,1,16,0.102,0.062,0.191,0.327
新潟大賞H,前走頭数=12,前走頭数,exact,10,1,1,16,0.102,0.062,0.191,0.327
新潟大賞H,前走レース名=小倉大賞HG3,前走レース名,exact,10,1,1,15,0.096,0.067,0.191,0.349
新潟大賞H,前クラス名=G3,前クラス名,exact,10,2,3,41,0.261,0.073,0.191,0.383
新潟大賞H,年齢=8歳,年齢,exact,10,1,1,13,0.083,0.077,0.191,0.403
新潟大賞H,前走レース名=福島民H(L),前走レース名,exact,10,1,1,13,0.083,0.077,0.191,0.403
新潟大賞H,前4角=最後方寄り(相対85%超),前4角,derived,10,2,2,25,0.159,0.08,0.191,0.419
新潟大賞H,前クラス名=OP(L),前クラス名,exact,10,2,2,25,0.159,0.08,0.191,0.419
新潟大賞H,前走馬番=13,前走馬番,exact,10,1,1,11,0.07,0.091,0.191,0.476
新潟大賞H,前走頭数=14,前走頭数,exact,10,2,2,21,0.134,0.095,0.191,0.498
新潟大賞H,前走馬番=7,前走馬番,exact,10,1,1,10,0.064,0.1,0.191,0.523
新潟大賞H,前走頭数=18,前走頭数,exact,10,1,1,10,0.064,0.1,0.191,0.523
新潟記念H,産地=浦河町,産地,exact,10,0,0,16,0.095,0.0,0.178,0.0
新潟記念H,前3角=最後方寄り(相対85%超),前3角,derived,10,1,1,27,0.16,0.037,0.178,0.209
新潟記念H,前4角=最後方寄り(相対85%超),前4角,derived,10,1,1,27,0.16,0.037,0.178,0.209
新潟記念H,前走斤量=54,前走斤量,exact,10,1,1,22,0.13,0.045,0.178,0.256
新潟記念H,前走頭数=10頭以下,前走頭数,range,10,1,1,18,0.107,0.056,0.178,0.313
新潟記念H,前走頭数=12,前走頭数,exact,10,1,1,17,0.101,0.059,0.178,0.331
新潟記念H,性別=牝,性別,exact,10,1,1,16,0.095,0.062,0.178,0.352
新潟記念H,馬体重増減=+10kg以上,馬体重増減,range,10,1,1,13,0.077,0.077,0.178,0.433
新潟記念H,産地=新ひだか町,産地,exact,10,1,1,13,0.077,0.077,0.178,0.433
新潟記念H,前3角=4〜6番手,前3角,derived,10,2,2,25,0.148,0.08,0.178,0.451
新潟記念H,前走馬番=2,前走馬番,exact,10,1,1,12,0.071,0.083,0.178,0.469
新潟記念H,前走馬番=11,前走馬番,exact,10,1,1,12,0.071,0.083,0.178,0.469
新潟記念H,前走開催=3東4,前走開催,exact,10,1,1,11,0.065,0.091,0.178,0.512
新潟記念H,前走Ｒ=12,前走Ｒ,exact,10,1,1,11,0.065,0.091,0.178,0.512
新潟記念H,前走レース名=エプソムG3,前走レース名,exact,10,1,1,11,0.065,0.091,0.178,0.512
新潟記念H,前走レース名=目黒記念HG2,前走レース名,exact,10,1,1,11,0.065,0.091,0.178,0.512
新潟記念H,前クラス名=G2,前クラス名,exact,10,1,1,11,0.065,0.091,0.178,0.512
新潟記念H,種牡馬=ハーツクライ,種牡馬,exact,10,1,1,11,0.065,0.091,0.178,0.512
新潟記念H,馬主(最新/仮想)=社台レースホース,馬主(最新/仮想),exact,10,1,1,11,0.065,0.091,0.178,0.512
新潟記念H,前距離=1600,前距離,exact,10,1,1,11,0.065,0.091,0.178,0.512
新潟記念H,前距離=2500,前距離,exact,10,1,1,11,0.065,0.091,0.178,0.512
新潟記念H,前走馬番=3,前走馬番,exact,10,1,1,11,0.065,0.091,0.178,0.512
新潟記念H,前走頭数=10,前走頭数,exact,10,1,1,11,0.065,0.091,0.178,0.512
新潟記念H,前走頭数=17,前走頭数,exact,10,1,1,11,0.065,0.091,0.178,0.512
日経新春H,年齢=7歳以上,年齢,range,10,0,0,44,0.301,0.0,0.205,0.0
日経新春H,年齢=7歳,年齢,exact,10,0,0,24,0.164,0.0,0.205,0.0
日経新春H,年齢=8歳,年齢,exact,10,0,0,14,0.096,0.0,0.205,0.0
日経新春H,前走斤量=53,前走斤量,exact,10,0,0,10,0.068,0.0,0.205,0.0
日経新春H,前走開催=5東2,前走開催,exact,10,1,1,16,0.11,0.062,0.205,0.304
日経新春H,前走レース名=アルゼンHG2,前走レース名,exact,10,1,1,16,0.11,0.062,0.205,0.304
日経新春H,産地=千歳市,産地,exact,10,1,1,15,0.103,0.067,0.205,0.324
日経新春H,前クラス名=オープン,前クラス名,exact,10,1,1,13,0.089,0.077,0.205,0.374
日経新春H,産地=日高町,産地,exact,10,1,1,13,0.089,0.077,0.205,0.374
日経新春H,産地=白老町,産地,exact,10,1,1,12,0.082,0.083,0.205,0.406
日経新春H,前走上り3F=36秒以上,前走上り3F,range,10,2,3,36,0.247,0.083,0.205,0.406
日経新春H,前走馬体重増減=+10kg以上,前走馬体重増減,range,10,1,1,11,0.075,0.091,0.205,0.442
日経新春H,前走頭数=11,前走頭数,exact,10,1,1,11,0.075,0.091,0.205,0.442
日経新春H,前走馬番=2,前走馬番,exact,10,1,1,10,0.068,0.1,0.205,0.487
日経新春H,前走馬番=7,前走馬番,exact,10,1,1,10,0.068,0.1,0.205,0.487
日経新春H,産地=新冠町,産地,exact,10,2,2,20,0.137,0.1,0.205,0.487
日経賞,前3角=最後方寄り(相対85%超),前3角,derived,10,0,0,16,0.123,0.0,0.231,0.0
日経賞,前4角=最後方寄り(相対85%超),前4角,derived,10,0,0,13,0.1,0.0,0.231,0.0
日経賞,前走開催=1東7,前走開催,exact,10,0,0,10,0.077,0.0,0.231,0.0
日経賞,前走レース名=京都記念G2,前走レース名,exact,10,0,0,10,0.077,0.0,0.231,0.0
日経賞,前走レース名=ダイヤモHG3,前走レース名,exact,10,0,0,10,0.077,0.0,0.231,0.0
日経賞,前距離=3400,前距離,exact,10,0,0,10,0.077,0.0,0.231,0.0
日経賞,前クラス名=G3,前クラス名,exact,10,1,1,20,0.154,0.05,0.231,0.217
日経賞,間隔=中4週以内,間隔,range,10,1,1,19,0.146,0.053,0.231,0.228
日経賞,前距離=1800,前距離,exact,10,1,1,15,0.115,0.067,0.231,0.289
日経賞,前走斤量=54,前走斤量,exact,10,1,1,15,0.115,0.067,0.231,0.289
日経賞,産地=日高町,産地,exact,10,1,1,11,0.085,0.091,0.231,0.394
日経賞,前走馬番=12,前走馬番,exact,10,1,1,10,0.077,0.1,0.231,0.433
日経賞,間隔=中5〜8週,間隔,range,10,2,3,27,0.208,0.111,0.231,0.481
有馬記念,前走人気=10人気以下,前走人気,range,10,0,0,25,0.156,0.0,0.188,0.0
有馬記念,年齢=7歳以上,年齢,range,10,0,0,13,0.081,0.0,0.188,0.0
有馬記念,前3角=最後方寄り(相対85%超),前3角,derived,10,0,0,13,0.081,0.0,0.188,0.0
有馬記念,前4角=最後方寄り(相対85%超),前4角,derived,10,0,0,13,0.081,0.0,0.188,0.0
有馬記念,産地=浦河町,産地,exact,10,0,0,11,0.069,0.0,0.188,0.0
有馬記念,前走馬番=11,前走馬番,exact,10,0,0,11,0.069,0.0,0.188,0.0
有馬記念,馬主(最新/仮想)=金子真人ホールディングス,馬主(最新/仮想),exact,10,0,0,10,0.062,0.0,0.188,0.0
有馬記念,前クラス名=G2,前クラス名,exact,10,1,1,25,0.156,0.04,0.188,0.213
有馬記念,年齢=6歳,年齢,exact,10,1,1,23,0.144,0.043,0.188,0.232
有馬記念,前走頭数=15,前走頭数,exact,10,1,1,18,0.113,0.056,0.188,0.296
有馬記念,前走人気=6〜9人気,前走人気,range,10,2,2,35,0.219,0.057,0.188,0.305
有馬記念,前走馬体重増減=-10kg以下,前走馬体重増減,range,10,1,1,16,0.1,0.062,0.188,0.333
有馬記念,馬体重増減=+10kg以上,馬体重増減,range,10,1,1,15,0.094,0.067,0.188,0.356
有馬記念,前走開催=5京4,前走開催,exact,10,1,1,15,0.094,0.067,0.188,0.356
有馬記念,前走上り3F=36秒以上,前走上り3F,range,10,2,2,27,0.169,0.074,0.188,0.395
有馬記念,産地=新ひだか町,産地,exact,10,1,1,13,0.081,0.077,0.188,0.41
有馬記念,前走着順=二桁着順,前走着順,range,10,2,3,39,0.244,0.077,0.188,0.41
有馬記念,種牡馬=ステイゴールド,種牡馬,exact,10,1,1,12,0.075,0.083,0.188,0.444
有馬記念,母父馬=サンデーサイレンス,母父馬,exact,10,1,1,11,0.069,0.091,0.188,0.485
有馬記念,前走馬番=6,前走馬番,exact,10,1,1,11,0.069,0.091,0.188,0.485
有馬記念,前走馬番=13,前走馬番,exact,10,1,1,11,0.069,0.091,0.188,0.485
有馬記念,前4角=後方(相対65%超),前4角,derived,10,1,3,31,0.194,0.097,0.188,0.516
有馬記念,母父馬=ディープインパクト,母父馬,exact,10,1,1,10,0.062,0.1,0.188,0.533
有馬記念,前走頭数=13,前走頭数,exact,10,1,1,10,0.062,0.1,0.188,0.533
札幌2歳,前走頭数=14,前走頭数,exact,10,1,1,13,0.101,0.077,0.233,0.331
札幌2歳,前走馬番=8,前走馬番,exact,10,1,1,11,0.085,0.091,0.233,0.391
札幌2歳,前走頭数=13,前走頭数,exact,10,1,1,11,0.085,0.091,0.233,0.391
札幌2歳,前走人気=6〜9人気,前走人気,range,10,2,2,21,0.163,0.095,0.233,0.41
札幌2歳,産地=新ひだか町,産地,exact,10,1,2,20,0.155,0.1,0.233,0.43
札幌2歳,前走頭数=9,前走頭数,exact,10,1,2,20,0.155,0.1,0.233,0.43
札幌2歳,前走頭数=14〜16頭,前走頭数,range,10,2,3,28,0.217,0.107,0.233,0.461
札幌記念,間隔=中4週以内,間隔,range,10,0,0,20,0.139,0.0,0.208,0.0
札幌記念,種牡馬=ハーツクライ,種牡馬,exact,10,0,0,10,0.069,0.0,0.208,0.0
札幌記念,前距離=1800,前距離,exact,10,1,1,23,0.16,0.043,0.208,0.209
札幌記念,産地=浦河町,産地,exact,10,1,1,17,0.118,0.059,0.208,0.282
札幌記念,ブリンカー=B,ブリンカー,exact,10,1,1,14,0.097,0.071,0.208,0.343
札幌記念,馬体重増減=-10kg以下,馬体重増減,range,10,1,1,12,0.083,0.083,0.208,0.4
札幌記念,前走B=B,前走B,exact,10,1,1,12,0.083,0.083,0.208,0.4
札幌記念,前走馬番=14,前走馬番,exact,10,1,1,11,0.076,0.091,0.208,0.436
札幌記念,前走開催=アラ首,前走開催,exact,10,1,1,10,0.069,0.1,0.208,0.48
札幌記念,前走頭数=15,前走頭数,exact,10,1,1,10,0.069,0.1,0.208,0.48
札幌記念,年齢=7歳,年齢,exact,10,2,2,19,0.132,0.105,0.208,0.505
札幌記念,産地=新冠町,産地,exact,10,2,2,19,0.132,0.105,0.208,0.505
東京ジャJ,前走馬番=6,前走馬番,exact,10,0,0,13,0.102,0.0,0.236,0.0
東京ジャJ,前走人気=6〜9人気,前走人気,range,10,2,2,30,0.236,0.067,0.236,0.282
東京ジャJ,種牡馬=キングカメハメハ,種牡馬,exact,10,1,1,10,0.079,0.1,0.236,0.423
東京ジャJ,間隔=中13週以上,間隔,range,10,2,3,27,0.213,0.111,0.236,0.47
東京ジャJ,前走馬場状態=稍,前走馬場状態,exact,10,2,3,24,0.189,0.125,0.236,0.529
東京スポ,前3角=最後方寄り(相対85%超),前3角,derived,10,1,1,13,0.12,0.077,0.278,0.277
東京スポ,前走頭数=12,前走頭数,exact,10,1,1,13,0.12,0.077,0.278,0.277
東京スポ,前走人気=6〜9人気,前走人気,range,10,1,1,11,0.102,0.091,0.278,0.327
東京スポ,産地=日高町,産地,exact,10,1,1,10,0.093,0.1,0.278,0.36
東京スポ,産地=千歳市,産地,exact,10,1,1,10,0.093,0.1,0.278,0.36
東京スポ,前走上り3F=36秒以上,前走上り3F,range,10,1,2,17,0.157,0.118,0.278,0.424
東京ハイJ,前走レース名=清秋ジャ,前走レース名,exact,10,0,0,15,0.138,0.0,0.275,0.0
東京ハイJ,前距離=3210,前距離,exact,10,0,0,13,0.119,0.0,0.275,0.0
東京ハイJ,前走着順=二桁着順,前走着順,range,10,0,0,10,0.092,0.0,0.275,0.0
東京ハイJ,前3角=最後方寄り(相対85%超),前3角,derived,10,0,0,10,0.092,0.0,0.275,0.0
東京ハイJ,前4角=後方(相対65%超),前4角,derived,10,1,1,19,0.174,0.053,0.275,0.191
東京ハイJ,前3角=後方(相対65%超),前3角,derived,10,1,1,17,0.156,0.059,0.275,0.214
東京ハイJ,毛色=栗毛,毛色,exact,10,1,1,15,0.138,0.067,0.275,0.242
東京ハイJ,年齢=4歳,年齢,exact,10,1,1,11,0.101,0.091,0.275,0.33
東京ハイJ,前4角=後半位置(相対50%超),前4角,derived,10,2,3,27,0.248,0.111,0.275,0.404
東京ハイJ,前走人気=10人気以下,前走人気,range,10,2,2,15,0.138,0.133,0.275,0.484
東京ハイJ,距離ローテ=距離延長,距離ローテ,derived,10,2,2,15,0.138,0.133,0.275,0.484
東京優駿,前走人気=10人気以下,前走人気,range,10,0,0,35,0.196,0.0,0.168,0.0
東京優駿,前走着順=二桁着順,前走着順,range,10,0,0,33,0.184,0.0,0.168,0.0
東京優駿,前3角=2〜3番手,前3角,derived,10,0,0,22,0.123,0.0,0.168,0.0
東京優駿,前距離=1600,前距離,exact,10,0,0,17,0.095,0.0,0.168,0.0
東京優駿,前走開催=2東6,前走開催,exact,10,0,0,16,0.089,0.0,0.168,0.0
東京優駿,前走レース名=NHKマG1,前走レース名,exact,10,0,0,16,0.089,0.0,0.168,0.0
東京優駿,前走馬番=9,前走馬番,exact,10,0,0,12,0.067,0.0,0.168,0.0
東京優駿,産地=日高町,産地,exact,10,0,0,10,0.056,0.0,0.168,0.0
東京優駿,前走頭数=13,前走頭数,exact,10,0,0,10,0.056,0.0,0.168,0.0
東京優駿,前走着差=1.0秒以上,前走着差タイム,range,10,1,1,37,0.207,0.027,0.168,0.161
東京優駿,前4角=2〜3番手,前4角,derived,10,1,1,29,0.162,0.034,0.168,0.206
東京優駿,前走頭数=11〜13頭,前走頭数,range,10,1,1,20,0.112,0.05,0.168,0.298
東京優駿,前4角=最後方寄り(相対85%超),前4角,derived,10,1,1,16,0.089,0.062,0.168,0.373
東京優駿,産地=浦河町,産地,exact,10,1,1,15,0.084,0.067,0.168,0.398
東京優駿,間隔=中9〜12週,間隔,range,10,1,1,14,0.078,0.071,0.168,0.426
東京優駿,母父馬=キングカメハメハ,母父馬,exact,10,1,1,13,0.073,0.077,0.168,0.459
東京優駿,前走馬番=8,前走馬番,exact,10,1,1,12,0.067,0.083,0.168,0.497
東京優駿,前走頭数=10頭以下,前走頭数,range,10,1,1,11,0.061,0.091,0.168,0.542
東京優駿,前騎手=武豊,前騎手,exact,10,1,1,11,0.061,0.091,0.168,0.542
東京優駿,前距離=1800,前距離,exact,10,1,1,11,0.061,0.091,0.168,0.542
東京優駿,前走馬番=5,前走馬番,exact,10,1,1,11,0.061,0.091,0.168,0.542
東京優駿,前走馬番=12,前走馬番,exact,10,1,1,11,0.061,0.091,0.168,0.542
東京新聞,産地=浦河町,産地,exact,10,0,0,15,0.1,0.0,0.2,0.0
東京新聞,取引市場(最終)=北海道サマーセール,取引市場(最終),exact,10,0,0,10,0.067,0.0,0.2,0.0
東京新聞,前走開催=1名1,前走開催,exact,10,1,1,14,0.093,0.071,0.2,0.357
東京新聞,産地=日高町,産地,exact,10,1,1,14,0.093,0.071,0.2,0.357
東京新聞,ブリンカー=B,ブリンカー,exact,10,1,1,11,0.073,0.091,0.2,0.455
東京新聞,前走馬番=14,前走馬番,exact,10,1,1,11,0.073,0.091,0.2,0.455
東京新聞,前クラス名=オープン,前クラス名,exact,10,2,2,22,0.147,0.091,0.2,0.455
東京新聞,前4角=最後方寄り(相対85%超),前4角,derived,10,2,2,21,0.14,0.095,0.2,0.476
東京新聞,前走レース名=ニューイ,前走レース名,exact,10,1,1,10,0.067,0.1,0.2,0.5
東京新聞,年齢=7歳以上,年齢,range,10,2,3,30,0.2,0.1,0.2,0.5
東海S,毛色=黒鹿,毛色,exact,10,0,0,21,0.141,0.0,0.201,0.0
東海S,前走開催=5阪9,前走開催,exact,10,0,0,15,0.101,0.0,0.201,0.0
東海S,前走レース名=ポルック,前走レース名,exact,10,0,0,15,0.101,0.0,0.201,0.0
東海S,前3角=最後方寄り(相対85%超),前3角,derived,10,0,0,14,0.094,0.0,0.201,0.0
東海S,馬記号=(地),馬記号,exact,10,0,0,14,0.094,0.0,0.201,0.0
東海S,前走馬番=1,前走馬番,exact,10,0,0,14,0.094,0.0,0.201,0.0
東海S,前走頭数=15,前走頭数,exact,10,0,0,13,0.087,0.0,0.201,0.0
東海S,前4角=最後方寄り(相対85%超),前4角,derived,10,0,0,12,0.081,0.0,0.201,0.0
東海S,前走馬番=2,前走馬番,exact,10,0,0,10,0.067,0.0,0.201,0.0
東海S,前走B=B,前走B,exact,10,1,1,19,0.128,0.053,0.201,0.261
東海S,前走人気=6〜9人気,前走人気,range,10,2,2,38,0.255,0.053,0.201,0.261
東海S,母父馬=サンデーサイレンス,母父馬,exact,10,1,1,16,0.107,0.062,0.201,0.31
東海S,前走開催=5中3,前走開催,exact,10,1,1,13,0.087,0.077,0.201,0.382
東海S,年齢=8歳,年齢,exact,10,1,1,12,0.081,0.083,0.201,0.414
東海S,前走レース名=ベテルギ,前走レース名,exact,10,1,1,12,0.081,0.083,0.201,0.414
東海S,取引市場(最終)=北海道サマーセール,取引市場(最終),exact,10,1,1,12,0.081,0.083,0.201,0.414
東海S,前走馬番=5,前走馬番,exact,10,1,1,12,0.081,0.083,0.201,0.414
東海S,前走頭数=14,前走頭数,exact,10,1,1,11,0.074,0.091,0.201,0.452
東海S,ブリンカー=B,ブリンカー,exact,10,2,2,22,0.148,0.091,0.201,0.452
東海S,前クラス名=G2,前クラス名,exact,10,1,1,10,0.067,0.1,0.201,0.497
東海S,産地=新冠町,産地,exact,10,2,2,19,0.128,0.105,0.201,0.523
根岸S,前走馬番=9,前走馬番,exact,10,0,0,17,0.108,0.0,0.19,0.0
根岸S,所属=[地],所属,exact,10,0,0,10,0.063,0.0,0.19,0.0
根岸S,馬記号=[地],馬記号,exact,10,0,0,10,0.063,0.0,0.19,0.0
根岸S,前走馬番=14,前走馬番,exact,10,0,0,10,0.063,0.0,0.19,0.0
根岸S,年齢=7歳,年齢,exact,10,1,1,33,0.209,0.03,0.19,0.16
根岸S,前走Ｒ=10,前走Ｒ,exact,10,1,1,21,0.133,0.048,0.19,0.251
根岸S,間隔=中4週以内,間隔,range,10,2,2,37,0.234,0.054,0.19,0.285
根岸S,前走馬体重増減=+10kg以上,前走馬体重増減,range,10,1,1,18,0.114,0.056,0.19,0.293
根岸S,前走開催=園田,前走開催,exact,10,1,1,14,0.089,0.071,0.19,0.376
根岸S,前走レース名=兵庫ゴG3,前走レース名,exact,10,1,1,14,0.089,0.071,0.19,0.376
根岸S,前3角=1番手,前3角,derived,10,1,1,13,0.082,0.077,0.19,0.405
根岸S,取引市場(最終)=北海道サマーセール,取引市場(最終),exact,10,1,1,13,0.082,0.077,0.19,0.405
根岸S,前走着順=二桁着順,前走着順,range,10,2,2,26,0.165,0.077,0.19,0.405
根岸S,前3角=2〜3番手,前3角,derived,10,2,2,26,0.165,0.077,0.19,0.405
根岸S,前4角=1番手,前4角,derived,10,1,1,12,0.076,0.083,0.19,0.439
根岸S,前走頭数=15,前走頭数,exact,10,1,1,12,0.076,0.083,0.19,0.439
根岸S,所属=(美),所属,exact,10,2,3,34,0.215,0.088,0.19,0.465
根岸S,産地=新冠町,産地,exact,10,2,2,22,0.139,0.091,0.19,0.479
根岸S,間隔=中13週以上,間隔,range,10,1,1,10,0.063,0.1,0.19,0.527
根岸S,前走からダート替わり,芝ダローテ,derived,10,1,1,10,0.063,0.1,0.19,0.527
根岸S,前芝・ダ=芝,前芝・ダ,exact,10,1,1,10,0.063,0.1,0.19,0.527
根岸S,多頭出し=*,多頭出し,exact,10,2,2,20,0.127,0.1,0.19,0.527
桜花賞,前走人気=10人気以下,前走人気,range,10,0,0,18,0.1,0.0,0.167,0.0
桜花賞,前走馬番=1,前走馬番,exact,10,0,0,17,0.094,0.0,0.167,0.0
桜花賞,前走開催=2中6,前走開催,exact,10,0,0,13,0.072,0.0,0.167,0.0
桜花賞,距離ローテ=距離短縮,距離ローテ,derived,10,0,0,11,0.061,0.0,0.167,0.0
桜花賞,前走レース名=アネモネ(L),前走レース名,exact,10,0,0,11,0.061,0.0,0.167,0.0
桜花賞,前クラス名=オープン,前クラス名,exact,10,0,0,11,0.061,0.0,0.167,0.0
桜花賞,産地=新冠町,産地,exact,10,0,0,11,0.061,0.0,0.167,0.0
桜花賞,前距離=1800,前距離,exact,10,0,0,11,0.061,0.0,0.167,0.0
桜花賞,前走人気=6〜9人気,前走人気,range,10,1,1,28,0.156,0.036,0.167,0.214
桜花賞,前走馬場状態=稍,前走馬場状態,exact,10,1,1,25,0.139,0.04,0.167,0.24
桜花賞,キャリア=6〜10戦,キャリア,range,10,2,2,42,0.233,0.048,0.167,0.286
桜花賞,前3角=最後方寄り(相対85%超),前3角,derived,10,1,1,19,0.106,0.053,0.167,0.316
桜花賞,前走開催=1阪6,前走開催,exact,10,2,2,36,0.2,0.056,0.167,0.333
桜花賞,前走着順=二桁着順,前走着順,range,10,1,1,17,0.094,0.059,0.167,0.353
桜花賞,前走着差=1.0秒以上,前走着差タイム,range,10,1,1,16,0.089,0.062,0.167,0.375
桜花賞,前3角=2〜3番手,前3角,derived,10,2,2,32,0.178,0.062,0.167,0.375
桜花賞,前4角=最後方寄り(相対85%超),前4角,derived,10,1,1,14,0.078,0.071,0.167,0.429
桜花賞,前走馬体重増減=-10kg以下,前走馬体重増減,range,10,1,1,13,0.072,0.077,0.167,0.462
桜花賞,前騎手=M.デム,前騎手,exact,10,1,1,12,0.067,0.083,0.167,0.5
桜花賞,前走開催=1阪A,前走開催,exact,10,1,1,11,0.061,0.091,0.167,0.545
桜花賞,前騎手=戸崎圭太,前騎手,exact,10,1,1,11,0.061,0.091,0.167,0.545
桜花賞,前走馬番=4,前走馬番,exact,10,1,1,11,0.061,0.091,0.167,0.545
桜花賞,前走馬番=5,前走馬番,exact,10,1,1,11,0.061,0.091,0.167,0.545
武蔵野S,前走人気=10人気以下,前走人気,range,10,0,0,23,0.146,0.0,0.19,0.0
武蔵野S,前走着順=二桁着順,前走着順,range,10,0,0,22,0.139,0.0,0.19,0.0
武蔵野S,取引市場(最終)=北海道サマーセール,取引市場(最終),exact,10,0,0,11,0.07,0.0,0.19,0.0
武蔵野S,前距離=1800,前距離,exact,10,1,1,22,0.139,0.045,0.19,0.239
武蔵野S,所属=(美),所属,exact,10,2,2,42,0.266,0.048,0.19,0.251
武蔵野S,前走斤量=55,前走斤量,exact,10,1,1,16,0.101,0.062,0.19,0.329
武蔵野S,前走B=B,前走B,exact,10,1,1,14,0.089,0.071,0.19,0.376
武蔵野S,前走頭数=15,前走頭数,exact,10,1,1,14,0.089,0.071,0.19,0.376
武蔵野S,前走からダート替わり,芝ダローテ,derived,10,1,1,13,0.082,0.077,0.19,0.405
武蔵野S,前芝・ダ=芝,前芝・ダ,exact,10,1,1,13,0.082,0.077,0.19,0.405
武蔵野S,産地=新ひだか町,産地,exact,10,2,2,26,0.165,0.077,0.19,0.405
武蔵野S,前走開催=4東2,前走開催,exact,10,1,1,12,0.076,0.083,0.19,0.439
武蔵野S,前走馬場状態=重,前走馬場状態,exact,10,1,1,12,0.076,0.083,0.19,0.439
武蔵野S,前クラス名=G2,前クラス名,exact,10,1,1,12,0.076,0.083,0.19,0.439
武蔵野S,種牡馬=ヘニーヒューズ,種牡馬,exact,10,1,1,12,0.076,0.083,0.19,0.439
武蔵野S,産地=安平町,産地,exact,10,2,2,23,0.146,0.087,0.19,0.458
武蔵野S,前走馬体重増減=+10kg以上,前走馬体重増減,range,10,1,1,10,0.063,0.1,0.19,0.527
武蔵野S,前クラス名=1600万,前クラス名,exact,10,1,1,10,0.063,0.1,0.19,0.527
武蔵野S,前走馬番=11,前走馬番,exact,10,1,1,10,0.063,0.1,0.19,0.527
武蔵野S,前4角=1番手,前4角,derived,10,2,2,20,0.127,0.1,0.19,0.527
毎日杯,前走Ｒ=10,前走Ｒ,exact,10,0,0,11,0.102,0.0,0.278,0.0
毎日杯,前走人気=6〜9人気,前走人気,range,10,1,1,25,0.231,0.04,0.278,0.144
毎日杯,キャリア=6〜10戦,キャリア,range,10,1,1,19,0.176,0.053,0.278,0.189
毎日杯,前走馬番=8,前走馬番,exact,10,1,1,14,0.13,0.071,0.278,0.257
毎日杯,前3角=1番手,前3角,derived,10,1,1,10,0.093,0.1,0.278,0.36
毎日杯,前騎手=和田竜二,前騎手,exact,10,1,1,10,0.093,0.1,0.278,0.36
毎日杯,産地=新冠町,産地,exact,10,1,1,10,0.093,0.1,0.278,0.36
毎日杯,前走斤量=55,前走斤量,exact,10,1,1,10,0.093,0.1,0.278,0.36
毎日杯,前走頭数=9,前走頭数,exact,10,1,1,10,0.093,0.1,0.278,0.36
毎日杯,前走レース名=未勝利,前走レース名,exact,10,2,2,17,0.157,0.118,0.278,0.424
毎日杯,前クラス名=未勝利,前クラス名,exact,10,2,2,17,0.157,0.118,0.278,0.424
毎日王冠,産地=新冠町,産地,exact,10,0,0,18,0.149,0.0,0.248,0.0
毎日王冠,間隔=中9〜12週,間隔,range,10,0,0,11,0.091,0.0,0.248,0.0
毎日王冠,前走着順=二桁着順,前走着順,range,10,1,1,30,0.248,0.033,0.248,0.134
毎日王冠,前走人気=10人気以下,前走人気,range,10,1,1,20,0.165,0.05,0.248,0.202
毎日王冠,年齢=7歳以上,年齢,range,10,1,1,19,0.157,0.053,0.248,0.212
毎日王冠,年齢=7歳,年齢,exact,10,1,1,15,0.124,0.067,0.248,0.269
毎日王冠,前走着差=1.0秒以上,前走着差タイム,range,10,2,2,30,0.248,0.067,0.248,0.269
毎日王冠,毛色=栗毛,毛色,exact,10,2,2,21,0.174,0.095,0.248,0.384
毎日王冠,前走上り3F=35秒台,前走上り3F,range,10,1,1,10,0.083,0.1,0.248,0.403
毎日王冠,馬主(最新/仮想)=キャロットファーム,馬主(最新/仮想),exact,10,1,1,10,0.083,0.1,0.248,0.403
毎日王冠,馬主(最新/仮想)=社台レースホース,馬主(最新/仮想),exact,10,1,1,10,0.083,0.1,0.248,0.403
毎日王冠,前走頭数=12,前走頭数,exact,10,1,1,10,0.083,0.1,0.248,0.403
毎日王冠,前3角=最後方寄り(相対85%超),前3角,derived,10,2,2,16,0.132,0.125,0.248,0.504
皐月賞,前走馬場状態=重,前走馬場状態,exact,10,0,0,20,0.116,0.0,0.173,0.0
皐月賞,距離ローテ=距離短縮,距離ローテ,derived,10,0,0,14,0.081,0.0,0.173,0.0
皐月賞,前クラス名=オープン,前クラス名,exact,10,0,0,14,0.081,0.0,0.173,0.0
皐月賞,前走開催=2中7,前走開催,exact,10,0,0,13,0.075,0.0,0.173,0.0
皐月賞,前距離=2200,前距離,exact,10,0,0,13,0.075,0.0,0.173,0.0
皐月賞,前3角=最後方寄り(相対85%超),前3角,derived,10,0,0,12,0.069,0.0,0.173,0.0
皐月賞,前走Ｒ=9,前走Ｒ,exact,10,0,0,12,0.069,0.0,0.173,0.0
皐月賞,キャリア=6〜10戦,キャリア,range,10,1,1,42,0.243,0.024,0.173,0.137
皐月賞,前走上り3F=36秒以上,前走上り3F,range,10,1,1,31,0.179,0.032,0.173,0.186
皐月賞,前クラス名=OP(L),前クラス名,exact,10,1,1,19,0.11,0.053,0.173,0.304
皐月賞,前騎手=武豊,前騎手,exact,10,1,1,15,0.087,0.067,0.173,0.384
皐月賞,前走馬番=2,前走馬番,exact,10,1,1,15,0.087,0.067,0.173,0.384
皐月賞,前走馬番=10,前走馬番,exact,10,1,1,14,0.081,0.071,0.173,0.412
皐月賞,前走頭数=8,前走頭数,exact,10,1,1,14,0.081,0.071,0.173,0.412
皐月賞,前走開催=1阪7,前走開催,exact,10,1,1,12,0.069,0.083,0.173,0.481
皐月賞,前走頭数=15,前走頭数,exact,10,1,1,12,0.069,0.083,0.173,0.481
皐月賞,前走頭数=14〜16頭,前走頭数,range,10,2,2,24,0.139,0.083,0.173,0.481
皐月賞,前3角=1番手,前3角,derived,10,2,2,23,0.133,0.087,0.173,0.501
皐月賞,前走頭数=11,前走頭数,exact,10,2,3,34,0.197,0.088,0.173,0.509
皐月賞,前走馬体重増減=-10kg以下,前走馬体重増減,range,10,1,1,11,0.064,0.091,0.173,0.524
皐月賞,母父馬=キングカメハメハ,母父馬,exact,10,1,1,11,0.064,0.091,0.173,0.524
皐月賞,前走頭数=16,前走頭数,exact,10,1,1,11,0.064,0.091,0.173,0.524
皐月賞,毛色=栗毛,毛色,exact,10,2,2,21,0.121,0.095,0.173,0.549
目黒記念H,産地=浦河町,産地,exact,10,0,0,23,0.139,0.0,0.181,0.0
目黒記念H,前走馬番=9,前走馬番,exact,10,0,0,13,0.078,0.0,0.181,0.0
目黒記念H,産地=日高町,産地,exact,10,0,0,12,0.072,0.0,0.181,0.0
目黒記念H,前走開催=2東6,前走開催,exact,10,0,0,11,0.066,0.0,0.181,0.0
目黒記念H,前騎手=田辺裕信,前騎手,exact,10,0,0,11,0.066,0.0,0.181,0.0
目黒記念H,前3角=最後方寄り(相対85%超),前3角,derived,10,1,1,25,0.151,0.04,0.181,0.221
目黒記念H,前4角=最後方寄り(相対85%超),前4角,derived,10,1,1,21,0.127,0.048,0.181,0.263
目黒記念H,母父馬=サンデーサイレンス,母父馬,exact,10,1,1,18,0.108,0.056,0.181,0.307
目黒記念H,年齢=8歳,年齢,exact,10,1,1,14,0.084,0.071,0.181,0.395
目黒記念H,前走頭数=14,前走頭数,exact,10,1,1,14,0.084,0.071,0.181,0.395
目黒記念H,前クラス名=3勝,前クラス名,exact,10,1,1,13,0.078,0.077,0.181,0.426
目黒記念H,産地=新ひだか町,産地,exact,10,1,1,13,0.078,0.077,0.181,0.426
目黒記念H,前距離=3200,前距離,exact,10,1,1,12,0.072,0.083,0.181,0.461
目黒記念H,前走馬番=1,前走馬番,exact,10,1,1,11,0.066,0.091,0.181,0.503
神戸新聞,前走馬体重増減=+10kg以上,前走馬体重増減,range,10,0,0,11,0.081,0.0,0.221,0.0
神戸新聞,前クラス名=500万,前クラス名,exact,10,0,0,10,0.074,0.0,0.221,0.0
神戸新聞,産地=新ひだか町,産地,exact,10,1,1,18,0.132,0.056,0.221,0.252
神戸新聞,前走上り3F=36秒以上,前走上り3F,range,10,2,2,27,0.199,0.074,0.221,0.336
神戸新聞,種牡馬=ハーツクライ,種牡馬,exact,10,1,1,13,0.096,0.077,0.221,0.349
神戸新聞,前3角=2〜3番手,前3角,derived,10,2,2,26,0.191,0.077,0.221,0.349
神戸新聞,母父馬=サンデーサイレンス,母父馬,exact,10,1,1,12,0.088,0.083,0.221,0.378
神戸新聞,前走馬番=11,前走馬番,exact,10,1,1,12,0.088,0.083,0.221,0.378
神戸新聞,間隔=中4週以内,間隔,range,10,2,2,23,0.169,0.087,0.221,0.394
神戸新聞,前走頭数=11,前走頭数,exact,10,1,1,11,0.081,0.091,0.221,0.412
神戸新聞,毛色=芦毛,毛色,exact,10,1,1,10,0.074,0.1,0.221,0.453
神戸新聞,前距離=2200,前距離,exact,10,1,1,10,0.074,0.1,0.221,0.453
福島牝馬,毛色=青鹿,毛色,exact,10,0,0,12,0.081,0.0,0.201,0.0
福島牝馬,前走斤量=56,前走斤量,exact,10,0,0,12,0.081,0.0,0.201,0.0
福島牝馬,前3角=最後方寄り(相対85%超),前3角,derived,10,1,1,20,0.134,0.05,0.201,0.248
福島牝馬,前走頭数=11〜13頭,前走頭数,range,10,1,1,18,0.121,0.056,0.201,0.276
福島牝馬,前走馬場状態=重,前走馬場状態,exact,10,1,1,17,0.114,0.059,0.201,0.292
福島牝馬,前クラス名=3勝,前クラス名,exact,10,1,1,17,0.114,0.059,0.201,0.292
福島牝馬,前走Ｒ=10,前走Ｒ,exact,10,2,2,23,0.154,0.087,0.201,0.432
福島牝馬,産地=新ひだか町,産地,exact,10,2,2,23,0.154,0.087,0.201,0.432
福島牝馬,前クラス名=G2,前クラス名,exact,10,1,1,11,0.074,0.091,0.201,0.452
福島記念H,馬主(最新/仮想)=サラブレッドクラブ・ラフィアン,馬主(最新/仮想),exact,10,0,0,16,0.1,0.0,0.188,0.0
福島記念H,前走B=B,前走B,exact,10,0,0,13,0.081,0.0,0.188,0.0
福島記念H,毛色=青鹿,毛色,exact,10,0,0,12,0.075,0.0,0.188,0.0
福島記念H,前走斤量=58,前走斤量,exact,10,0,0,12,0.075,0.0,0.188,0.0
福島記念H,間隔=中13週以上,間隔,range,10,1,1,34,0.212,0.029,0.188,0.157
福島記念H,ブリンカー=B,ブリンカー,exact,10,1,1,17,0.106,0.059,0.188,0.314
福島記念H,斤量=53kg以下,斤量,range,10,2,2,28,0.175,0.071,0.188,0.381
福島記念H,産地=日高町,産地,exact,10,1,1,13,0.081,0.077,0.188,0.41
福島記念H,前走斤量=55,前走斤量,exact,10,2,2,26,0.163,0.077,0.188,0.41
福島記念H,馬体重増減=+10kg以上,馬体重増減,range,10,1,1,12,0.075,0.083,0.188,0.444
福島記念H,前走頭数=17,前走頭数,exact,10,1,1,12,0.075,0.083,0.188,0.444
福島記念H,前走馬体重増減=±0,前走馬体重増減,range,10,2,2,23,0.144,0.087,0.188,0.464
福島記念H,種牡馬=ディープインパクト,種牡馬,exact,10,2,2,21,0.131,0.095,0.188,0.508
福島記念H,多頭出し=*,多頭出し,exact,10,1,1,10,0.062,0.1,0.188,0.533
福島記念H,前走レース名=小倉記念HG3,前走レース名,exact,10,1,1,10,0.062,0.1,0.188,0.533
福島記念H,前走馬番=5,前走馬番,exact,10,1,1,10,0.062,0.1,0.188,0.533
福島記念H,前走馬番=14,前走馬番,exact,10,1,1,10,0.062,0.1,0.188,0.533
秋華賞,前走着順=二桁着順,前走着順,range,10,0,0,31,0.176,0.0,0.17,0.0
秋華賞,産地=新ひだか町,産地,exact,10,0,0,18,0.102,0.0,0.17,0.0
秋華賞,産地=新冠町,産地,exact,10,0,0,14,0.08,0.0,0.17,0.0
秋華賞,前騎手=戸崎圭太,前騎手,exact,10,0,0,10,0.057,0.0,0.17,0.0
秋華賞,前走人気=10人気以下,前走人気,range,10,1,1,29,0.165,0.034,0.17,0.202
秋華賞,前走着差=1.0秒以上,前走着差タイム,range,10,2,2,44,0.25,0.045,0.17,0.267
秋華賞,前走馬場状態=稍,前走馬場状態,exact,10,1,1,20,0.114,0.05,0.17,0.293
秋華賞,キャリア=11〜20戦,キャリア,range,10,1,1,18,0.102,0.056,0.17,0.326
秋華賞,前3角=1番手,前3角,derived,10,1,1,17,0.097,0.059,0.17,0.345
秋華賞,毛色=栗毛,毛色,exact,10,1,1,15,0.085,0.067,0.17,0.391
秋華賞,前走馬番=11,前走馬番,exact,10,1,1,15,0.085,0.067,0.17,0.391
秋華賞,前走Ｒ=10,前走Ｒ,exact,10,1,1,13,0.074,0.077,0.17,0.451
秋華賞,前走上り3F=36秒以上,前走上り3F,range,10,2,2,26,0.148,0.077,0.17,0.451
秋華賞,間隔=中9〜12週,間隔,range,10,1,1,12,0.068,0.083,0.17,0.489
秋華賞,前4角=1番手,前4角,derived,10,1,2,23,0.131,0.087,0.17,0.51
秋華賞,産地=浦河町,産地,exact,10,1,2,23,0.131,0.087,0.17,0.51
秋華賞,前3角=最後方寄り(相対85%超),前3角,derived,10,1,1,11,0.062,0.091,0.17,0.533
秋華賞,前クラス名=オープン,前クラス名,exact,10,1,1,11,0.062,0.091,0.17,0.533
秋華賞,前クラス名=2勝,前クラス名,exact,10,1,1,11,0.062,0.091,0.17,0.533
紫苑S,前走Ｒ=9,前走Ｒ,exact,8,0,0,18,0.136,0.0,0.182,0.0
紫苑S,毛色=栗毛,毛色,exact,8,0,0,15,0.114,0.0,0.182,0.0
紫苑S,産地=新冠町,産地,exact,8,0,0,13,0.098,0.0,0.182,0.0
紫苑S,前3角=1番手,前3角,derived,8,0,0,10,0.076,0.0,0.182,0.0
紫苑S,前走上り3F=33秒台以下,前走上り3F,range,8,1,1,23,0.174,0.043,0.182,0.239
紫苑S,馬体重増減=減,馬体重増減,range,8,1,1,22,0.167,0.045,0.182,0.25
紫苑S,前クラス名=500万,前クラス名,exact,8,1,1,17,0.129,0.059,0.182,0.324
紫苑S,前走Ｒ=7,前走Ｒ,exact,8,1,1,16,0.121,0.062,0.182,0.344
紫苑S,前走斤量=54,前走斤量,exact,8,2,2,32,0.242,0.062,0.182,0.344
紫苑S,多頭出し=*,多頭出し,exact,8,1,1,14,0.106,0.071,0.182,0.393
紫苑S,前4角=最後方寄り(相対85%超),前4角,derived,8,1,1,13,0.098,0.077,0.182,0.423
紫苑S,前走Ｒ=10,前走Ｒ,exact,8,1,1,13,0.098,0.077,0.182,0.423
紫苑S,前走頭数=11〜13頭,前走頭数,range,8,2,2,24,0.182,0.083,0.182,0.458
紫苑S,毛色=黒鹿,毛色,exact,8,2,2,24,0.182,0.083,0.182,0.458
紫苑S,間隔=中5〜8週,間隔,range,8,2,2,23,0.174,0.087,0.182,0.478
紫苑S,前3角=最後方寄り(相対85%超),前3角,derived,8,1,1,11,0.083,0.091,0.182,0.5
紫苑S,前4角=1番手,前4角,derived,8,1,1,11,0.083,0.091,0.182,0.5
菊花賞,前走人気=10人気以下,前走人気,range,10,0,0,21,0.117,0.0,0.168,0.0
菊花賞,産地=浦河町,産地,exact,10,0,0,16,0.089,0.0,0.168,0.0
菊花賞,種牡馬=ハーツクライ,種牡馬,exact,10,0,0,14,0.078,0.0,0.168,0.0
菊花賞,前走斤量=53,前走斤量,exact,10,0,0,12,0.067,0.0,0.168,0.0
菊花賞,前走馬番=3,前走馬番,exact,10,0,0,11,0.061,0.0,0.168,0.0
菊花賞,前騎手=池添謙一,前騎手,exact,10,0,0,10,0.056,0.0,0.168,0.0
菊花賞,種牡馬=ハービンジャー,種牡馬,exact,10,0,0,10,0.056,0.0,0.168,0.0
菊花賞,前距離=2000,前距離,exact,10,1,1,23,0.128,0.043,0.168,0.259
菊花賞,キャリア=11〜20戦,キャリア,range,10,1,1,20,0.112,0.05,0.168,0.298
菊花賞,前走着順=二桁着順,前走着順,range,10,1,1,20,0.112,0.05,0.168,0.298
菊花賞,産地=新ひだか町,産地,exact,10,1,1,17,0.095,0.059,0.168,0.351
菊花賞,前走着差=1.0秒以上,前走着差タイム,range,10,2,2,34,0.19,0.059,0.168,0.351
菊花賞,母父馬=サンデーサイレンス,母父馬,exact,10,1,1,13,0.073,0.077,0.168,0.459
菊花賞,前走頭数=10,前走頭数,exact,10,1,1,13,0.073,0.077,0.168,0.459
菊花賞,毛色=芦毛,毛色,exact,10,1,1,12,0.067,0.083,0.168,0.497
菊花賞,前走馬番=10,前走馬番,exact,10,1,1,11,0.061,0.091,0.168,0.542
菊花賞,前走斤量=55,前走斤量,exact,10,1,1,11,0.061,0.091,0.168,0.542
金鯱賞,前走馬場状態=稍,前走馬場状態,exact,10,0,0,14,0.114,0.0,0.252,0.0
金鯱賞,産地=新冠町,産地,exact,10,0,0,11,0.089,0.0,0.252,0.0
金鯱賞,前クラス名=G2,前クラス名,exact,10,2,2,28,0.228,0.071,0.252,0.283
金鯱賞,斤量=54kg,斤量,range,10,1,1,13,0.106,0.077,0.252,0.305
金鯱賞,前3角=最後方寄り(相対85%超),前3角,derived,10,1,1,13,0.106,0.077,0.252,0.305
金鯱賞,年齢=7歳,年齢,exact,10,1,1,12,0.098,0.083,0.252,0.331
金鯱賞,前4角=最後方寄り(相対85%超),前4角,derived,10,1,1,12,0.098,0.083,0.252,0.331
金鯱賞,年齢=7歳以上,年齢,range,10,2,2,24,0.195,0.083,0.252,0.331
金鯱賞,年齢=8歳,年齢,exact,10,1,1,11,0.089,0.091,0.252,0.361
金鯱賞,前距離=2200,前距離,exact,10,2,2,22,0.179,0.091,0.252,0.361
金鯱賞,前3角=4〜6番手,前3角,derived,10,2,2,21,0.171,0.095,0.252,0.378
金鯱賞,距離ローテ=距離延長,距離ローテ,derived,10,2,2,19,0.154,0.105,0.252,0.418
金鯱賞,前走人気=10人気以下,前走人気,range,10,2,3,26,0.211,0.115,0.252,0.458
金鯱賞,前走馬体重増減=+10kg以上,前走馬体重増減,range,10,2,2,15,0.122,0.133,0.252,0.529
金鯱賞,馬主(最新/仮想)=金子真人ホールディングス,馬主(最新/仮想),exact,10,2,2,15,0.122,0.133,0.252,0.529
関屋記念,年齢=7歳以上,年齢,range,10,0,0,24,0.146,0.0,0.183,0.0
関屋記念,年齢=7歳,年齢,exact,10,0,0,22,0.134,0.0,0.183,0.0
関屋記念,産地=浦河町,産地,exact,10,0,0,13,0.079,0.0,0.183,0.0
関屋記念,ブリンカー=B,ブリンカー,exact,10,0,0,10,0.061,0.0,0.183,0.0
関屋記念,前走人気=10人気以下,前走人気,range,10,2,2,44,0.268,0.045,0.183,0.248
関屋記念,前クラス名=オープン,前クラス名,exact,10,1,1,18,0.11,0.056,0.183,0.304
関屋記念,産地=日高町,産地,exact,10,1,1,17,0.104,0.059,0.183,0.322
関屋記念,前走馬番=2,前走馬番,exact,10,1,1,15,0.091,0.067,0.183,0.364
関屋記念,前走馬体重増減=+10kg以上,前走馬体重増減,range,10,1,1,13,0.079,0.077,0.183,0.421
関屋記念,前走馬番=9,前走馬番,exact,10,1,1,12,0.073,0.083,0.183,0.456
関屋記念,距離ローテ=距離延長,距離ローテ,derived,10,2,2,23,0.14,0.087,0.183,0.475
関屋記念,前クラス名=G2,前クラス名,exact,10,1,1,11,0.067,0.091,0.183,0.497
関屋記念,前走馬番=3,前走馬番,exact,10,1,1,11,0.067,0.091,0.183,0.497
関屋記念,毛色=栗毛,毛色,exact,10,2,2,22,0.134,0.091,0.183,0.497
関屋記念,前走頭数=10頭以下,前走頭数,range,10,1,1,10,0.061,0.1,0.183,0.547
関屋記念,性別=セ,性別,exact,10,1,1,10,0.061,0.1,0.183,0.547
関屋記念,毛色=芦毛,毛色,exact,10,1,1,10,0.061,0.1,0.183,0.547
関屋記念,産地=白老町,産地,exact,10,1,1,10,0.061,0.1,0.183,0.547
関屋記念,前走馬番=8,前走馬番,exact,10,1,1,10,0.061,0.1,0.183,0.547
関屋記念,前走上り3F=36秒以上,前走上り3F,range,10,2,2,20,0.122,0.1,0.183,0.547
関屋記念,前距離=1400,前距離,exact,10,2,2,20,0.122,0.1,0.183,0.547
関屋記念,前走馬場状態=稍,前走馬場状態,exact,10,2,3,30,0.183,0.1,0.183,0.547
阪急杯,産地=新ひだか町,産地,exact,10,0,0,20,0.121,0.0,0.182,0.0
阪急杯,前走レース名=北九州短,前走レース名,exact,10,0,0,10,0.061,0.0,0.182,0.0
阪急杯,前クラス名=OP(L),前クラス名,exact,10,1,1,23,0.139,0.043,0.182,0.239
阪急杯,前走馬場状態=稍,前走馬場状態,exact,10,1,1,20,0.121,0.05,0.182,0.275
阪急杯,馬体重増減=±0,馬体重増減,range,10,2,2,28,0.17,0.071,0.182,0.393
阪急杯,年齢=8歳,年齢,exact,10,1,1,13,0.079,0.077,0.182,0.423
阪急杯,産地=日高町,産地,exact,10,2,2,26,0.158,0.077,0.182,0.423
阪急杯,前走開催=1東4,前走開催,exact,10,1,1,12,0.073,0.083,0.182,0.458
阪急杯,前走レース名=東京新聞G3,前走レース名,exact,10,1,1,12,0.073,0.083,0.182,0.458
阪急杯,前走馬番=1,前走馬番,exact,10,1,1,12,0.073,0.083,0.182,0.458
阪急杯,前走頭数=10頭以下,前走頭数,range,10,1,1,11,0.067,0.091,0.182,0.5
阪急杯,前走開催=2京5,前走開催,exact,10,1,1,11,0.067,0.091,0.182,0.5
阪急杯,前走馬番=2,前走馬番,exact,10,2,2,22,0.133,0.091,0.182,0.5
阪急杯,多頭出し=*,多頭出し,exact,10,2,2,21,0.127,0.095,0.182,0.524
阪神カッ,前クラス名=OP(L),前クラス名,exact,10,0,0,21,0.122,0.0,0.174,0.0
阪神カッ,前走馬番=15,前走馬番,exact,10,0,0,16,0.093,0.0,0.174,0.0
阪神カッ,前走馬番=11,前走馬番,exact,10,0,0,11,0.064,0.0,0.174,0.0
阪神カッ,前3角=最後方寄り(相対85%超),前3角,derived,10,1,1,28,0.163,0.036,0.174,0.205
阪神カッ,産地=新冠町,産地,exact,10,1,1,23,0.134,0.043,0.174,0.249
阪神カッ,前4角=最後方寄り(相対85%超),前4角,derived,10,1,1,21,0.122,0.048,0.174,0.273
阪神カッ,前3角=後方(相対65%超),前3角,derived,10,2,3,55,0.32,0.055,0.174,0.313
阪神カッ,前走頭数=11〜13頭,前走頭数,range,10,1,1,18,0.105,0.056,0.174,0.319
阪神カッ,ブリンカー=B,ブリンカー,exact,10,1,1,18,0.105,0.056,0.174,0.319
阪神カッ,前走B=B,前走B,exact,10,1,1,16,0.093,0.062,0.174,0.358
阪神カッ,年齢=6歳,年齢,exact,10,2,2,31,0.18,0.065,0.174,0.37
阪神カッ,前走馬番=3,前走馬番,exact,10,1,1,15,0.087,0.067,0.174,0.382
阪神カッ,産地=新ひだか町,産地,exact,10,2,2,27,0.157,0.074,0.174,0.425
阪神カッ,種牡馬=ロードカナロア,種牡馬,exact,10,1,1,13,0.076,0.077,0.174,0.441
阪神カッ,前走斤量=54,前走斤量,exact,10,1,1,11,0.064,0.091,0.174,0.521
阪神ジャJ,前4角=4〜6番手,前4角,derived,10,0,0,25,0.223,0.0,0.268,0.0
阪神ジャJ,前3角=4〜6番手,前3角,derived,10,1,1,24,0.214,0.042,0.268,0.156
阪神ジャJ,前走人気=6〜9人気,前走人気,range,10,2,2,31,0.277,0.065,0.268,0.241
阪神ジャJ,前走人気=10人気以下,前走人気,range,10,1,1,13,0.116,0.077,0.268,0.287
阪神ジャJ,前走着順=二桁着順,前走着順,range,10,1,1,12,0.107,0.083,0.268,0.311
阪神ジャJ,母父馬=サンデーサイレンス,母父馬,exact,10,1,1,12,0.107,0.083,0.268,0.311
阪神ジャJ,取引市場(最終)=北海道サマーセール,取引市場(最終),exact,10,1,1,12,0.107,0.083,0.268,0.311
阪神ジャJ,前走から芝替わり,芝ダローテ,derived,10,1,1,10,0.089,0.1,0.268,0.373
阪神ジャJ,前芝・ダ=ダ,前芝・ダ,exact,10,1,1,10,0.089,0.1,0.268,0.373
阪神ジャJ,年齢=4歳,年齢,exact,10,2,2,19,0.17,0.105,0.268,0.393
阪神ジュ,前走上り3F=35秒台,前走上り3F,range,10,0,0,30,0.169,0.0,0.169,0.0
阪神ジュ,前走馬番=2,前走馬番,exact,10,0,0,19,0.107,0.0,0.169,0.0
阪神ジュ,前走着差=1.0秒以上,前走着差タイム,range,10,0,0,15,0.084,0.0,0.169,0.0
阪神ジュ,前走人気=10人気以下,前走人気,range,10,0,0,14,0.079,0.0,0.169,0.0
阪神ジュ,前走着順=二桁着順,前走着順,range,10,0,0,11,0.062,0.0,0.169,0.0
阪神ジュ,前騎手=福永祐一,前騎手,exact,10,0,0,10,0.056,0.0,0.169,0.0
阪神ジュ,前距離=1200,前距離,exact,10,0,0,10,0.056,0.0,0.169,0.0
阪神ジュ,前走頭数=8,前走頭数,exact,10,0,0,10,0.056,0.0,0.169,0.0
阪神ジュ,枠位置=外25%,馬番相対,derived,10,2,2,49,0.275,0.041,0.169,0.242
阪神ジュ,前4角=1番手,前4角,derived,10,1,1,24,0.135,0.042,0.169,0.247
阪神ジュ,前3角=1番手,前3角,derived,10,1,1,22,0.124,0.045,0.169,0.27
阪神ジュ,前走馬体重増減=+10kg以上,前走馬体重増減,range,10,1,1,20,0.112,0.05,0.169,0.297
阪神ジュ,前走上り3F=36秒以上,前走上り3F,range,10,1,1,15,0.084,0.067,0.169,0.396
阪神ジュ,前クラス名=新馬,前クラス名,exact,10,1,1,14,0.079,0.071,0.169,0.424
阪神ジュ,産地=浦河町,産地,exact,10,2,2,28,0.157,0.071,0.169,0.424
阪神ジュ,前4角=最後方寄り(相対85%超),前4角,derived,10,1,1,13,0.073,0.077,0.169,0.456
阪神ジュ,産地=新ひだか町,産地,exact,10,2,2,25,0.14,0.08,0.169,0.475
阪神スプJ,前走人気=6〜9人気,前走人気,range,10,1,1,26,0.241,0.038,0.278,0.138
阪神スプJ,前3角=後方(相対65%超),前3角,derived,10,1,1,15,0.139,0.067,0.278,0.24
阪神スプJ,前4角=後方(相対65%超),前4角,derived,10,1,1,14,0.13,0.071,0.278,0.257
阪神スプJ,間隔=中4週以内,間隔,range,10,2,2,23,0.213,0.087,0.278,0.313
阪神スプJ,前3角=4〜6番手,前3角,derived,10,2,3,29,0.269,0.103,0.278,0.372
阪神スプJ,毛色=黒鹿,毛色,exact,10,2,2,18,0.167,0.111,0.278,0.4
阪神スプJ,毛色=栗毛,毛色,exact,10,2,2,16,0.148,0.125,0.278,0.45
阪神大賞,年齢=7歳以上,年齢,range,10,0,0,37,0.314,0.0,0.254,0.0
阪神大賞,年齢=7歳,年齢,exact,10,0,0,19,0.161,0.0,0.254,0.0
阪神大賞,性別=セ,性別,exact,10,0,0,13,0.11,0.0,0.254,0.0
阪神大賞,年齢=8歳,年齢,exact,10,0,0,11,0.093,0.0,0.254,0.0
阪神大賞,毛色=黒鹿,毛色,exact,10,1,1,23,0.195,0.043,0.254,0.171
阪神大賞,キャリア=21戦以上,キャリア,range,10,2,3,59,0.5,0.051,0.254,0.2
阪神大賞,前走頭数=14,前走頭数,exact,10,1,1,19,0.161,0.053,0.254,0.207
阪神大賞,距離差=±200m以内,距離ローテ,derived,10,1,1,16,0.136,0.062,0.254,0.246
阪神大賞,前走馬番=4,前走馬番,exact,10,1,1,16,0.136,0.062,0.254,0.246
阪神大賞,前走斤量=54,前走斤量,exact,10,1,1,15,0.127,0.067,0.254,0.262
阪神大賞,前4角=最後方寄り(相対85%超),前4角,derived,10,1,1,14,0.119,0.071,0.254,0.281
阪神大賞,前4角=1番手,前4角,derived,10,1,1,13,0.11,0.077,0.254,0.303
阪神大賞,距離ローテ=同距離,距離ローテ,derived,10,1,1,12,0.102,0.083,0.254,0.328
阪神大賞,前3角=1番手,前3角,derived,10,1,1,12,0.102,0.083,0.254,0.328
阪神大賞,前クラス名=オープン,前クラス名,exact,10,1,1,12,0.102,0.083,0.254,0.328
阪神大賞,前距離=3000,前距離,exact,10,1,1,12,0.102,0.083,0.254,0.328
阪神大賞,母父馬=サンデーサイレンス,母父馬,exact,10,1,1,11,0.093,0.091,0.254,0.358
阪神大賞,前走馬体重増減=+10kg以上,前走馬体重増減,range,10,1,1,10,0.085,0.1,0.254,0.393
阪神大賞,前走レース名=万葉SH,前走レース名,exact,10,1,1,10,0.085,0.1,0.254,0.393
阪神大賞,前クラス名=3勝,前クラス名,exact,10,1,1,10,0.085,0.1,0.254,0.393
阪神大賞,前3角=最後方寄り(相対85%超),前3角,derived,10,2,2,19,0.161,0.105,0.254,0.414
阪神大賞,所属=(美),所属,exact,10,2,2,18,0.153,0.111,0.254,0.437
阪神牝馬,前4角=最後方寄り(相対85%超),前4角,derived,10,0,0,12,0.088,0.0,0.221,0.0
阪神牝馬,前走馬場状態=稍,前走馬場状態,exact,10,1,1,18,0.132,0.056,0.221,0.252
阪神牝馬,間隔=中4週以内,間隔,range,10,2,2,30,0.221,0.067,0.221,0.302
阪神牝馬,前走馬番=2,前走馬番,exact,10,1,1,13,0.096,0.077,0.221,0.349
阪神牝馬,前3角=最後方寄り(相対85%超),前3角,derived,10,2,2,21,0.154,0.095,0.221,0.432
阪神牝馬,馬体重増減=+10kg以上,馬体重増減,range,10,1,1,10,0.074,0.1,0.221,0.453
阪神牝馬,前クラス名=OP(L),前クラス名,exact,10,1,1,10,0.074,0.1,0.221,0.453
阪神牝馬,前走馬体重増減=±0,前走馬体重増減,range,10,2,2,19,0.14,0.105,0.221,0.477
阪神牝馬,毛色=栗毛,毛色,exact,10,2,2,18,0.132,0.111,0.221,0.504
青葉賞,前走着差=1.0秒以上,前走着差タイム,range,10,0,0,19,0.119,0.0,0.189,0.0
青葉賞,産地=浦河町,産地,exact,10,0,0,15,0.094,0.0,0.189,0.0
青葉賞,前走開催=3中3,前走開催,exact,10,0,0,14,0.088,0.0,0.189,0.0
青葉賞,前走から芝替わり,芝ダローテ,derived,10,0,0,12,0.075,0.0,0.189,0.0
青葉賞,前芝・ダ=ダ,前芝・ダ,exact,10,0,0,12,0.075,0.0,0.189,0.0
青葉賞,前走馬番=9,前走馬番,exact,10,0,0,12,0.075,0.0,0.189,0.0
青葉賞,前走人気=10人気以下,前走人気,range,10,0,0,11,0.069,0.0,0.189,0.0
青葉賞,前走頭数=15,前走頭数,exact,10,0,0,10,0.063,0.0,0.189,0.0
青葉賞,前走上り3F=36秒以上,前走上り3F,range,10,1,1,35,0.22,0.029,0.189,0.151
青葉賞,前走馬番=6,前走馬番,exact,10,1,1,13,0.082,0.077,0.189,0.408
青葉賞,前走頭数=14〜16頭,前走頭数,range,10,2,2,23,0.145,0.087,0.189,0.461
青葉賞,前クラス名=未勝利,前クラス名,exact,10,2,2,23,0.145,0.087,0.189,0.461
青葉賞,前走馬番=7,前走馬番,exact,10,1,1,11,0.069,0.091,0.189,0.482
青葉賞,前走レース名=未勝利,前走レース名,exact,10,2,2,22,0.138,0.091,0.189,0.482
青葉賞,前走頭数=17頭以上,前走頭数,range,10,1,1,10,0.063,0.1,0.189,0.53
青葉賞,前走レース名=500万下*,前走レース名,exact,10,1,1,10,0.063,0.1,0.189,0.53
青葉賞,前3角=最後方寄り(相対85%超),前3角,derived,10,2,2,20,0.126,0.1,0.189,0.53
高松宮記,産地=新冠町,産地,exact,10,0,0,19,0.106,0.0,0.167,0.0
高松宮記,前走馬番=15,前走馬番,exact,10,0,0,10,0.056,0.0,0.167,0.0
高松宮記,前走人気=6〜9人気,前走人気,range,10,1,1,35,0.194,0.029,0.167,0.171
高松宮記,前走着順=二桁着順,前走着順,range,10,2,2,44,0.244,0.045,0.167,0.273
高松宮記,前走着差=1.0秒以上,前走着差タイム,range,10,1,2,34,0.189,0.059,0.167,0.353
高松宮記,毛色=黒鹿,毛色,exact,10,2,2,31,0.172,0.065,0.167,0.387
高松宮記,年齢=8歳,年齢,exact,10,1,1,15,0.083,0.067,0.167,0.4
高松宮記,前走馬番=2,前走馬番,exact,10,1,1,14,0.078,0.071,0.167,0.429
高松宮記,前走馬番=3,前走馬番,exact,10,1,1,12,0.067,0.083,0.167,0.5
高松宮記,前走馬番=7,前走馬番,exact,10,1,1,12,0.067,0.083,0.167,0.5
高松宮記,前3角=4〜6番手,前3角,derived,10,2,3,34,0.189,0.088,0.167,0.529
高松宮記,前走馬番=12,前走馬番,exact,10,1,1,11,0.061,0.091,0.167,0.545
鳴尾記念,前クラス名=OP(L),前クラス名,exact,10,2,2,23,0.187,0.087,0.244,0.357
鳴尾記念,性別=セ,性別,exact,10,1,1,11,0.089,0.091,0.244,0.373
鳴尾記念,産地=浦河町,産地,exact,10,1,1,11,0.089,0.091,0.244,0.373
鳴尾記念,前3角=最後方寄り(相対85%超),前3角,derived,10,2,2,18,0.146,0.111,0.244,0.456
鳴尾記念,産地=千歳市,産地,exact,10,2,2,17,0.138,0.118,0.244,0.482
鳴尾記念,前4角=最後方寄り(相対85%超),前4角,derived,10,2,2,16,0.13,0.125,0.244,0.513
鳴尾記念,産地=新ひだか町,産地,exact,10,2,2,16,0.13,0.125,0.244,0.513
