重賞名,表示順,条件ランク,条件名,条件タイプ,根拠,年カバー数,馬券内該当数,全出走該当率,リフト
CBC賞H,1,S,前3角=前半位置(相対50%以内),強選別条件,9年中9年カバー / 馬券内21頭 / リフト1.342,9,21,0.58,1.342
CBC賞H,2,S,前4角=前半位置(相対50%以内),強選別条件,9年中9年カバー / 馬券内22頭 / リフト1.339,9,22,0.609,1.339
CBC賞H,3,S,性別=牡,選別条件,9年中9年カバー / 馬券内18頭 / リフト1.122,9,18,0.594,1.122
CBC賞H,4,S,距離ローテ=同距離または延長,選別条件,9年中9年カバー / 馬券内18頭 / リフト1.108,9,18,0.601,1.108
CBC賞H,5,S,前走着順=一桁着順,選別条件,9年中9年カバー / 馬券内19頭 / リフト1.091,9,19,0.645,1.091
CBC賞H,6,S,前走Ｒ=11,選別条件,9年中9年カバー / 馬券内19頭 / リフト1.022,9,19,0.688,1.022
JC,1,B,前走着順=1着,強選別条件,10年中9年カバー / 馬券内14頭 / リフト2.178,9,14,0.214,2.178
JC,2,B,前走着差=勝ち/同タイム,強選別条件,10年中9年カバー / 馬券内14頭 / リフト2.119,9,14,0.22,2.119
JC,3,B,前走レース名=天皇賞秋G1,強選別条件,10年中9年カバー / 馬券内14頭 / リフト1.633,9,14,0.286,1.633
JC,4,B,前距離=2000,強選別条件,10年中9年カバー / 馬券内18頭 / リフト1.4,9,18,0.429,1.4
JC,5,B,前走斤量=58,強選別条件,10年中9年カバー / 馬券内14頭 / リフト1.375,9,14,0.339,1.375
JC,6,B,前3角=前半位置(相対50%以内),強選別条件,10年中9年カバー / 馬券内16頭 / リフト1.358,9,16,0.393,1.358
JC,7,B,前クラス名=G1,選別条件,10年中9年カバー / 馬券内21頭 / リフト1.278,9,21,0.548,1.278
JC,8,B,距離ローテ=距離延長,選別条件,10年中9年カバー / 馬券内21頭 / リフト1.212,9,21,0.577,1.212
JC,9,B,毛色=鹿毛,選別条件,10年中9年カバー / 馬券内13頭 / リフト0.922,9,13,0.47,0.922
JC,10,S,枠位置=内25%,強選別条件,10年中10年カバー / 馬券内16頭 / リフト2.422,10,16,0.22,2.422
JC,11,S,馬番=1〜4番,強選別条件,10年中10年カバー / 馬券内16頭 / リフト2.24,10,16,0.238,2.24
JC,12,S,馬番=1〜6番,強選別条件,10年中10年カバー / 馬券内21頭 / リフト1.96,10,21,0.357,1.96
NHKマ,1,B,前走着順=1〜3着,選別条件,10年中9年カバー / 馬券内18頭 / リフト1.149,9,18,0.522,1.149
NHKマ,2,B,距離ローテ=同距離,選別条件,10年中9年カバー / 馬券内18頭 / リフト1.029,9,18,0.583,1.029
NHKマ,3,B,前距離=1600,選別条件,10年中9年カバー / 馬券内18頭 / リフト1.029,9,18,0.583,1.029
NHKマ,4,B,前3角=後半位置(相対50%超),選別条件,10年中9年カバー / 馬券内12頭 / リフト0.973,9,12,0.411,0.973
NHKマ,5,S,前走着差=0.3秒以内,強選別条件,10年中10年カバー / 馬券内22頭 / リフト1.361,10,22,0.539,1.361
NHKマ,6,S,前走着順=1〜5着,強選別条件,10年中10年カバー / 馬券内26頭 / リフト1.333,10,26,0.65,1.333
NHKマ,7,S,前走着差=0.5秒以内,選別条件,10年中10年カバー / 馬券内25頭 / リフト1.271,10,25,0.656,1.271
NHKマ,8,S,馬番=9番外,選別条件,10年中10年カバー / 馬券内20頭 / リフト1.2,10,20,0.556,1.2
NHKマ,9,S,キャリア=5戦以内,選別条件,10年中10年カバー / 馬券内19頭 / リフト1.175,10,19,0.539,1.175
NHKマ,10,S,間隔=中4週以内,選別条件,10年中10年カバー / 馬券内21頭 / リフト1.135,10,21,0.617,1.135
NHKマ,11,S,前4角=前半位置(相対50%以内),選別条件,10年中10年カバー / 馬券内21頭 / リフト1.115,10,21,0.628,1.115
NHKマ,12,S,枠位置=中50%,選別条件,10年中10年カバー / 馬券内16頭 / リフト1.067,10,16,0.5,1.067
きさらぎ,1,B,前走上り3F=33秒台以下,強選別条件,10年中9年カバー / 馬券内13頭 / リフト2.015,9,13,0.215,2.015
きさらぎ,2,B,産地=安平町,強選別条件,10年中9年カバー / 馬券内18頭 / リフト1.468,9,18,0.409,1.468
きさらぎ,3,B,前4角=4〜6番手,強選別条件,10年中9年カバー / 馬券内14頭 / リフト1.447,9,14,0.323,1.447
きさらぎ,4,B,前走斤量=55,選別条件,10年中9年カバー / 馬券内19頭 / リフト1.227,9,19,0.516,1.227
きさらぎ,5,B,前走頭数=10頭以下,選別条件,10年中9年カバー / 馬券内14頭 / リフト1.173,9,14,0.398,1.173
きさらぎ,6,B,前4角=後半位置(相対50%超),選別条件,10年中9年カバー / 馬券内13頭 / リフト1.033,9,13,0.419,1.033
きさらぎ,7,B,前4角=前半位置(相対50%以内),選別条件,10年中9年カバー / 馬券内17頭 / リフト0.976,9,17,0.581,0.976
きさらぎ,8,B,枠位置=中50%,選別条件,10年中9年カバー / 馬券内13頭 / リフト0.857,9,13,0.505,0.857
きさらぎ,9,S,馬番=1〜4番,強選別条件,10年中10年カバー / 馬券内18頭 / リフト1.395,10,18,0.43,1.395
きさらぎ,10,S,前走着差=0.5秒以内,選別条件,10年中10年カバー / 馬券内23頭 / リフト1.251,10,23,0.613,1.251
きさらぎ,11,S,前3角=後半位置(相対50%超),選別条件,10年中10年カバー / 馬券内18頭 / リフト1.213,10,18,0.495,1.213
きさらぎ,12,S,前走着差=0.3秒以内,選別条件,10年中10年カバー / 馬券内21頭 / リフト1.206,10,21,0.581,1.206
みやこS,1,A,間隔=中4週以内,選別条件,9年中9年カバー / 馬券内10頭 / リフト1.201,9,10,0.308,1.201
みやこS,2,S,前走着差=0.3秒以内,強選別条件,9年中9年カバー / 馬券内16頭 / リフト1.576,9,16,0.376,1.576
みやこS,3,S,前走着順=1〜3着,強選別条件,9年中9年カバー / 馬券内17頭 / リフト1.495,9,17,0.421,1.495
みやこS,4,S,前走着差=0.5秒以内,強選別条件,9年中9年カバー / 馬券内19頭 / リフト1.486,9,19,0.474,1.486
みやこS,5,S,前走着差=0.9秒以内,強選別条件,9年中9年カバー / 馬券内23頭 / リフト1.382,9,23,0.617,1.382
みやこS,6,S,前走着順=1〜5着,強選別条件,9年中9年カバー / 馬券内23頭 / リフト1.349,9,23,0.632,1.349
みやこS,7,S,前走頭数=14〜16頭,選別条件,9年中9年カバー / 馬券内19頭 / リフト1.185,9,19,0.594,1.185
みやこS,8,S,間隔=中8週以内,選別条件,9年中9年カバー / 馬券内20頭 / リフト1.107,9,20,0.669,1.107
みやこS,9,S,前走馬場状態=良,選別条件,9年中9年カバー / 馬券内20頭 / リフト1.059,9,20,0.699,1.059
みやこS,10,S,替=*,選別条件,9年中9年カバー / 馬券内16頭 / リフト0.985,9,16,0.602,0.985
みやこS,11,S,斤量=56kg以下,選別条件,9年中9年カバー / 馬券内16頭 / リフト0.95,9,16,0.624,0.95
アイビス,1,A,年齢=5歳,強選別条件,10年中10年カバー / 馬券内14頭 / リフト1.624,10,14,0.287,1.624
アイビス,2,A,間隔=中4週以内,選別条件,10年中10年カバー / 馬券内12頭 / リフト1.044,10,12,0.383,1.044
アイビス,3,A,枠位置=中50%,選別条件,10年中10年カバー / 馬券内14頭 / リフト0.95,10,14,0.491,0.95
アイビス,4,A,性別=牡,選別条件,10年中10年カバー / 馬券内11頭 / リフト0.827,10,11,0.443,0.827
アイビス,5,B,キャリア=11〜20戦,強選別条件,10年中9年カバー / 馬券内14頭 / リフト1.443,9,14,0.323,1.443
アイビス,6,B,所属=(栗),選別条件,10年中9年カバー / 馬券内16頭 / リフト1.024,9,16,0.521,1.024
アイビス,7,B,キャリア=21戦以上,選別条件,10年中9年カバー / 馬券内13頭 / リフト0.731,9,13,0.593,0.731
アイビス,8,S,前走着順=1〜3着,強選別条件,10年中10年カバー / 馬券内19頭 / リフト2.25,10,19,0.281,2.25
アイビス,9,S,前走着差=0.3秒以内,強選別条件,10年中10年カバー / 馬券内20頭 / リフト1.953,10,20,0.341,1.953
アイビス,10,S,前走着順=1〜5着,強選別条件,10年中10年カバー / 馬券内21頭 / リフト1.916,10,21,0.365,1.916
アイビス,11,S,前走着差=0.5秒以内,強選別条件,10年中10年カバー / 馬券内23頭 / リフト1.543,10,23,0.497,1.543
アイビス,12,S,前走着順=一桁着順,強選別条件,10年中10年カバー / 馬券内27頭 / リフト1.418,10,27,0.635,1.418
アメリカ,1,B,前走着順=1〜3着,強選別条件,10年中9年カバー / 馬券内16頭 / リフト1.567,9,16,0.34,1.567
アメリカ,2,B,前走頭数=17頭以上,強選別条件,10年中9年カバー / 馬券内14頭 / リフト1.462,9,14,0.319,1.462
アメリカ,3,B,前距離=2000,強選別条件,10年中9年カバー / 馬券内16頭 / リフト1.343,9,16,0.397,1.343
アメリカ,4,B,距離差=±200m以内,選別条件,10年中9年カバー / 馬券内20頭 / リフト1.237,9,20,0.539,1.237
アメリカ,5,B,前走斤量=56,選別条件,10年中9年カバー / 馬券内10頭 / リフト1.146,9,10,0.291,1.146
アメリカ,6,B,距離ローテ=距離延長,選別条件,10年中9年カバー / 馬券内17頭 / リフト1.125,9,17,0.504,1.125
アメリカ,7,B,距離ローテ=同距離または延長,選別条件,10年中9年カバー / 馬券内18頭 / リフト1.032,9,18,0.582,1.032
アメリカ,8,B,毛色=鹿毛,選別条件,10年中9年カバー / 馬券内14頭 / リフト1.012,9,14,0.461,1.012
アメリカ,9,B,距離ローテ=距離短縮,選別条件,10年中9年カバー / 馬券内12頭 / リフト0.956,9,12,0.418,0.956
アメリカ,10,B,間隔=中8週以内,選別条件,10年中9年カバー / 馬券内17頭 / リフト0.929,9,17,0.61,0.929
アメリカ,11,B,距離ローテ=同距離または短縮,選別条件,10年中9年カバー / 馬券内13頭 / リフト0.873,9,13,0.496,0.873
アメリカ,12,B,替=*,選別条件,10年中9年カバー / 馬券内15頭 / リフト0.87,9,15,0.574,0.87
アルゼンH,1,B,前走着順=1着,強選別条件,10年中9年カバー / 馬券内10頭 / リフト2.077,9,10,0.155,2.077
アルゼンH,2,B,前走着差=勝ち/同タイム,強選別条件,10年中9年カバー / 馬券内10頭 / リフト1.924,9,10,0.168,1.924
アルゼンH,3,B,年齢=4歳,強選別条件,10年中9年カバー / 馬券内12頭 / リフト1.889,9,12,0.205,1.889
アルゼンH,4,B,前走馬体重増減=増,強選別条件,10年中9年カバー / 馬券内15頭 / リフト1.498,9,15,0.323,1.498
アルゼンH,5,B,キャリア=11〜20戦,強選別条件,10年中9年カバー / 馬券内17頭 / リフト1.38,9,17,0.398,1.38
アルゼンH,6,B,前3角=前半位置(相対50%以内),選別条件,10年中9年カバー / 馬券内18頭 / リフト1.263,9,18,0.46,1.263
アルゼンH,7,B,産地=安平町,選別条件,10年中9年カバー / 馬券内13頭 / リフト1.206,9,13,0.348,1.206
アルゼンH,8,B,間隔=中8週以内,選別条件,10年中9年カバー / 馬券内17頭 / リフト1.09,9,17,0.503,1.09
アルゼンH,9,B,枠位置=中50%,選別条件,10年中9年カバー / 馬券内14頭 / リフト0.898,9,14,0.503,0.898
アルゼンH,10,S,前走着順=1〜3着,強選別条件,10年中10年カバー / 馬券内17頭 / リフト1.879,10,17,0.292,1.879
アルゼンH,11,S,前走着差=0.3秒以内,強選別条件,10年中10年カバー / 馬券内16頭 / リフト1.629,10,16,0.317,1.629
アルゼンH,12,S,年齢=3〜5歳,強選別条件,10年中10年カバー / 馬券内26頭 / リフト1.5,10,26,0.559,1.5
アルテミ,1,A,枠位置=中50%,選別条件,10年中10年カバー / 馬券内13頭 / リフト0.848,10,13,0.511,0.848
アルテミ,2,B,産地=安平町,強選別条件,10年中9年カバー / 馬券内17頭 / リフト1.941,9,17,0.292,1.941
アルテミ,3,B,前走頭数=10頭以下,強選別条件,10年中9年カバー / 馬券内14頭 / リフト1.728,9,14,0.27,1.728
アルテミ,4,B,前4角=2〜3番手,選別条件,10年中9年カバー / 馬券内12頭 / リフト1.218,9,12,0.328,1.218
アルテミ,5,B,馬番=9番外,選別条件,10年中9年カバー / 馬券内14頭 / リフト1.122,9,14,0.416,1.122
アルテミ,6,B,馬番=1〜6番,選別条件,10年中9年カバー / 馬券内12頭 / リフト0.913,9,12,0.438,0.913
アルテミ,7,S,所属=(栗),強選別条件,10年中10年カバー / 馬券内19頭 / リフト1.496,10,19,0.423,1.496
アルテミ,8,S,前走着順=1着,選別条件,10年中10年カバー / 馬券内23頭 / リフト1.129,10,23,0.679,1.129
アルテミ,9,S,間隔=中8週以内,選別条件,10年中10年カバー / 馬券内19頭 / リフト1.071,10,19,0.591,1.071
アルテミ,10,S,前3角=前半位置(相対50%以内),選別条件,10年中10年カバー / 馬券内20頭 / リフト1.062,10,20,0.628,1.062
アルテミ,11,S,距離ローテ=同距離,選別条件,10年中10年カバー / 馬券内16頭 / リフト1.029,10,16,0.518,1.029
アルテミ,12,S,前距離=1600,選別条件,10年中10年カバー / 馬券内16頭 / リフト1.029,10,16,0.518,1.029
アンタレ,1,B,前走着順=1〜3着,強選別条件,10年中9年カバー / 馬券内23頭 / リフト2.032,9,23,0.377,2.032
アンタレ,2,B,馬体重増減=増,強選別条件,10年中9年カバー / 馬券内14頭 / リフト1.302,9,14,0.358,1.302
アンタレ,3,B,距離ローテ=距離短縮,選別条件,10年中9年カバー / 馬券内12頭 / リフト1.272,9,12,0.314,1.272
アンタレ,4,B,年齢=6歳,選別条件,10年中9年カバー / 馬券内11頭 / リフト1.166,9,11,0.314,1.166
アンタレ,5,B,前走馬体重増減=減,選別条件,10年中9年カバー / 馬券内15頭 / リフト1.152,9,15,0.434,1.152
アンタレ,6,B,間隔=中4週以内,選別条件,10年中9年カバー / 馬券内15頭 / リフト1.032,9,15,0.484,1.032
アンタレ,7,B,毛色=鹿毛,選別条件,10年中9年カバー / 馬券内14頭 / リフト0.964,9,14,0.484,0.964
アンタレ,8,B,前走馬場状態=良,選別条件,10年中9年カバー / 馬券内14頭 / リフト0.916,9,14,0.509,0.916
アンタレ,9,S,前走着差=0.3秒以内,強選別条件,10年中10年カバー / 馬券内19頭 / リフト1.678,10,19,0.377,1.678
アンタレ,10,S,前走着差=0.5秒以内,強選別条件,10年中10年カバー / 馬券内22頭 / リフト1.619,10,22,0.453,1.619
アンタレ,11,S,前走着順=1〜5着,強選別条件,10年中10年カバー / 馬券内25頭 / リフト1.559,10,25,0.535,1.559
アンタレ,12,S,キャリア=11〜20戦,強選別条件,10年中10年カバー / 馬券内16頭 / リフト1.514,10,16,0.352,1.514
アーリン,1,A,前走馬体重増減=増,強選別条件,10年中10年カバー / 馬券内13頭 / リフト1.497,10,13,0.289,1.497
アーリン,2,A,前走着差=勝ち/同タイム,選別条件,10年中10年カバー / 馬券内14頭 / リフト1.059,10,14,0.441,1.059
アーリン,3,B,産地=新ひだか町,強選別条件,10年中9年カバー / 馬券内10頭 / リフト1.81,9,10,0.184,1.81
アーリン,4,B,前走着順=1着,選別条件,10年中9年カバー / 馬券内11頭 / リフト0.929,9,11,0.395,0.929
アーリン,5,B,前走斤量=56,選別条件,10年中9年カバー / 馬券内18頭 / リフト0.885,9,18,0.678,0.885
アーリン,6,S,前走Ｒ=11,強選別条件,10年中10年カバー / 馬券内17頭 / リフト1.625,10,17,0.349,1.625
アーリン,7,S,毛色=鹿毛,選別条件,10年中10年カバー / 馬券内20頭 / リフト1.236,10,20,0.539,1.236
アーリン,8,S,キャリア=5戦以内,選別条件,10年中10年カバー / 馬券内24頭 / リフト1.181,10,24,0.678,1.181
アーリン,9,S,前4角=前半位置(相対50%以内),選別条件,10年中10年カバー / 馬券内22頭 / リフト1.149,10,22,0.638,1.149
アーリン,10,S,前走着順=1〜3着,選別条件,10年中10年カバー / 馬券内20頭 / リフト1.078,10,20,0.618,1.078
アーリン,11,S,枠位置=中50%,選別条件,10年中10年カバー / 馬券内16頭 / リフト1.067,10,16,0.5,1.067
アーリン,12,S,前3角=前半位置(相対50%以内),選別条件,10年中10年カバー / 馬券内20頭 / リフト1.056,10,20,0.632,1.056
エプソム,1,A,前走馬体重増減=減,選別条件,10年中10年カバー / 馬券内13頭 / リフト0.989,10,13,0.438,0.989
エプソム,2,B,馬体重増減=減,選別条件,10年中9年カバー / 馬券内15頭 / リフト1.227,9,15,0.407,1.227
エプソム,3,B,枠位置=中50%,選別条件,10年中9年カバー / 馬券内18頭 / リフト1.215,9,18,0.494,1.215
エプソム,4,B,替=*,選別条件,10年中9年カバー / 馬券内19頭 / リフト1.103,9,19,0.574,1.103
エプソム,5,B,間隔=中4週以内,選別条件,10年中9年カバー / 馬券内13頭 / リフト1.08,9,13,0.401,1.08
エプソム,6,B,毛色=鹿毛,選別条件,10年中9年カバー / 馬券内17頭 / リフト1.067,9,17,0.531,1.067
エプソム,7,B,キャリア=11〜20戦,選別条件,10年中9年カバー / 馬券内14頭 / リフト1.022,9,14,0.457,1.022
エプソム,8,B,斤量=56kg以下,選別条件,10年中9年カバー / 馬券内21頭 / リフト1.012,9,21,0.691,1.012
エプソム,9,B,所属=(美),選別条件,10年中9年カバー / 馬券内17頭 / リフト1.009,9,17,0.562,1.009
エプソム,10,B,馬番=9番外,選別条件,10年中9年カバー / 馬券内15頭 / リフト0.988,9,15,0.506,0.988
エプソム,11,S,年齢=4歳,強選別条件,10年中10年カバー / 馬券内16頭 / リフト2.16,10,16,0.247,2.16
エプソム,12,S,前4角=前半位置(相対50%以内),強選別条件,10年中10年カバー / 馬券内25頭 / リフト1.467,10,25,0.568,1.467
エリザベ,1,A,前走斤量=54,選別条件,10年中10年カバー / 馬券内13頭 / リフト1.147,10,13,0.378,1.147
エリザベ,2,B,前4角=後半位置(相対50%超),選別条件,10年中9年カバー / 馬券内15頭 / リフト1.162,9,15,0.43,1.162
エリザベ,3,B,キャリア=11〜20戦,選別条件,10年中9年カバー / 馬券内16頭 / リフト1.161,9,16,0.459,1.161
エリザベ,4,B,前走馬場状態=良,選別条件,10年中9年カバー / 馬券内21頭 / リフト1.029,9,21,0.68,1.029
エリザベ,5,B,枠位置=中50%,選別条件,10年中9年カバー / 馬券内15頭 / リフト1.0,9,15,0.5,1.0
エリザベ,6,B,距離差=±200m以内,選別条件,10年中9年カバー / 馬券内16頭 / リフト0.936,9,16,0.57,0.936
エリザベ,7,B,馬番=9番外,選別条件,10年中9年カバー / 馬券内15頭 / リフト0.935,9,15,0.535,0.935
エリザベ,8,B,前3角=前半位置(相対50%以内),選別条件,10年中9年カバー / 馬券内14頭 / リフト0.892,9,14,0.523,0.892
エリザベ,9,B,前4角=前半位置(相対50%以内),選別条件,10年中9年カバー / 馬券内15頭 / リフト0.887,9,15,0.564,0.887
エリザベ,10,S,年齢=4歳,強選別条件,10年中10年カバー / 馬券内16頭 / リフト1.529,10,16,0.349,1.529
エリザベ,11,S,産地=安平町,強選別条件,10年中10年カバー / 馬券内16頭 / リフト1.369,10,16,0.39,1.369
エリザベ,12,S,前クラス名=G2,強選別条件,10年中10年カバー / 馬券内20頭 / リフト1.365,10,20,0.488,1.365
エルムS,1,A,キャリア=11〜20戦,選別条件,10年中10年カバー / 馬券内13頭 / リフト1.291,10,13,0.336,1.291
エルムS,2,A,前クラス名=オープン,選別条件,10年中10年カバー / 馬券内14頭 / リフト1.122,10,14,0.416,1.122
エルムS,3,B,年齢=5歳,強選別条件,10年中9年カバー / 馬券内14頭 / リフト1.728,9,14,0.27,1.728
エルムS,4,B,前走レース名=マリーンH,選別条件,10年中9年カバー / 馬券内13頭 / リフト1.291,9,13,0.336,1.291
エルムS,5,B,前走馬場状態=良,選別条件,10年中9年カバー / 馬券内19頭 / リフト1.058,9,19,0.599,1.058
エルムS,6,B,替=*,選別条件,10年中9年カバー / 馬券内12頭 / リフト0.843,9,12,0.474,0.843
エルムS,7,B,キャリア=21戦以上,選別条件,10年中9年カバー / 馬券内16頭 / リフト0.83,9,16,0.642,0.83
エルムS,8,S,年齢=3〜5歳,強選別条件,10年中10年カバー / 馬券内19頭 / リフト1.496,10,19,0.423,1.496
エルムS,9,S,年齢=5歳以下,強選別条件,10年中10年カバー / 馬券内19頭 / リフト1.496,10,19,0.423,1.496
エルムS,10,S,前走着順=1〜3着,強選別条件,10年中10年カバー / 馬券内19頭 / リフト1.471,10,19,0.431,1.471
エルムS,11,S,前走着差=0.3秒以内,強選別条件,10年中10年カバー / 馬券内17頭 / リフト1.465,10,17,0.387,1.465
エルムS,12,S,前走着順=1〜5着,強選別条件,10年中10年カバー / 馬券内24頭 / リフト1.37,10,24,0.584,1.37
オーシャ,1,A,前走着順=1〜3着,強選別条件,10年中10年カバー / 馬券内13頭 / リフト1.378,10,13,0.314,1.378
オーシャ,2,A,枠位置=中50%,選別条件,10年中10年カバー / 馬券内14頭 / リフト0.927,10,14,0.503,0.927
オーシャ,3,B,年齢=5歳,強選別条件,10年中9年カバー / 馬券内12頭 / リフト1.445,9,12,0.277,1.445
オーシャ,4,B,前4角=前半位置(相対50%以内),選別条件,10年中9年カバー / 馬券内22頭 / リフト1.202,9,22,0.61,1.202
オーシャ,5,B,前走馬体重増減=増,選別条件,10年中9年カバー / 馬券内15頭 / リフト1.136,9,15,0.44,1.136
オーシャ,6,B,前走上り3F=34秒台,選別条件,10年中9年カバー / 馬券内16頭 / リフト1.06,9,16,0.503,1.06
オーシャ,7,B,所属=(美),選別条件,10年中9年カバー / 馬券内13頭 / リフト1.013,9,13,0.428,1.013
オーシャ,8,B,馬番=9番外,選別条件,10年中9年カバー / 馬券内15頭 / リフト1.006,9,15,0.497,1.006
オーシャ,9,B,替=*,選別条件,10年中9年カバー / 馬券内17頭 / リフト0.91,9,17,0.623,0.91
オーシャ,10,B,間隔=中8週以内,選別条件,10年中9年カバー / 馬券内17頭 / リフト0.875,9,17,0.648,0.875
オーシャ,11,B,毛色=鹿毛,選別条件,10年中9年カバー / 馬券内11頭 / リフト0.767,9,11,0.478,0.767
オーシャ,12,S,キャリア=11〜20戦,強選別条件,10年中10年カバー / 馬券内15頭 / リフト1.5,10,15,0.333,1.5
オータムH,1,A,前走上り3F=34秒台,選別条件,10年中10年カバー / 馬券内14頭 / リフト1.075,10,14,0.434,1.075
オータムH,2,B,所属=(栗),選別条件,10年中9年カバー / 馬券内18頭 / リフト1.232,9,18,0.487,1.232
オータムH,3,B,前4角=後半位置(相対50%超),選別条件,10年中9年カバー / 馬券内13頭 / リフト1.062,9,13,0.408,1.062
オータムH,4,B,馬番=9番外,選別条件,10年中9年カバー / 馬券内15頭 / リフト1.056,9,15,0.474,1.056
オータムH,5,B,前走頭数=14〜16頭,選別条件,10年中9年カバー / 馬券内13頭 / リフト0.983,9,13,0.441,0.983
オータムH,6,B,間隔=中8週以内,選別条件,10年中9年カバー / 馬券内17頭 / リフト0.897,9,17,0.632,0.897
オータムH,7,B,替=*,選別条件,10年中9年カバー / 馬券内15頭 / リフト0.894,9,15,0.559,0.894
オータムH,8,B,枠位置=中50%,選別条件,10年中9年カバー / 馬券内13頭 / リフト0.855,9,13,0.507,0.855
オータムH,9,B,前走馬体重増減=減,選別条件,10年中9年カバー / 馬券内10頭 / リフト0.831,9,10,0.401,0.831
オータムH,10,B,所属=(美),選別条件,10年中9年カバー / 馬券内12頭 / リフト0.779,9,12,0.513,0.779
オータムH,11,S,前走着順=1〜5着,選別条件,10年中10年カバー / 馬券内17頭 / リフト1.213,10,17,0.467,1.213
オータムH,12,S,前走着差=0.5秒以内,選別条件,10年中10年カバー / 馬券内21頭 / リフト1.196,10,21,0.586,1.196
オールカ,1,A,替=*,選別条件,10年中10年カバー / 馬券内12頭 / リフト0.783,10,12,0.511,0.783
オールカ,2,B,キャリア=11〜20戦,強選別条件,10年中9年カバー / 馬券内14頭 / リフト1.39,9,14,0.336,1.39
オールカ,3,B,産地=安平町,強選別条件,10年中9年カバー / 馬券内13頭 / リフト1.349,9,13,0.321,1.349
オールカ,4,B,毛色=鹿毛,選別条件,10年中9年カバー / 馬券内17頭 / リフト1.252,9,17,0.453,1.252
オールカ,5,B,前走着差=0.5秒以内,選別条件,10年中9年カバー / 馬券内16頭 / リフト1.198,9,16,0.445,1.198
オールカ,6,B,枠位置=中50%,選別条件,10年中9年カバー / 馬券内15頭 / リフト1.007,9,15,0.496,1.007
オールカ,7,B,所属=(栗),選別条件,10年中9年カバー / 馬券内12頭 / リフト0.996,9,12,0.401,0.996
オールカ,8,B,距離ローテ=距離延長,選別条件,10年中9年カバー / 馬券内13頭 / リフト0.715,9,13,0.606,0.715
オールカ,9,S,年齢=3〜5歳,強選別条件,10年中10年カバー / 馬券内25頭 / リフト1.464,10,25,0.569,1.464
オールカ,10,S,年齢=5歳以下,強選別条件,10年中10年カバー / 馬券内25頭 / リフト1.464,10,25,0.569,1.464
オールカ,11,S,馬番=1〜6番,強選別条件,10年中10年カバー / 馬券内19頭 / リフト1.446,10,19,0.438,1.446
オールカ,12,S,距離ローテ=同距離または短縮,強選別条件,10年中10年カバー / 馬券内17頭 / リフト1.438,10,17,0.394,1.438
カペラS,1,A,前走馬体重増減=増,選別条件,10年中10年カバー / 馬券内14頭 / リフト1.114,10,14,0.419,1.114
カペラS,2,B,前走着差=0.3秒以内,強選別条件,10年中9年カバー / 馬券内17頭 / リフト1.537,9,17,0.369,1.537
カペラS,3,B,前走着差=0.5秒以内,強選別条件,10年中9年カバー / 馬券内19頭 / リフト1.316,9,19,0.481,1.316
カペラS,4,B,年齢=3〜5歳,選別条件,10年中9年カバー / 馬券内20頭 / リフト1.212,9,20,0.55,1.212
カペラS,5,B,年齢=5歳以下,選別条件,10年中9年カバー / 馬券内20頭 / リフト1.212,9,20,0.55,1.212
カペラS,6,B,馬番=9番外,選別条件,10年中9年カバー / 馬券内17頭 / リフト1.133,9,17,0.5,1.133
カペラS,7,B,間隔=中4週以内,選別条件,10年中9年カバー / 馬券内14頭 / リフト1.114,9,14,0.419,1.114
カペラS,8,B,斤量=56kg,選別条件,10年中9年カバー / 馬券内16頭 / リフト0.853,9,16,0.625,0.853
カペラS,9,B,枠位置=中50%,選別条件,10年中9年カバー / 馬券内11頭 / リフト0.733,9,11,0.5,0.733
カペラS,10,S,前走着順=1〜5着,強選別条件,10年中10年カバー / 馬券内23頭 / リフト1.46,10,23,0.525,1.46
カペラS,11,S,前走着順=1〜3着,強選別条件,10年中10年カバー / 馬券内18頭 / リフト1.433,10,18,0.419,1.433
カペラS,12,S,前走斤量=57,強選別条件,10年中10年カバー / 馬券内15頭 / リフト1.311,10,15,0.381,1.311
キーンラ,1,B,前走着差=勝ち/同タイム,強選別条件,10年中9年カバー / 馬券内12頭 / リフト1.59,9,12,0.252,1.59
キーンラ,2,B,性別=牝,強選別条件,10年中9年カバー / 馬券内17頭 / リフト1.464,9,17,0.387,1.464
キーンラ,3,B,前走着順=1〜3着,選別条件,10年中9年カバー / 馬券内16頭 / リフト1.272,9,16,0.419,1.272
キーンラ,4,B,馬番=9番外,選別条件,10年中9年カバー / 馬券内18頭 / リフト1.24,9,18,0.484,1.24
キーンラ,5,B,馬体重増減=増,選別条件,10年中9年カバー / 馬券内13頭 / リフト1.002,9,13,0.432,1.002
キーンラ,6,B,替=*,選別条件,10年中9年カバー / 馬券内15頭 / リフト0.945,9,15,0.529,0.945
キーンラ,7,B,間隔=中8週以内,選別条件,10年中9年カバー / 馬券内13頭 / リフト0.781,9,13,0.555,0.781
キーンラ,8,B,性別=牡,選別条件,10年中9年カバー / 馬券内11頭 / リフト0.693,9,11,0.529,0.693
キーンラ,9,S,年齢=3〜5歳,選別条件,10年中10年カバー / 馬券内25頭 / リフト1.292,10,25,0.645,1.292
キーンラ,10,S,年齢=5歳以下,選別条件,10年中10年カバー / 馬券内25頭 / リフト1.292,10,25,0.645,1.292
キーンラ,11,S,前走着差=0.3秒以内,選別条件,10年中10年カバー / 馬券内18頭 / リフト1.208,10,18,0.497,1.208
キーンラ,12,S,前走着順=1〜5着,選別条件,10年中10年カバー / 馬券内17頭 / リフト1.126,10,17,0.503,1.126
クイーン,1,A,枠位置=中50%,選別条件,10年中10年カバー / 馬券内14頭 / リフト0.94,10,14,0.497,0.94
クイーン,2,B,枠位置=内25%,強選別条件,10年中9年カバー / 馬券内12頭 / リフト1.733,9,12,0.231,1.733
クイーン,3,B,馬番=1〜4番,強選別条件,10年中9年カバー / 馬券内13頭 / リフト1.549,9,13,0.28,1.549
クイーン,4,B,前3角=後方(相対65%超),強選別条件,10年中9年カバー / 馬券内13頭 / リフト1.475,9,13,0.294,1.475
クイーン,5,B,産地=安平町,強選別条件,10年中9年カバー / 馬券内16頭 / リフト1.467,9,16,0.364,1.467
クイーン,6,B,間隔=中9〜12週,強選別条件,10年中9年カバー / 馬券内15頭 / リフト1.43,9,15,0.35,1.43
クイーン,7,B,前4角=後半位置(相対50%超),強選別条件,10年中9年カバー / 馬券内13頭 / リフト1.318,9,13,0.329,1.318
クイーン,8,B,前3角=後半位置(相対50%超),選別条件,10年中9年カバー / 馬券内14頭 / リフト1.259,9,14,0.371,1.259
クイーン,9,B,毛色=鹿毛,選別条件,10年中9年カバー / 馬券内15頭 / リフト1.233,9,15,0.406,1.233
クイーン,10,B,前距離=1600,選別条件,10年中9年カバー / 馬券内18頭 / リフト1.208,9,18,0.497,1.208
クイーン,11,B,前走Ｒ=11,選別条件,10年中9年カバー / 馬券内22頭 / リフト1.192,9,22,0.615,1.192
クイーン,12,B,前走着順=1〜5着,選別条件,10年中9年カバー / 馬券内18頭 / リフト1.073,9,18,0.559,1.073
サウジア,1,A,前走Ｒ=5,強選別条件,8年中8年カバー / 馬券内14頭 / リフト1.92,8,14,0.304,1.92
サウジア,2,A,前走レース名=新馬,強選別条件,8年中8年カバー / 馬券内14頭 / リフト1.92,8,14,0.304,1.92
サウジア,3,A,馬体重増減=減,選別条件,8年中8年カバー / 馬券内11頭 / リフト1.168,8,11,0.392,1.168
サウジア,4,S,前クラス名=新馬,強選別条件,8年中8年カバー / 馬券内16頭 / リフト1.951,8,16,0.342,1.951
サウジア,5,S,前走着順=1着,強選別条件,8年中8年カバー / 馬券内21頭 / リフト1.503,8,21,0.582,1.503
サウジア,6,S,前走着差=勝ち/同タイム,強選別条件,8年中8年カバー / 馬券内21頭 / リフト1.471,8,21,0.595,1.471
サウジア,7,S,距離ローテ=同距離,選別条件,8年中8年カバー / 馬券内18頭 / リフト1.288,8,18,0.582,1.288
サウジア,8,S,前距離=1600,選別条件,8年中8年カバー / 馬券内18頭 / リフト1.288,8,18,0.582,1.288
サウジア,9,S,前走着順=1〜3着,選別条件,8年中8年カバー / 馬券内21頭 / リフト1.28,8,21,0.684,1.28
サウジア,10,S,前走着差=0.3秒以内,選別条件,8年中8年カバー / 馬券内21頭 / リフト1.257,8,21,0.696,1.257
サウジア,11,S,馬番=1〜6番,選別条件,8年中8年カバー / 馬券内17頭 / リフト1.166,8,17,0.608,1.166
サウジア,12,S,前3角=前半位置(相対50%以内),選別条件,8年中8年カバー / 馬券内18頭 / リフト1.097,8,18,0.684,1.097
シリウスH,1,A,馬番=1〜6番,選別条件,10年中10年カバー / 馬券内13頭 / リフト1.047,10,13,0.414,1.047
シリウスH,2,B,前走着差=0.3秒以内,強選別条件,10年中9年カバー / 馬券内17頭 / リフト1.58,9,17,0.359,1.58
シリウスH,3,B,前走着差=0.5秒以内,強選別条件,10年中9年カバー / 馬券内19頭 / リフト1.458,9,19,0.434,1.458
シリウスH,4,B,前4角=4〜6番手,強選別条件,10年中9年カバー / 馬券内10頭 / リフト1.343,9,10,0.248,1.343
シリウスH,5,B,馬番=1〜4番,強選別条件,10年中9年カバー / 馬券内11頭 / リフト1.329,9,11,0.276,1.329
シリウスH,6,B,毛色=鹿毛,選別条件,10年中9年カバー / 馬券内17頭 / リフト1.208,9,17,0.469,1.208
シリウスH,7,B,間隔=中5〜8週,選別条件,10年中9年カバー / 馬券内12頭 / リフト1.208,9,12,0.331,1.208
シリウスH,8,B,前走馬場状態=良,選別条件,10年中9年カバー / 馬券内19頭 / リフト1.02,9,19,0.621,1.02
シリウスH,9,B,前走頭数=14〜16頭,選別条件,10年中9年カバー / 馬券内20頭 / リフト0.997,9,20,0.669,0.997
シリウスH,10,B,間隔=中8週以内,選別条件,10年中9年カバー / 馬券内15頭 / リフト0.967,9,15,0.517,0.967
シリウスH,11,B,キャリア=21戦以上,選別条件,10年中9年カバー / 馬券内15頭 / リフト0.833,9,15,0.6,0.833
シリウスH,12,B,馬番=9番外,選別条件,10年中9年カバー / 馬券内10頭 / リフト0.744,9,10,0.448,0.744
シルクロH,1,B,前走上り3F=33秒台以下,強選別条件,10年中9年カバー / 馬券内19頭 / リフト1.814,9,19,0.349,1.814
シルクロH,2,B,前走着順=1〜5着,強選別条件,10年中9年カバー / 馬券内23頭 / リフト1.524,9,23,0.503,1.524
シルクロH,3,B,年齢=3〜5歳,強選別条件,10年中9年カバー / 馬券内17頭 / リフト1.349,9,17,0.42,1.349
シルクロH,4,B,年齢=5歳以下,強選別条件,10年中9年カバー / 馬券内17頭 / リフト1.349,9,17,0.42,1.349
シルクロH,5,B,前3角=後半位置(相対50%超),選別条件,10年中9年カバー / 馬券内13頭 / リフト1.127,9,13,0.385,1.127
シルクロH,6,B,馬番=1〜6番,選別条件,10年中9年カバー / 馬券内12頭 / リフト1.127,9,12,0.355,1.127
シルクロH,7,B,前4角=後半位置(相対50%超),選別条件,10年中9年カバー / 馬券内13頭 / リフト1.046,9,13,0.414,1.046
シルクロH,8,B,枠位置=中50%,選別条件,10年中9年カバー / 馬券内15頭 / リフト1.006,9,15,0.497,1.006
シルクロH,9,B,前4角=前半位置(相対50%以内),選別条件,10年中9年カバー / 馬券内17頭 / リフト0.967,9,17,0.586,0.967
シルクロH,10,B,前3角=前半位置(相対50%以内),選別条件,10年中9年カバー / 馬券内17頭 / リフト0.921,9,17,0.615,0.921
シルクロH,11,B,替=*,選別条件,10年中9年カバー / 馬券内14頭 / リフト0.758,9,14,0.615,0.758
シルクロH,12,S,前走着差=0.3秒以内,強選別条件,10年中10年カバー / 馬券内20頭 / リフト1.444,10,20,0.462,1.444
シンザン,1,B,産地=安平町,強選別条件,10年中9年カバー / 馬券内13頭 / リフト1.647,9,13,0.263,1.647
シンザン,2,B,前4角=2〜3番手,強選別条件,10年中9年カバー / 馬券内15頭 / リフト1.583,9,15,0.316,1.583
シンザン,3,B,前走頭数=11〜13頭,強選別条件,10年中9年カバー / 馬券内12頭 / リフト1.478,9,12,0.271,1.478
シンザン,4,B,前4角=前半位置(相対50%以内),選別条件,10年中9年カバー / 馬券内20頭 / リフト1.108,9,20,0.602,1.108
シンザン,5,B,毛色=鹿毛,選別条件,10年中9年カバー / 馬券内16頭 / リフト1.075,9,16,0.496,1.075
シンザン,6,B,前走着順=1〜3着,選別条件,10年中9年カバー / 馬券内20頭 / リフト1.068,9,20,0.624,1.068
シンザン,7,B,前3角=前半位置(相対50%以内),選別条件,10年中9年カバー / 馬券内20頭 / リフト1.068,9,20,0.624,1.068
シンザン,8,B,枠位置=中50%,選別条件,10年中9年カバー / 馬券内16頭 / リフト1.028,9,16,0.519,1.028
シンザン,9,B,馬番=1〜6番,選別条件,10年中9年カバー / 馬券内13頭 / リフト0.961,9,13,0.451,0.961
シンザン,10,S,距離ローテ=同距離または短縮,選別条件,10年中10年カバー / 馬券内26頭 / リフト1.239,10,26,0.699,1.239
シンザン,11,S,距離ローテ=同距離,選別条件,10年中10年カバー / 馬券内20頭 / リフト1.198,10,20,0.556,1.198
シンザン,12,S,前距離=1600,選別条件,10年中10年カバー / 馬券内20頭 / リフト1.198,10,20,0.556,1.198
ステイヤ,1,B,馬体重増減=減,強選別条件,10年中9年カバー / 馬券内13頭 / リフト1.434,9,13,0.302,1.434
ステイヤ,2,B,産地=安平町,強選別条件,10年中9年カバー / 馬券内15頭 / リフト1.39,9,15,0.36,1.39
ステイヤ,3,B,所属=(栗),選別条件,10年中9年カバー / 馬券内18頭 / リフト1.283,9,18,0.468,1.283
ステイヤ,4,B,前クラス名=G2,選別条件,10年中9年カバー / 馬券内17頭 / リフト1.231,9,17,0.46,1.231
ステイヤ,5,B,前走頭数=14〜16頭,選別条件,10年中9年カバー / 馬券内14頭 / リフト1.099,9,14,0.424,1.099
ステイヤ,6,B,年齢=3〜5歳,選別条件,10年中9年カバー / 馬券内16頭 / リフト1.09,9,16,0.489,1.09
ステイヤ,7,B,年齢=5歳以下,選別条件,10年中9年カバー / 馬券内16頭 / リフト1.09,9,16,0.489,1.09
ステイヤ,8,B,馬体重増減=増,選別条件,10年中9年カバー / 馬券内12頭 / リフト1.09,9,12,0.367,1.09
ステイヤ,9,B,前3角=後半位置(相対50%超),選別条件,10年中9年カバー / 馬券内16頭 / リフト0.95,9,16,0.561,0.95
ステイヤ,10,B,前4角=後半位置(相対50%超),選別条件,10年中9年カバー / 馬券内15頭 / リフト0.88,9,15,0.568,0.88
ステイヤ,11,B,枠位置=中50%,選別条件,10年中9年カバー / 馬券内13頭 / リフト0.873,9,13,0.496,0.873
ステイヤ,12,B,キャリア=21戦以上,選別条件,10年中9年カバー / 馬券内17頭 / リフト0.82,9,17,0.691,0.82
スプリン,1,B,馬番=1〜4番,強選別条件,10年中9年カバー / 馬券内13頭 / リフト1.56,9,13,0.278,1.56
スプリン,2,B,前走着差=0.3秒以内,選別条件,10年中9年カバー / 馬券内21頭 / リフト1.292,9,21,0.542,1.292
スプリン,3,B,前走馬体重増減=増,選別条件,10年中9年カバー / 馬券内13頭 / リフト1.224,9,13,0.354,1.224
スプリン,4,B,斤量=56kg以下,選別条件,10年中9年カバー / 馬券内20頭 / リフト1.032,9,20,0.646,1.032
スプリン,5,B,毛色=鹿毛,選別条件,10年中9年カバー / 馬券内16頭 / リフト1.011,9,16,0.528,1.011
スプリン,6,B,枠位置=中50%,選別条件,10年中9年カバー / 馬券内15頭 / リフト1.0,9,15,0.5,1.0
スプリン,7,B,距離ローテ=同距離,選別条件,10年中9年カバー / 馬券内18頭 / リフト0.949,9,18,0.632,0.949
スプリン,8,B,所属=(栗),選別条件,10年中9年カバー / 馬券内16頭 / リフト0.893,9,16,0.597,0.893
スプリン,9,S,前走着順=1〜5着,強選別条件,10年中10年カバー / 馬券内26頭 / リフト1.357,10,26,0.639,1.357
スプリン,10,S,前走着順=1〜3着,選別条件,10年中10年カバー / 馬券内21頭 / リフト1.292,10,21,0.542,1.292
スプリン,11,S,前走着差=0.5秒以内,選別条件,10年中10年カバー / 馬券内26頭 / リフト1.287,10,26,0.674,1.287
スプリン,12,S,馬番=1〜6番,選別条件,10年中10年カバー / 馬券内16頭 / リフト1.28,10,16,0.417,1.28
スワンS,1,B,前走着差=0.3秒以内,強選別条件,10年中9年カバー / 馬券内17頭 / リフト1.443,9,17,0.393,1.443
スワンS,2,B,前走着順=1〜5着,強選別条件,10年中9年カバー / 馬券内17頭 / リフト1.379,9,17,0.411,1.379
スワンS,3,B,前走上り3F=34秒台,選別条件,10年中9年カバー / 馬券内13頭 / リフト1.284,9,13,0.337,1.284
スワンS,4,B,前走着差=0.5秒以内,選別条件,10年中9年カバー / 馬券内20頭 / リフト1.249,9,20,0.534,1.249
スワンS,5,B,キャリア=11〜20戦,選別条件,10年中9年カバー / 馬券内13頭 / リフト1.158,9,13,0.374,1.158
スワンS,6,B,前走上り3F=33秒台以下,選別条件,10年中9年カバー / 馬券内12頭 / リフト1.052,9,12,0.38,1.052
スワンS,7,B,馬番=9番外,選別条件,10年中9年カバー / 馬券内15頭 / リフト0.982,9,15,0.509,0.982
スワンS,8,B,毛色=鹿毛,選別条件,10年中9年カバー / 馬券内14頭 / リフト0.928,9,14,0.503,0.928
スワンS,9,B,間隔=中8週以内,選別条件,10年中9年カバー / 馬券内11頭 / リフト0.687,9,11,0.534,0.687
スワンS,10,S,前走着順=一桁着順,強選別条件,10年中10年カバー / 馬券内27頭 / リフト1.31,10,27,0.687,1.31
スワンS,11,S,距離ローテ=同距離または短縮,選別条件,10年中10年カバー / 馬券内24頭 / リフト1.23,10,24,0.65,1.23
スワンS,12,S,年齢=3〜5歳,選別条件,10年中10年カバー / 馬券内22頭 / リフト1.207,10,22,0.607,1.207
セントウ,1,A,間隔=中13週以上,強選別条件,10年中10年カバー / 馬券内13頭 / リフト1.644,10,13,0.264,1.644
セントウ,2,A,替=*,選別条件,10年中10年カバー / 馬券内14頭 / リフト0.842,10,14,0.554,0.842
セントウ,3,B,前走着順=1〜3着,強選別条件,10年中9年カバー / 馬券内12頭 / リフト1.741,9,12,0.23,1.741
セントウ,4,B,前走着順=1〜5着,強選別条件,10年中9年カバー / 馬券内19頭 / リフト1.465,9,19,0.432,1.465
セントウ,5,B,枠位置=外25%,強選別条件,10年中9年カバー / 馬券内12頭 / リフト1.41,9,12,0.284,1.41
セントウ,6,B,前走着差=0.5秒以内,選別条件,10年中9年カバー / 馬券内17頭 / リフト1.149,9,17,0.493,1.149
セントウ,7,B,前走頭数=18,選別条件,10年中9年カバー / 馬券内15頭 / リフト1.028,9,15,0.486,1.028
セントウ,8,B,性別=牝,選別条件,10年中9年カバー / 馬券内11頭 / リフト1.024,9,11,0.358,1.024
セントウ,9,B,馬番=9番外,選別条件,10年中9年カバー / 馬券内13頭 / リフト0.943,9,13,0.459,0.943
セントウ,10,B,間隔=中4週以内,選別条件,10年中9年カバー / 馬券内12頭 / リフト0.834,9,12,0.48,0.834
セントウ,11,B,間隔=中8週以内,選別条件,10年中9年カバー / 馬券内14頭 / リフト0.785,9,14,0.595,0.785
セントウ,12,S,年齢=3〜5歳,強選別条件,10年中10年カバー / 馬券内22頭 / リフト1.374,10,22,0.534,1.374
セントラ,1,B,前走開催=2東C,強選別条件,10年中9年カバー / 馬券内17頭 / リフト2.136,9,17,0.265,2.136
セントラ,2,B,前走レース名=東京優駿G1,強選別条件,10年中9年カバー / 馬券内17頭 / リフト2.136,9,17,0.265,2.136
セントラ,3,B,前走斤量=57,強選別条件,10年中9年カバー / 馬券内18頭 / リフト2.051,9,18,0.293,2.051
セントラ,4,B,キャリア=5戦以内,強選別条件,10年中9年カバー / 馬券内14頭 / リフト1.854,9,14,0.252,1.854
セントラ,5,B,前走頭数=18,強選別条件,10年中9年カバー / 馬券内17頭 / リフト1.772,9,17,0.32,1.772
セントラ,6,B,産地=安平町,強選別条件,10年中9年カバー / 馬券内15頭 / リフト1.598,9,15,0.313,1.598
セントラ,7,B,前走頭数=17頭以上,強選別条件,10年中9年カバー / 馬券内17頭 / リフト1.572,9,17,0.361,1.572
セントラ,8,B,前距離=2400,強選別条件,10年中9年カバー / 馬券内17頭 / リフト1.572,9,17,0.361,1.572
セントラ,9,B,距離ローテ=距離短縮,強選別条件,10年中9年カバー / 馬券内17頭 / リフト1.412,9,17,0.401,1.412
セントラ,10,B,距離ローテ=同距離または短縮,選別条件,10年中9年カバー / 馬券内17頭 / リフト1.19,9,17,0.476,1.19
セントラ,11,B,毛色=鹿毛,選別条件,10年中9年カバー / 馬券内21頭 / リフト1.183,9,21,0.592,1.183
セントラ,12,B,前走着差=勝ち/同タイム,選別条件,10年中9年カバー / 馬券内10頭 / リフト0.925,9,10,0.361,0.925
ダイヤモH,1,A,年齢=3〜5歳,選別条件,10年中10年カバー / 馬券内14頭 / リフト1.283,10,14,0.364,1.283
ダイヤモH,2,A,年齢=5歳以下,選別条件,10年中10年カバー / 馬券内14頭 / リフト1.283,10,14,0.364,1.283
ダイヤモH,3,B,枠位置=外25%,強選別条件,10年中9年カバー / 馬券内13頭 / リフト1.631,9,13,0.266,1.631
ダイヤモH,4,B,前走着順=1〜3着,強選別条件,10年中9年カバー / 馬券内11頭 / リフト1.311,9,11,0.28,1.311
ダイヤモH,5,B,前走着差=0.3秒以内,選別条件,10年中9年カバー / 馬券内10頭 / リフト1.254,9,10,0.266,1.254
ダイヤモH,6,B,キャリア=11〜20戦,選別条件,10年中9年カバー / 馬券内13頭 / リフト1.148,9,13,0.378,1.148
ダイヤモH,7,B,前4角=前半位置(相対50%以内),選別条件,10年中9年カバー / 馬券内18頭 / リフト1.073,9,18,0.559,1.073
ダイヤモH,8,B,馬番=9番外,選別条件,10年中9年カバー / 馬券内14頭 / リフト1.059,9,14,0.441,1.059
ダイヤモH,9,B,前3角=前半位置(相対50%以内),選別条件,10年中9年カバー / 馬券内17頭 / リフト1.052,9,17,0.538,1.052
ダイヤモH,10,B,間隔=中8週以内,選別条件,10年中9年カバー / 馬券内18頭 / リフト1.046,9,18,0.573,1.046
ダイヤモH,11,B,前走Ｒ=11,選別条件,10年中9年カバー / 馬券内20頭 / リフト0.983,9,20,0.678,0.983
ダイヤモH,12,B,馬番=1〜6番,選別条件,10年中9年カバー / 馬券内12頭 / リフト0.953,9,12,0.42,0.953
ダービーH,1,B,前走着順=1〜3着,強選別条件,10年中9年カバー / 馬券内15頭 / リフト1.509,9,15,0.331,1.509
ダービーH,2,B,馬番=1〜4番,強選別条件,10年中9年カバー / 馬券内10頭 / リフト1.333,9,10,0.25,1.333
ダービーH,3,B,枠位置=内25%,強選別条件,10年中9年カバー / 馬券内10頭 / リフト1.333,9,10,0.25,1.333
ダービーH,4,B,距離ローテ=同距離,選別条件,10年中9年カバー / 馬券内22頭 / リフト1.289,9,22,0.569,1.289
ダービーH,5,B,前距離=1600,選別条件,10年中9年カバー / 馬券内22頭 / リフト1.289,9,22,0.569,1.289
ダービーH,6,B,前走斤量=57,選別条件,10年中9年カバー / 馬券内16頭 / リフト1.237,9,16,0.431,1.237
ダービーH,7,B,毛色=鹿毛,選別条件,10年中9年カバー / 馬券内19頭 / リフト1.236,9,19,0.512,1.236
ダービーH,8,B,斤量=56kg以下,選別条件,10年中9年カバー / 馬券内22頭 / リフト1.173,9,22,0.625,1.173
ダービーH,9,B,前3角=後半位置(相対50%超),選別条件,10年中9年カバー / 馬券内13頭 / リフト1.101,9,13,0.394,1.101
ダービーH,10,B,前4角=後半位置(相対50%超),選別条件,10年中9年カバー / 馬券内13頭 / リフト1.051,9,13,0.412,1.051
ダービーH,11,B,前走頭数=14〜16頭,選別条件,10年中9年カバー / 馬券内17頭 / リフト0.986,9,17,0.575,0.986
ダービーH,12,B,馬体重増減=減,選別条件,10年中9年カバー / 馬券内15頭 / リフト0.964,9,15,0.519,0.964
チャンピ,1,B,前走着差=0.5秒以内,選別条件,10年中9年カバー / 馬券内19頭 / リフト1.291,9,19,0.49,1.291
チャンピ,2,B,前走着差=0.3秒以内,選別条件,10年中9年カバー / 馬券内14頭 / リフト1.221,9,14,0.382,1.221
チャンピ,3,B,前走斤量=57,選別条件,10年中9年カバー / 馬券内17頭 / リフト1.112,9,17,0.51,1.112
チャンピ,4,B,枠位置=中50%,選別条件,10年中9年カバー / 馬券内15頭 / リフト0.981,9,15,0.51,0.981
チャンピ,5,B,前走頭数=16,選別条件,10年中9年カバー / 馬券内17頭 / リフト0.957,9,17,0.592,0.957
チャンピ,6,B,キャリア=21戦以上,選別条件,10年中9年カバー / 馬券内14頭 / リフト0.952,9,14,0.49,0.952
チャンピ,7,B,間隔=中4週以内,選別条件,10年中9年カバー / 馬券内14頭 / リフト0.755,9,14,0.618,0.755
チャンピ,8,S,前3角=前半位置(相対50%以内),強選別条件,10年中10年カバー / 馬券内26頭 / リフト1.347,10,26,0.643,1.347
チャンピ,9,S,前クラス名=G1,強選別条件,10年中10年カバー / 馬券内18頭 / リフト1.346,10,18,0.446,1.346
チャンピ,10,S,馬番=1〜6番,強選別条件,10年中10年カバー / 馬券内15頭 / リフト1.308,10,15,0.382,1.308
チャンピ,11,S,前走着順=1〜3着,選別条件,10年中10年カバー / 馬券内19頭 / リフト1.259,10,19,0.503,1.259
チャンピ,12,S,年齢=3〜5歳,選別条件,10年中10年カバー / 馬券内19頭 / リフト1.058,10,19,0.599,1.058
チューリ,1,B,枠位置=中50%,選別条件,10年中9年カバー / 馬券内14頭 / リフト0.947,9,14,0.493,0.947
チューリ,2,B,前4角=前半位置(相対50%以内),選別条件,10年中9年カバー / 馬券内17頭 / リフト0.894,9,17,0.634,0.894
チューリ,3,S,前走着差=0.3秒以内,強選別条件,10年中10年カバー / 馬券内25頭 / リフト1.33,10,25,0.627,1.33
チューリ,4,S,距離ローテ=同距離,強選別条件,10年中10年カバー / 馬券内26頭 / リフト1.309,10,26,0.662,1.309
チューリ,5,S,前距離=1600,強選別条件,10年中10年カバー / 馬券内26頭 / リフト1.309,10,26,0.662,1.309
チューリ,6,S,前走着順=1〜3着,強選別条件,10年中10年カバー / 馬券内24頭 / リフト1.306,10,24,0.613,1.306
チューリ,7,S,毛色=鹿毛,選別条件,10年中10年カバー / 馬券内15頭 / リフト1.164,10,15,0.43,1.164
デイリー,1,A,前3角=2〜3番手,選別条件,10年中10年カバー / 馬券内11頭 / リフト1.283,10,11,0.286,1.283
デイリー,2,B,枠位置=外25%,強選別条件,10年中9年カバー / 馬券内12頭 / リフト1.352,9,12,0.296,1.352
デイリー,3,B,前走斤量=54,選別条件,10年中9年カバー / 馬券内18頭 / リフト1.278,9,18,0.469,1.278
デイリー,4,B,距離ローテ=同距離,選別条件,10年中9年カバー / 馬券内14頭 / リフト1.173,9,14,0.398,1.173
デイリー,5,B,前距離=1600,選別条件,10年中9年カバー / 馬券内14頭 / リフト1.173,9,14,0.398,1.173
デイリー,6,B,馬番=1〜4番,選別条件,10年中9年カバー / 馬券内14頭 / リフト1.143,9,14,0.408,1.143
デイリー,7,B,馬番=1〜6番,選別条件,10年中9年カバー / 馬券内18頭 / リフト0.98,9,18,0.612,0.98
デイリー,8,B,間隔=中8週以内,選別条件,10年中9年カバー / 馬券内16頭 / リフト0.792,9,16,0.673,0.792
デイリー,9,S,前走着順=1着,選別条件,10年中10年カバー / 馬券内25頭 / リフト1.276,10,25,0.653,1.276
デイリー,10,S,前走着差=勝ち/同タイム,選別条件,10年中10年カバー / 馬券内25頭 / リフト1.256,10,25,0.663,1.256
デイリー,11,S,距離ローテ=同距離または短縮,選別条件,10年中10年カバー / 馬券内21頭 / リフト1.125,10,21,0.622,1.125
デイリー,12,S,前4角=前半位置(相対50%以内),選別条件,10年中10年カバー / 馬券内22頭 / リフト1.123,10,22,0.653,1.123
ニュージ,1,A,前走着差=勝ち/同タイム,選別条件,10年中10年カバー / 馬券内14頭 / リフト1.152,10,14,0.405,1.152
ニュージ,2,B,前4角=2〜3番手,選別条件,10年中9年カバー / 馬券内11頭 / リフト1.275,9,11,0.288,1.275
ニュージ,3,B,距離ローテ=同距離または短縮,選別条件,10年中9年カバー / 馬券内23頭 / リフト1.197,9,23,0.641,1.197
ニュージ,4,B,キャリア=5戦以内,選別条件,10年中9年カバー / 馬券内19頭 / リフト1.182,9,19,0.536,1.182
ニュージ,5,B,馬体重増減=減,選別条件,10年中9年カバー / 馬券内15頭 / リフト1.177,9,15,0.425,1.177
ニュージ,6,B,距離ローテ=同距離,選別条件,10年中9年カバー / 馬券内17頭 / リフト1.156,9,17,0.49,1.156
ニュージ,7,B,前距離=1600,選別条件,10年中9年カバー / 馬券内17頭 / リフト1.156,9,17,0.49,1.156
ニュージ,8,B,前走斤量=56,選別条件,10年中9年カバー / 馬券内20頭 / リフト1.074,9,20,0.621,1.074
ニュージ,9,S,前走着順=1〜3着,選別条件,10年中10年カバー / 馬券内19頭 / リフト1.275,10,19,0.497,1.275
ニュージ,10,S,前4角=前半位置(相対50%以内),選別条件,10年中10年カバー / 馬券内24頭 / リフト1.262,10,24,0.634,1.262
ニュージ,11,S,前走着差=0.3秒以内,選別条件,10年中10年カバー / 馬券内20頭 / リフト1.244,10,20,0.536,1.244
ニュージ,12,S,前走Ｒ=11,選別条件,10年中10年カバー / 馬券内19頭 / リフト1.227,10,19,0.516,1.227
ファルコ,1,B,前走頭数=14〜16頭,強選別条件,10年中9年カバー / 馬券内17頭 / リフト1.484,9,17,0.382,1.484
ファルコ,2,B,馬番=1〜6番,強選別条件,10年中9年カバー / 馬券内16頭 / リフト1.467,9,16,0.364,1.467
ファルコ,3,B,距離ローテ=距離短縮,強選別条件,10年中9年カバー / 馬券内18頭 / リフト1.456,9,18,0.412,1.456
ファルコ,4,B,前距離=1600,強選別条件,10年中9年カバー / 馬券内16頭 / リフト1.419,9,16,0.376,1.419
ファルコ,5,B,毛色=鹿毛,選別条件,10年中9年カバー / 馬券内20頭 / リフト1.222,9,20,0.545,1.222
ファルコ,6,B,枠位置=中50%,選別条件,10年中9年カバー / 馬券内16頭 / リフト1.06,9,16,0.503,1.06
ファルコ,7,B,前走着差=0.3秒以内,選別条件,10年中9年カバー / 馬券内15頭 / リフト1.044,9,15,0.479,1.044
ファルコ,8,B,キャリア=5戦以内,選別条件,10年中9年カバー / 馬券内18頭 / リフト1.01,9,18,0.594,1.01
ファルコ,9,B,前走着順=1〜3着,選別条件,10年中9年カバー / 馬券内14頭 / リフト1.0,9,14,0.467,1.0
ファルコ,10,B,前走斤量=56,選別条件,10年中9年カバー / 馬券内16頭 / リフト0.917,9,16,0.582,0.917
ファルコ,11,B,斤量=56kg,選別条件,10年中9年カバー / 馬券内17頭 / リフト0.866,9,17,0.655,0.866
ファルコ,12,S,所属=(栗),選別条件,10年中10年カバー / 馬券内23頭 / リフト1.216,10,23,0.63,1.216
ファンタ,1,A,前走上り3F=34秒台,選別条件,10年中10年カバー / 馬券内11頭 / リフト0.931,10,11,0.394,0.931
ファンタ,2,B,前3角=4〜6番手,選別条件,10年中9年カバー / 馬券内14頭 / リフト1.261,9,14,0.37,1.261
ファンタ,3,B,毛色=鹿毛,選別条件,10年中9年カバー / 馬券内16頭 / リフト1.21,9,16,0.441,1.21
ファンタ,4,B,馬番=5〜8番,選別条件,10年中9年カバー / 馬券内11頭 / リフト1.164,9,11,0.315,1.164
ファンタ,5,B,馬番=1〜6番,選別条件,10年中9年カバー / 馬券内16頭 / リフト1.129,9,16,0.472,1.129
ファンタ,6,B,距離ローテ=同距離または短縮,選別条件,10年中9年カバー / 馬券内20頭 / リフト1.085,9,20,0.614,1.085
ファンタ,7,S,前走着差=勝ち/同タイム,強選別条件,10年中10年カバー / 馬券内25頭 / リフト1.34,10,25,0.622,1.34
ファンタ,8,S,前走着順=1着,選別条件,10年中10年カバー / 馬券内21頭 / リフト1.201,10,21,0.583,1.201
ファンタ,9,S,枠位置=中50%,選別条件,10年中10年カバー / 馬券内17頭 / リフト1.142,10,17,0.496,1.142
フィリー,1,B,前走上り3F=34秒台,強選別条件,10年中9年カバー / 馬券内16頭 / リフト1.6,9,16,0.333,1.6
フィリー,2,B,前距離=1600,強選別条件,10年中9年カバー / 馬券内18頭 / リフト1.491,9,18,0.402,1.491
フィリー,3,B,距離ローテ=距離短縮,強選別条件,10年中9年カバー / 馬券内18頭 / リフト1.392,9,18,0.431,1.392
フィリー,4,B,間隔=中13週以上,強選別条件,10年中9年カバー / 馬券内12頭 / リフト1.365,9,12,0.293,1.365
フィリー,5,B,前3角=後半位置(相対50%超),強選別条件,10年中9年カバー / 馬券内13頭 / リフト1.346,9,13,0.322,1.346
フィリー,6,B,前走着差=0.5秒以内,選別条件,10年中9年カバー / 馬券内21頭 / リフト1.149,9,21,0.609,1.149
フィリー,7,B,馬体重増減=減,選別条件,10年中9年カバー / 馬券内15頭 / リフト1.012,9,15,0.494,1.012
フィリー,8,S,前走着順=1〜5着,強選別条件,10年中10年カバー / 馬券内26頭 / リフト1.383,10,26,0.626,1.383
フィリー,9,S,枠位置=中50%,強選別条件,10年中10年カバー / 馬券内20頭 / リフト1.318,10,20,0.506,1.318
フィリー,10,S,前4角=前半位置(相対50%以内),選別条件,10年中10年カバー / 馬券内19頭 / リフト0.918,10,19,0.69,0.918
フィリー,11,S,替=*,選別条件,10年中10年カバー / 馬券内15頭 / リフト0.861,10,15,0.58,0.861
フィリー,12,S,間隔=中8週以内,選別条件,10年中10年カバー / 馬券内15頭 / リフト0.845,10,15,0.592,0.845
フェアリ,1,B,枠位置=内25%,強選別条件,10年中9年カバー / 馬券内12頭 / リフト1.621,9,12,0.247,1.621
フェアリ,2,B,馬番=1〜4番,強選別条件,10年中9年カバー / 馬券内12頭 / リフト1.58,9,12,0.253,1.58
フェアリ,3,B,馬番=1〜6番,強選別条件,10年中9年カバー / 馬券内15頭 / リフト1.317,9,15,0.38,1.317
フェアリ,4,B,距離ローテ=同距離,選別条件,10年中9年カバー / 馬券内17頭 / リフト1.029,9,17,0.551,1.029
フェアリ,5,B,前距離=1600,選別条件,10年中9年カバー / 馬券内17頭 / リフト1.029,9,17,0.551,1.029
フェアリ,6,B,間隔=中8週以内,選別条件,10年中9年カバー / 馬券内18頭 / リフト0.886,9,18,0.677,0.886
フェアリ,7,B,替=*,選別条件,10年中9年カバー / 馬券内12頭 / リフト0.79,9,12,0.506,0.79
フェアリ,8,S,前走着差=勝ち/同タイム,強選別条件,10年中10年カバー / 馬券内19頭 / リフト1.39,10,19,0.456,1.39
フェアリ,9,S,前走着順=1〜3着,強選別条件,10年中10年カバー / 馬券内23頭 / リフト1.346,10,23,0.57,1.346
フェアリ,10,S,前走着差=0.3秒以内,強選別条件,10年中10年カバー / 馬券内23頭 / リフト1.331,10,23,0.576,1.331
フェアリ,11,S,前走着順=1着,選別条件,10年中10年カバー / 馬券内17頭 / リフト1.279,10,17,0.443,1.279
フェアリ,12,S,前走着差=0.5秒以内,選別条件,10年中10年カバー / 馬券内25頭 / リフト1.219,10,25,0.684,1.219
フェブラ,1,B,前走着差=勝ち/同タイム,強選別条件,10年中9年カバー / 馬券内11頭 / リフト1.609,9,11,0.228,1.609
フェブラ,2,B,年齢=3〜5歳,強選別条件,10年中9年カバー / 馬券内18頭 / リフト1.436,9,18,0.418,1.436
フェブラ,3,B,年齢=5歳以下,強選別条件,10年中9年カバー / 馬券内18頭 / リフト1.436,9,18,0.418,1.436
フェブラ,4,B,前走着順=1〜3着,強選別条件,10年中9年カバー / 馬券内17頭 / リフト1.317,9,17,0.43,1.317
フェブラ,5,B,前クラス名=G1,選別条件,10年中9年カバー / 馬券内13頭 / リフト1.122,9,13,0.386,1.122
フェブラ,6,B,馬体重増減=増,選別条件,10年中9年カバー / 馬券内11頭 / リフト1.093,9,11,0.335,1.093
フェブラ,7,B,前4角=前半位置(相対50%以内),選別条件,10年中9年カバー / 馬券内21頭 / リフト1.074,9,21,0.652,1.074
フェブラ,8,B,馬番=9番外,選別条件,10年中9年カバー / 馬券内15頭 / リフト1.013,9,15,0.494,1.013
フェブラ,9,B,前クラス名=G3,選別条件,10年中9年カバー / 馬券内12頭 / リフト0.987,9,12,0.405,0.987
フェブラ,10,B,替=*,選別条件,10年中9年カバー / 馬券内12頭 / リフト0.943,9,12,0.424,0.943
フェブラ,11,B,前距離=1400,選別条件,10年中9年カバー / 馬券内10頭 / リフト0.878,9,10,0.38,0.878
フェブラ,12,B,距離ローテ=距離延長,選別条件,10年中9年カバー / 馬券内11頭 / リフト0.865,9,11,0.424,0.865
フューチ,1,A,前クラス名=G2,選別条件,10年中10年カバー / 馬券内12頭 / リフト1.093,10,12,0.366,1.093
フューチ,2,B,馬番=1〜6番,強選別条件,10年中9年カバー / 馬券内15頭 / リフト1.367,9,15,0.366,1.367
フューチ,3,B,前4角=2〜3番手,強選別条件,10年中9年カバー / 馬券内13頭 / リフト1.367,9,13,0.317,1.367
フューチ,4,B,前3角=2〜3番手,選別条件,10年中9年カバー / 馬券内12頭 / リフト1.262,9,12,0.317,1.262
フューチ,5,B,替=*,選別条件,10年中9年カバー / 馬券内14頭 / リフト0.969,9,14,0.482,0.969
フューチ,6,S,距離ローテ=同距離,強選別条件,10年中10年カバー / 馬券内19頭 / リフト1.55,10,19,0.409,1.55
フューチ,7,S,前距離=1600,強選別条件,10年中10年カバー / 馬券内19頭 / リフト1.55,10,19,0.409,1.55
フューチ,8,S,前走着順=1着,強選別条件,10年中10年カバー / 馬券内24頭 / リフト1.458,10,24,0.549,1.458
フューチ,9,S,前走着差=勝ち/同タイム,強選別条件,10年中10年カバー / 馬券内25頭 / リフト1.424,10,25,0.585,1.424
フューチ,10,S,距離ローテ=同距離または短縮,強選別条件,10年中10年カバー / 馬券内24頭 / リフト1.367,10,24,0.585,1.367
フューチ,11,S,前走Ｒ=11,選別条件,10年中10年カバー / 馬券内20頭 / リフト1.286,10,20,0.518,1.286
フューチ,12,S,間隔=中5〜8週,選別条件,10年中10年カバー / 馬券内16頭 / リフト1.151,10,16,0.463,1.151
フラワー,1,B,前走Ｒ=9,強選別条件,10年中9年カバー / 馬券内14頭 / リフト1.732,9,14,0.27,1.732
フラワー,2,B,前走着順=1着,選別条件,10年中9年カバー / 馬券内17頭 / リフト1.268,9,17,0.447,1.268
フラワー,3,B,前走着差=勝ち/同タイム,選別条件,10年中9年カバー / 馬券内17頭 / リフト1.229,9,17,0.461,1.229
フラワー,4,B,前走着順=1〜3着,選別条件,10年中9年カバー / 馬券内21頭 / リフト1.204,9,21,0.582,1.204
フラワー,5,B,前3角=後半位置(相対50%超),選別条件,10年中9年カバー / 馬券内12頭 / リフト1.151,9,12,0.348,1.151
フラワー,6,B,馬番=1〜6番,選別条件,10年中9年カバー / 馬券内14頭 / リフト1.097,9,14,0.426,1.097
フラワー,7,B,所属=(栗),選別条件,10年中9年カバー / 馬券内12頭 / リフト1.085,9,12,0.369,1.085
フラワー,8,B,馬番=9番外,選別条件,10年中9年カバー / 馬券内13頭 / リフト1.002,9,13,0.433,1.002
フラワー,9,B,替=*,選別条件,10年中9年カバー / 馬券内17頭 / リフト0.974,9,17,0.582,0.974
フラワー,10,B,枠位置=中50%,選別条件,10年中9年カバー / 馬券内14頭 / リフト0.954,9,14,0.489,0.954
フラワー,11,B,間隔=中8週以内,選別条件,10年中9年カバー / 馬券内14頭 / リフト0.685,9,14,0.681,0.685
フラワー,12,S,前走着差=0.3秒以内,選別条件,10年中10年カバー / 馬券内22頭 / リフト1.189,10,22,0.617,1.189
フローラ,1,B,枠位置=内25%,強選別条件,10年中9年カバー / 馬券内12頭 / リフト1.784,9,12,0.224,1.784
フローラ,2,B,馬番=1〜4番,強選別条件,10年中9年カバー / 馬券内12頭 / リフト1.65,9,12,0.242,1.65
フローラ,3,B,前クラス名=G3,強選別条件,10年中9年カバー / 馬券内12頭 / リフト1.65,9,12,0.242,1.65
フローラ,4,B,前4角=2〜3番手,強選別条件,10年中9年カバー / 馬券内10頭 / リフト1.41,9,10,0.236,1.41
フローラ,5,B,前距離=1800,選別条件,10年中9年カバー / 馬券内16頭 / リフト1.257,9,16,0.424,1.257
フローラ,6,B,前走頭数=16,選別条件,10年中9年カバー / 馬券内11頭 / リフト1.21,9,11,0.303,1.21
フローラ,7,B,前3角=前半位置(相対50%以内),選別条件,10年中9年カバー / 馬券内20頭 / リフト1.146,9,20,0.582,1.146
フローラ,8,B,馬体重増減=減,選別条件,10年中9年カバー / 馬券内14頭 / リフト1.116,9,14,0.418,1.116
フローラ,9,B,前走馬体重増減=減,選別条件,10年中9年カバー / 馬券内16頭 / リフト1.0,9,16,0.533,1.0
フローラ,10,B,前走頭数=14〜16頭,選別条件,10年中9年カバー / 馬券内12頭 / リフト0.971,9,12,0.412,0.971
フローラ,11,S,前走Ｒ=11,強選別条件,10年中10年カバー / 馬券内15頭 / リフト1.528,10,15,0.327,1.528
フローラ,12,S,馬番=1〜6番,強選別条件,10年中10年カバー / 馬券内15頭 / リフト1.375,10,15,0.364,1.375
プロキオ,1,B,毛色=栗毛,強選別条件,10年中9年カバー / 馬券内15頭 / リフト1.722,9,15,0.29,1.722
プロキオ,2,B,前走着差=0.3秒以内,強選別条件,10年中9年カバー / 馬券内18頭 / リフト1.576,9,18,0.381,1.576
プロキオ,3,B,前走着順=1〜3着,強選別条件,10年中9年カバー / 馬券内18頭 / リフト1.348,9,18,0.445,1.348
プロキオ,4,B,前走着差=0.5秒以内,強選別条件,10年中9年カバー / 馬券内19頭 / リフト1.327,9,19,0.477,1.327
プロキオ,5,B,馬番=9番外,選別条件,10年中9年カバー / 馬券内17頭 / リフト1.171,9,17,0.484,1.171
プロキオ,6,B,前クラス名=オープン,選別条件,10年中9年カバー / 馬券内14頭 / リフト0.916,9,14,0.51,0.916
プロキオ,7,B,前走頭数=16,選別条件,10年中9年カバー / 馬券内15頭 / リフト0.861,9,15,0.581,0.861
プロキオ,8,B,替=*,選別条件,10年中9年カバー / 馬券内14頭 / リフト0.746,9,14,0.626,0.746
プロキオ,9,S,前走着順=1〜5着,選別条件,10年中10年カバー / 馬券内23頭 / リフト1.278,10,23,0.6,1.278
プロキオ,10,S,前走斤量=57,選別条件,10年中10年カバー / 馬券内16頭 / リフト1.234,10,16,0.432,1.234
プロキオ,11,S,年齢=4〜6歳,選別条件,10年中10年カバー / 馬券内23頭 / リフト1.165,10,23,0.658,1.165
プロキオ,12,S,年齢=6歳以下,選別条件,10年中10年カバー / 馬券内23頭 / リフト1.143,10,23,0.671,1.143
ホープフ,1,B,産地=安平町,強選別条件,10年中9年カバー / 馬券内19頭 / リフト2.107,9,19,0.301,2.107
ホープフ,2,B,馬番=5〜8番,強選別条件,10年中9年カバー / 馬券内15頭 / リフト1.913,9,15,0.261,1.913
ホープフ,3,B,前4角=4〜6番手,選別条件,10年中9年カバー / 馬券内12頭 / リフト1.224,9,12,0.327,1.224
ホープフ,4,B,前3角=後半位置(相対50%超),選別条件,10年中9年カバー / 馬券内15頭 / リフト1.214,9,15,0.412,1.214
ホープフ,5,B,前走馬体重増減=増,選別条件,10年中9年カバー / 馬券内12頭 / リフト1.037,9,12,0.386,1.037
ホープフ,6,B,毛色=鹿毛,選別条件,10年中9年カバー / 馬券内15頭 / リフト1.007,9,15,0.497,1.007
ホープフ,7,B,替=*,選別条件,10年中9年カバー / 馬券内14頭 / リフト0.978,9,14,0.477,0.978
ホープフ,8,B,所属=(美),選別条件,10年中9年カバー / 馬券内12頭 / リフト0.887,9,12,0.451,0.887
ホープフ,9,B,前3角=前半位置(相対50%以内),選別条件,10年中9年カバー / 馬券内15頭 / リフト0.85,9,15,0.588,0.85
ホープフ,10,B,距離ローテ=同距離,選別条件,10年中9年カバー / 馬券内14頭 / リフト0.84,9,14,0.556,0.84
ホープフ,11,B,距離ローテ=同距離または短縮,選別条件,10年中9年カバー / 馬券内14頭 / リフト0.84,9,14,0.556,0.84
ホープフ,12,B,前距離=2000,選別条件,10年中9年カバー / 馬券内14頭 / リフト0.84,9,14,0.556,0.84
マイラー,1,A,前4角=4〜6番手,強選別条件,10年中10年カバー / 馬券内14頭 / リフト1.711,10,14,0.273,1.711
マイラー,2,B,前走着順=1〜5着,強選別条件,10年中9年カバー / 馬券内21頭 / リフト1.54,9,21,0.455,1.54
マイラー,3,B,馬番=1〜6番,強選別条件,10年中9年カバー / 馬券内17頭 / リフト1.351,9,17,0.42,1.351
マイラー,4,B,年齢=4歳,強選別条件,10年中9年カバー / 馬券内12頭 / リフト1.33,9,12,0.301,1.33
マイラー,5,B,馬番=1〜4番,強選別条件,10年中9年カバー / 馬券内11頭 / リフト1.311,9,11,0.28,1.311
マイラー,6,B,前走斤量=57,選別条件,10年中9年カバー / 馬券内14頭 / リフト1.171,9,14,0.399,1.171
マイラー,7,B,前走上り3F=34秒台,選別条件,10年中9年カバー / 馬券内12頭 / リフト1.1,9,12,0.364,1.1
マイラー,8,S,前走着差=0.3秒以内,強選別条件,10年中10年カバー / 馬券内21頭 / リフト1.668,10,21,0.42,1.668
マイラー,9,S,前走着差=0.5秒以内,強選別条件,10年中10年カバー / 馬券内25頭 / リフト1.528,10,25,0.545,1.528
マイラー,10,S,年齢=3〜5歳,強選別条件,10年中10年カバー / 馬券内22頭 / リフト1.344,10,22,0.545,1.344
マイラー,11,S,年齢=5歳以下,強選別条件,10年中10年カバー / 馬券内22頭 / リフト1.344,10,22,0.545,1.344
マイラー,12,S,前4角=前半位置(相対50%以内),選別条件,10年中10年カバー / 馬券内20頭 / リフト1.271,10,20,0.524,1.271
マイルチ,1,B,前3角=2〜3番手,強選別条件,10年中9年カバー / 馬券内10頭 / リフト1.686,9,10,0.198,1.686
マイルチ,2,B,前走着差=0.3秒以内,強選別条件,10年中9年カバー / 馬券内21頭 / リフト1.468,9,21,0.477,1.468
マイルチ,3,B,前走上り3F=34秒台,選別条件,10年中9年カバー / 馬券内13頭 / リフト1.263,9,13,0.343,1.263
マイルチ,4,B,馬番=1〜6番,選別条件,10年中9年カバー / 馬券内13頭 / リフト1.242,9,13,0.349,1.242
マイルチ,5,B,替=*,選別条件,10年中9年カバー / 馬券内16頭 / リフト1.067,9,16,0.5,1.067
マイルチ,6,B,枠位置=中50%,選別条件,10年中9年カバー / 馬券内14頭 / リフト0.956,9,14,0.488,0.956
マイルチ,7,B,毛色=鹿毛,選別条件,10年中9年カバー / 馬券内14頭 / リフト0.872,9,14,0.535,0.872
マイルチ,8,B,距離ローテ=同距離,選別条件,10年中9年カバー / 馬券内11頭 / リフト0.841,9,11,0.436,0.841
マイルチ,9,B,前距離=1600,選別条件,10年中9年カバー / 馬券内11頭 / リフト0.841,9,11,0.436,0.841
マイルチ,10,B,距離ローテ=同距離または延長,選別条件,10年中9年カバー / 馬券内17頭 / リフト0.833,9,17,0.68,0.833
マイルチ,11,S,前走着順=1〜3着,強選別条件,10年中10年カバー / 馬券内22頭 / リフト1.682,10,22,0.436,1.682
マイルチ,12,S,キャリア=11〜20戦,強選別条件,10年中10年カバー / 馬券内21頭 / リフト1.672,10,21,0.419,1.672
マーチSH,1,A,所属=(美),選別条件,10年中10年カバー / 馬券内14頭 / リフト1.034,10,14,0.437,1.034
マーチSH,2,B,キャリア=11〜20戦,強選別条件,10年中9年カバー / 馬券内15頭 / リフト1.47,9,15,0.329,1.47
マーチSH,3,B,前走斤量=57,強選別条件,10年中9年カバー / 馬券内13頭 / リフト1.352,9,13,0.31,1.352
マーチSH,4,B,年齢=6歳,選別条件,10年中9年カバー / 馬券内12頭 / リフト1.176,9,12,0.329,1.176
マーチSH,5,B,前走頭数=14〜16頭,選別条件,10年中9年カバー / 馬券内24頭 / リフト1.154,9,24,0.671,1.154
マーチSH,6,B,前クラス名=オープン,選別条件,10年中9年カバー / 馬券内15頭 / リフト1.141,9,15,0.424,1.141
マーチSH,7,B,馬番=9番外,選別条件,10年中9年カバー / 馬券内17頭 / リフト1.111,9,17,0.494,1.111
マーチSH,8,B,前走斤量=56,選別条件,10年中9年カバー / 馬券内13頭 / リフト1.069,9,13,0.392,1.069
マーチSH,9,B,馬体重増減=減,選別条件,10年中9年カバー / 馬券内15頭 / リフト1.047,9,15,0.462,1.047
マーチSH,10,B,毛色=鹿毛,選別条件,10年中9年カバー / 馬券内13頭 / リフト1.019,9,13,0.411,1.019
マーチSH,11,B,所属=(栗),選別条件,10年中9年カバー / 馬券内16頭 / リフト0.937,9,16,0.551,0.937
マーチSH,12,B,間隔=中8週以内,選別条件,10年中9年カバー / 馬券内18頭 / リフト0.891,9,18,0.652,0.891
マーメイH,1,B,馬番=1〜4番,強選別条件,10年中9年カバー / 馬券内11頭 / リフト1.375,9,11,0.267,1.375
マーメイH,2,B,前走着差=0.3秒以内,選別条件,10年中9年カバー / 馬券内16頭 / リフト1.27,9,16,0.42,1.27
マーメイH,3,B,前走馬体重増減=増,選別条件,10年中9年カバー / 馬券内13頭 / リフト1.121,9,13,0.387,1.121
マーメイH,4,B,年齢=5歳,選別条件,10年中9年カバー / 馬券内15頭 / リフト1.027,9,15,0.487,1.027
マーメイH,5,B,馬番=9番外,選別条件,10年中9年カバー / 馬券内12頭 / リフト0.857,9,12,0.467,0.857
マーメイH,6,S,前走着差=0.5秒以内,選別条件,10年中10年カバー / 馬券内22頭 / リフト1.279,10,22,0.573,1.279
マーメイH,7,S,馬番=1〜6番,選別条件,10年中10年カバー / 馬券内15頭 / リフト1.25,10,15,0.4,1.25
マーメイH,8,S,前走着順=1〜5着,選別条件,10年中10年カバー / 馬券内21頭 / リフト1.235,10,21,0.567,1.235
マーメイH,9,S,前3角=前半位置(相対50%以内),選別条件,10年中10年カバー / 馬券内19頭 / リフト1.118,10,19,0.567,1.118
マーメイH,10,S,前4角=前半位置(相対50%以内),選別条件,10年中10年カバー / 馬券内18頭 / リフト1.111,10,18,0.54,1.111
ユニコー,1,A,馬番=9番外,選別条件,10年中10年カバー / 馬券内14頭 / リフト0.952,10,14,0.49,0.952
ユニコー,2,A,枠位置=中50%,選別条件,10年中10年カバー / 馬券内14頭 / リフト0.916,10,14,0.51,0.916
ユニコー,3,B,距離ローテ=同距離または短縮,選別条件,10年中9年カバー / 馬券内25頭 / リフト1.246,9,25,0.669,1.246
ユニコー,4,B,馬番=1〜6番,選別条件,10年中9年カバー / 馬券内12頭 / リフト1.047,9,12,0.382,1.047
ユニコー,5,B,前走頭数=14〜16頭,選別条件,10年中9年カバー / 馬券内14頭 / リフト1.004,9,14,0.465,1.004
ユニコー,6,B,前走着順=1着,選別条件,10年中9年カバー / 馬券内15頭 / リフト0.969,9,15,0.516,0.969
ユニコー,7,B,前走着差=勝ち/同タイム,選別条件,10年中9年カバー / 馬券内16頭 / リフト0.952,9,16,0.561,0.952
ユニコー,8,B,替=*,選別条件,10年中9年カバー / 馬券内16頭 / リフト0.891,9,16,0.599,0.891
ユニコー,9,S,前走斤量=56,選別条件,10年中10年カバー / 馬券内22頭 / リフト1.118,10,22,0.656,1.118
ユニコー,10,S,前3角=前半位置(相対50%以内),選別条件,10年中10年カバー / 馬券内20頭 / リフト1.102,10,20,0.605,1.102
ユニコー,11,S,前走着順=1〜3着,選別条件,10年中10年カバー / 馬券内22頭 / リフト1.086,10,22,0.675,1.086
ユニコー,12,S,前4角=前半位置(相対50%以内),選別条件,10年中10年カバー / 馬券内21頭 / リフト1.077,10,21,0.65,1.077
ラジオNIH,1,B,枠位置=内25%,強選別条件,10年中9年カバー / 馬券内11頭 / リフト1.488,9,11,0.246,1.488
ラジオNIH,2,B,馬番=1〜4番,強選別条件,10年中9年カバー / 馬券内12頭 / リフト1.42,9,12,0.282,1.42
ラジオNIH,3,B,距離ローテ=距離短縮,強選別条件,10年中9年カバー / 馬券内18頭 / リフト1.374,9,18,0.437,1.374
ラジオNIH,4,B,前走斤量=56,選別条件,10年中9年カバー / 馬券内18頭 / リフト1.217,9,18,0.493,1.217
ラジオNIH,5,B,前走着順=1〜3着,選別条件,10年中9年カバー / 馬券内18頭 / リフト1.167,9,18,0.514,1.167
ラジオNIH,6,B,馬体重増減=減,選別条件,10年中9年カバー / 馬券内11頭 / リフト1.132,9,11,0.324,1.132
ラジオNIH,7,B,所属=(美),選別条件,10年中9年カバー / 馬券内17頭 / リフト0.981,9,17,0.577,0.981
ラジオNIH,8,B,キャリア=5戦以内,選別条件,10年中9年カバー / 馬券内13頭 / リフト0.977,9,13,0.444,0.977
ラジオNIH,9,B,前走着差=0.3秒以内,選別条件,10年中9年カバー / 馬券内17頭 / リフト0.969,9,17,0.585,0.969
ラジオNIH,10,B,替=*,選別条件,10年中9年カバー / 馬券内16頭 / リフト0.935,9,16,0.57,0.935
ラジオNIH,11,S,間隔=中5〜8週,強選別条件,10年中10年カバー / 馬券内20頭 / リフト1.479,10,20,0.451,1.479
ラジオNIH,12,S,馬番=1〜6番,強選別条件,10年中10年カバー / 馬券内17頭 / リフト1.341,10,17,0.423,1.341
レパード,1,B,前3角=4〜6番手,強選別条件,10年中9年カバー / 馬券内12頭 / リフト1.691,9,12,0.236,1.691
レパード,2,B,前走斤量=56,強選別条件,10年中9年カバー / 馬券内15頭 / リフト1.321,9,15,0.378,1.321
レパード,3,B,前4角=2〜3番手,選別条件,10年中9年カバー / 馬券内12頭 / リフト1.287,9,12,0.311,1.287
レパード,4,B,前走Ｒ=11,選別条件,10年中9年カバー / 馬券内13頭 / リフト1.283,9,13,0.338,1.283
レパード,5,B,馬体重増減=増,選別条件,10年中9年カバー / 馬券内15頭 / リフト1.156,9,15,0.432,1.156
レパード,6,B,馬番=1〜6番,選別条件,10年中9年カバー / 馬券内14頭 / リフト1.151,9,14,0.405,1.151
レパード,7,B,所属=(栗),選別条件,10年中9年カバー / 馬券内18頭 / リフト1.021,9,18,0.588,1.021
レパード,8,B,枠位置=中50%,選別条件,10年中9年カバー / 馬券内16頭 / リフト1.012,9,16,0.527,1.012
レパード,9,B,前走馬場状態=良,選別条件,10年中9年カバー / 馬券内16頭 / リフト0.999,9,16,0.534,0.999
レパード,10,B,前走着差=0.5秒以内,選別条件,10年中9年カバー / 馬券内17頭 / リフト0.998,9,17,0.568,0.998
レパード,11,B,前走着順=1〜3着,選別条件,10年中9年カバー / 馬券内17頭 / リフト0.987,9,17,0.574,0.987
レパード,12,S,距離ローテ=同距離または短縮,選別条件,10年中10年カバー / 馬券内21頭 / リフト1.205,10,21,0.581,1.205
ローズS,1,A,間隔=中13週以上,選別条件,10年中10年カバー / 馬券内14頭 / リフト1.058,10,14,0.441,1.058
ローズS,2,B,キャリア=5戦以内,強選別条件,10年中9年カバー / 馬券内14頭 / リフト1.418,9,14,0.329,1.418
ローズS,3,B,馬番=5〜8番,強選別条件,10年中9年カバー / 馬券内10頭 / リフト1.342,9,10,0.248,1.342
ローズS,4,B,前走開催=2東A,強選別条件,10年中9年カバー / 馬券内11頭 / リフト1.312,9,11,0.28,1.312
ローズS,5,B,前走レース名=優駿牝馬G1,強選別条件,10年中9年カバー / 馬券内11頭 / リフト1.312,9,11,0.28,1.312
ローズS,6,B,前距離=2400,選別条件,10年中9年カバー / 馬券内11頭 / リフト1.283,9,11,0.286,1.283
ローズS,7,B,前走着差=0.3秒以内,選別条件,10年中9年カバー / 馬券内21頭 / リフト1.281,9,21,0.547,1.281
ローズS,8,B,前走着差=勝ち/同タイム,選別条件,10年中9年カバー / 馬券内15頭 / リフト1.22,9,15,0.41,1.22
ローズS,9,B,前走着順=1着,選別条件,10年中9年カバー / 馬券内14頭 / リフト1.193,9,14,0.391,1.193
ローズS,10,B,前走頭数=18,選別条件,10年中9年カバー / 馬券内14頭 / リフト1.138,9,14,0.41,1.138
ローズS,11,B,前走着順=1〜3着,選別条件,10年中9年カバー / 馬券内17頭 / リフト1.126,9,17,0.503,1.126
ローズS,12,B,前クラス名=G1,選別条件,10年中9年カバー / 馬券内11頭 / リフト1.093,9,11,0.335,1.093
ヴィクト,1,A,前4角=後半位置(相対50%超),選別条件,10年中10年カバー / 馬券内11頭 / リフト1.029,10,11,0.356,1.029
ヴィクト,2,B,馬番=9番外,選別条件,10年中9年カバー / 馬券内13頭 / リフト0.802,9,13,0.54,0.802
ヴィクト,3,S,前走着順=1〜5着,選別条件,10年中10年カバー / 馬券内21頭 / リフト1.206,10,21,0.58,1.206
ヴィクト,4,S,距離ローテ=同距離,選別条件,10年中10年カバー / 馬券内17頭 / リフト1.147,10,17,0.494,1.147
ヴィクト,5,S,前距離=1600,選別条件,10年中10年カバー / 馬券内17頭 / リフト1.147,10,17,0.494,1.147
ヴィクト,6,S,前走着差=0.3秒以内,選別条件,10年中10年カバー / 馬券内20頭 / リフト1.137,10,20,0.586,1.137
ヴィクト,7,S,枠位置=中50%,選別条件,10年中10年カバー / 馬券内17頭 / リフト1.133,10,17,0.5,1.133
ヴィクト,8,S,前走着順=1〜3着,選別条件,10年中10年カバー / 馬券内16頭 / リフト1.118,10,16,0.477,1.118
ヴィクト,9,S,前3角=前半位置(相対50%以内),選別条件,10年中10年カバー / 馬券内20頭 / リフト1.094,10,20,0.609,1.094
ヴィクト,10,S,距離ローテ=同距離または延長,選別条件,10年中10年カバー / 馬券内21頭 / リフト1.041,10,21,0.672,1.041
ヴィクト,11,S,間隔=中5〜8週,選別条件,10年中10年カバー / 馬券内19頭 / リフト1.02,10,19,0.621,1.02
ヴィクト,12,S,前4角=前半位置(相対50%以内),選別条件,10年中10年カバー / 馬券内18頭 / リフト0.976,10,18,0.615,0.976
七夕賞H,1,B,馬体重増減=減,選別条件,10年中9年カバー / 馬券内16頭 / リフト1.202,9,16,0.444,1.202
七夕賞H,2,B,枠位置=中50%,選別条件,10年中9年カバー / 馬券内18頭 / リフト1.192,9,18,0.503,1.192
七夕賞H,3,B,前3角=後半位置(相対50%超),選別条件,10年中9年カバー / 馬券内13頭 / リフト1.091,9,13,0.397,1.091
七夕賞H,4,B,前走斤量=56,選別条件,10年中9年カバー / 馬券内11頭 / リフト1.045,9,11,0.351,1.045
七夕賞H,5,B,毛色=鹿毛,選別条件,10年中9年カバー / 馬券内16頭 / リフト0.982,9,16,0.543,0.982
七夕賞H,6,B,前走頭数=14〜16頭,選別条件,10年中9年カバー / 馬券内14頭 / リフト0.952,9,14,0.49,0.952
七夕賞H,7,B,前3角=前半位置(相対50%以内),選別条件,10年中9年カバー / 馬券内17頭 / リフト0.951,9,17,0.596,0.951
七夕賞H,8,B,所属=(栗),選別条件,10年中9年カバー / 馬券内13頭 / リフト0.935,9,13,0.464,0.935
七夕賞H,9,B,替=*,選別条件,10年中9年カバー / 馬券内16頭 / リフト0.83,9,16,0.642,0.83
七夕賞H,10,B,斤量=56kg以下,選別条件,10年中9年カバー / 馬券内16頭 / リフト0.813,9,16,0.656,0.813
七夕賞H,11,S,前走着順=1〜5着,強選別条件,10年中10年カバー / 馬券内18頭 / リフト1.589,10,18,0.377,1.589
七夕賞H,12,S,前走着差=0.5秒以内,強選別条件,10年中10年カバー / 馬券内18頭 / リフト1.461,10,18,0.411,1.461
中京記念H,1,A,前4角=前半位置(相対50%以内),選別条件,10年中10年カバー / 馬券内13頭 / リフト0.76,10,13,0.571,0.76
中京記念H,2,B,年齢=5歳,強選別条件,10年中9年カバー / 馬券内19頭 / リフト1.703,9,19,0.372,1.703
中京記念H,3,B,前走着差=0.3秒以内,強選別条件,10年中9年カバー / 馬券内16頭 / リフト1.6,9,16,0.333,1.6
中京記念H,4,B,前走着差=0.5秒以内,強選別条件,10年中9年カバー / 馬券内18頭 / リフト1.397,9,18,0.429,1.397
中京記念H,5,B,馬体重増減=増,選別条件,10年中9年カバー / 馬券内10頭 / リフト1.3,9,10,0.256,1.3
中京記念H,6,B,距離ローテ=同距離または短縮,選別条件,10年中9年カバー / 馬券内17頭 / リフト0.884,9,17,0.641,0.884
中京記念H,7,B,前3角=前半位置(相対50%以内),選別条件,10年中9年カバー / 馬券内12頭 / リフト0.693,9,12,0.577,0.693
中京記念H,8,S,前走上り3F=33秒台以下,強選別条件,10年中10年カバー / 馬券内15頭 / リフト1.625,10,15,0.308,1.625
中京記念H,9,S,年齢=3〜5歳,強選別条件,10年中10年カバー / 馬券内27頭 / リフト1.543,10,27,0.583,1.543
中京記念H,10,S,年齢=5歳以下,強選別条件,10年中10年カバー / 馬券内27頭 / リフト1.543,10,27,0.583,1.543
中京記念H,11,S,前3角=後半位置(相対50%超),強選別条件,10年中10年カバー / 馬券内18頭 / リフト1.44,10,18,0.417,1.44
中京記念H,12,S,前走着順=1〜5着,強選別条件,10年中10年カバー / 馬券内18頭 / リフト1.357,10,18,0.442,1.357
中山グラJ,1,A,馬番=5〜8番,選別条件,10年中10年カバー / 馬券内12頭 / リフト1.11,10,12,0.36,1.11
中山グラJ,2,B,前走着差=0.3秒以内,強選別条件,10年中9年カバー / 馬券内18頭 / リフト1.959,9,18,0.306,1.959
中山グラJ,3,B,前3角=2〜3番手,強選別条件,10年中9年カバー / 馬券内15頭 / リフト1.734,9,15,0.288,1.734
中山グラJ,4,B,馬番=1〜6番,選別条件,10年中9年カバー / 馬券内18頭 / リフト1.11,9,18,0.541,1.11
中山グラJ,5,B,枠位置=中50%,選別条件,10年中9年カバー / 馬券内16頭 / リフト1.057,9,16,0.505,1.057
中山グラJ,6,B,前走馬場状態=良,選別条件,10年中9年カバー / 馬券内19頭 / リフト0.963,9,19,0.658,0.963
中山グラJ,7,B,馬体重増減=減,選別条件,10年中9年カバー / 馬券内13頭 / リフト0.908,9,13,0.477,0.908
中山グラJ,8,S,前走着差=0.5秒以内,強選別条件,10年中10年カバー / 馬券内21頭 / リフト1.85,10,21,0.378,1.85
中山グラJ,9,S,前走着差=0.9秒以内,強選別条件,10年中10年カバー / 馬券内24頭 / リフト1.741,10,24,0.459,1.741
中山グラJ,10,S,距離差=±400m以内,強選別条件,10年中10年カバー / 馬券内19頭 / リフト1.674,10,19,0.378,1.674
中山グラJ,11,S,前走レース名=阪神スプJG2,強選別条件,10年中10年カバー / 馬券内16頭 / リフト1.644,10,16,0.324,1.644
中山グラJ,12,S,前クラス名=JG2,強選別条件,10年中10年カバー / 馬券内16頭 / リフト1.644,10,16,0.324,1.644
中山大障J,1,B,前走レース名=東京ハイJG2,強選別条件,10年中9年カバー / 馬券内12頭 / リフト2.571,9,12,0.156,2.571
中山大障J,2,B,前クラス名=JG2,強選別条件,10年中9年カバー / 馬券内12頭 / リフト2.571,9,12,0.156,2.571
中山大障J,3,B,間隔=中9〜12週,強選別条件,10年中9年カバー / 馬券内12頭 / リフト2.348,9,12,0.17,2.348
中山大障J,4,B,前走着差=勝ち/同タイム,強選別条件,10年中9年カバー / 馬券内16頭 / リフト2.25,9,16,0.237,2.25
中山大障J,5,B,前走着順=1着,強選別条件,10年中9年カバー / 馬券内15頭 / リフト2.177,9,15,0.23,2.177
中山大障J,6,B,前3角=2〜3番手,強選別条件,10年中9年カバー / 馬券内13頭 / リフト1.773,9,13,0.244,1.773
中山大障J,7,B,前4角=2〜3番手,強選別条件,10年中9年カバー / 馬券内14頭 / リフト1.75,9,14,0.267,1.75
中山大障J,8,B,前距離=3110,強選別条件,10年中9年カバー / 馬券内15頭 / リフト1.646,9,15,0.304,1.646
中山大障J,9,B,前走馬体重増減=増,選別条件,10年中9年カバー / 馬券内17頭 / リフト1.254,9,17,0.452,1.254
中山大障J,10,B,所属=(栗),選別条件,10年中9年カバー / 馬券内21頭 / リフト1.227,9,21,0.57,1.227
中山大障J,11,B,年齢=4〜6歳,選別条件,10年中9年カバー / 馬券内20頭 / リフト1.184,9,20,0.563,1.184
中山大障J,12,B,年齢=6歳以下,選別条件,10年中9年カバー / 馬券内20頭 / リフト1.169,9,20,0.57,1.169
中山牝馬H,1,B,前走着順=1〜3着,強選別条件,10年中9年カバー / 馬券内13頭 / リフト1.542,9,13,0.281,1.542
中山牝馬H,2,B,前走着差=0.3秒以内,強選別条件,10年中9年カバー / 馬券内15頭 / リフト1.5,9,15,0.333,1.5
中山牝馬H,3,B,前走着順=1〜5着,強選別条件,10年中9年カバー / 馬券内19頭 / リフト1.446,9,19,0.438,1.446
中山牝馬H,4,B,枠位置=外25%,強選別条件,10年中9年カバー / 馬券内11頭 / リフト1.403,9,11,0.261,1.403
中山牝馬H,5,B,キャリア=11〜20戦,選別条件,10年中9年カバー / 馬券内16頭 / リフト1.275,9,16,0.418,1.275
中山牝馬H,6,B,毛色=鹿毛,選別条件,10年中9年カバー / 馬券内17頭 / リフト1.257,9,17,0.451,1.257
中山牝馬H,7,B,前距離=2000,選別条件,10年中9年カバー / 馬券内15頭 / リフト1.214,9,15,0.412,1.214
中山牝馬H,8,B,距離ローテ=距離短縮,選別条件,10年中9年カバー / 馬券内17頭 / リフト1.045,9,17,0.542,1.045
中山牝馬H,9,B,間隔=中5〜8週,選別条件,10年中9年カバー / 馬券内13頭 / リフト1.036,9,13,0.418,1.036
中山牝馬H,10,B,所属=(美),選別条件,10年中9年カバー / 馬券内16頭 / リフト1.007,9,16,0.529,1.007
中山牝馬H,11,B,所属=(栗),選別条件,10年中9年カバー / 馬券内14頭 / リフト0.992,9,14,0.471,0.992
中山牝馬H,12,B,距離ローテ=同距離または延長,選別条件,10年中9年カバー / 馬券内13頭 / リフト0.947,9,13,0.458,0.947
中山記念,1,A,産地=安平町,強選別条件,10年中10年カバー / 馬券内14頭 / リフト1.511,10,14,0.309,1.511
中山記念,2,A,馬番=1〜6番,選別条件,10年中10年カバー / 馬券内13頭 / リフト0.888,10,13,0.488,0.888
中山記念,3,A,替=*,選別条件,10年中10年カバー / 馬券内14頭 / リフト0.87,10,14,0.537,0.87
中山記念,4,B,前走着差=0.3秒以内,強選別条件,10年中9年カバー / 馬券内18頭 / リフト1.8,9,18,0.333,1.8
中山記念,5,B,前走着順=1〜3着,強選別条件,10年中9年カバー / 馬券内17頭 / リフト1.787,9,17,0.317,1.787
中山記念,6,B,年齢=3〜5歳,強選別条件,10年中9年カバー / 馬券内22頭 / リフト1.432,9,22,0.512,1.432
中山記念,7,B,年齢=5歳以下,強選別条件,10年中9年カバー / 馬券内22頭 / リフト1.432,9,22,0.512,1.432
中山記念,8,B,前クラス名=G1,強選別条件,10年中9年カバー / 馬券内15頭 / リフト1.309,9,15,0.382,1.309
中山記念,9,B,前3角=前半位置(相対50%以内),選別条件,10年中9年カバー / 馬券内22頭 / リフト1.236,9,22,0.593,1.236
中山記念,10,B,キャリア=11〜20戦,選別条件,10年中9年カバー / 馬券内13頭 / リフト1.066,9,13,0.407,1.066
中山記念,11,B,枠位置=中50%,選別条件,10年中9年カバー / 馬券内16頭 / リフト1.041,9,16,0.512,1.041
中山記念,12,B,斤量=56kg以下,選別条件,10年中9年カバー / 馬券内20頭 / リフト1.025,9,20,0.65,1.025
中山金杯H,1,B,前3角=4〜6番手,強選別条件,10年中9年カバー / 馬券内14頭 / リフト2.439,9,14,0.191,2.439
中山金杯H,2,B,枠位置=内25%,強選別条件,10年中9年カバー / 馬券内13頭 / リフト1.847,9,13,0.235,1.847
中山金杯H,3,B,馬番=1〜4番,強選別条件,10年中9年カバー / 馬券内13頭 / リフト1.755,9,13,0.247,1.755
中山金杯H,4,B,年齢=3〜5歳,強選別条件,10年中9年カバー / 馬券内17頭 / リフト1.505,9,17,0.377,1.505
中山金杯H,5,B,年齢=5歳以下,強選別条件,10年中9年カバー / 馬券内17頭 / リフト1.505,9,17,0.377,1.505
中山金杯H,6,B,前走馬体重増減=増,選別条件,10年中9年カバー / 馬券内13頭 / リフト1.08,9,13,0.401,1.08
中山金杯H,7,B,前走斤量=56,選別条件,10年中9年カバー / 馬券内12頭 / リフト1.029,9,12,0.389,1.029
中山金杯H,8,B,馬体重増減=増,選別条件,10年中9年カバー / 馬券内15頭 / リフト1.012,9,15,0.494,1.012
中山金杯H,9,B,所属=(美),選別条件,10年中9年カバー / 馬券内17頭 / リフト0.956,9,17,0.593,0.956
中山金杯H,10,B,枠位置=中50%,選別条件,10年中9年カバー / 馬券内13頭 / リフト0.912,9,13,0.475,0.912
中山金杯H,11,B,替=*,選別条件,10年中9年カバー / 馬券内13頭 / リフト0.755,9,13,0.574,0.755
中山金杯H,12,S,前走着順=1〜3着,強選別条件,10年中10年カバー / 馬券内18頭 / リフト2.113,10,18,0.284,2.113
中日新聞H,1,S,枠位置=中50%,選別条件,9年中9年カバー / 馬券内16頭 / リフト1.193,9,16,0.497,1.193
中日新聞H,2,S,馬番=9番外,選別条件,9年中9年カバー / 馬券内16頭 / リフト1.107,9,16,0.535,1.107
中日新聞H,3,S,距離差=±200m以内,基礎条件,9年中9年カバー / 馬券内23頭 / リフト1.1,9,23,0.774,1.1
中日新聞H,4,S,所属=(栗),選別条件,9年中9年カバー / 馬券内21頭 / リフト1.096,9,21,0.71,1.096
中日新聞H,5,S,前走Ｒ=11,基礎条件,9年中9年カバー / 馬券内27頭 / リフト1.076,9,27,0.929,1.076
中日新聞H,6,S,距離差=±400m以内,基礎条件,9年中9年カバー / 馬券内25頭 / リフト1.071,9,25,0.865,1.071
中日新聞H,7,S,年齢=6歳以下,基礎条件,9年中9年カバー / 馬券内23頭 / リフト1.024,9,23,0.832,1.024
中日新聞H,8,S,距離ローテ=同距離または延長,選別条件,9年中9年カバー / 馬券内20頭 / リフト1.016,9,20,0.729,1.016
中日新聞H,9,S,前走と同じ芝ダ,基礎条件,9年中9年カバー / 馬券内27頭 / リフト1.013,9,27,0.987,1.013
中日新聞H,10,S,前芝・ダ=芝,基礎条件,9年中9年カバー / 馬券内27頭 / リフト1.013,9,27,0.987,1.013
中日新聞H,11,S,斤量=56kg以下,基礎条件,9年中9年カバー / 馬券内20頭 / リフト0.981,9,20,0.755,0.981
中日新聞H,12,S,間隔=中8週以内,選別条件,9年中9年カバー / 馬券内19頭 / リフト0.957,9,19,0.735,0.957
京成杯,1,B,馬番=5〜8番,選別条件,10年中9年カバー / 馬券内11頭 / リフト1.265,9,11,0.29,1.265
京成杯,2,B,馬番=1〜6番,選別条件,10年中9年カバー / 馬券内16頭 / リフト1.227,9,16,0.435,1.227
京成杯,3,B,所属=(栗),選別条件,10年中9年カバー / 馬券内11頭 / リフト1.1,9,11,0.333,1.1
京成杯,4,B,前3角=2〜3番手,選別条件,10年中9年カバー / 馬券内10頭 / リフト0.979,9,10,0.341,0.979
京成杯,5,S,馬体重増減=増,強選別条件,10年中10年カバー / 馬券内17頭 / リフト1.422,10,17,0.399,1.422
京成杯,6,S,前走着差=0.3秒以内,強選別条件,10年中10年カバー / 馬券内26頭 / リフト1.407,10,26,0.616,1.407
京成杯,7,S,前走着差=0.5秒以内,強選別条件,10年中10年カバー / 馬券内28頭 / リフト1.342,10,28,0.696,1.342
京成杯,8,S,前走着順=1〜3着,選別条件,10年中10年カバー / 馬券内23頭 / リフト1.275,10,23,0.601,1.275
京成杯,9,S,距離ローテ=同距離,選別条件,10年中10年カバー / 馬券内23頭 / リフト1.275,10,23,0.601,1.275
京成杯,10,S,距離ローテ=同距離または短縮,選別条件,10年中10年カバー / 馬券内23頭 / リフト1.275,10,23,0.601,1.275
京成杯,11,S,前距離=2000,選別条件,10年中10年カバー / 馬券内23頭 / リフト1.275,10,23,0.601,1.275
京成杯,12,S,前走着順=1着,選別条件,10年中10年カバー / 馬券内17頭 / リフト1.222,10,17,0.464,1.222
京王杯2,1,B,所属=(栗),強選別条件,10年中9年カバー / 馬券内17頭 / リフト1.519,9,17,0.373,1.519
京王杯2,2,B,前走上り3F=34秒台,選別条件,10年中9年カバー / 馬券内13頭 / リフト1.21,9,13,0.358,1.21
京王杯2,3,B,前走斤量=54,選別条件,10年中9年カバー / 馬券内21頭 / リフト1.203,9,21,0.582,1.203
京王杯2,4,B,毛色=鹿毛,選別条件,10年中9年カバー / 馬券内17頭 / リフト1.04,9,17,0.545,1.04
京王杯2,5,B,馬体重増減=増,選別条件,10年中9年カバー / 馬券内11頭 / リフト0.963,9,11,0.381,0.963
京王杯2,6,B,枠位置=中50%,選別条件,10年中9年カバー / 馬券内14頭 / リフト0.933,9,14,0.5,0.933
京王杯2,7,B,所属=(美),選別条件,10年中9年カバー / 馬券内13頭 / リフト0.708,9,13,0.612,0.708
京王杯2,8,S,前走上り3F=35秒台,強選別条件,10年中10年カバー / 馬券内15頭 / リフト1.457,10,15,0.343,1.457
京王杯2,9,S,斤量=55kg,選別条件,10年中10年カバー / 馬券内24頭 / リフト1.218,10,24,0.657,1.218
京王杯2,10,S,前走着順=1着,選別条件,10年中10年カバー / 馬券内22頭 / リフト1.198,10,22,0.612,1.198
京王杯2,11,S,前走着差=勝ち/同タイム,選別条件,10年中10年カバー / 馬券内22頭 / リフト1.17,10,22,0.627,1.17
京王杯2,12,S,前3角=前半位置(相対50%以内),選別条件,10年中10年カバー / 馬券内23頭 / リフト1.154,10,23,0.664,1.154
京王杯ス,1,A,前4角=後半位置(相対50%超),選別条件,10年中10年カバー / 馬券内13頭 / リフト0.889,10,13,0.487,0.889
京王杯ス,2,B,前走着差=0.3秒以内,強選別条件,10年中9年カバー / 馬券内17頭 / リフト1.7,9,17,0.333,1.7
京王杯ス,3,B,前走頭数=17頭以上,強選別条件,10年中9年カバー / 馬券内16頭 / リフト1.57,9,16,0.34,1.57
京王杯ス,4,B,前走上り3F=33秒台以下,強選別条件,10年中9年カバー / 馬券内11頭 / リフト1.362,9,11,0.269,1.362
京王杯ス,5,B,前3角=前半位置(相対50%以内),選別条件,10年中9年カバー / 馬券内19頭 / リフト1.283,9,19,0.494,1.283
京王杯ス,6,B,馬体重増減=増,選別条件,10年中9年カバー / 馬券内10頭 / リフト1.238,9,10,0.269,1.238
京王杯ス,7,B,所属=(美),選別条件,10年中9年カバー / 馬券内15頭 / リフト1.2,9,15,0.417,1.2
京王杯ス,8,B,前4角=前半位置(相対50%以内),選別条件,10年中9年カバー / 馬券内17頭 / リフト1.163,9,17,0.487,1.163
京王杯ス,9,B,枠位置=中50%,選別条件,10年中9年カバー / 馬券内17頭 / リフト1.148,9,17,0.494,1.148
京王杯ス,10,B,年齢=5歳,選別条件,10年中9年カバー / 馬券内12頭 / リフト1.076,9,12,0.372,1.076
京王杯ス,11,B,距離ローテ=距離短縮,選別条件,10年中9年カバー / 馬券内14頭 / リフト1.055,9,14,0.442,1.055
京王杯ス,12,B,距離ローテ=同距離または延長,選別条件,10年中9年カバー / 馬券内16頭 / リフト0.956,9,16,0.558,0.956
京都2歳,1,B,産地=安平町,強選別条件,10年中9年カバー / 馬券内16頭 / リフト1.884,9,16,0.283,1.884
京都2歳,2,B,取引市場(最終)=セレクトセール,強選別条件,10年中9年カバー / 馬券内11頭 / リフト1.555,9,11,0.236,1.555
京都2歳,3,B,間隔=中5〜8週,強選別条件,10年中9年カバー / 馬券内11頭 / リフト1.34,9,11,0.274,1.34
京都2歳,4,B,前3角=後半位置(相対50%超),選別条件,10年中9年カバー / 馬券内12頭 / リフト1.247,9,12,0.321,1.247
京都2歳,5,B,前走着順=1着,選別条件,10年中9年カバー / 馬券内22頭 / リフト1.127,9,22,0.651,1.127
京都2歳,6,B,前走斤量=55,選別条件,10年中9年カバー / 馬券内20頭 / リフト1.01,9,20,0.66,1.01
京都2歳,7,B,前走頭数=10頭以下,選別条件,10年中9年カバー / 馬券内16頭 / リフト0.942,9,16,0.566,0.942
京都2歳,8,B,毛色=鹿毛,選別条件,10年中9年カバー / 馬券内11頭 / リフト0.733,9,11,0.5,0.733
京都2歳,9,S,前距離=1800,選別条件,10年中10年カバー / 馬券内16頭 / リフト1.229,10,16,0.434,1.229
京都2歳,10,S,枠位置=中50%,選別条件,10年中10年カバー / 馬券内17頭 / リフト1.155,10,17,0.491,1.155
京都2歳,11,S,前走着差=勝ち/同タイム,選別条件,10年中10年カバー / 馬券内23頭 / リフト1.145,10,23,0.67,1.145
京都2歳,12,S,馬番=1〜6番,選別条件,10年中10年カバー / 馬券内19頭 / リフト1.119,10,19,0.566,1.119
京都ジャJ,1,A,前走着差=0.3秒以内,強選別条件,10年中10年カバー / 馬券内14頭 / リフト1.68,10,14,0.278,1.68
京都ジャJ,2,A,枠位置=中50%,選別条件,10年中10年カバー / 馬券内14頭 / リフト0.951,10,14,0.491,0.951
京都ジャJ,3,B,前走着順=1〜3着,強選別条件,10年中9年カバー / 馬券内22頭 / リフト1.685,9,22,0.435,1.685
京都ジャJ,4,B,馬体重増減=増,強選別条件,10年中9年カバー / 馬券内15頭 / リフト1.459,9,15,0.343,1.459
京都ジャJ,5,B,前4角=2〜3番手,強選別条件,10年中9年カバー / 馬券内13頭 / リフト1.376,9,13,0.315,1.376
京都ジャJ,6,B,年齢=7歳以上,選別条件,10年中9年カバー / 馬券内16頭 / リフト1.252,9,16,0.426,1.252
京都ジャJ,7,B,前走頭数=11〜13頭,選別条件,10年中9年カバー / 馬券内14頭 / リフト1.145,9,14,0.407,1.145
京都ジャJ,8,B,前走Ｒ=8,選別条件,10年中9年カバー / 馬券内14頭 / リフト1.096,9,14,0.426,1.096
京都ジャJ,9,B,馬番=1〜6番,選別条件,10年中9年カバー / 馬券内18頭 / リフト1.08,9,18,0.556,1.08
京都ジャJ,10,B,馬番=1〜4番,選別条件,10年中9年カバー / 馬券内12頭 / リフト1.08,9,12,0.37,1.08
京都ジャJ,11,B,前走馬場状態=良,選別条件,10年中9年カバー / 馬券内20頭 / リフト1.059,9,20,0.63,1.059
京都ジャJ,12,B,距離ローテ=同距離または短縮,選別条件,10年中9年カバー / 馬券内16頭 / リフト0.886,9,16,0.602,0.886
京都ハイJ,1,B,前走着順=1〜3着,強選別条件,10年中9年カバー / 馬券内17頭 / リフト1.783,9,17,0.318,1.783
京都ハイJ,2,B,毛色=鹿毛,強選別条件,10年中9年カバー / 馬券内15頭 / リフト1.621,9,15,0.308,1.621
京都ハイJ,3,B,前走着差=0.3秒以内,強選別条件,10年中9年カバー / 馬券内10頭 / リフト1.621,9,10,0.206,1.621
京都ハイJ,4,B,前走着差=0.5秒以内,強選別条件,10年中9年カバー / 馬券内11頭 / リフト1.569,9,11,0.234,1.569
京都ハイJ,5,B,前走着差=0.9秒以内,強選別条件,10年中9年カバー / 馬券内14頭 / リフト1.513,9,14,0.308,1.513
京都ハイJ,6,B,前走馬体重増減=増,選別条件,10年中9年カバー / 馬券内12頭 / リフト1.157,9,12,0.346,1.157
京都ハイJ,7,B,馬番=1〜6番,選別条件,10年中9年カバー / 馬券内17頭 / リフト1.011,9,17,0.561,1.011
京都ハイJ,8,B,馬体重増減=減,選別条件,10年中9年カバー / 馬券内14頭 / リフト0.96,9,14,0.486,0.96
京都ハイJ,9,B,年齢=4〜6歳,選別条件,10年中9年カバー / 馬券内15頭 / リフト0.955,9,15,0.523,0.955
京都ハイJ,10,B,年齢=6歳以下,選別条件,10年中9年カバー / 馬券内15頭 / リフト0.955,9,15,0.523,0.955
京都ハイJ,11,S,前走着順=1〜5着,強選別条件,10年中10年カバー / 馬券内22頭 / リフト1.539,10,22,0.477,1.539
京都ハイJ,12,S,前3角=前半位置(相対50%以内),強選別条件,10年中10年カバー / 馬券内26頭 / リフト1.449,10,26,0.598,1.449
京都大賞,1,B,前クラス名=G1,強選別条件,10年中9年カバー / 馬券内18頭 / リフト1.827,9,18,0.328,1.827
京都大賞,2,B,前走着差=0.3秒以内,強選別条件,10年中9年カバー / 馬券内14頭 / リフト1.33,9,14,0.351,1.33
京都大賞,3,B,前走着差=0.5秒以内,選別条件,10年中9年カバー / 馬券内16頭 / リフト1.276,9,16,0.418,1.276
京都大賞,4,B,前走着差=0.9秒以内,選別条件,10年中9年カバー / 馬券内21頭 / リフト1.234,9,21,0.567,1.234
京都大賞,5,B,馬番=1〜6番,選別条件,10年中9年カバー / 馬券内14頭 / リフト1.042,9,14,0.448,1.042
京都大賞,6,B,枠位置=中50%,選別条件,10年中9年カバー / 馬券内15頭 / リフト1.0,9,15,0.5,1.0
京都大賞,7,B,キャリア=21戦以上,選別条件,10年中9年カバー / 馬券内13頭 / リフト0.717,9,13,0.604,0.717
京都大賞,8,S,キャリア=11〜20戦,強選別条件,10年中10年カバー / 馬券内16頭 / リフト1.554,10,16,0.343,1.554
京都大賞,9,S,前4角=前半位置(相対50%以内),強選別条件,10年中10年カバー / 馬券内22頭 / リフト1.404,10,22,0.522,1.404
京都大賞,10,S,間隔=中13週以上,強選別条件,10年中10年カバー / 馬券内24頭 / リフト1.374,10,24,0.582,1.374
京都大賞,11,S,距離差=±200m以内,強選別条件,10年中10年カバー / 馬券内19頭 / リフト1.347,10,19,0.47,1.347
京都大賞,12,S,前3角=前半位置(相対50%以内),強選別条件,10年中10年カバー / 馬券内21頭 / リフト1.34,10,21,0.522,1.34
京都新聞,1,B,産地=安平町,強選別条件,10年中9年カバー / 馬券内14頭 / リフト1.511,9,14,0.309,1.511
京都新聞,2,B,取引市場(最終)=セレクトセール,強選別条件,10年中9年カバー / 馬券内13頭 / リフト1.511,9,13,0.287,1.511
京都新聞,3,B,前走Ｒ=9,強選別条件,10年中9年カバー / 馬券内13頭 / リフト1.473,9,13,0.294,1.473
京都新聞,4,B,枠位置=外25%,強選別条件,10年中9年カバー / 馬券内11頭 / リフト1.348,9,11,0.272,1.348
京都新聞,5,B,間隔=中5〜8週,選別条件,10年中9年カバー / 馬券内16頭 / リフト1.295,9,16,0.412,1.295
京都新聞,6,B,前3角=前半位置(相対50%以内),選別条件,10年中9年カバー / 馬券内17頭 / リフト1.101,9,17,0.515,1.101
京都新聞,7,B,馬体重増減=減,選別条件,10年中9年カバー / 馬券内16頭 / リフト1.083,9,16,0.493,1.083
京都新聞,8,B,前走上り3F=34秒台,選別条件,10年中9年カバー / 馬券内13頭 / リフト1.072,9,13,0.404,1.072
京都新聞,9,B,キャリア=5戦以内,選別条件,10年中9年カバー / 馬券内21頭 / リフト1.058,9,21,0.662,1.058
京都新聞,10,B,馬番=9番外,選別条件,10年中9年カバー / 馬券内13頭 / リフト1.052,9,13,0.412,1.052
京都新聞,11,B,前走馬体重増減=減,選別条件,10年中9年カバー / 馬券内13頭 / リフト1.052,9,13,0.412,1.052
京都新聞,12,B,馬番=1〜6番,選別条件,10年中9年カバー / 馬券内13頭 / リフト0.982,9,13,0.441,0.982
京都牝馬,1,B,前走着差=0.3秒以内,強選別条件,10年中9年カバー / 馬券内19頭 / リフト1.593,9,19,0.398,1.593
京都牝馬,2,B,前走着順=1〜5着,強選別条件,10年中9年カバー / 馬券内19頭 / リフト1.464,9,19,0.433,1.464
京都牝馬,3,B,年齢=5歳,強選別条件,10年中9年カバー / 馬券内14頭 / リフト1.376,9,14,0.339,1.376
京都牝馬,4,B,枠位置=外25%,強選別条件,10年中9年カバー / 馬券内11頭 / リフト1.334,9,11,0.275,1.334
京都牝馬,5,B,毛色=鹿毛,選別条件,10年中9年カバー / 馬券内18頭 / リフト1.207,9,18,0.497,1.207
京都牝馬,6,B,年齢=3〜5歳,選別条件,10年中9年カバー / 馬券内22頭 / リフト1.15,9,22,0.637,1.15
京都牝馬,7,B,年齢=5歳以下,選別条件,10年中9年カバー / 馬券内22頭 / リフト1.15,9,22,0.637,1.15
京都牝馬,8,B,馬体重増減=増,選別条件,10年中9年カバー / 馬券内14頭 / リフト1.078,9,14,0.433,1.078
京都牝馬,9,B,枠位置=中50%,選別条件,10年中9年カバー / 馬券内16頭 / リフト1.073,9,16,0.497,1.073
京都牝馬,10,B,前走頭数=16,選別条件,10年中9年カバー / 馬券内12頭 / リフト0.977,9,12,0.409,0.977
京都牝馬,11,B,間隔=中8週以内,選別条件,10年中9年カバー / 馬券内12頭 / リフト0.9,9,12,0.444,0.9
京都牝馬,12,B,替=*,選別条件,10年中9年カバー / 馬券内15頭 / リフト0.784,9,15,0.637,0.784
京都記念,1,B,種牡馬=ディープインパクト,強選別条件,10年中9年カバー / 馬券内10頭 / リフト1.625,9,10,0.205,1.625
京都記念,2,B,年齢=3〜5歳,強選別条件,10年中9年カバー / 馬券内22頭 / リフト1.454,9,22,0.504,1.454
京都記念,3,B,年齢=5歳以下,強選別条件,10年中9年カバー / 馬券内22頭 / リフト1.454,9,22,0.504,1.454
京都記念,4,B,馬番=1〜6番,選別条件,10年中9年カバー / 馬券内19頭 / リフト1.235,9,19,0.513,1.235
京都記念,5,B,前3角=前半位置(相対50%以内),選別条件,10年中9年カバー / 馬券内19頭 / リフト1.195,9,19,0.53,1.195
京都記念,6,B,馬番=1〜4番,選別条件,10年中9年カバー / 馬券内12頭 / リフト1.17,9,12,0.342,1.17
京都記念,7,B,馬番=5〜8番,選別条件,10年中9年カバー / 馬券内11頭 / リフト1.073,9,11,0.342,1.073
京都記念,8,B,前走頭数=14〜16頭,選別条件,10年中9年カバー / 馬券内13頭 / リフト1.014,9,13,0.427,1.014
京都記念,9,S,前クラス名=G1,強選別条件,10年中10年カバー / 馬券内17頭 / リフト1.745,10,17,0.325,1.745
京都記念,10,S,前走着順=1〜5着,強選別条件,10年中10年カバー / 馬券内19頭 / リフト1.482,10,19,0.427,1.482
京都記念,11,S,前走着差=0.5秒以内,強選別条件,10年中10年カバー / 馬券内17頭 / リフト1.3,10,17,0.436,1.3
京都記念,12,S,距離ローテ=距離短縮,選別条件,10年中10年カバー / 馬券内16頭 / リフト1.177,10,16,0.453,1.177
京都金杯H,1,B,前走着差=0.5秒以内,強選別条件,10年中9年カバー / 馬券内20頭 / リフト1.465,9,20,0.455,1.465
京都金杯H,2,B,年齢=3〜5歳,選別条件,10年中9年カバー / 馬券内17頭 / リフト1.245,9,17,0.455,1.245
京都金杯H,3,B,年齢=5歳以下,選別条件,10年中9年カバー / 馬券内17頭 / リフト1.245,9,17,0.455,1.245
京都金杯H,4,B,替=*,選別条件,10年中9年カバー / 馬券内20頭 / リフト1.113,9,20,0.599,1.113
京都金杯H,5,B,前3角=前半位置(相対50%以内),選別条件,10年中9年カバー / 馬券内17頭 / リフト1.088,9,17,0.521,1.088
京都金杯H,6,B,距離ローテ=同距離,選別条件,10年中9年カバー / 馬券内18頭 / リフト1.055,9,18,0.569,1.055
京都金杯H,7,B,前距離=1600,選別条件,10年中9年カバー / 馬券内18頭 / リフト1.055,9,18,0.569,1.055
京都金杯H,8,B,前4角=前半位置(相対50%以内),選別条件,10年中9年カバー / 馬券内17頭 / リフト1.029,9,17,0.551,1.029
京都金杯H,9,B,前走頭数=17頭以上,選別条件,10年中9年カバー / 馬券内11頭 / リフト0.9,9,11,0.407,0.9
京都金杯H,10,S,前走上り3F=34秒台,強選別条件,10年中10年カバー / 馬券内17頭 / リフト1.502,10,17,0.377,1.502
京都金杯H,11,S,前走着順=一桁着順,強選別条件,10年中10年カバー / 馬券内25頭 / リフト1.338,10,25,0.623,1.338
京都金杯H,12,S,キャリア=11〜20戦,選別条件,10年中10年カバー / 馬券内15頭 / リフト1.265,10,15,0.395,1.265
京阪杯,1,A,前走頭数=16,選別条件,10年中10年カバー / 馬券内14頭 / リフト1.272,10,14,0.355,1.272
京阪杯,2,B,馬番=5〜8番,強選別条件,10年中9年カバー / 馬券内12頭 / リフト1.635,9,12,0.237,1.635
京阪杯,3,B,前走着順=1〜5着,強選別条件,10年中9年カバー / 馬券内19頭 / リフト1.546,9,19,0.396,1.546
京阪杯,4,B,前走馬体重増減=減,強選別条件,10年中9年カバー / 馬券内15頭 / リフト1.41,9,15,0.343,1.41
京阪杯,5,B,前走着差=0.5秒以内,選別条件,10年中9年カバー / 馬券内21頭 / リフト1.193,9,21,0.568,1.193
京阪杯,6,B,前走着順=一桁着順,選別条件,10年中9年カバー / 馬券内24頭 / リフト1.158,9,24,0.669,1.158
京阪杯,7,B,前3角=後半位置(相対50%超),選別条件,10年中9年カバー / 馬券内12頭 / リフト1.072,9,12,0.361,1.072
京阪杯,8,B,キャリア=21戦以上,選別条件,10年中9年カバー / 馬券内14頭 / リフト0.821,9,14,0.55,0.821
京阪杯,9,S,性別=牡,選別条件,10年中10年カバー / 馬券内24頭 / リフト1.295,10,24,0.598,1.295
京阪杯,10,S,替=*,選別条件,10年中10年カバー / 馬券内22頭 / リフト1.224,10,22,0.58,1.224
京阪杯,11,S,斤量=56kg,選別条件,10年中10年カバー / 馬券内16頭 / リフト1.195,10,16,0.432,1.195
京阪杯,12,S,年齢=3〜5歳,選別条件,10年中10年カバー / 馬券内23頭 / リフト1.172,10,23,0.633,1.172
優駿牝馬,1,A,前走着順=1着,強選別条件,10年中10年カバー / 馬券内14頭 / リフト1.5,10,14,0.311,1.5
優駿牝馬,2,B,産地=安平町,強選別条件,10年中9年カバー / 馬券内19頭 / リフト1.727,9,19,0.367,1.727
優駿牝馬,3,B,前走上り3F=33秒台以下,強選別条件,10年中9年カバー / 馬券内14頭 / リフト1.355,9,14,0.344,1.355
優駿牝馬,4,B,前走馬体重増減=減,選別条件,10年中9年カバー / 馬券内18頭 / リフト1.271,9,18,0.472,1.271
優駿牝馬,5,B,前4角=後半位置(相対50%超),選別条件,10年中9年カバー / 馬券内12頭 / リフト1.108,9,12,0.361,1.108
優駿牝馬,6,B,枠位置=中50%,選別条件,10年中9年カバー / 馬券内15頭 / リフト1.0,9,15,0.5,1.0
優駿牝馬,7,B,前3角=前半位置(相対50%以内),選別条件,10年中9年カバー / 馬券内17頭 / リフト0.962,9,17,0.589,0.962
優駿牝馬,8,B,所属=(美),選別条件,10年中9年カバー / 馬券内12頭 / リフト0.947,9,12,0.422,0.947
優駿牝馬,9,B,前4角=前半位置(相対50%以内),選別条件,10年中9年カバー / 馬券内18頭 / リフト0.939,9,18,0.639,0.939
優駿牝馬,10,S,前走着順=1〜3着,強選別条件,10年中10年カバー / 馬券内22頭 / リフト1.404,10,22,0.522,1.404
優駿牝馬,11,S,キャリア=5戦以内,強選別条件,10年中10年カバー / 馬券内25頭 / リフト1.389,10,25,0.6,1.389
優駿牝馬,12,S,前走開催=2阪6,強選別条件,10年中10年カバー / 馬券内22頭 / リフト1.389,10,22,0.528,1.389
共同通信,1,A,馬番=5〜8番,選別条件,10年中10年カバー / 馬券内14頭 / リフト1.268,10,14,0.368,1.268
共同通信,2,B,馬体重増減=増,強選別条件,10年中9年カバー / 馬券内14頭 / リフト1.337,9,14,0.349,1.337
共同通信,3,B,前走斤量=55,強選別条件,10年中9年カバー / 馬券内20頭 / リフト1.333,9,20,0.5,1.333
共同通信,4,B,前走着差=勝ち/同タイム,強選別条件,10年中9年カバー / 馬券内18頭 / リフト1.325,9,18,0.453,1.325
共同通信,5,B,前4角=前半位置(相対50%以内),選別条件,10年中9年カバー / 馬券内20頭 / リフト1.14,9,20,0.585,1.14
共同通信,6,B,毛色=鹿毛,選別条件,10年中9年カバー / 馬券内16頭 / リフト1.108,9,16,0.481,1.108
共同通信,7,B,前3角=前半位置(相対50%以内),選別条件,10年中9年カバー / 馬券内16頭 / リフト1.047,9,16,0.509,1.047
共同通信,8,B,距離ローテ=同距離または延長,選別条件,10年中9年カバー / 馬券内16頭 / リフト1.01,9,16,0.528,1.01
共同通信,9,B,前3角=後半位置(相対50%超),選別条件,10年中9年カバー / 馬券内13頭 / リフト0.901,9,13,0.481,0.901
共同通信,10,B,間隔=中8週以内,選別条件,10年中9年カバー / 馬券内16頭 / リフト0.883,9,16,0.604,0.883
共同通信,11,B,所属=(美),選別条件,10年中9年カバー / 馬券内15頭 / リフト0.855,9,15,0.585,0.855
共同通信,12,S,産地=安平町,強選別条件,10年中10年カバー / 馬券内19頭 / リフト1.598,10,19,0.396,1.598
函館2歳,1,B,前4角=2〜3番手,強選別条件,10年中9年カバー / 馬券内18頭 / リフト1.306,9,18,0.459,1.306
函館2歳,2,B,所属=(栗),強選別条件,10年中9年カバー / 馬券内18頭 / リフト1.306,9,18,0.459,1.306
函館2歳,3,B,前3角=2〜3番手,選別条件,10年中9年カバー / 馬券内15頭 / リフト1.276,9,15,0.392,1.276
函館2歳,4,B,馬番=1〜6番,選別条件,10年中9年カバー / 馬券内15頭 / リフト1.233,9,15,0.405,1.233
函館2歳,5,B,性別=牡,選別条件,10年中9年カバー / 馬券内16頭 / リフト1.214,9,16,0.439,1.214
函館2歳,6,B,馬体重増減=増,選別条件,10年中9年カバー / 馬券内13頭 / リフト1.21,9,13,0.358,1.21
函館2歳,7,B,前走頭数=10頭以下,選別条件,10年中9年カバー / 馬券内17頭 / リフト0.975,9,17,0.581,0.975
函館2歳,8,S,前走上り3F=35秒台,選別条件,10年中10年カバー / 馬券内16頭 / リフト1.294,10,16,0.412,1.294
函館2歳,9,S,前走Ｒ=5,選別条件,10年中10年カバー / 馬券内20頭 / リフト1.203,10,20,0.554,1.203
函館2歳,10,S,前走レース名=新馬,選別条件,10年中10年カバー / 馬券内22頭 / リフト1.131,10,22,0.649,1.131
函館2歳,11,S,前走馬場状態=良,選別条件,10年中10年カバー / 馬券内19頭 / リフト0.947,10,19,0.669,0.947
函館スプ,1,B,前走着順=1〜3着,強選別条件,10年中9年カバー / 馬券内14頭 / リフト1.671,9,14,0.279,1.671
函館スプ,2,B,前走着差=0.3秒以内,強選別条件,10年中9年カバー / 馬券内16頭 / リフト1.579,9,16,0.338,1.579
函館スプ,3,B,前走着順=1〜5着,強選別条件,10年中9年カバー / 馬券内18頭 / リフト1.49,9,18,0.403,1.49
函館スプ,4,B,前走着差=0.5秒以内,強選別条件,10年中9年カバー / 馬券内18頭 / リフト1.359,9,18,0.442,1.359
函館スプ,5,B,前走着順=一桁着順,選別条件,10年中9年カバー / 馬券内22頭 / リフト1.298,9,22,0.565,1.298
函館スプ,6,B,距離ローテ=距離短縮,選別条件,10年中9年カバー / 馬券内13頭 / リフト1.283,9,13,0.338,1.283
函館スプ,7,B,前走馬体重増減=減,選別条件,10年中9年カバー / 馬券内14頭 / リフト1.198,9,14,0.39,1.198
函館スプ,8,B,前走頭数=17頭以上,選別条件,10年中9年カバー / 馬券内14頭 / リフト1.123,9,14,0.416,1.123
函館スプ,9,B,馬番=9番外,選別条件,10年中9年カバー / 馬券内16頭 / リフト1.11,9,16,0.481,1.11
函館スプ,10,B,間隔=中8週以内,選別条件,10年中9年カバー / 馬券内16頭 / リフト1.095,9,16,0.487,1.095
函館スプ,11,B,毛色=鹿毛,選別条件,10年中9年カバー / 馬券内16頭 / リフト0.99,9,16,0.539,0.99
函館スプ,12,B,距離ローテ=同距離,選別条件,10年中9年カバー / 馬券内15頭 / リフト0.865,9,15,0.578,0.865
函館記念H,1,B,間隔=中5〜8週,強選別条件,10年中9年カバー / 馬券内11頭 / リフト1.495,9,11,0.245,1.495
函館記念H,2,B,馬体重増減=減,強選別条件,10年中9年カバー / 馬券内18頭 / リフト1.445,9,18,0.415,1.445
函館記念H,3,B,前走頭数=14〜16頭,強選別条件,10年中9年カバー / 馬券内17頭 / リフト1.306,9,17,0.434,1.306
函館記念H,4,B,前走斤量=56,選別条件,10年中9年カバー / 馬券内14頭 / リフト1.216,9,14,0.384,1.216
函館記念H,5,B,距離ローテ=同距離または短縮,選別条件,10年中9年カバー / 馬券内17頭 / リフト1.186,9,17,0.478,1.186
函館記念H,6,B,前走馬体重増減=増,選別条件,10年中9年カバー / 馬券内11頭 / リフト1.143,9,11,0.321,1.143
函館記念H,7,B,前3角=後半位置(相対50%超),選別条件,10年中9年カバー / 馬券内15頭 / リフト1.074,9,15,0.465,1.074
函館記念H,8,B,前走着順=1〜5着,選別条件,10年中9年カバー / 馬券内13頭 / リフト1.044,9,13,0.415,1.044
函館記念H,9,B,キャリア=21戦以上,選別条件,10年中9年カバー / 馬券内19頭 / リフト1.017,9,19,0.623,1.017
函館記念H,10,B,前走頭数=16,選別条件,10年中9年カバー / 馬券内10頭 / リフト0.964,9,10,0.346,0.964
函館記念H,11,B,前走着差=0.3秒以内,選別条件,10年中9年カバー / 馬券内10頭 / リフト0.946,9,10,0.352,0.946
函館記念H,12,B,間隔=中8週以内,選別条件,10年中9年カバー / 馬券内18頭 / リフト0.945,9,18,0.635,0.945
北九州記H,1,B,前走着順=1着,強選別条件,10年中9年カバー / 馬券内13頭 / リフト2.094,9,13,0.207,2.094
北九州記H,2,B,キャリア=11〜20戦,強選別条件,10年中9年カバー / 馬券内15頭 / リフト1.554,9,15,0.322,1.554
北九州記H,3,B,前走上り3F=33秒台以下,強選別条件,10年中9年カバー / 馬券内19頭 / リフト1.328,9,19,0.477,1.328
北九州記H,4,B,枠位置=中50%,選別条件,10年中9年カバー / 馬券内19頭 / リフト1.281,9,19,0.494,1.281
北九州記H,5,B,前3角=前半位置(相対50%以内),選別条件,10年中9年カバー / 馬券内16頭 / リフト1.092,9,16,0.489,1.092
北九州記H,6,B,間隔=中5〜8週,選別条件,10年中9年カバー / 馬券内14頭 / リフト0.978,9,14,0.477,0.978
北九州記H,7,B,替=*,選別条件,10年中9年カバー / 馬券内16頭 / リフト0.91,9,16,0.586,0.91
北九州記H,8,B,性別=牡,選別条件,10年中9年カバー / 馬券内12頭 / リフト0.71,9,12,0.563,0.71
北九州記H,9,S,前走着差=勝ち/同タイム,強選別条件,10年中10年カバー / 馬券内15頭 / リフト2.071,10,15,0.241,2.071
北九州記H,10,S,前走着順=1〜3着,強選別条件,10年中10年カバー / 馬券内21頭 / リフト1.845,10,21,0.379,1.845
北九州記H,11,S,前走着順=1〜5着,強選別条件,10年中10年カバー / 馬券内24頭 / リフト1.6,10,24,0.5,1.6
北九州記H,12,S,前走着差=0.3秒以内,強選別条件,10年中10年カバー / 馬券内21頭 / リフト1.582,10,21,0.443,1.582
大阪杯,1,A,枠位置=中50%,選別条件,8年中8年カバー / 馬券内14頭 / リフト1.177,8,14,0.496,1.177
大阪杯,2,A,産地=安平町,選別条件,8年中8年カバー / 馬券内14頭 / リフト1.101,8,14,0.53,1.101
大阪杯,3,A,前走馬体重増減=増,選別条件,8年中8年カバー / 馬券内11頭 / リフト1.094,8,11,0.419,1.094
大阪杯,4,A,前走着順=1〜3着,選別条件,8年中8年カバー / 馬券内14頭 / リフト1.066,8,14,0.547,1.066
大阪杯,5,S,前走着差=0.3秒以内,選別条件,8年中8年カバー / 馬券内15頭 / リフト1.143,8,15,0.547,1.143
大阪杯,6,S,前走着差=0.5秒以内,選別条件,8年中8年カバー / 馬券内16頭 / リフト1.083,8,16,0.615,1.083
大阪杯,7,S,距離ローテ=同距離または延長,選別条件,8年中8年カバー / 馬券内15頭 / リフト1.03,8,15,0.607,1.03
大阪杯,8,S,前クラス名=G2,選別条件,8年中8年カバー / 馬券内16頭 / リフト1.026,8,16,0.65,1.026
大阪杯,9,S,間隔=中8週以内,選別条件,8年中8年カバー / 馬券内16頭 / リフト0.975,8,16,0.684,0.975
天皇賞春,1,B,前4角=4〜6番手,強選別条件,10年中9年カバー / 馬券内13頭 / リフト1.635,9,13,0.265,1.635
天皇賞春,2,B,前走頭数=14〜16頭,選別条件,10年中9年カバー / 馬券内16頭 / リフト1.135,9,16,0.47,1.135
天皇賞春,3,B,間隔=中5〜8週,選別条件,10年中9年カバー / 馬券内20頭 / リフト0.971,9,20,0.687,0.971
天皇賞春,4,B,枠位置=中50%,選別条件,10年中9年カバー / 馬券内14頭 / リフト0.968,9,14,0.482,0.968
天皇賞春,5,B,馬番=9番外,選別条件,10年中9年カバー / 馬券内11頭 / リフト0.708,9,11,0.518,0.708
天皇賞春,6,S,前走着差=勝ち/同タイム,強選別条件,10年中10年カバー / 馬券内17頭 / リフト2.475,10,17,0.229,2.475
天皇賞春,7,S,前走着順=1着,強選別条件,10年中10年カバー / 馬券内15頭 / リフト2.441,10,15,0.205,2.441
天皇賞春,8,S,前走着差=0.3秒以内,強選別条件,10年中10年カバー / 馬券内22頭 / リフト1.715,10,22,0.428,1.715
天皇賞春,9,S,前走着順=1〜3着,強選別条件,10年中10年カバー / 馬券内23頭 / リフト1.533,10,23,0.5,1.533
天皇賞春,10,S,前走着差=0.5秒以内,強選別条件,10年中10年カバー / 馬券内24頭 / リフト1.492,10,24,0.536,1.492
天皇賞春,11,S,前走着順=1〜5着,強選別条件,10年中10年カバー / 馬券内27頭 / リフト1.322,10,27,0.681,1.322
天皇賞春,12,S,前4角=前半位置(相対50%以内),強選別条件,10年中10年カバー / 馬券内27頭 / リフト1.322,10,27,0.681,1.322
天皇賞秋,1,A,前4角=前半位置(相対50%以内),選別条件,10年中10年カバー / 馬券内14頭 / リフト0.909,10,14,0.513,0.909
天皇賞秋,2,A,前3角=前半位置(相対50%以内),選別条件,10年中10年カバー / 馬券内14頭 / リフト0.898,10,14,0.52,0.898
天皇賞秋,3,B,前走着差=勝ち/同タイム,強選別条件,10年中9年カバー / 馬券内14頭 / リフト1.689,9,14,0.276,1.689
天皇賞秋,4,B,年齢=5歳,強選別条件,10年中9年カバー / 馬券内13頭 / リフト1.344,9,13,0.322,1.344
天皇賞秋,5,B,キャリア=11〜20戦,選別条件,10年中9年カバー / 馬券内16頭 / リフト1.175,9,16,0.454,1.175
天皇賞秋,6,B,前4角=後半位置(相対50%超),選別条件,10年中9年カバー / 馬券内16頭 / リフト1.175,9,16,0.454,1.175
天皇賞秋,7,B,前走馬体重増減=増,選別条件,10年中9年カバー / 馬券内13頭 / リフト1.136,9,13,0.382,1.136
天皇賞秋,8,B,枠位置=中50%,選別条件,10年中9年カバー / 馬券内17頭 / リフト1.119,9,17,0.507,1.119
天皇賞秋,9,B,距離ローテ=同距離または短縮,選別条件,10年中9年カバー / 馬券内19頭 / リフト1.003,9,19,0.632,1.003
天皇賞秋,10,B,距離ローテ=同距離または延長,選別条件,10年中9年カバー / 馬券内16頭 / リフト0.901,9,16,0.592,0.901
天皇賞秋,11,S,前走着順=1〜3着,強選別条件,10年中10年カバー / 馬券内22頭 / リフト1.639,10,22,0.447,1.639
天皇賞秋,12,S,産地=安平町,強選別条件,10年中10年カバー / 馬券内20頭 / リフト1.49,10,20,0.447,1.49
安田記念,1,B,前走着順=1着,強選別条件,10年中9年カバー / 馬券内13頭 / リフト1.744,9,13,0.248,1.744
安田記念,2,B,所属=(美),強選別条件,10年中9年カバー / 馬券内18頭 / リフト1.61,9,18,0.373,1.61
安田記念,3,B,間隔=中4週以内,選別条件,10年中9年カバー / 馬券内12頭 / リフト1.288,9,12,0.311,1.288
安田記念,4,B,年齢=3〜5歳,選別条件,10年中9年カバー / 馬券内21頭 / リフト1.212,9,21,0.578,1.212
安田記念,5,B,年齢=5歳以下,選別条件,10年中9年カバー / 馬券内21頭 / リフト1.212,9,21,0.578,1.212
安田記念,6,B,前走上り3F=33秒台以下,選別条件,10年中9年カバー / 馬券内15頭 / リフト1.184,9,15,0.422,1.184
安田記念,7,B,毛色=鹿毛,選別条件,10年中9年カバー / 馬券内15頭 / リフト1.103,9,15,0.453,1.103
安田記念,8,B,前走着順=1〜3着,選別条件,10年中9年カバー / 馬券内18頭 / リフト1.098,9,18,0.547,1.098
安田記念,9,B,馬番=1〜6番,選別条件,10年中9年カバー / 馬券内12頭 / リフト1.073,9,12,0.373,1.073
安田記念,10,B,距離ローテ=同距離,選別条件,10年中9年カバー / 馬券内17頭 / リフト1.061,9,17,0.534,1.061
安田記念,11,B,前距離=1600,選別条件,10年中9年カバー / 馬券内17頭 / リフト1.061,9,17,0.534,1.061
安田記念,12,B,枠位置=中50%,選別条件,10年中9年カバー / 馬券内15頭 / リフト1.006,9,15,0.497,1.006
宝塚記念,1,B,前走着順=1〜3着,強選別条件,10年中9年カバー / 馬券内18頭 / リフト1.536,9,18,0.391,1.536
宝塚記念,2,B,前走着差=0.3秒以内,強選別条件,10年中9年カバー / 馬券内16頭 / リフト1.389,9,16,0.384,1.389
宝塚記念,3,B,年齢=5歳,強選別条件,10年中9年カバー / 馬券内15頭 / リフト1.302,9,15,0.384,1.302
宝塚記念,4,B,間隔=中5〜8週,選別条件,10年中9年カバー / 馬券内13頭 / リフト1.283,9,13,0.338,1.283
宝塚記念,5,B,前走着順=1〜5着,選別条件,10年中9年カバー / 馬券内20頭 / リフト1.157,9,20,0.576,1.157
宝塚記念,6,B,産地=安平町,選別条件,10年中9年カバー / 馬券内16頭 / リフト1.134,9,16,0.47,1.134
宝塚記念,7,B,馬番=1〜6番,選別条件,10年中9年カバー / 馬券内13頭 / リフト1.091,9,13,0.397,1.091
宝塚記念,8,B,キャリア=11〜20戦,選別条件,10年中9年カバー / 馬券内16頭 / リフト1.088,9,16,0.49,1.088
宝塚記念,9,B,距離ローテ=距離延長,選別条件,10年中9年カバー / 馬券内15頭 / リフト1.007,9,15,0.497,1.007
宝塚記念,10,B,距離ローテ=同距離または延長,選別条件,10年中9年カバー / 馬券内15頭 / リフト0.993,9,15,0.503,0.993
宝塚記念,11,B,馬番=9番外,選別条件,10年中9年カバー / 馬券内14頭 / リフト0.992,9,14,0.47,0.992
宝塚記念,12,B,毛色=鹿毛,選別条件,10年中9年カバー / 馬券内14頭 / リフト0.992,9,14,0.47,0.992
富士S,1,B,前走頭数=18,強選別条件,10年中9年カバー / 馬券内15頭 / リフト1.841,9,15,0.272,1.841
富士S,2,B,前走頭数=17頭以上,強選別条件,10年中9年カバー / 馬券内15頭 / リフト1.641,9,15,0.305,1.641
富士S,3,B,前走着順=1〜3着,強選別条件,10年中9年カバー / 馬券内13頭 / リフト1.422,9,13,0.305,1.422
富士S,4,B,馬体重増減=増,選別条件,10年中9年カバー / 馬券内14頭 / リフト1.258,9,14,0.371,1.258
富士S,5,B,前走着差=0.5秒以内,選別条件,10年中9年カバー / 馬券内20頭 / リフト1.243,9,20,0.536,1.243
富士S,6,B,前走上り3F=34秒台,選別条件,10年中9年カバー / 馬券内12頭 / リフト1.208,9,12,0.331,1.208
富士S,7,B,馬番=9番外,選別条件,10年中9年カバー / 馬券内17頭 / リフト1.205,9,17,0.47,1.205
富士S,8,B,産地=安平町,選別条件,10年中9年カバー / 馬券内13頭 / リフト1.19,9,13,0.364,1.19
富士S,9,B,距離ローテ=同距離,選別条件,10年中9年カバー / 馬券内20頭 / リフト1.131,9,20,0.589,1.131
富士S,10,B,前距離=1600,選別条件,10年中9年カバー / 馬券内20頭 / リフト1.131,9,20,0.589,1.131
富士S,11,B,距離ローテ=同距離または延長,選別条件,10年中9年カバー / 馬券内20頭 / リフト0.997,9,20,0.669,0.997
富士S,12,B,前3角=前半位置(相対50%以内),選別条件,10年中9年カバー / 馬券内17頭 / リフト0.995,9,17,0.57,0.995
小倉2歳,1,B,前走上り3F=35秒台,強選別条件,10年中9年カバー / 馬券内18頭 / リフト1.383,9,18,0.434,1.383
小倉2歳,2,B,前クラス名=新馬,強選別条件,10年中9年カバー / 馬券内17頭 / リフト1.329,9,17,0.426,1.329
小倉2歳,3,B,替=*,選別条件,10年中9年カバー / 馬券内16頭 / リフト1.273,9,16,0.419,1.273
小倉2歳,4,B,馬番=9番外,選別条件,10年中9年カバー / 馬券内15頭 / リフト1.214,9,15,0.412,1.214
小倉2歳,5,B,間隔=中4週以内,選別条件,10年中9年カバー / 馬券内14頭 / リフト0.738,9,14,0.632,0.738
小倉サマJ,1,A,前走着順=1〜3着,選別条件,9年中9年カバー / 馬券内14頭 / リフト1.247,9,14,0.416,1.247
小倉サマJ,2,A,前走頭数=11〜13頭,選別条件,9年中9年カバー / 馬券内13頭 / リフト1.186,9,13,0.406,1.186
小倉サマJ,3,A,前走レース名=障害・オープ,選別条件,9年中9年カバー / 馬券内12頭 / リフト0.976,9,12,0.455,0.976
小倉サマJ,4,A,前クラス名=オープン,選別条件,9年中9年カバー / 馬券内13頭 / リフト0.935,9,13,0.515,0.935
小倉サマJ,5,A,前走着差=1.0秒以上,選別条件,9年中9年カバー / 馬券内14頭 / リフト0.903,9,14,0.574,0.903
小倉サマJ,6,S,前走着順=1〜5着,選別条件,9年中9年カバー / 馬券内19頭 / リフト1.111,9,19,0.634,1.111
小倉サマJ,7,S,枠位置=中50%,選別条件,9年中9年カバー / 馬券内15頭 / リフト1.1,9,15,0.505,1.1
小倉サマJ,8,S,馬番=1〜6番,選別条件,9年中9年カバー / 馬券内15頭 / リフト1.039,9,15,0.535,1.039
小倉サマJ,9,S,間隔=中8週以内,選別条件,9年中9年カバー / 馬券内15頭 / リフト1.039,9,15,0.535,1.039
小倉サマJ,10,S,距離差=±400m以内,選別条件,9年中9年カバー / 馬券内16頭 / リフト0.998,9,16,0.594,0.998
小倉大賞H,1,B,年齢=3〜5歳,選別条件,10年中9年カバー / 馬券内14頭 / リフト1.277,9,14,0.365,1.277
小倉大賞H,2,B,年齢=5歳以下,選別条件,10年中9年カバー / 馬券内14頭 / リフト1.277,9,14,0.365,1.277
小倉大賞H,3,B,前走着順=1〜5着,選別条件,10年中9年カバー / 馬券内15頭 / リフト1.238,9,15,0.404,1.238
小倉大賞H,4,B,前走着差=0.3秒以内,選別条件,10年中9年カバー / 馬券内11頭 / リフト1.079,9,11,0.34,1.079
小倉大賞H,5,B,間隔=中5〜8週,選別条件,10年中9年カバー / 馬券内14頭 / リフト0.997,9,14,0.468,0.997
小倉大賞H,6,B,年齢=7歳以上,選別条件,10年中9年カバー / 馬券内11頭 / リフト0.986,9,11,0.372,0.986
小倉大賞H,7,B,斤量=56kg以下,選別条件,10年中9年カバー / 馬券内14頭 / リフト0.687,9,14,0.679,0.687
小倉大賞H,8,B,キャリア=21戦以上,選別条件,10年中9年カバー / 馬券内11頭 / リフト0.665,9,11,0.551,0.665
小倉大賞H,9,S,キャリア=11〜20戦,強選別条件,10年中10年カバー / 馬券内17頭 / リフト1.426,10,17,0.397,1.426
小倉大賞H,10,S,距離ローテ=距離短縮,選別条件,10年中10年カバー / 馬券内22頭 / リフト1.192,10,22,0.615,1.192
小倉大賞H,11,S,前走着差=0.5秒以内,選別条件,10年中10年カバー / 馬券内18頭 / リフト1.185,10,18,0.506,1.185
小倉大賞H,12,S,前4角=前半位置(相対50%以内),選別条件,10年中10年カバー / 馬券内21頭 / リフト1.174,10,21,0.596,1.174
小倉記念H,1,B,キャリア=11〜20戦,強選別条件,10年中9年カバー / 馬券内16頭 / リフト1.565,9,16,0.341,1.565
小倉記念H,2,B,距離ローテ=同距離,選別条件,10年中9年カバー / 馬券内21頭 / リフト1.227,9,21,0.57,1.227
小倉記念H,3,B,前距離=2000,選別条件,10年中9年カバー / 馬券内21頭 / リフト1.227,9,21,0.57,1.227
小倉記念H,4,B,前4角=後方(相対65%超),選別条件,10年中9年カバー / 馬券内14頭 / リフト1.125,9,14,0.415,1.125
小倉記念H,5,B,距離ローテ=同距離または短縮,選別条件,10年中9年カバー / 馬券内23頭 / リフト1.113,9,23,0.689,1.113
小倉記念H,6,B,前4角=後半位置(相対50%超),選別条件,10年中9年カバー / 馬券内17頭 / リフト1.093,9,17,0.519,1.093
小倉記念H,7,B,毛色=鹿毛,選別条件,10年中9年カバー / 馬券内16頭 / リフト0.923,9,16,0.578,0.923
小倉記念H,8,B,前走頭数=14〜16頭,選別条件,10年中9年カバー / 馬券内15頭 / リフト0.912,9,15,0.548,0.912
小倉記念H,9,B,枠位置=中50%,選別条件,10年中9年カバー / 馬券内13頭 / リフト0.886,9,13,0.489,0.886
小倉記念H,10,B,間隔=中8週以内,選別条件,10年中9年カバー / 馬券内17頭 / リフト0.869,9,17,0.652,0.869
小倉記念H,11,S,年齢=3〜5歳,選別条件,10年中10年カバー / 馬券内20頭 / リフト1.25,10,20,0.533,1.25
小倉記念H,12,S,年齢=5歳以下,選別条件,10年中10年カバー / 馬券内20頭 / リフト1.25,10,20,0.533,1.25
平安S,1,B,年齢=5歳,強選別条件,10年中9年カバー / 馬券内13頭 / リフト1.417,9,13,0.306,1.417
平安S,2,B,馬番=1〜6番,選別条件,10年中9年カバー / 馬券内14頭 / リフト1.221,9,14,0.382,1.221
平安S,3,B,前走頭数=16,選別条件,10年中9年カバー / 馬券内16頭 / リフト0.775,9,16,0.688,0.775
平安S,4,S,前走着差=0.3秒以内,強選別条件,10年中10年カバー / 馬券内16頭 / リフト1.351,10,16,0.395,1.351
平安S,5,S,前走着順=1〜3着,強選別条件,10年中10年カバー / 馬券内16頭 / リフト1.308,10,16,0.408,1.308
平安S,6,S,前走着差=0.5秒以内,選別条件,10年中10年カバー / 馬券内18頭 / リフト1.29,10,18,0.465,1.29
平安S,7,S,前走着順=1〜5着,選別条件,10年中10年カバー / 馬券内20頭 / リフト1.276,10,20,0.522,1.276
平安S,8,S,年齢=3〜5歳,選別条件,10年中10年カバー / 馬券内20頭 / リフト1.261,10,20,0.529,1.261
平安S,9,S,年齢=5歳以下,選別条件,10年中10年カバー / 馬券内20頭 / リフト1.261,10,20,0.529,1.261
平安S,10,S,前走馬場状態=良,選別条件,10年中10年カバー / 馬券内23頭 / リフト1.241,10,23,0.618,1.241
平安S,11,S,前3角=前半位置(相対50%以内),選別条件,10年中10年カバー / 馬券内22頭 / リフト1.199,10,22,0.611,1.199
平安S,12,S,前4角=前半位置(相対50%以内),選別条件,10年中10年カバー / 馬券内22頭 / リフト1.187,10,22,0.618,1.187
弥生賞,1,B,前クラス名=G1,強選別条件,10年中9年カバー / 馬券内16頭 / リフト2.618,9,16,0.204,2.618
弥生賞,2,B,間隔=中9〜12週,強選別条件,10年中9年カバー / 馬券内19頭 / リフト2.137,9,19,0.296,2.137
弥生賞,3,B,前走斤量=55,強選別条件,10年中9年カバー / 馬券内19頭 / リフト1.8,9,19,0.352,1.8
弥生賞,4,B,前走馬体重増減=増,強選別条件,10年中9年カバー / 馬券内16頭 / リフト1.371,9,16,0.389,1.371
弥生賞,5,B,所属=(栗),強選別条件,10年中9年カバー / 馬券内17頭 / リフト1.302,9,17,0.435,1.302
弥生賞,6,B,馬体重増減=減,選別条件,10年中9年カバー / 馬券内13頭 / リフト1.141,9,13,0.38,1.141
弥生賞,7,B,前走着差=勝ち/同タイム,選別条件,10年中9年カバー / 馬券内15頭 / リフト1.059,9,15,0.472,1.059
弥生賞,8,B,距離ローテ=同距離,選別条件,10年中9年カバー / 馬券内16頭 / リフト1.029,9,16,0.519,1.029
弥生賞,9,B,前距離=2000,選別条件,10年中9年カバー / 馬券内16頭 / リフト1.029,9,16,0.519,1.029
弥生賞,10,B,毛色=鹿毛,選別条件,10年中9年カバー / 馬券内17頭 / リフト1.02,9,17,0.556,1.02
弥生賞,11,B,距離ローテ=同距離または短縮,選別条件,10年中9年カバー / 馬券内16頭 / リフト0.944,9,16,0.565,0.944
弥生賞,12,B,前3角=前半位置(相対50%以内),選別条件,10年中9年カバー / 馬券内15頭 / リフト0.844,9,15,0.593,0.844
愛知杯H,1,B,前走着順=1〜3着,強選別条件,10年中9年カバー / 馬券内14頭 / リフト1.512,9,14,0.309,1.512
愛知杯H,2,B,前走着差=0.3秒以内,強選別条件,10年中9年カバー / 馬券内17頭 / リフト1.457,9,17,0.389,1.457
愛知杯H,3,B,馬番=1〜6番,強選別条件,10年中9年カバー / 馬券内15頭 / リフト1.35,9,15,0.37,1.35
愛知杯H,4,B,前走着差=0.5秒以内,選別条件,10年中9年カバー / 馬券内19頭 / リフト1.267,9,19,0.5,1.267
愛知杯H,5,B,年齢=3〜5歳,選別条件,10年中9年カバー / 馬券内22頭 / リフト1.165,9,22,0.63,1.165
愛知杯H,6,B,年齢=5歳以下,選別条件,10年中9年カバー / 馬券内22頭 / リフト1.165,9,22,0.63,1.165
愛知杯H,7,B,前4角=前半位置(相対50%以内),選別条件,10年中9年カバー / 馬券内18頭 / リフト1.002,9,18,0.599,1.002
愛知杯H,8,B,間隔=中8週以内,選別条件,10年中9年カバー / 馬券内17頭 / リフト0.998,9,17,0.568,0.998
愛知杯H,9,B,前3角=前半位置(相対50%以内),選別条件,10年中9年カバー / 馬券内17頭 / リフト0.956,9,17,0.593,0.956
愛知杯H,10,B,替=*,選別条件,10年中9年カバー / 馬券内15頭 / リフト0.75,9,15,0.667,0.75
愛知杯H,11,B,馬番=9番外,選別条件,10年中9年カバー / 馬券内11頭 / リフト0.724,9,11,0.506,0.724
愛知杯H,12,S,前走着順=1〜5着,強選別条件,10年中10年カバー / 馬券内20頭 / リフト1.459,10,20,0.457,1.459
新潟2歳,1,B,距離ローテ=同距離,強選別条件,10年中9年カバー / 馬券内16頭 / リフト1.513,9,16,0.353,1.513
新潟2歳,2,B,前距離=1600,強選別条件,10年中9年カバー / 馬券内16頭 / リフト1.513,9,16,0.353,1.513
新潟2歳,3,B,馬番=5〜8番,強選別条件,10年中9年カバー / 馬券内13頭 / リフト1.506,9,13,0.288,1.506
新潟2歳,4,B,間隔=中9〜12週,強選別条件,10年中9年カバー / 馬券内11頭 / リフト1.499,9,11,0.245,1.499
新潟2歳,5,B,間隔=中5〜8週,選別条件,10年中9年カバー / 馬券内12頭 / リフト1.011,9,12,0.396,1.011
新潟2歳,6,B,馬番=1〜6番,選別条件,10年中9年カバー / 馬券内11頭 / リフト0.849,9,11,0.432,0.849
新潟2歳,7,S,馬体重増減=増,強選別条件,10年中10年カバー / 馬券内21頭 / リフト1.431,10,21,0.489,1.431
新潟2歳,8,S,距離ローテ=同距離または短縮,強選別条件,10年中10年カバー / 馬券内23頭 / リフト1.421,10,23,0.54,1.421
新潟2歳,9,S,前走Ｒ=5,選別条件,10年中10年カバー / 馬券内16頭 / リフト1.236,10,16,0.432,1.236
新潟2歳,10,S,前走レース名=新馬,選別条件,10年中10年カバー / 馬券内18頭 / リフト1.191,10,18,0.504,1.191
新潟2歳,11,S,前クラス名=新馬,選別条件,10年中10年カバー / 馬券内21頭 / リフト1.187,10,21,0.59,1.187
新潟2歳,12,S,性別=牡,選別条件,10年中10年カバー / 馬券内20頭 / リフト1.116,10,20,0.597,1.116
新潟ジャJ,1,B,前クラス名=JG3,強選別条件,10年中9年カバー / 馬券内15頭 / リフト2.016,9,15,0.248,2.016
新潟ジャJ,2,B,前走Ｒ=8,強選別条件,10年中9年カバー / 馬券内16頭 / リフト1.6,9,16,0.333,1.6
新潟ジャJ,3,B,所属=(栗),強選別条件,10年中9年カバー / 馬券内20頭 / リフト1.458,9,20,0.457,1.458
新潟ジャJ,4,B,枠位置=外25%,強選別条件,10年中9年カバー / 馬券内12頭 / リフト1.395,9,12,0.287,1.395
新潟ジャJ,5,B,馬番=9番外,強選別条件,10年中9年カバー / 馬券内15頭 / リフト1.316,9,15,0.38,1.316
新潟ジャJ,6,B,距離ローテ=距離延長,選別条件,10年中9年カバー / 馬券内21頭 / リフト1.173,9,21,0.597,1.173
新潟ジャJ,7,B,距離ローテ=同距離または延長,選別条件,10年中9年カバー / 馬券内21頭 / リフト1.158,9,21,0.605,1.158
新潟ジャJ,8,B,前走馬体重増減=増,選別条件,10年中9年カバー / 馬券内13頭 / リフト1.141,9,13,0.38,1.141
新潟ジャJ,9,B,年齢=4〜6歳,選別条件,10年中9年カバー / 馬券内16頭 / リフト1.012,9,16,0.527,1.012
新潟ジャJ,10,B,年齢=6歳以下,選別条件,10年中9年カバー / 馬券内16頭 / リフト1.012,9,16,0.527,1.012
新潟ジャJ,11,B,前走着差=1.0秒以上,選別条件,10年中9年カバー / 馬券内14頭 / リフト1.003,9,14,0.465,1.003
新潟ジャJ,12,B,前走着差=0.9秒以内,選別条件,10年中9年カバー / 馬券内14頭 / リフト0.912,9,14,0.512,0.912
新潟大賞H,1,A,キャリア=11〜20戦,選別条件,10年中10年カバー / 馬券内13頭 / リフト1.134,10,13,0.382,1.134
新潟大賞H,2,A,毛色=鹿毛,選別条件,10年中10年カバー / 馬券内14頭 / リフト0.927,10,14,0.503,0.927
新潟大賞H,3,B,前走着差=0.3秒以内,強選別条件,10年中9年カバー / 馬券内15頭 / リフト1.539,9,15,0.325,1.539
新潟大賞H,4,B,前走着差=0.5秒以内,選別条件,10年中9年カバー / 馬券内16頭 / リフト1.288,9,16,0.414,1.288
新潟大賞H,5,B,所属=(美),選別条件,10年中9年カバー / 馬券内14頭 / リフト1.163,9,14,0.401,1.163
新潟大賞H,6,B,馬番=9番外,選別条件,10年中9年カバー / 馬券内15頭 / リフト1.019,9,15,0.49,1.019
新潟大賞H,7,B,前3角=後半位置(相対50%超),選別条件,10年中9年カバー / 馬券内14頭 / リフト0.916,9,14,0.51,0.916
新潟大賞H,8,B,所属=(栗),選別条件,10年中9年カバー / 馬券内16頭 / リフト0.891,9,16,0.599,0.891
新潟大賞H,9,B,前走頭数=16,選別条件,10年中9年カバー / 馬券内11頭 / リフト0.872,9,11,0.42,0.872
新潟大賞H,10,B,斤量=56kg以下,選別条件,10年中9年カバー / 馬券内16頭 / リフト0.821,9,16,0.65,0.821
新潟大賞H,11,S,前走着順=1〜3着,強選別条件,10年中10年カバー / 馬券内16頭 / リフト1.861,10,16,0.287,1.861
新潟大賞H,12,S,前走着順=1〜5着,強選別条件,10年中10年カバー / 馬券内19頭 / リフト1.63,10,19,0.389,1.63
新潟記念H,1,B,前走馬体重増減=増,強選別条件,10年中9年カバー / 馬券内16頭 / リフト1.528,9,16,0.349,1.528
新潟記念H,2,B,産地=安平町,強選別条件,10年中9年カバー / 馬券内16頭 / リフト1.528,9,16,0.349,1.528
新潟記念H,3,B,キャリア=11〜20戦,強選別条件,10年中9年カバー / 馬券内16頭 / リフト1.478,9,16,0.361,1.478
新潟記念H,4,B,前走着差=0.3秒以内,選別条件,10年中9年カバー / 馬券内15頭 / リフト1.261,9,15,0.396,1.261
新潟記念H,5,B,前走着順=1〜5着,選別条件,10年中9年カバー / 馬券内17頭 / リフト1.14,9,17,0.497,1.14
新潟記念H,6,B,距離ローテ=同距離,選別条件,10年中9年カバー / 馬券内18頭 / リフト1.139,9,18,0.527,1.139
新潟記念H,7,B,前距離=2000,選別条件,10年中9年カバー / 馬券内18頭 / リフト1.139,9,18,0.527,1.139
新潟記念H,8,B,所属=(栗),選別条件,10年中9年カバー / 馬券内18頭 / リフト1.127,9,18,0.533,1.127
新潟記念H,9,B,前クラス名=G3,選別条件,10年中9年カバー / 馬券内17頭 / リフト1.019,9,17,0.556,1.019
新潟記念H,10,B,枠位置=中50%,選別条件,10年中9年カバー / 馬券内14頭 / リフト0.95,9,14,0.491,0.95
新潟記念H,11,B,替=*,選別条件,10年中9年カバー / 馬券内16頭 / リフト0.798,9,16,0.669,0.798
新潟記念H,12,S,前4角=前半位置(相対50%以内),強選別条件,10年中10年カバー / 馬券内19頭 / リフト1.355,10,19,0.467,1.355
日経新春H,1,A,キャリア=11〜20戦,強選別条件,10年中10年カバー / 馬券内14頭 / リフト1.419,10,14,0.329,1.419
日経新春H,2,B,前走着順=1〜5着,強選別条件,10年中9年カバー / 馬券内19頭 / リフト1.849,9,19,0.342,1.849
日経新春H,3,B,産地=安平町,強選別条件,10年中9年カバー / 馬券内14頭 / リフト1.703,9,14,0.274,1.703
日経新春H,4,B,前走着差=0.5秒以内,強選別条件,10年中9年カバー / 馬券内19頭 / リフト1.567,9,19,0.404,1.567
日経新春H,5,B,馬番=5〜8番,強選別条件,10年中9年カバー / 馬券内12頭 / リフト1.46,9,12,0.274,1.46
日経新春H,6,B,前走上り3F=34秒台,強選別条件,10年中9年カバー / 馬券内14頭 / リフト1.336,9,14,0.349,1.336
日経新春H,7,B,前走着差=0.9秒以内,選別条件,10年中9年カバー / 馬券内23頭 / リフト1.287,9,23,0.596,1.287
日経新春H,8,B,馬番=1〜6番,選別条件,10年中9年カバー / 馬券内15頭 / リフト1.217,9,15,0.411,1.217
日経新春H,9,B,毛色=鹿毛,選別条件,10年中9年カバー / 馬券内14頭 / リフト1.155,9,14,0.404,1.155
日経新春H,10,B,前4角=前半位置(相対50%以内),選別条件,10年中9年カバー / 馬券内15頭 / リフト1.123,9,15,0.445,1.123
日経新春H,11,B,間隔=中8週以内,選別条件,10年中9年カバー / 馬券内17頭 / リフト1.034,9,17,0.548,1.034
日経新春H,12,B,前3角=後半位置(相対50%超),選別条件,10年中9年カバー / 馬券内17頭 / リフト1.034,9,17,0.548,1.034
日経賞,1,A,所属=(美),選別条件,10年中10年カバー / 馬券内13頭 / リフト0.841,10,13,0.515,0.841
日経賞,2,B,前走着順=1〜5着,強選別条件,10年中9年カバー / 馬券内22頭 / リフト1.589,9,22,0.462,1.589
日経賞,3,B,前4角=4〜6番手,強選別条件,10年中9年カバー / 馬券内11頭 / リフト1.589,9,11,0.231,1.589
日経賞,4,B,前走斤量=57,強選別条件,10年中9年カバー / 馬券内13頭 / リフト1.565,9,13,0.277,1.565
日経賞,5,B,前走着差=0.5秒以内,強選別条件,10年中9年カバー / 馬券内18頭 / リフト1.393,9,18,0.431,1.393
日経賞,6,B,産地=安平町,選別条件,10年中9年カバー / 馬券内10頭 / リフト1.111,9,10,0.3,1.111
日経賞,7,B,前クラス名=G2,選別条件,10年中9年カバー / 馬券内15頭 / リフト1.048,9,15,0.477,1.048
日経賞,8,B,替=*,選別条件,10年中9年カバー / 馬券内13頭 / リフト0.732,9,13,0.592,0.732
日経賞,9,S,距離差=±200m以内,強選別条件,10年中10年カバー / 馬券内17頭 / リフト1.797,10,17,0.315,1.797
日経賞,10,S,年齢=3〜5歳,強選別条件,10年中10年カバー / 馬券内18頭 / リフト1.418,10,18,0.423,1.418
日経賞,11,S,年齢=5歳以下,強選別条件,10年中10年カバー / 馬券内18頭 / リフト1.418,10,18,0.423,1.418
日経賞,12,S,前4角=前半位置(相対50%以内),強選別条件,10年中10年カバー / 馬券内24頭 / リフト1.387,10,24,0.577,1.387
有馬記念,1,A,馬番=9番外,選別条件,10年中10年カバー / 馬券内14頭 / リフト0.933,10,14,0.5,0.933
有馬記念,2,B,前4角=4〜6番手,強選別条件,10年中9年カバー / 馬券内12頭 / リフト1.73,9,12,0.231,1.73
有馬記念,3,B,斤量=55kg,強選別条件,10年中9年カバー / 馬券内16頭 / リフト1.552,9,16,0.344,1.552
有馬記念,4,B,前走着順=1〜3着,選別条件,10年中9年カバー / 馬券内17頭 / リフト1.277,9,17,0.444,1.277
有馬記念,5,B,前走頭数=18,選別条件,10年中9年カバー / 馬券内15頭 / リフト1.25,9,15,0.4,1.25
有馬記念,6,B,前4角=前半位置(相対50%以内),選別条件,10年中9年カバー / 馬券内21頭 / リフト1.179,9,21,0.594,1.179
有馬記念,7,B,キャリア=11〜20戦,選別条件,10年中9年カバー / 馬券内17頭 / リフト1.177,9,17,0.481,1.177
有馬記念,8,B,産地=安平町,選別条件,10年中9年カバー / 馬券内18頭 / リフト1.171,9,18,0.512,1.171
有馬記念,9,B,前走頭数=17頭以上,選別条件,10年中9年カバー / 馬券内20頭 / リフト1.147,9,20,0.581,1.147
有馬記念,10,B,毛色=鹿毛,選別条件,10年中9年カバー / 馬券内14頭 / リフト0.97,9,14,0.481,0.97
有馬記念,11,B,馬体重増減=増,選別条件,10年中9年カバー / 馬券内13頭 / リフト0.963,9,13,0.45,0.963
有馬記念,12,B,距離差=±400m以内,選別条件,10年中9年カバー / 馬券内17頭 / リフト0.907,9,17,0.625,0.907
札幌2歳,1,B,産地=安平町,強選別条件,10年中9年カバー / 馬券内11頭 / リフト1.971,9,11,0.186,1.971
札幌2歳,2,B,馬番=9番外,強選別条件,10年中9年カバー / 馬券内15頭 / リフト1.316,9,15,0.38,1.316
札幌2歳,3,B,前走頭数=10頭以下,選別条件,10年中9年カバー / 馬券内17頭 / リフト1.26,9,17,0.45,1.26
札幌2歳,4,B,馬体重増減=増,選別条件,10年中9年カバー / 馬券内13頭 / リフト1.075,9,13,0.403,1.075
札幌2歳,5,B,所属=(栗),選別条件,10年中9年カバー / 馬券内15頭 / リフト1.024,9,15,0.488,1.024
札幌2歳,6,S,枠位置=外25%,強選別条件,10年中10年カバー / 馬券内15頭 / リフト1.743,10,15,0.287,1.743
札幌2歳,7,S,前走レース名=新馬,選別条件,10年中10年カバー / 馬券内17頭 / リフト1.03,10,17,0.55,1.03
札幌2歳,8,S,前走Ｒ=5,選別条件,10年中10年カバー / 馬券内17頭 / リフト1.015,10,17,0.558,1.015
札幌2歳,9,S,前クラス名=新馬,選別条件,10年中10年カバー / 馬券内17頭 / リフト1.001,10,17,0.566,1.001
札幌記念,1,A,年齢=5歳,強選別条件,10年中10年カバー / 馬券内14頭 / リフト1.563,10,14,0.299,1.563
札幌記念,2,B,前クラス名=G1,強選別条件,10年中9年カバー / 馬券内21頭 / リフト1.708,9,21,0.41,1.708
札幌記念,3,B,距離ローテ=距離短縮,強選別条件,10年中9年カバー / 馬券内14頭 / リフト1.563,9,14,0.299,1.563
札幌記念,4,B,馬番=1〜4番,強選別条件,10年中9年カバー / 馬券内13頭 / リフト1.56,9,13,0.278,1.56
札幌記念,5,B,前走馬体重増減=減,選別条件,10年中9年カバー / 馬券内13頭 / リフト1.248,9,13,0.347,1.248
札幌記念,6,B,キャリア=11〜20戦,選別条件,10年中9年カバー / 馬券内14頭 / リフト1.139,9,14,0.41,1.139
札幌記念,7,B,毛色=鹿毛,選別条件,10年中9年カバー / 馬券内12頭 / リフト1.108,9,12,0.361,1.108
札幌記念,8,B,前3角=前半位置(相対50%以内),選別条件,10年中9年カバー / 馬券内14頭 / リフト0.974,9,14,0.479,0.974
札幌記念,9,B,斤量=57kg,選別条件,10年中9年カバー / 馬券内18頭 / リフト0.864,9,18,0.694,0.864
札幌記念,10,S,馬番=1〜6番,強選別条件,10年中10年カバー / 馬券内17頭 / リフト1.36,10,17,0.417,1.36
札幌記念,11,S,年齢=3〜5歳,選別条件,10年中10年カバー / 馬券内23頭 / リフト1.299,10,23,0.59,1.299
札幌記念,12,S,年齢=5歳以下,選別条件,10年中10年カバー / 馬券内23頭 / リフト1.299,10,23,0.59,1.299
東京ジャJ,1,B,馬番=1〜4番,強選別条件,10年中9年カバー / 馬券内14頭 / リフト1.482,9,14,0.315,1.482
東京ジャJ,2,B,間隔=中5〜8週,強選別条件,10年中9年カバー / 馬券内14頭 / リフト1.317,9,14,0.354,1.317
東京ジャJ,3,B,馬体重増減=減,選別条件,10年中9年カバー / 馬券内15頭 / リフト1.296,9,15,0.386,1.296
東京ジャJ,4,B,替=*,選別条件,10年中9年カバー / 馬券内12頭 / リフト1.21,9,12,0.331,1.21
東京ジャJ,5,B,年齢=4〜6歳,選別条件,10年中9年カバー / 馬券内19頭 / リフト1.149,9,19,0.551,1.149
東京ジャJ,6,B,年齢=6歳以下,選別条件,10年中9年カバー / 馬券内19頭 / リフト1.149,9,19,0.551,1.149
東京ジャJ,7,B,前走レース名=障害・オープ,選別条件,10年中9年カバー / 馬券内16頭 / リフト1.148,9,16,0.465,1.148
東京ジャJ,8,B,馬体重増減=増,選別条件,10年中9年カバー / 馬券内11頭 / リフト1.136,9,11,0.323,1.136
東京ジャJ,9,B,前走頭数=14,選別条件,10年中9年カバー / 馬券内15頭 / リフト1.134,9,15,0.441,1.134
東京ジャJ,10,B,枠位置=中50%,選別条件,10年中9年カバー / 馬券内14頭 / リフト0.941,9,14,0.496,0.941
東京ジャJ,11,S,馬番=1〜6番,選別条件,10年中10年カバー / 馬券内18頭 / リフト1.27,10,18,0.472,1.27
東京ジャJ,12,S,毛色=鹿毛,選別条件,10年中10年カバー / 馬券内17頭 / リフト1.22,10,17,0.465,1.22
東京スポ,1,A,前3角=後半位置(相対50%超),選別条件,10年中10年カバー / 馬券内13頭 / リフト1.04,10,13,0.417,1.04
東京スポ,2,B,前走上り3F=33秒台以下,強選別条件,10年中9年カバー / 馬券内14頭 / リフト1.326,9,14,0.352,1.326
東京スポ,3,B,前走レース名=新馬,選別条件,10年中9年カバー / 馬券内13頭 / リフト1.265,9,13,0.343,1.265
東京スポ,4,B,前クラス名=新馬,選別条件,10年中9年カバー / 馬券内13頭 / リフト1.265,9,13,0.343,1.265
東京スポ,5,B,前4角=2〜3番手,選別条件,10年中9年カバー / 馬券内14頭 / リフト1.26,9,14,0.37,1.26
東京スポ,6,B,前走Ｒ=5,選別条件,10年中9年カバー / 馬券内13頭 / リフト1.232,9,13,0.352,1.232
東京スポ,7,B,前走斤量=54,選別条件,10年中9年カバー / 馬券内15頭 / リフト1.08,9,15,0.463,1.08
東京スポ,8,B,所属=(美),選別条件,10年中9年カバー / 馬券内17頭 / リフト1.037,9,17,0.546,1.037
東京スポ,9,B,毛色=鹿毛,選別条件,10年中9年カバー / 馬券内15頭 / リフト1.019,9,15,0.491,1.019
東京スポ,10,B,間隔=中8週以内,選別条件,10年中9年カバー / 馬券内17頭 / リフト0.942,9,17,0.602,0.942
東京スポ,11,S,馬番=1〜4番,強選別条件,10年中10年カバー / 馬券内16頭 / リフト1.44,10,16,0.37,1.44
東京スポ,12,S,産地=安平町,強選別条件,10年中10年カバー / 馬券内15頭 / リフト1.35,10,15,0.37,1.35
東京ハイJ,1,B,前走レース名=新潟ジャJG3,強選別条件,10年中9年カバー / 馬券内10頭 / リフト1.817,9,10,0.183,1.817
東京ハイJ,2,B,前距離=3250,強選別条件,10年中9年カバー / 馬券内10頭 / リフト1.58,9,10,0.211,1.58
東京ハイJ,3,B,馬体重増減=増,選別条件,10年中9年カバー / 馬券内16頭 / リフト1.264,9,16,0.422,1.264
東京ハイJ,4,B,馬番=5〜8番,選別条件,10年中9年カバー / 馬券内13頭 / リフト1.181,9,13,0.367,1.181
東京ハイJ,5,B,年齢=3〜5歳,選別条件,10年中9年カバー / 馬券内10頭 / リフト0.956,9,10,0.349,0.956
東京ハイJ,6,B,年齢=5歳以下,選別条件,10年中9年カバー / 馬券内10頭 / リフト0.956,9,10,0.349,0.956
東京ハイJ,7,S,前走着順=1着,強選別条件,10年中10年カバー / 馬券内18頭 / リフト1.677,10,18,0.358,1.677
東京ハイJ,8,S,前走着差=勝ち/同タイム,強選別条件,10年中10年カバー / 馬券内18頭 / リフト1.677,10,18,0.358,1.677
東京ハイJ,9,S,前クラス名=JG3,強選別条件,10年中10年カバー / 馬券内22頭 / リフト1.665,10,22,0.44,1.665
東京ハイJ,10,S,前走着差=0.3秒以内,強選別条件,10年中10年カバー / 馬券内22頭 / リフト1.567,10,22,0.468,1.567
東京ハイJ,11,S,前走着差=0.5秒以内,強選別条件,10年中10年カバー / 馬券内23頭 / リフト1.519,10,23,0.505,1.519
東京ハイJ,12,S,前走着順=1〜3着,強選別条件,10年中10年カバー / 馬券内25頭 / リフト1.442,10,25,0.578,1.442
東京優駿,1,B,前4角=4〜6番手,強選別条件,10年中9年カバー / 馬券内13頭 / リフト1.616,9,13,0.268,1.616
東京優駿,2,B,前走着差=勝ち/同タイム,強選別条件,10年中9年カバー / 馬券内14頭 / リフト1.465,9,14,0.318,1.465
東京優駿,3,B,馬体重増減=減,強選別条件,10年中9年カバー / 馬券内17頭 / リフト1.317,9,17,0.43,1.317
東京優駿,4,B,所属=(美),選別条件,10年中9年カバー / 馬券内13頭 / リフト1.158,9,13,0.374,1.158
東京優駿,5,B,毛色=鹿毛,選別条件,10年中9年カバー / 馬券内18頭 / リフト1.155,9,18,0.52,1.155
東京優駿,6,B,馬番=1〜6番,選別条件,10年中9年カバー / 馬券内11頭 / リフト1.094,9,11,0.335,1.094
東京優駿,7,B,馬番=9番外,選別条件,10年中9年カバー / 馬券内16頭 / リフト0.964,9,16,0.553,0.964
東京優駿,8,B,前3角=前半位置(相対50%以内),選別条件,10年中9年カバー / 馬券内16頭 / リフト0.964,9,16,0.553,0.964
東京優駿,9,B,所属=(栗),選別条件,10年中9年カバー / 馬券内17頭 / リフト0.906,9,17,0.626,0.906
東京優駿,10,S,前走着差=0.5秒以内,強選別条件,10年中10年カバー / 馬券内26頭 / リフト1.492,10,26,0.581,1.492
東京優駿,11,S,前走着順=1〜3着,強選別条件,10年中10年カバー / 馬券内22頭 / リフト1.459,10,22,0.503,1.459
東京優駿,12,S,前走開催=3中8,強選別条件,10年中10年カバー / 馬券内24頭 / リフト1.446,10,24,0.553,1.446
東京新聞,1,B,前走着順=1〜5着,選別条件,10年中9年カバー / 馬券内15頭 / リフト1.293,9,15,0.387,1.293
東京新聞,2,B,前走着差=0.3秒以内,選別条件,10年中9年カバー / 馬券内15頭 / リフト1.271,9,15,0.393,1.271
東京新聞,3,B,前3角=前半位置(相対50%以内),選別条件,10年中9年カバー / 馬券内16頭 / リフト1.231,9,16,0.433,1.231
東京新聞,4,B,前4角=前半位置(相対50%以内),選別条件,10年中9年カバー / 馬券内15頭 / リフト1.19,9,15,0.42,1.19
東京新聞,5,B,前走着順=一桁着順,選別条件,10年中9年カバー / 馬券内23頭 / リフト1.162,9,23,0.66,1.162
東京新聞,6,B,斤量=56kg以下,選別条件,10年中9年カバー / 馬券内22頭 / リフト1.146,9,22,0.64,1.146
東京新聞,7,B,馬体重増減=増,選別条件,10年中9年カバー / 馬券内12頭 / リフト1.111,9,12,0.36,1.111
東京新聞,8,B,前走着差=0.5秒以内,選別条件,10年中9年カバー / 馬券内17頭 / リフト1.09,9,17,0.52,1.09
東京新聞,9,B,前走上り3F=34秒台,選別条件,10年中9年カバー / 馬券内13頭 / リフト1.083,9,13,0.4,1.083
東京新聞,10,B,枠位置=中50%,選別条件,10年中9年カバー / 馬券内16頭 / リフト1.053,9,16,0.507,1.053
東京新聞,11,B,前走馬体重増減=増,選別条件,10年中9年カバー / 馬券内15頭 / リフト1.027,9,15,0.487,1.027
東京新聞,12,B,斤量=56kg,選別条件,10年中9年カバー / 馬券内15頭 / リフト0.949,9,15,0.527,0.949
東海S,1,B,前走着順=1〜3着,強選別条件,10年中9年カバー / 馬券内15頭 / リフト1.461,9,15,0.342,1.461
東海S,2,B,前走斤量=57,強選別条件,10年中9年カバー / 馬券内15頭 / リフト1.33,9,15,0.376,1.33
東海S,3,B,前走着差=0.5秒以内,強選別条件,10年中9年カバー / 馬券内16頭 / リフト1.324,9,16,0.403,1.324
東海S,4,B,前3角=前半位置(相対50%以内),選別条件,10年中9年カバー / 馬券内22頭 / リフト1.214,9,22,0.604,1.214
東海S,5,B,前4角=前半位置(相対50%以内),選別条件,10年中9年カバー / 馬券内20頭 / リフト1.155,9,20,0.577,1.155
東海S,6,B,前走頭数=16,選別条件,10年中9年カバー / 馬券内21頭 / リフト1.075,9,21,0.651,1.075
東海S,7,B,毛色=鹿毛,選別条件,10年中9年カバー / 馬券内15頭 / リフト1.007,9,15,0.497,1.007
東海S,8,B,斤量=56kg,選別条件,10年中9年カバー / 馬券内18頭 / リフト0.912,9,18,0.658,0.912
東海S,9,B,前走馬場状態=良,選別条件,10年中9年カバー / 馬券内19頭 / リフト0.907,9,19,0.698,0.907
東海S,10,S,前走着順=1〜5着,強選別条件,10年中10年カバー / 馬券内20頭 / リフト1.361,10,20,0.49,1.361
東海S,11,S,前走着差=0.9秒以内,選別条件,10年中10年カバー / 馬券内24頭 / リフト1.282,10,24,0.624,1.282
東海S,12,S,年齢=4〜6歳,選別条件,10年中10年カバー / 馬券内25頭 / リフト1.254,10,25,0.664,1.254
根岸S,1,B,馬番=5〜8番,強選別条件,10年中9年カバー / 馬券内12頭 / リフト1.58,9,12,0.253,1.58
根岸S,2,B,年齢=3〜5歳,強選別条件,10年中9年カバー / 馬券内15頭 / リフト1.549,9,15,0.323,1.549
根岸S,3,B,年齢=5歳以下,強選別条件,10年中9年カバー / 馬券内15頭 / リフト1.549,9,15,0.323,1.549
根岸S,4,B,前走着差=0.3秒以内,強選別条件,10年中9年カバー / 馬券内19頭 / リフト1.472,9,19,0.43,1.472
根岸S,5,B,キャリア=11〜20戦,強選別条件,10年中9年カバー / 馬券内12頭 / リフト1.47,9,12,0.272,1.47
根岸S,6,B,前4角=後半位置(相対50%超),強選別条件,10年中9年カバー / 馬券内14頭 / リフト1.341,9,14,0.348,1.341
根岸S,7,B,前走斤量=57,選別条件,10年中9年カバー / 馬券内14頭 / リフト1.294,9,14,0.361,1.294
根岸S,8,B,間隔=中5〜8週,選別条件,10年中9年カバー / 馬券内18頭 / リフト1.247,9,18,0.481,1.247
根岸S,9,B,前走馬体重増減=増,選別条件,10年中9年カバー / 馬券内15頭 / リフト1.082,9,15,0.462,1.082
根岸S,10,B,前3角=前半位置(相対50%以内),選別条件,10年中9年カバー / 馬券内16頭 / リフト0.936,9,16,0.57,0.936
根岸S,11,B,前走上り3F=36秒以上,選別条件,10年中9年カバー / 馬券内13頭 / リフト0.867,9,13,0.5,0.867
根岸S,12,B,馬番=9番外,選別条件,10年中9年カバー / 馬券内12頭 / リフト0.81,9,12,0.494,0.81
桜花賞,1,B,産地=安平町,強選別条件,10年中9年カバー / 馬券内17頭 / リフト1.437,9,17,0.394,1.437
桜花賞,2,B,前走着差=勝ち/同タイム,選別条件,10年中9年カバー / 馬券内17頭 / リフト1.259,9,17,0.45,1.259
桜花賞,3,B,前4角=4〜6番手,選別条件,10年中9年カバー / 馬券内10頭 / リフト1.224,9,10,0.272,1.224
桜花賞,4,B,前走馬体重増減=増,選別条件,10年中9年カバー / 馬券内12頭 / リフト1.22,9,12,0.328,1.22
桜花賞,5,B,枠位置=中50%,選別条件,10年中9年カバー / 馬券内17頭 / リフト1.133,9,17,0.5,1.133
桜花賞,6,B,前3角=後半位置(相対50%超),選別条件,10年中9年カバー / 馬券内12頭 / リフト1.091,9,12,0.367,1.091
桜花賞,7,B,前4角=前半位置(相対50%以内),選別条件,10年中9年カバー / 馬券内19頭 / リフト0.958,9,19,0.661,0.958
桜花賞,8,B,前3角=前半位置(相対50%以内),選別条件,10年中9年カバー / 馬券内18頭 / リフト0.956,9,18,0.628,0.956
桜花賞,9,S,距離ローテ=同距離,強選別条件,10年中10年カバー / 馬券内27頭 / リフト1.385,10,27,0.65,1.385
桜花賞,10,S,前距離=1600,強選別条件,10年中10年カバー / 馬券内27頭 / リフト1.385,10,27,0.65,1.385
桜花賞,11,S,馬体重増減=減,選別条件,10年中10年カバー / 馬券内19頭 / リフト1.163,10,19,0.544,1.163
桜花賞,12,S,所属=(栗),選別条件,10年中10年カバー / 馬券内20頭 / リフト1.026,10,20,0.65,1.026
武蔵野S,1,A,前走馬場状態=良,選別条件,10年中10年カバー / 馬券内14頭 / リフト0.922,10,14,0.506,0.922
武蔵野S,2,B,前走着差=0.3秒以内,選別条件,10年中9年カバー / 馬券内14頭 / リフト1.209,9,14,0.386,1.209
武蔵野S,3,B,替=*,選別条件,10年中9年カバー / 馬券内20頭 / リフト1.043,9,20,0.639,1.043
武蔵野S,4,B,キャリア=21戦以上,選別条件,10年中9年カバー / 馬券内15頭 / リフト0.929,9,15,0.538,0.929
武蔵野S,5,B,前走頭数=16,選別条件,10年中9年カバー / 馬券内14頭 / リフト0.848,9,14,0.551,0.848
武蔵野S,6,S,前走着順=1〜3着,強選別条件,10年中10年カバー / 馬券内19頭 / リフト1.371,10,19,0.462,1.371
武蔵野S,7,S,前走着差=0.5秒以内,選別条件,10年中10年カバー / 馬券内19頭 / リフト1.267,10,19,0.5,1.267
武蔵野S,8,S,前走着順=1〜5着,選別条件,10年中10年カバー / 馬券内24頭 / リフト1.264,10,24,0.633,1.264
武蔵野S,9,S,枠位置=中50%,選別条件,10年中10年カバー / 馬券内18頭 / リフト1.2,10,18,0.5,1.2
武蔵野S,10,S,距離ローテ=同距離または延長,選別条件,10年中10年カバー / 馬券内20頭 / リフト1.133,10,20,0.589,1.133
武蔵野S,11,S,間隔=中5〜8週,選別条件,10年中10年カバー / 馬券内17頭 / リフト1.119,10,17,0.506,1.119
武蔵野S,12,S,年齢=4〜6歳,選別条件,10年中10年カバー / 馬券内22頭 / リフト1.103,10,22,0.665,1.103
毎日杯,1,B,枠位置=内25%,強選別条件,10年中9年カバー / 馬券内10頭 / リフト1.565,9,10,0.213,1.565
毎日杯,2,B,前3角=4〜6番手,強選別条件,10年中9年カバー / 馬券内14頭 / リフト1.527,9,14,0.306,1.527
毎日杯,3,B,距離ローテ=同距離,強選別条件,10年中9年カバー / 馬券内19頭 / リフト1.368,9,19,0.463,1.368
毎日杯,4,B,前距離=1800,強選別条件,10年中9年カバー / 馬券内19頭 / リフト1.368,9,19,0.463,1.368
毎日杯,5,B,馬番=1〜4番,強選別条件,10年中9年カバー / 馬券内15頭 / リフト1.35,9,15,0.37,1.35
毎日杯,6,B,馬番=1〜6番,選別条件,10年中9年カバー / 馬券内20頭 / リフト1.2,9,20,0.556,1.2
毎日杯,7,B,産地=安平町,選別条件,10年中9年カバー / 馬券内14頭 / リフト1.2,9,14,0.389,1.2
毎日杯,8,B,前走馬体重増減=増,選別条件,10年中9年カバー / 馬券内13頭 / リフト1.2,9,13,0.361,1.2
毎日杯,9,B,前4角=前半位置(相対50%以内),選別条件,10年中9年カバー / 馬券内18頭 / リフト1.098,9,18,0.546,1.098
毎日杯,10,B,前走着順=1〜3着,選別条件,10年中9年カバー / 馬券内22頭 / リフト1.085,9,22,0.676,1.085
毎日杯,11,B,前3角=前半位置(相対50%以内),選別条件,10年中9年カバー / 馬券内16頭 / リフト0.976,9,16,0.546,0.976
毎日杯,12,B,枠位置=中50%,選別条件,10年中9年カバー / 馬券内14頭 / リフト0.951,9,14,0.491,0.951
毎日王冠,1,A,キャリア=11〜20戦,選別条件,10年中10年カバー / 馬券内12頭 / リフト0.949,10,12,0.421,0.949
毎日王冠,2,A,所属=(栗),選別条件,10年中10年カバー / 馬券内14頭 / リフト0.869,10,14,0.537,0.869
毎日王冠,3,B,前走上り3F=33秒台以下,強選別条件,10年中9年カバー / 馬券内16頭 / リフト1.655,9,16,0.322,1.655
毎日王冠,4,B,毛色=鹿毛,選別条件,10年中9年カバー / 馬券内15頭 / リフト1.08,9,15,0.463,1.08
毎日王冠,5,B,馬番=1〜6番,選別条件,10年中9年カバー / 馬券内16頭 / リフト1.076,9,16,0.496,1.076
毎日王冠,6,B,前3角=前半位置(相対50%以内),選別条件,10年中9年カバー / 馬券内16頭 / リフト1.008,9,16,0.529,1.008
毎日王冠,7,S,前走着差=勝ち/同タイム,強選別条件,10年中10年カバー / 馬券内16頭 / リフト1.793,10,16,0.298,1.793
毎日王冠,8,S,前走着順=1〜3着,強選別条件,10年中10年カバー / 馬券内20頭 / リフト1.754,10,20,0.38,1.754
毎日王冠,9,S,前走着順=1〜5着,強選別条件,10年中10年カバー / 馬券内24頭 / リフト1.561,10,24,0.512,1.561
毎日王冠,10,S,前走着差=0.3秒以内,強選別条件,10年中10年カバー / 馬券内21頭 / リフト1.54,10,21,0.455,1.54
毎日王冠,11,S,前走着差=0.5秒以内,強選別条件,10年中10年カバー / 馬券内24頭 / リフト1.489,10,24,0.537,1.489
毎日王冠,12,S,年齢=3〜5歳,強選別条件,10年中10年カバー / 馬券内26頭 / リフト1.311,10,26,0.661,1.311
皐月賞,1,A,間隔=中8週以内,選別条件,10年中10年カバー / 馬券内14頭 / リフト0.667,10,14,0.699,0.667
皐月賞,2,B,前クラス名=G3,強選別条件,10年中9年カバー / 馬券内14頭 / リフト1.718,9,14,0.272,1.718
皐月賞,3,B,産地=安平町,強選別条件,10年中9年カバー / 馬券内17頭 / リフト1.343,9,17,0.422,1.343
皐月賞,4,B,前走馬体重増減=増,選別条件,10年中9年カバー / 馬券内14頭 / リフト1.261,9,14,0.37,1.261
皐月賞,5,B,所属=(美),選別条件,10年中9年カバー / 馬券内13頭 / リフト1.153,9,13,0.376,1.153
皐月賞,6,B,前3角=前半位置(相対50%以内),選別条件,10年中9年カバー / 馬券内20頭 / リフト1.068,9,20,0.624,1.068
皐月賞,7,B,馬番=9番外,選別条件,10年中9年カバー / 馬券内15頭 / リフト0.93,9,15,0.538,0.93
皐月賞,8,B,前クラス名=G2,選別条件,10年中9年カバー / 馬券内12頭 / リフト0.899,9,12,0.445,0.899
皐月賞,9,B,距離ローテ=同距離,選別条件,10年中9年カバー / 馬券内12頭 / リフト0.865,9,12,0.462,0.865
皐月賞,10,B,前距離=2000,選別条件,10年中9年カバー / 馬券内12頭 / リフト0.865,9,12,0.462,0.865
皐月賞,11,B,距離ローテ=同距離または短縮,選別条件,10年中9年カバー / 馬券内12頭 / リフト0.736,9,12,0.543,0.736
皐月賞,12,S,前走着順=1着,強選別条件,10年中10年カバー / 馬券内21頭 / リフト1.615,10,21,0.434,1.615
目黒記念H,1,B,馬番=1〜6番,強選別条件,10年中9年カバー / 馬券内16頭 / リフト1.476,9,16,0.361,1.476
目黒記念H,2,B,産地=安平町,強選別条件,10年中9年カバー / 馬券内15頭 / リフト1.431,9,15,0.349,1.431
目黒記念H,3,B,前走着差=勝ち/同タイム,選別条件,10年中9年カバー / 馬券内10頭 / リフト1.177,9,10,0.283,1.177
目黒記念H,4,B,枠位置=中50%,選別条件,10年中9年カバー / 馬券内16頭 / リフト1.08,9,16,0.494,1.08
目黒記念H,5,B,替=*,選別条件,10年中9年カバー / 馬券内17頭 / リフト1.069,9,17,0.53,1.069
目黒記念H,6,B,前4角=後半位置(相対50%超),選別条件,10年中9年カバー / 馬券内15頭 / リフト1.051,9,15,0.476,1.051
目黒記念H,7,B,年齢=3〜5歳,選別条件,10年中9年カバー / 馬券内14頭 / リフト0.981,9,14,0.476,0.981
目黒記念H,8,B,年齢=5歳以下,選別条件,10年中9年カバー / 馬券内14頭 / リフト0.981,9,14,0.476,0.981
目黒記念H,9,B,間隔=中8週以内,選別条件,10年中9年カバー / 馬券内15頭 / リフト0.776,9,15,0.645,0.776
目黒記念H,10,B,キャリア=21戦以上,選別条件,10年中9年カバー / 馬券内12頭 / リフト0.772,9,12,0.518,0.772
目黒記念H,11,S,前走着順=1〜3着,強選別条件,10年中10年カバー / 馬券内16頭 / リフト1.405,10,16,0.38,1.405
目黒記念H,12,S,キャリア=11〜20戦,強選別条件,10年中10年カバー / 馬券内15頭 / リフト1.339,10,15,0.373,1.339
神戸新聞,1,B,産地=安平町,強選別条件,10年中9年カバー / 馬券内18頭 / リフト1.813,9,18,0.331,1.813
神戸新聞,2,B,前4角=後方(相対65%超),強選別条件,10年中9年カバー / 馬券内12頭 / リフト1.6,9,12,0.25,1.6
神戸新聞,3,B,前走頭数=18,強選別条件,10年中9年カバー / 馬券内16頭 / リフト1.543,9,16,0.346,1.543
神戸新聞,4,B,取引市場(最終)=セレクトセール,強選別条件,10年中9年カバー / 馬券内13頭 / リフト1.473,9,13,0.294,1.473
神戸新聞,5,B,馬番=1〜6番,強選別条件,10年中9年カバー / 馬券内18頭 / リフト1.36,9,18,0.441,1.36
神戸新聞,6,B,前4角=後半位置(相対50%超),選別条件,10年中9年カバー / 馬券内14頭 / リフト1.269,9,14,0.368,1.269
神戸新聞,7,B,枠位置=中50%,選別条件,10年中9年カバー / 馬券内19頭 / リフト1.267,9,19,0.5,1.267
神戸新聞,8,B,前走着順=1着,選別条件,10年中9年カバー / 馬券内11頭 / リフト1.247,9,11,0.294,1.247
神戸新聞,9,B,前走馬体重増減=減,選別条件,10年中9年カバー / 馬券内15頭 / リフト1.236,9,15,0.404,1.236
神戸新聞,10,B,前3角=後方(相対65%超),選別条件,10年中9年カバー / 馬券内12頭 / リフト1.236,9,12,0.324,1.236
神戸新聞,11,B,前走着差=勝ち/同タイム,選別条件,10年中9年カバー / 馬券内13頭 / リフト1.228,9,13,0.353,1.228
神戸新聞,12,B,前3角=後半位置(相対50%超),選別条件,10年中9年カバー / 馬券内15頭 / リフト1.214,9,15,0.412,1.214
福島牝馬,1,A,毛色=鹿毛,選別条件,10年中10年カバー / 馬券内14頭 / リフト0.869,10,14,0.537,0.869
福島牝馬,2,B,年齢=5歳,強選別条件,10年中9年カバー / 馬券内15頭 / リフト1.355,9,15,0.369,1.355
福島牝馬,3,B,前走着順=1〜3着,選別条件,10年中9年カバー / 馬券内10頭 / リフト1.211,9,10,0.275,1.211
福島牝馬,4,B,前走レース名=中山牝馬HG3,選別条件,10年中9年カバー / 馬券内14頭 / リフト1.14,9,14,0.409,1.14
福島牝馬,5,B,前走馬場状態=良,選別条件,10年中9年カバー / 馬券内20頭 / リフト1.08,9,20,0.617,1.08
福島牝馬,6,B,馬番=1〜6番,選別条件,10年中9年カバー / 馬券内12頭 / リフト0.993,9,12,0.403,0.993
福島牝馬,7,B,馬番=9番外,選別条件,10年中9年カバー / 馬券内13頭 / リフト0.936,9,13,0.463,0.936
福島牝馬,8,B,馬体重増減=減,選別条件,10年中9年カバー / 馬券内12頭 / リフト0.903,9,12,0.443,0.903
福島牝馬,9,B,間隔=中5〜8週,選別条件,10年中9年カバー / 馬券内14頭 / リフト0.818,9,14,0.57,0.818
福島牝馬,10,S,前走着差=0.3秒以内,強選別条件,10年中10年カバー / 馬券内17頭 / リフト1.456,10,17,0.389,1.456
福島牝馬,11,S,前走着差=0.5秒以内,強選別条件,10年中10年カバー / 馬券内20頭 / リフト1.399,10,20,0.477,1.399
福島牝馬,12,S,前走着順=1〜5着,強選別条件,10年中10年カバー / 馬券内17頭 / リフト1.362,10,17,0.416,1.362
福島記念H,1,A,距離ローテ=同距離,選別条件,10年中10年カバー / 馬券内12頭 / リフト0.914,10,12,0.438,0.914
福島記念H,2,A,前距離=2000,選別条件,10年中10年カバー / 馬券内12頭 / リフト0.914,10,12,0.438,0.914
福島記念H,3,B,キャリア=11〜20戦,強選別条件,10年中9年カバー / 馬券内15頭 / リフト1.739,9,15,0.287,1.739
福島記念H,4,B,距離ローテ=距離短縮,強選別条件,10年中9年カバー / 馬券内11頭 / リフト1.63,9,11,0.225,1.63
福島記念H,5,B,前走着差=0.3秒以内,強選別条件,10年中9年カバー / 馬券内14頭 / リフト1.556,9,14,0.3,1.556
福島記念H,6,B,前走着順=1〜5着,強選別条件,10年中9年カバー / 馬券内18頭 / リフト1.412,9,18,0.425,1.412
福島記念H,7,B,所属=(栗),選別条件,10年中9年カバー / 馬券内16頭 / リフト1.153,9,16,0.463,1.153
福島記念H,8,B,年齢=3〜5歳,選別条件,10年中9年カバー / 馬券内17頭 / リフト1.148,9,17,0.494,1.148
福島記念H,9,B,年齢=5歳以下,選別条件,10年中9年カバー / 馬券内17頭 / リフト1.148,9,17,0.494,1.148
福島記念H,10,B,前3角=前半位置(相対50%以内),選別条件,10年中9年カバー / 馬券内19頭 / リフト1.056,9,19,0.6,1.056
福島記念H,11,B,間隔=中4週以内,選別条件,10年中9年カバー / 馬券内11頭 / リフト1.029,9,11,0.356,1.029
福島記念H,12,B,前走頭数=14〜16頭,選別条件,10年中9年カバー / 馬券内14頭 / リフト1.009,9,14,0.463,1.009
秋華賞,1,B,前走上り3F=33秒台以下,強選別条件,10年中9年カバー / 馬券内12頭 / リフト1.6,9,12,0.25,1.6
秋華賞,2,B,前走頭数=18,選別条件,10年中9年カバー / 馬券内17頭 / リフト1.231,9,17,0.46,1.231
秋華賞,3,B,キャリア=6〜10戦,選別条件,10年中9年カバー / 馬券内22頭 / リフト1.058,9,22,0.693,1.058
秋華賞,4,B,毛色=鹿毛,選別条件,10年中9年カバー / 馬券内14頭 / リフト0.99,9,14,0.472,0.99
秋華賞,5,B,間隔=中4週以内,選別条件,10年中9年カバー / 馬券内13頭 / リフト0.978,9,13,0.443,0.978
秋華賞,6,B,馬番=9番外,選別条件,10年中9年カバー / 馬券内14頭 / リフト0.856,9,14,0.545,0.856
秋華賞,7,S,前走着順=1〜3着,強選別条件,10年中10年カバー / 馬券内25頭 / リフト1.544,10,25,0.54,1.544
秋華賞,8,S,前走着差=0.3秒以内,強選別条件,10年中10年カバー / 馬券内23頭 / リフト1.467,10,23,0.523,1.467
秋華賞,9,S,前走着順=1〜5着,強選別条件,10年中10年カバー / 馬券内29頭 / リフト1.43,10,29,0.676,1.43
秋華賞,10,S,前走着差=0.5秒以内,強選別条件,10年中10年カバー / 馬券内26頭 / リフト1.362,10,26,0.636,1.362
秋華賞,11,S,枠位置=中50%,強選別条件,10年中10年カバー / 馬券内20頭 / リフト1.333,10,20,0.5,1.333
秋華賞,12,S,所属=(栗),選別条件,10年中10年カバー / 馬券内23頭 / リフト1.238,10,23,0.619,1.238
紫苑S,1,A,産地=安平町,強選別条件,8年中8年カバー / 馬券内13頭 / リフト1.521,8,13,0.356,1.521
紫苑S,2,A,馬体重増減=増,強選別条件,8年中8年カバー / 馬券内14頭 / リフト1.328,8,14,0.439,1.328
紫苑S,3,A,馬番=9番外,選別条件,8年中8年カバー / 馬券内14頭 / リフト1.132,8,14,0.515,1.132
紫苑S,4,A,替=*,選別条件,8年中8年カバー / 馬券内13頭 / リフト1.021,8,13,0.53,1.021
紫苑S,5,A,前走着順=1〜3着,選別条件,8年中8年カバー / 馬券内12頭 / リフト0.985,8,12,0.508,0.985
紫苑S,6,A,前走着順=1〜5着,選別条件,8年中8年カバー / 馬券内14頭 / リフト0.951,8,14,0.614,0.951
紫苑S,7,A,前走着差=0.5秒以内,選別条件,8年中8年カバー / 馬券内13頭 / リフト0.883,8,13,0.614,0.883
紫苑S,8,A,キャリア=6〜10戦,選別条件,8年中8年カバー / 馬券内10頭 / リフト0.846,8,10,0.492,0.846
紫苑S,9,S,距離ローテ=同距離または短縮,強選別条件,8年中8年カバー / 馬券内18頭 / リフト1.456,8,18,0.515,1.456
紫苑S,10,S,毛色=鹿毛,強選別条件,8年中8年カバー / 馬券内17頭 / リフト1.317,8,17,0.538,1.317
菊花賞,1,B,前走上り3F=34秒台,強選別条件,10年中9年カバー / 馬券内18頭 / リフト1.652,9,18,0.363,1.652
菊花賞,2,B,産地=安平町,強選別条件,10年中9年カバー / 馬券内18頭 / リフト1.432,9,18,0.419,1.432
菊花賞,3,B,前走着差=勝ち/同タイム,強選別条件,10年中9年カバー / 馬券内15頭 / リフト1.356,9,15,0.369,1.356
菊花賞,4,B,前走着順=1着,選別条件,10年中9年カバー / 馬券内12頭 / リフト1.214,9,12,0.33,1.214
菊花賞,5,B,毛色=鹿毛,選別条件,10年中9年カバー / 馬券内17頭 / リフト1.153,9,17,0.492,1.153
菊花賞,6,B,前4角=後半位置(相対50%超),選別条件,10年中9年カバー / 馬券内13頭 / リフト1.034,9,13,0.419,1.034
菊花賞,7,B,前3角=後半位置(相対50%超),選別条件,10年中9年カバー / 馬券内14頭 / リフト1.019,9,14,0.458,1.019
菊花賞,8,B,所属=(栗),選別条件,10年中9年カバー / 馬券内21頭 / リフト1.01,9,21,0.693,1.01
菊花賞,9,B,前4角=前半位置(相対50%以内),選別条件,10年中9年カバー / 馬券内17頭 / リフト0.975,9,17,0.581,0.975
菊花賞,10,B,枠位置=中50%,選別条件,10年中9年カバー / 馬券内14頭 / リフト0.939,9,14,0.497,0.939
菊花賞,11,S,前走着順=1〜3着,強選別条件,10年中10年カバー / 馬券内27頭 / リフト1.579,10,27,0.57,1.579
菊花賞,12,S,前走着差=0.3秒以内,強選別条件,10年中10年カバー / 馬券内22頭 / リフト1.442,10,22,0.508,1.442
金鯱賞,1,B,前クラス名=G1,強選別条件,10年中9年カバー / 馬券内16頭 / リフト1.628,9,16,0.317,1.628
金鯱賞,2,B,年齢=4歳,強選別条件,10年中9年カバー / 馬券内10頭 / リフト1.47,9,10,0.22,1.47
金鯱賞,3,B,前走着差=0.3秒以内,強選別条件,10年中9年カバー / 馬券内17頭 / リフト1.466,9,17,0.374,1.466
金鯱賞,4,B,種牡馬=ディープインパクト,強選別条件,10年中9年カバー / 馬券内13頭 / リフト1.433,9,13,0.293,1.433
金鯱賞,5,B,距離ローテ=同距離,強選別条件,10年中9年カバー / 馬券内16頭 / リフト1.323,9,16,0.39,1.323
金鯱賞,6,B,前距離=2000,強選別条件,10年中9年カバー / 馬券内16頭 / リフト1.323,9,16,0.39,1.323
金鯱賞,7,B,前3角=前半位置(相対50%以内),選別条件,10年中9年カバー / 馬券内16頭 / リフト1.095,9,16,0.472,1.095
金鯱賞,8,B,馬番=1〜4番,選別条件,10年中9年カバー / 馬券内11頭 / リフト1.091,9,11,0.325,1.091
金鯱賞,9,B,距離ローテ=同距離または延長,選別条件,10年中9年カバー / 馬券内18頭 / リフト1.066,9,18,0.545,1.066
金鯱賞,10,B,前走頭数=14〜16頭,選別条件,10年中9年カバー / 馬券内16頭 / リフト1.041,9,16,0.496,1.041
金鯱賞,11,B,距離差=±200m以内,選別条件,10年中9年カバー / 馬券内20頭 / リフト0.923,9,20,0.699,0.923
金鯱賞,12,B,距離ローテ=距離短縮,選別条件,10年中9年カバー / 馬券内13頭 / リフト0.921,9,13,0.455,0.921
関屋記念,1,A,前走馬体重増減=減,選別条件,10年中10年カバー / 馬券内13頭 / リフト1.061,10,13,0.409,1.061
関屋記念,2,B,毛色=黒鹿,強選別条件,10年中9年カバー / 馬券内11頭 / リフト1.467,9,11,0.25,1.467
関屋記念,3,B,枠位置=外25%,強選別条件,10年中9年カバー / 馬券内12頭 / リフト1.458,9,12,0.274,1.458
関屋記念,4,B,産地=安平町,強選別条件,10年中9年カバー / 馬券内13頭 / リフト1.45,9,13,0.299,1.45
関屋記念,5,B,前走着順=1〜3着,強選別条件,10年中9年カバー / 馬券内12頭 / リフト1.367,9,12,0.293,1.367
関屋記念,6,B,前3角=前半位置(相対50%以内),選別条件,10年中9年カバー / 馬券内18頭 / リフト1.171,9,18,0.512,1.171
関屋記念,7,B,馬体重増減=減,選別条件,10年中9年カバー / 馬券内12頭 / リフト1.171,9,12,0.341,1.171
関屋記念,8,B,前走頭数=14〜16頭,選別条件,10年中9年カバー / 馬券内14頭 / リフト0.945,9,14,0.494,0.945
関屋記念,9,B,毛色=鹿毛,選別条件,10年中9年カバー / 馬券内12頭 / リフト0.911,9,12,0.439,0.911
関屋記念,10,B,馬番=1〜6番,選別条件,10年中9年カバー / 馬券内10頭 / リフト0.911,9,10,0.366,0.911
関屋記念,11,B,替=*,選別条件,10年中9年カバー / 馬券内12頭 / リフト0.683,9,12,0.585,0.683
関屋記念,12,S,前走着差=0.3秒以内,強選別条件,10年中10年カバー / 馬券内21頭 / リフト1.664,10,21,0.421,1.664
阪急杯,1,A,馬番=9番外,選別条件,10年中10年カバー / 馬券内13頭 / リフト0.841,10,13,0.515,0.841
阪急杯,2,B,前走上り3F=34秒台,選別条件,10年中9年カバー / 馬券内14頭 / リフト0.975,9,14,0.479,0.975
阪急杯,3,B,前クラス名=G3,選別条件,10年中9年カバー / 馬券内10頭 / リフト0.965,9,10,0.345,0.965
阪急杯,4,B,間隔=中8週以内,選別条件,10年中9年カバー / 馬券内16頭 / リフト0.854,9,16,0.624,0.854
阪急杯,5,S,キャリア=11〜20戦,強選別条件,10年中10年カバー / 馬券内20頭 / リフト1.667,10,20,0.4,1.667
阪急杯,6,S,前走着順=1〜5着,強選別条件,10年中10年カバー / 馬券内18頭 / リフト1.523,10,18,0.394,1.523
阪急杯,7,S,馬番=1〜6番,強選別条件,10年中10年カバー / 馬券内15頭 / リフト1.375,10,15,0.364,1.375
阪急杯,8,S,前走着順=一桁着順,強選別条件,10年中10年カバー / 馬券内25頭 / リフト1.31,10,25,0.636,1.31
阪急杯,9,S,前走着差=0.5秒以内,選別条件,10年中10年カバー / 馬券内19頭 / リフト1.259,10,19,0.503,1.259
阪急杯,10,S,前4角=前半位置(相対50%以内),選別条件,10年中10年カバー / 馬券内19頭 / リフト1.244,10,19,0.509,1.244
阪急杯,11,S,距離ローテ=同距離または短縮,選別条件,10年中10年カバー / 馬券内22頭 / リフト1.21,10,22,0.606,1.21
阪急杯,12,S,前3角=前半位置(相対50%以内),選別条件,10年中10年カバー / 馬券内18頭 / リフト1.179,10,18,0.509,1.179
阪神カッ,1,A,馬番=1〜6番,強選別条件,10年中10年カバー / 馬券内14頭 / リフト1.338,10,14,0.349,1.338
阪神カッ,2,B,前走着差=0.3秒以内,強選別条件,10年中9年カバー / 馬券内17頭 / リフト1.335,9,17,0.424,1.335
阪神カッ,3,B,キャリア=11〜20戦,選別条件,10年中9年カバー / 馬券内14頭 / リフト1.235,9,14,0.378,1.235
阪神カッ,4,B,前走頭数=18,選別条件,10年中9年カバー / 馬券内14頭 / リフト1.235,9,14,0.378,1.235
阪神カッ,5,B,前走斤量=57,選別条件,10年中9年カバー / 馬券内12頭 / リフト1.229,9,12,0.326,1.229
阪神カッ,6,B,前走頭数=17頭以上,選別条件,10年中9年カバー / 馬券内17頭 / リフト1.174,9,17,0.483,1.174
阪神カッ,7,B,前3角=前半位置(相対50%以内),選別条件,10年中9年カバー / 馬券内20頭 / リフト1.17,9,20,0.57,1.17
阪神カッ,8,B,年齢=5歳,選別条件,10年中9年カバー / 馬券内10頭 / リフト1.147,9,10,0.291,1.147
阪神カッ,9,B,馬番=9番外,選別条件,10年中9年カバー / 馬券内14頭 / リフト0.872,9,14,0.535,0.872
阪神カッ,10,S,年齢=3〜5歳,強選別条件,10年中10年カバー / 馬券内25頭 / リフト1.34,10,25,0.622,1.34
阪神カッ,11,S,年齢=5歳以下,強選別条件,10年中10年カバー / 馬券内25頭 / リフト1.34,10,25,0.622,1.34
阪神カッ,12,S,前4角=前半位置(相対50%以内),強選別条件,10年中10年カバー / 馬券内23頭 / リフト1.306,10,23,0.587,1.306
阪神ジャJ,1,B,前走馬体重増減=±0,強選別条件,10年中9年カバー / 馬券内13頭 / リフト2.022,9,13,0.214,2.022
阪神ジャJ,2,B,前3角=2〜3番手,強選別条件,10年中9年カバー / 馬券内16頭 / リフト1.927,9,16,0.277,1.927
阪神ジャJ,3,B,前4角=2〜3番手,強選別条件,10年中9年カバー / 馬券内16頭 / リフト1.81,9,16,0.295,1.81
阪神ジャJ,4,B,前走着差=0.3秒以内,強選別条件,10年中9年カバー / 馬券内16頭 / リフト1.327,9,16,0.402,1.327
阪神ジャJ,5,B,前走着差=0.5秒以内,強選別条件,10年中9年カバー / 馬券内18頭 / リフト1.318,9,18,0.455,1.318
阪神ジャJ,6,B,前走着差=勝ち/同タイム,選別条件,10年中9年カバー / 馬券内13頭 / リフト1.277,9,13,0.339,1.277
阪神ジャJ,7,B,毛色=鹿毛,選別条件,10年中9年カバー / 馬券内14頭 / リフト1.188,9,14,0.393,1.188
阪神ジャJ,8,B,馬体重増減=減,選別条件,10年中9年カバー / 馬券内14頭 / リフト1.161,9,14,0.402,1.161
阪神ジャJ,9,B,馬番=1〜6番,選別条件,10年中9年カバー / 馬券内18頭 / リフト1.12,9,18,0.536,1.12
阪神ジャJ,10,B,前走馬体重増減=減,選別条件,10年中9年カバー / 馬券内11頭 / リフト1.081,9,11,0.339,1.081
阪神ジャJ,11,B,年齢=4〜6歳,選別条件,10年中9年カバー / 馬券内19頭 / リフト1.028,9,19,0.616,1.028
阪神ジャJ,12,B,年齢=6歳以下,選別条件,10年中9年カバー / 馬券内19頭 / リフト0.985,9,19,0.643,0.985
阪神ジュ,1,B,所属=(美),強選別条件,10年中9年カバー / 馬券内15頭 / リフト1.589,9,15,0.315,1.589
阪神ジュ,2,B,枠位置=中50%,強選別条件,10年中9年カバー / 馬券内21頭 / リフト1.4,9,21,0.5,1.4
阪神ジュ,3,B,前走馬体重増減=増,強選別条件,10年中9年カバー / 馬券内13頭 / リフト1.33,9,13,0.326,1.33
阪神ジュ,4,B,前走着順=1着,選別条件,10年中9年カバー / 馬券内19頭 / リフト1.199,9,19,0.528,1.199
阪神ジュ,5,B,所属=(栗),選別条件,10年中9年カバー / 馬券内15頭 / リフト0.73,9,15,0.685,0.73
阪神ジュ,6,S,前走上り3F=33秒台以下,強選別条件,10年中10年カバー / 馬券内18頭 / リフト1.618,10,18,0.371,1.618
阪神ジュ,7,S,距離ローテ=同距離,強選別条件,10年中10年カバー / 馬券内19頭 / リフト1.409,10,19,0.449,1.409
阪神ジュ,8,S,前距離=1600,強選別条件,10年中10年カバー / 馬券内19頭 / リフト1.409,10,19,0.449,1.409
阪神ジュ,9,S,前走Ｒ=11,強選別条件,10年中10年カバー / 馬券内21頭 / リフト1.4,10,21,0.5,1.4
阪神ジュ,10,S,距離ローテ=同距離または短縮,強選別条件,10年中10年カバー / 馬券内22頭 / リフト1.389,10,22,0.528,1.389
阪神ジュ,11,S,前クラス名=G3,強選別条件,10年中10年カバー / 馬券内18頭 / リフト1.335,10,18,0.449,1.335
阪神ジュ,12,S,間隔=中5〜8週,強選別条件,10年中10年カバー / 馬券内20頭 / リフト1.319,10,20,0.506,1.319
阪神スプJ,1,A,距離ローテ=距離延長,選別条件,10年中10年カバー / 馬券内13頭 / リフト0.709,10,13,0.611,0.709
阪神スプJ,2,A,距離ローテ=同距離または延長,選別条件,10年中10年カバー / 馬券内13頭 / リフト0.709,10,13,0.611,0.709
阪神スプJ,3,B,前走開催=5中7,強選別条件,10年中9年カバー / 馬券内16頭 / リフト1.477,9,16,0.361,1.477
阪神スプJ,4,B,前走Ｒ=10,強選別条件,10年中9年カバー / 馬券内16頭 / リフト1.477,9,16,0.361,1.477
阪神スプJ,5,B,馬番=1〜4番,強選別条件,10年中9年カバー / 馬券内15頭 / リフト1.35,9,15,0.37,1.35
阪神スプJ,6,B,前走馬体重増減=増,選別条件,10年中9年カバー / 馬券内14頭 / リフト1.2,9,14,0.389,1.2
阪神スプJ,7,B,馬体重増減=増,選別条件,10年中9年カバー / 馬券内13頭 / リフト1.114,9,13,0.389,1.114
阪神スプJ,8,B,枠位置=中50%,選別条件,10年中9年カバー / 馬券内16頭 / リフト1.087,9,16,0.491,1.087
阪神スプJ,9,B,年齢=4〜6歳,選別条件,10年中9年カバー / 馬券内13頭 / リフト1.064,9,13,0.407,1.064
阪神スプJ,10,B,年齢=6歳以下,選別条件,10年中9年カバー / 馬券内13頭 / リフト1.064,9,13,0.407,1.064
阪神スプJ,11,B,前走頭数=14〜16頭,選別条件,10年中9年カバー / 馬券内17頭 / リフト1.037,9,17,0.546,1.037
阪神スプJ,12,B,年齢=7歳以上,選別条件,10年中9年カバー / 馬券内17頭 / リフト0.956,9,17,0.593,0.956
阪神大賞,1,A,前走斤量=57,強選別条件,10年中10年カバー / 馬券内11頭 / リフト1.352,10,11,0.271,1.352
阪神大賞,2,A,産地=安平町,選別条件,10年中10年カバー / 馬券内14頭 / リフト1.08,10,14,0.432,1.08
阪神大賞,3,B,年齢=3〜5歳,強選別条件,10年中9年カバー / 馬券内22頭 / リフト1.697,9,22,0.432,1.697
阪神大賞,4,B,年齢=5歳以下,強選別条件,10年中9年カバー / 馬券内22頭 / リフト1.697,9,22,0.432,1.697
阪神大賞,5,B,間隔=中9〜12週,強選別条件,10年中9年カバー / 馬券内16頭 / リフト1.614,9,16,0.331,1.614
阪神大賞,6,B,前走頭数=16,強選別条件,10年中9年カバー / 馬券内15頭 / リフト1.513,9,15,0.331,1.513
阪神大賞,7,B,前走着差=0.5秒以内,強選別条件,10年中9年カバー / 馬券内18頭 / リフト1.475,9,18,0.407,1.475
阪神大賞,8,B,馬体重増減=増,選別条件,10年中9年カバー / 馬券内12頭 / リフト1.242,9,12,0.322,1.242
阪神大賞,9,B,前走着順=1〜5着,選別条件,10年中9年カバー / 馬券内18頭 / リフト1.221,9,18,0.492,1.221
阪神大賞,10,B,前走着差=0.9秒以内,選別条件,10年中9年カバー / 馬券内22頭 / リフト1.202,9,22,0.61,1.202
阪神大賞,11,B,馬番=5〜8番,選別条件,10年中9年カバー / 馬券内12頭 / リフト1.18,9,12,0.339,1.18
阪神大賞,12,B,前3角=前半位置(相対50%以内),選別条件,10年中9年カバー / 馬券内17頭 / リフト1.061,9,17,0.534,1.061
阪神牝馬,1,A,前走頭数=14〜16頭,選別条件,10年中10年カバー / 馬券内12頭 / リフト0.892,10,12,0.449,0.892
阪神牝馬,2,B,前走着順=1〜3着,強選別条件,10年中9年カバー / 馬券内15頭 / リフト1.789,9,15,0.279,1.789
阪神牝馬,3,B,年齢=4歳,強選別条件,10年中9年カバー / 馬券内17頭 / リフト1.306,9,17,0.434,1.306
阪神牝馬,4,B,前クラス名=G3,選別条件,10年中9年カバー / 馬券内18頭 / リフト1.218,9,18,0.493,1.218
阪神牝馬,5,B,距離ローテ=距離短縮,選別条件,10年中9年カバー / 馬券内15頭 / リフト1.193,9,15,0.419,1.193
阪神牝馬,6,B,前3角=前半位置(相対50%以内),選別条件,10年中9年カバー / 馬券内17頭 / リフト1.133,9,17,0.5,1.133
阪神牝馬,7,B,馬番=1〜6番,選別条件,10年中9年カバー / 馬券内14頭 / リフト1.058,9,14,0.441,1.058
阪神牝馬,8,B,毛色=鹿毛,選別条件,10年中9年カバー / 馬券内14頭 / リフト1.024,9,14,0.456,1.024
阪神牝馬,9,B,キャリア=11〜20戦,選別条件,10年中9年カバー / 馬券内15頭 / リフト1.0,9,15,0.5,1.0
阪神牝馬,10,B,馬番=9番外,選別条件,10年中9年カバー / 馬券内12頭 / リフト0.971,9,12,0.412,0.971
阪神牝馬,11,B,前走馬体重増減=増,選別条件,10年中9年カバー / 馬券内11頭 / リフト0.923,9,11,0.397,0.923
阪神牝馬,12,B,前3角=後半位置(相対50%超),選別条件,10年中9年カバー / 馬券内13頭 / リフト0.893,9,13,0.485,0.893
青葉賞,1,A,前走Ｒ=9,選別条件,10年中10年カバー / 馬券内14頭 / リフト1.159,10,14,0.403,1.159
青葉賞,2,A,前4角=後半位置(相対50%超),選別条件,10年中10年カバー / 馬券内14頭 / リフト1.06,10,14,0.44,1.06
青葉賞,3,B,前走上り3F=34秒台,強選別条件,10年中9年カバー / 馬券内15頭 / リフト1.529,9,15,0.327,1.529
青葉賞,4,B,取引市場(最終)=セレクトセール,選別条件,10年中9年カバー / 馬券内13頭 / リフト1.23,9,13,0.352,1.23
青葉賞,5,B,間隔=中5〜8週,選別条件,10年中9年カバー / 馬券内17頭 / リフト1.218,9,17,0.465,1.218
青葉賞,6,B,前3角=後半位置(相対50%超),選別条件,10年中9年カバー / 馬券内17頭 / リフト1.155,9,17,0.491,1.155
青葉賞,7,B,前4角=後方(相対65%超),選別条件,10年中9年カバー / 馬券内10頭 / リフト1.128,9,10,0.296,1.128
青葉賞,8,B,前3角=後方(相対65%超),選別条件,10年中9年カバー / 馬券内11頭 / リフト1.041,9,11,0.352,1.041
青葉賞,9,B,前4角=前半位置(相対50%以内),選別条件,10年中9年カバー / 馬券内16頭 / リフト0.953,9,16,0.56,0.953
青葉賞,10,B,替=*,選別条件,10年中9年カバー / 馬券内15頭 / リフト0.883,9,15,0.566,0.883
青葉賞,11,B,前走馬体重増減=減,選別条件,10年中9年カバー / 馬券内11頭 / リフト0.81,9,11,0.453,0.81
青葉賞,12,S,前走着順=1着,強選別条件,10年中10年カバー / 馬券内20頭 / リフト1.514,10,20,0.44,1.514
高松宮記,1,A,距離ローテ=距離短縮,選別条件,10年中10年カバー / 馬券内12頭 / リフト0.986,10,12,0.406,0.986
高松宮記,2,B,前走着差=勝ち/同タイム,強選別条件,10年中9年カバー / 馬券内13頭 / リフト1.733,9,13,0.25,1.733
高松宮記,3,B,間隔=中5〜8週,強選別条件,10年中9年カバー / 馬券内13頭 / リフト1.418,9,13,0.306,1.418
高松宮記,4,B,前走着順=1〜3着,選別条件,10年中9年カバー / 馬券内17頭 / リフト1.291,9,17,0.439,1.291
高松宮記,5,B,前走頭数=17頭以上,選別条件,10年中9年カバー / 馬券内13頭 / リフト1.219,9,13,0.356,1.219
高松宮記,6,B,前走着差=0.3秒以内,選別条件,10年中9年カバー / 馬券内18頭 / リフト1.213,9,18,0.494,1.213
高松宮記,7,B,馬体重増減=減,選別条件,10年中9年カバー / 馬券内15頭 / リフト1.059,9,15,0.472,1.059
高松宮記,8,B,前距離=1400,選別条件,10年中9年カバー / 馬券内11頭 / リフト1.048,9,11,0.35,1.048
高松宮記,9,B,前4角=前半位置(相対50%以内),選別条件,10年中9年カバー / 馬券内18頭 / リフト1.038,9,18,0.578,1.038
高松宮記,10,B,枠位置=中50%,選別条件,10年中9年カバー / 馬券内15頭 / リフト1.0,9,15,0.5,1.0
高松宮記,11,B,前3角=前半位置(相対50%以内),選別条件,10年中9年カバー / 馬券内17頭 / リフト0.981,9,17,0.578,0.981
高松宮記,12,B,替=*,選別条件,10年中9年カバー / 馬券内13頭 / リフト0.963,9,13,0.45,0.963
鳴尾記念,1,A,距離ローテ=同距離,選別条件,10年中10年カバー / 馬券内14頭 / リフト0.99,10,14,0.472,0.99
鳴尾記念,2,A,前距離=2000,選別条件,10年中10年カバー / 馬券内14頭 / リフト0.99,10,14,0.472,0.99
鳴尾記念,3,B,前走着順=1〜5着,強選別条件,10年中9年カバー / 馬券内16頭 / リフト1.367,9,16,0.39,1.367
鳴尾記念,4,B,キャリア=11〜20戦,強選別条件,10年中9年カバー / 馬券内15頭 / リフト1.337,9,15,0.374,1.337
鳴尾記念,5,B,馬番=1〜4番,選別条件,10年中9年カバー / 馬券内12頭 / リフト1.23,9,12,0.325,1.23
鳴尾記念,6,B,前3角=前半位置(相対50%以内),選別条件,10年中9年カバー / 馬券内20頭 / リフト1.188,9,20,0.561,1.188
鳴尾記念,7,B,馬体重増減=増,選別条件,10年中9年カバー / 馬券内13頭 / リフト1.184,9,13,0.366,1.184
鳴尾記念,8,B,毛色=鹿毛,選別条件,10年中9年カバー / 馬券内13頭 / リフト1.006,9,13,0.431,1.006
鳴尾記念,9,B,枠位置=中50%,選別条件,10年中9年カバー / 馬券内14頭 / リフト0.926,9,14,0.504,0.926
鳴尾記念,10,S,産地=安平町,強選別条件,10年中10年カバー / 馬券内16頭 / リフト1.562,10,16,0.341,1.562
鳴尾記念,11,S,前走馬体重増減=減,強選別条件,10年中10年カバー / 馬券内17頭 / リフト1.367,10,17,0.415,1.367
鳴尾記念,12,S,前走着差=0.9秒以内,強選別条件,10年中10年カバー / 馬券内22頭 / リフト1.307,10,22,0.561,1.307
